ACT1_1,ACT1_2,DISTRESS,EMPLOY,FINGOALS,FSscore,FWBscore,GOALCONF,KHscore,LMscore,MANAGE1_1,MANAGE1_2,MANAGE1_3,MANAGE1_4,MATHARDSHIP_1,MATHARDSHIP_2,MATHARDSHIP_3,MATHARDSHIP_4,MATHARDSHIP_5,MATHARDSHIP_6,PPEDUC,PPHHSIZE,PPINCIMP,PROPPLAN_1,PROPPLAN_2,PROPPLAN_3,PROPPLAN_4,SAVEHABIT,SELFCONTROL_1,SELFCONTROL_2,SELFCONTROL_3,agecat,HARDSHIP_TOTAL,FWB_high,FWBcat
4.0,3.0,4.0,8.0,1.0,44.0,55.0,3.0,1.267,3,4.0,4.0,2.0,4.0,1.0,1.0,1.0,1.0,1.0,1.0,4,1,7,5.0,4.0,4.0,3.0,4.0,2.0,3.0,3.0,8,0.0,1,Medium
4.0,3.0,3.0,2.0,0.0,43.0,51.0,3.0,-0.57,3,4.0,4.0,1.0,4.0,1.0,1.0,1.0,1.0,1.0,1.0,2,2,6,3.0,2.0,2.0,1.0,1.0,2.0,4.0,3.0,3,0.0,0,Medium
3.0,3.0,2.0,2.0,1.0,42.0,49.0,3.0,-0.188,3,3.0,3.0,3.0,3.0,1.0,1.0,1.0,1.0,1.0,1.0,3,3,6,4.0,4.0,4.0,4.0,5.0,3.0,3.0,3.0,3,0.0,0,Medium
,,,,,42.0,49.0,,-1.485,2,4.0,4.0,2.0,4.0,2.0,2.0,2.0,2.0,2.0,2.0,2,1,8,3.0,3.0,3.0,3.0,4.0,,,,3,6.0,0,Medium
3.0,3.0,3.0,2.0,1.0,42.0,49.0,3.0,-1.9,1,3.0,3.0,3.0,3.0,2.0,2.0,2.0,2.0,2.0,2.0,2,5,7,3.0,3.0,3.0,3.0,4.0,3.0,3.0,3.0,2,6.0,0,Medium
5.0,4.0,4.0,2.0,1.0,57.0,67.0,4.0,0.242,3,5.0,3.0,5.0,5.0,1.0,1.0,1.0,1.0,1.0,1.0,4,2,7,5.0,4.0,3.0,4.0,4.0,1.0,3.0,3.0,2,0.0,1,High
5.0,3.0,4.0,4.0,1.0,54.0,51.0,3.0,1.267,3,5.0,3.0,5.0,5.0,1.0,1.0,1.0,1.0,1.0,1.0,4,5,7,4.0,3.0,3.0,4.0,5.0,1.0,3.0,3.0,3,0.0,0,Medium
2.0,3.0,5.0,7.0,0.0,35.0,47.0,2.0,-0.909,3,1.0,1.0,1.0,1.0,3.0,3.0,1.0,3.0,3.0,1.0,1,3,4,4.0,3.0,3.0,2.0,2.0,3.0,1.0,1.0,2,4.0,0,Medium
3.0,3.0,1.0,4.0,0.0,58.0,43.0,3.0,-0.188,2,4.0,3.0,4.0,3.0,1.0,2.0,1.0,1.0,1.0,1.0,1,4,7,4.0,4.0,4.0,3.0,4.0,4.0,3.0,3.0,3,1.0,0,Low
5.0,4.0,4.0,2.0,1.0,42.0,58.0,4.0,-0.57,3,5.0,5.0,3.0,5.0,1.0,1.0,1.0,1.0,1.0,1.0,2,3,8,4.0,4.0,4.0,4.0,5.0,2.0,3.0,3.0,4,0.0,1,Medium
5.0,5.0,2.0,5.0,1.0,66.0,78.0,4.0,-0.188,2,5.0,5.0,5.0,3.0,1.0,1.0,1.0,1.0,1.0,1.0,3,5,6,5.0,4.0,5.0,5.0,6.0,2.0,3.0,4.0,1,0.0,1,High
5.0,4.0,3.0,8.0,1.0,57.0,62.0,4.0,0.242,3,5.0,5.0,5.0,4.0,1.0,1.0,1.0,1.0,1.0,1.0,4,2,8,4.0,4.0,4.0,4.0,5.0,2.0,4.0,3.0,6,0.0,1,High
4.0,4.0,4.0,5.0,1.0,49.0,50.0,3.0,-0.909,2,5.0,5.0,1.0,5.0,1.0,1.0,1.0,1.0,2.0,1.0,3,4,3,5.0,4.0,3.0,5.0,5.0,2.0,3.0,3.0,1,1.0,0,Medium
1.0,1.0,4.0,3.0,0.0,30.0,40.0,3.0,-0.57,3,1.0,1.0,1.0,1.0,1.0,1.0,1.0,1.0,1.0,1.0,4,3,9,1.0,1.0,1.0,1.0,1.0,1.0,3.0,3.0,2,0.0,0,Low
4.0,4.0,4.0,2.0,1.0,71.0,61.0,4.0,0.712,3,5.0,4.0,5.0,5.0,1.0,1.0,1.0,1.0,1.0,1.0,5,3,9,5.0,5.0,5.0,5.0,6.0,1.0,3.0,4.0,2,0.0,1,High
3.0,3.0,3.0,2.0,0.0,48.0,69.0,3.0,-1.215,3,5.0,4.0,1.0,5.0,1.0,1.0,1.0,1.0,1.0,1.0,1,5,2,5.0,5.0,3.0,3.0,5.0,1.0,3.0,3.0,2,0.0,1,High
5.0,5.0,5.0,7.0,1.0,32.0,37.0,3.0,-0.909,1,1.0,5.0,1.0,1.0,3.0,3.0,1.0,1.0,1.0,2.0,2,5,1,2.0,2.0,4.0,2.0,2.0,3.0,4.0,3.0,1,3.0,0,Low
4.0,3.0,4.0,2.0,1.0,40.0,52.0,3.0,-1.215,2,5.0,3.0,1.0,4.0,1.0,1.0,1.0,2.0,1.0,1.0,3,2,3,4.0,3.0,4.0,2.0,2.0,3.0,2.0,2.0,1,1.0,0,Medium
5.0,3.0,4.0,8.0,0.0,50.0,69.0,3.0,0.712,2,5.0,2.0,5.0,5.0,1.0,1.0,1.0,1.0,1.0,1.0,5,2,9,2.0,2.0,3.0,2.0,5.0,3.0,3.0,2.0,7,0.0,1,High
5.0,5.0,1.0,8.0,1.0,79.0,67.0,4.0,-0.57,1,5.0,5.0,5.0,5.0,1.0,1.0,1.0,1.0,1.0,1.0,2,1,2,5.0,5.0,5.0,5.0,4.0,1.0,3.0,3.0,6,0.0,1,High
5.0,3.0,5.0,2.0,1.0,38.0,40.0,3.0,-0.188,2,5.0,2.0,3.0,5.0,1.0,1.0,1.0,1.0,1.0,1.0,3,2,8,2.0,4.0,2.0,2.0,4.0,2.0,2.0,2.0,3,0.0,0,Low
3.0,3.0,3.0,2.0,,41.0,51.0,3.0,-1.215,2,5.0,3.0,5.0,5.0,2.0,1.0,2.0,2.0,1.0,1.0,4,5,6,3.0,2.0,3.0,3.0,4.0,2.0,2.0,2.0,4,3.0,0,Medium
4.0,4.0,3.0,8.0,1.0,54.0,61.0,4.0,1.267,3,5.0,5.0,5.0,5.0,1.0,1.0,1.0,1.0,1.0,1.0,5,1,8,4.0,4.0,4.0,4.0,5.0,2.0,3.0,3.0,6,0.0,1,High
4.0,3.0,4.0,2.0,1.0,49.0,37.0,2.0,1.267,3,2.0,2.0,3.0,3.0,2.0,2.0,1.0,3.0,3.0,2.0,3,2,4,4.0,5.0,3.0,1.0,1.0,2.0,1.0,2.0,2,5.0,0,Low
4.0,4.0,1.0,6.0,1.0,75.0,47.0,4.0,-1.9,2,5.0,5.0,5.0,5.0,1.0,1.0,1.0,1.0,1.0,1.0,3,1,8,5.0,5.0,5.0,5.0,6.0,2.0,4.0,3.0,3,0.0,0,Medium
5.0,4.0,3.0,1.0,1.0,68.0,64.0,4.0,0.712,3,5.0,5.0,3.0,5.0,1.0,1.0,1.0,1.0,1.0,1.0,4,5,7,5.0,5.0,4.0,5.0,4.0,1.0,4.0,3.0,8,0.0,1,High
4.0,4.0,2.0,8.0,0.0,51.0,80.0,3.0,1.267,3,5.0,3.0,5.0,5.0,1.0,1.0,1.0,1.0,1.0,1.0,2,1,8,2.0,2.0,3.0,2.0,5.0,3.0,2.0,3.0,8,0.0,1,High
5.0,4.0,3.0,2.0,1.0,50.0,63.0,3.0,-0.188,2,5.0,4.0,4.0,3.0,1.0,1.0,1.0,1.0,1.0,1.0,3,2,7,4.0,3.0,4.0,3.0,6.0,1.0,3.0,3.0,4,0.0,1,High
5.0,4.0,3.0,2.0,1.0,61.0,52.0,3.0,0.242,3,5.0,5.0,3.0,5.0,1.0,1.0,1.0,1.0,3.0,1.0,2,2,6,5.0,4.0,4.0,3.0,4.0,1.0,3.0,3.0,5,1.0,0,Medium
4.0,3.0,3.0,4.0,0.0,48.0,62.0,3.0,0.242,2,5.0,4.0,5.0,5.0,1.0,1.0,1.0,1.0,1.0,1.0,2,2,6,3.0,3.0,3.0,2.0,4.0,2.0,2.0,3.0,8,0.0,1,High
3.0,3.0,3.0,7.0,0.0,31.0,40.0,3.0,-0.909,2,5.0,3.0,1.0,4.0,2.0,1.0,1.0,1.0,1.0,1.0,2,2,1,4.0,3.0,4.0,2.0,4.0,3.0,2.0,3.0,3,1.0,0,Low
4.0,2.0,3.0,1.0,1.0,35.0,33.0,2.0,-0.188,3,5.0,4.0,1.0,4.0,1.0,1.0,1.0,1.0,1.0,1.0,2,4,2,5.0,4.0,4.0,4.0,3.0,3.0,2.0,2.0,3,0.0,0,Low
5.0,2.0,4.0,2.0,1.0,42.0,45.0,3.0,0.242,3,5.0,4.0,2.0,4.0,1.0,1.0,1.0,1.0,1.0,1.0,3,2,7,5.0,4.0,2.0,3.0,2.0,1.0,4.0,3.0,2,0.0,0,Medium
2.0,2.0,5.0,3.0,1.0,37.0,33.0,2.0,-1.215,1,2.0,1.0,1.0,1.0,2.0,2.0,1.0,1.0,1.0,1.0,2,4,3,4.0,2.0,4.0,2.0,2.0,2.0,3.0,3.0,2,2.0,0,Low
3.0,4.0,2.0,5.0,1.0,51.0,54.0,3.0,-0.57,3,4.0,4.0,4.0,5.0,1.0,1.0,3.0,1.0,1.0,1.0,3,5,1,3.0,4.0,4.0,3.0,6.0,2.0,3.0,3.0,1,1.0,0,Medium
2.0,2.0,5.0,2.0,0.0,28.0,39.0,2.0,-0.909,2,5.0,2.0,5.0,3.0,1.0,1.0,1.0,1.0,2.0,1.0,5,2,8,3.0,3.0,2.0,2.0,3.0,3.0,3.0,3.0,2,1.0,0,Low
4.0,4.0,4.0,1.0,0.0,50.0,56.0,4.0,0.242,3,5.0,4.0,5.0,5.0,1.0,1.0,1.0,1.0,1.0,1.0,2,3,6,3.0,4.0,4.0,4.0,2.0,3.0,3.0,4.0,3,0.0,1,Medium
5.0,5.0,1.0,2.0,0.0,43.0,38.0,4.0,-0.909,2,2.0,2.0,1.0,2.0,2.0,2.0,1.0,1.0,2.0,1.0,3,2,2,4.0,2.0,5.0,2.0,2.0,1.0,3.0,3.0,5,3.0,0,Low
5.0,4.0,2.0,8.0,1.0,57.0,77.0,4.0,0.712,3,5.0,5.0,5.0,5.0,1.0,1.0,1.0,1.0,1.0,1.0,3,2,9,5.0,5.0,4.0,3.0,6.0,1.0,3.0,3.0,6,0.0,1,High
4.0,4.0,1.0,2.0,1.0,76.0,57.0,4.0,0.242,3,5.0,4.0,5.0,5.0,1.0,1.0,1.0,1.0,1.0,1.0,5,5,8,4.0,4.0,4.0,4.0,6.0,2.0,4.0,4.0,4,0.0,1,Medium
5.0,4.0,1.0,8.0,0.0,61.0,71.0,4.0,0.242,2,5.0,1.0,5.0,2.0,1.0,1.0,1.0,1.0,1.0,1.0,3,2,9,2.0,2.0,2.0,2.0,2.0,2.0,2.0,2.0,6,0.0,1,High
4.0,5.0,2.0,1.0,1.0,70.0,76.0,4.0,1.267,3,5.0,5.0,5.0,1.0,1.0,1.0,1.0,1.0,1.0,1.0,5,2,3,1.0,5.0,5.0,5.0,6.0,1.0,4.0,4.0,1,0.0,1,High
5.0,4.0,4.0,8.0,1.0,60.0,52.0,3.0,0.712,3,5.0,4.0,4.0,4.0,1.0,1.0,1.0,1.0,2.0,1.0,3,2,7,4.0,4.0,4.0,4.0,4.0,2.0,3.0,3.0,6,1.0,0,Medium
4.0,2.0,4.0,2.0,1.0,39.0,51.0,3.0,-1.215,2,5.0,3.0,2.0,3.0,1.0,1.0,1.0,1.0,1.0,1.0,4,4,3,4.0,3.0,4.0,3.0,3.0,2.0,2.0,3.0,2,0.0,0,Medium
5.0,3.0,5.0,6.0,1.0,61.0,30.0,3.0,-0.188,3,5.0,5.0,2.0,5.0,2.0,1.0,1.0,1.0,2.0,1.0,4,2,5,3.0,4.0,4.0,3.0,2.0,3.0,3.0,2.0,4,2.0,0,Low
4.0,3.0,2.0,2.0,1.0,40.0,60.0,3.0,0.242,3,5.0,5.0,1.0,3.0,1.0,1.0,3.0,1.0,1.0,1.0,2,3,4,4.0,3.0,3.0,2.0,3.0,2.0,3.0,2.0,2,1.0,1,Medium
5.0,3.0,4.0,1.0,0.0,60.0,34.0,3.0,0.712,3,5.0,4.0,4.0,5.0,1.0,1.0,1.0,2.0,2.0,1.0,3,1,2,5.0,4.0,3.0,2.0,3.0,3.0,2.0,3.0,6,2.0,0,Low
5.0,5.0,2.0,8.0,0.0,55.0,76.0,4.0,0.242,3,5.0,5.0,5.0,5.0,1.0,1.0,1.0,1.0,1.0,1.0,5,2,8,2.0,4.0,3.0,4.0,5.0,2.0,3.0,3.0,8,0.0,1,High
4.0,3.0,3.0,8.0,1.0,43.0,50.0,3.0,0.242,3,5.0,3.0,1.0,2.0,1.0,1.0,1.0,1.0,1.0,1.0,2,2,4,4.0,3.0,2.0,2.0,3.0,3.0,2.0,2.0,6,0.0,0,Medium
4.0,4.0,4.0,2.0,0.0,43.0,47.0,3.0,0.712,3,5.0,4.0,1.0,4.0,1.0,1.0,1.0,1.0,1.0,1.0,3,3,6,4.0,4.0,4.0,3.0,2.0,2.0,2.0,2.0,4,0.0,0,Medium
2.0,3.0,4.0,2.0,1.0,27.0,37.0,2.0,-1.215,2,3.0,2.0,1.0,3.0,2.0,3.0,1.0,1.0,1.0,2.0,4,5,3,2.0,3.0,3.0,3.0,2.0,3.0,2.0,2.0,2,3.0,0,Low
5.0,4.0,2.0,2.0,1.0,64.0,71.0,4.0,0.712,3,5.0,4.0,5.0,5.0,1.0,1.0,1.0,1.0,1.0,1.0,2,2,8,5.0,5.0,4.0,4.0,6.0,2.0,3.0,4.0,5,0.0,1,High
5.0,4.0,4.0,2.0,1.0,49.0,47.0,3.0,-0.909,1,5.0,4.0,5.0,5.0,1.0,1.0,1.0,3.0,2.0,1.0,3,3,6,4.0,4.0,4.0,4.0,5.0,1.0,3.0,3.0,2,2.0,0,Medium
4.0,3.0,4.0,2.0,1.0,55.0,43.0,2.0,1.267,3,4.0,4.0,1.0,4.0,2.0,2.0,1.0,1.0,2.0,1.0,5,5,9,4.0,4.0,4.0,4.0,5.0,2.0,2.0,3.0,4,3.0,0,Low
3.0,3.0,4.0,8.0,1.0,41.0,50.0,3.0,-0.57,3,5.0,5.0,5.0,5.0,1.0,1.0,1.0,1.0,1.0,1.0,3,2,3,4.0,4.0,4.0,4.0,4.0,3.0,2.0,2.0,6,0.0,0,Medium
5.0,4.0,3.0,8.0,1.0,53.0,59.0,4.0,0.242,3,5.0,4.0,3.0,3.0,1.0,1.0,1.0,1.0,1.0,1.0,5,1,5,3.0,4.0,4.0,3.0,6.0,1.0,3.0,3.0,7,0.0,1,Medium
5.0,4.0,4.0,2.0,1.0,56.0,61.0,4.0,-0.188,3,5.0,4.0,5.0,5.0,1.0,1.0,1.0,1.0,1.0,1.0,5,5,7,4.0,4.0,4.0,4.0,6.0,2.0,3.0,4.0,3,0.0,1,High
5.0,4.0,2.0,2.0,1.0,64.0,69.0,3.0,0.712,3,5.0,4.0,5.0,5.0,1.0,1.0,1.0,1.0,1.0,1.0,5,2,9,5.0,4.0,5.0,4.0,6.0,1.0,3.0,3.0,5,0.0,1,High
5.0,3.0,4.0,1.0,1.0,58.0,70.0,3.0,1.267,3,5.0,3.0,4.0,5.0,1.0,1.0,1.0,1.0,1.0,1.0,4,3,9,1.0,3.0,3.0,2.0,5.0,3.0,2.0,3.0,4,0.0,1,High
4.0,3.0,4.0,2.0,0.0,45.0,42.0,3.0,-0.57,3,4.0,5.0,2.0,3.0,1.0,1.0,1.0,1.0,1.0,1.0,2,4,7,5.0,4.0,4.0,2.0,4.0,1.0,3.0,3.0,2,0.0,0,Low
5.0,5.0,1.0,8.0,0.0,53.0,73.0,4.0,-0.188,3,5.0,5.0,1.0,5.0,1.0,1.0,1.0,1.0,1.0,1.0,3,2,7,4.0,4.0,4.0,3.0,5.0,2.0,3.0,3.0,6,0.0,1,High
4.0,4.0,3.0,3.0,1.0,55.0,62.0,3.0,0.712,3,5.0,4.0,5.0,4.0,1.0,1.0,1.0,1.0,1.0,1.0,5,5,9,3.0,4.0,4.0,3.0,5.0,2.0,3.0,1.0,6,0.0,1,High
5.0,4.0,3.0,8.0,1.0,55.0,62.0,3.0,1.267,3,5.0,5.0,5.0,5.0,1.0,1.0,1.0,1.0,2.0,1.0,5,3,7,5.0,2.0,3.0,2.0,6.0,1.0,1.0,1.0,6,1.0,1,High
5.0,5.0,5.0,2.0,1.0,56.0,52.0,4.0,0.712,3,4.0,4.0,4.0,4.0,1.0,1.0,1.0,1.0,1.0,1.0,4,1,6,4.0,4.0,4.0,4.0,6.0,2.0,3.0,3.0,3,0.0,0,Medium
5.0,4.0,4.0,2.0,1.0,61.0,63.0,4.0,0.712,3,5.0,4.0,4.0,5.0,1.0,1.0,1.0,1.0,1.0,1.0,5,4,8,4.0,3.0,4.0,3.0,5.0,2.0,3.0,3.0,3,0.0,1,High
2.0,4.0,4.0,2.0,1.0,51.0,50.0,3.0,-1.215,2,5.0,3.0,3.0,5.0,2.0,2.0,2.0,2.0,1.0,2.0,3,3,9,4.0,4.0,4.0,3.0,6.0,2.0,3.0,3.0,4,5.0,0,Medium
5.0,4.0,2.0,8.0,1.0,49.0,56.0,4.0,-0.188,3,5.0,5.0,5.0,5.0,1.0,1.0,1.0,1.0,1.0,1.0,5,2,6,4.0,4.0,4.0,4.0,6.0,1.0,,3.0,8,0.0,1,Medium
3.0,3.0,3.0,3.0,1.0,43.0,50.0,3.0,-1.713,2,5.0,5.0,1.0,5.0,2.0,1.0,1.0,1.0,1.0,1.0,2,2,5,4.0,3.0,4.0,3.0,5.0,2.0,3.0,3.0,5,1.0,0,Medium
4.0,4.0,3.0,2.0,1.0,44.0,59.0,4.0,-0.57,2,5.0,4.0,5.0,5.0,1.0,1.0,1.0,1.0,1.0,1.0,2,2,6,4.0,4.0,4.0,4.0,6.0,2.0,3.0,3.0,6,0.0,1,Medium
5.0,3.0,2.0,8.0,0.0,41.0,50.0,3.0,0.712,3,5.0,3.0,3.0,5.0,1.0,1.0,1.0,1.0,1.0,1.0,2,2,9,3.0,3.0,3.0,3.0,5.0,2.0,3.0,3.0,6,0.0,0,Medium
5.0,5.0,4.0,2.0,1.0,79.0,86.0,4.0,-0.909,3,5.0,5.0,5.0,5.0,1.0,1.0,1.0,1.0,1.0,1.0,3,4,3,5.0,5.0,5.0,5.0,6.0,1.0,4.0,4.0,3,0.0,1,High
3.0,3.0,3.0,6.0,1.0,37.0,50.0,3.0,-0.57,3,4.0,3.0,4.0,5.0,1.0,1.0,1.0,1.0,1.0,1.0,3,3,5,5.0,4.0,4.0,4.0,4.0,2.0,3.0,1.0,6,0.0,0,Medium
5.0,4.0,5.0,2.0,1.0,44.0,56.0,4.0,0.242,3,5.0,4.0,5.0,4.0,1.0,1.0,1.0,1.0,1.0,1.0,5,4,8,4.0,3.0,3.0,4.0,6.0,1.0,3.0,3.0,3,0.0,1,Medium
5.0,5.0,4.0,2.0,1.0,61.0,59.0,4.0,-0.57,3,5.0,4.0,5.0,5.0,1.0,1.0,1.0,1.0,1.0,1.0,3,3,8,5.0,5.0,5.0,5.0,6.0,2.0,3.0,3.0,3,0.0,1,Medium
5.0,5.0,2.0,8.0,0.0,64.0,81.0,4.0,1.267,3,5.0,5.0,5.0,5.0,1.0,1.0,1.0,1.0,1.0,1.0,5,2,9,3.0,3.0,5.0,5.0,5.0,1.0,4.0,4.0,6,0.0,1,High
4.0,3.0,4.0,2.0,1.0,47.0,43.0,3.0,0.712,3,3.0,3.0,4.0,4.0,1.0,1.0,1.0,1.0,1.0,1.0,4,4,9,3.0,3.0,4.0,4.0,5.0,2.0,3.0,2.0,2,0.0,0,Low
4.0,4.0,5.0,2.0,1.0,55.0,31.0,3.0,-0.57,1,4.0,3.0,2.0,5.0,3.0,3.0,2.0,2.0,2.0,1.0,1,2,3,5.0,5.0,5.0,5.0,4.0,1.0,3.0,4.0,2,5.0,0,Low
4.0,4.0,4.0,2.0,1.0,48.0,52.0,3.0,0.242,3,4.0,3.0,3.0,4.0,1.0,1.0,1.0,1.0,1.0,1.0,4,2,9,4.0,4.0,4.0,4.0,5.0,1.0,3.0,4.0,4,0.0,0,Medium
4.0,3.0,3.0,8.0,0.0,37.0,49.0,3.0,0.712,3,4.0,1.0,5.0,4.0,1.0,1.0,1.0,2.0,1.0,1.0,3,1,4,4.0,3.0,3.0,3.0,5.0,3.0,3.0,3.0,6,1.0,0,Medium
5.0,5.0,2.0,8.0,0.0,60.0,83.0,4.0,0.242,2,5.0,5.0,5.0,5.0,1.0,1.0,1.0,1.0,1.0,1.0,4,2,9,5.0,5.0,4.0,3.0,5.0,2.0,3.0,4.0,8,0.0,1,High
4.0,4.0,4.0,2.0,1.0,67.0,70.0,4.0,1.267,3,5.0,4.0,5.0,5.0,1.0,1.0,1.0,1.0,1.0,1.0,4,4,8,5.0,5.0,5.0,5.0,6.0,2.0,3.0,3.0,3,0.0,1,High
5.0,4.0,3.0,8.0,0.0,57.0,72.0,4.0,0.712,3,5.0,5.0,5.0,4.0,1.0,1.0,1.0,1.0,2.0,1.0,4,2,7,4.0,4.0,4.0,4.0,6.0,2.0,4.0,3.0,7,1.0,1,High
5.0,5.0,4.0,1.0,1.0,55.0,55.0,4.0,0.242,3,5.0,4.0,4.0,5.0,1.0,1.0,1.0,1.0,1.0,1.0,5,1,9,5.0,5.0,5.0,4.0,5.0,1.0,4.0,4.0,5,0.0,1,Medium
5.0,3.0,2.0,2.0,1.0,58.0,59.0,4.0,-0.188,3,5.0,3.0,4.0,4.0,1.0,1.0,1.0,1.0,1.0,1.0,4,3,6,4.0,4.0,4.0,3.0,6.0,1.0,3.0,4.0,2,0.0,1,Medium
5.0,4.0,3.0,3.0,1.0,51.0,67.0,4.0,0.712,3,5.0,4.0,5.0,4.0,1.0,1.0,1.0,1.0,1.0,1.0,5,2,8,3.0,4.0,4.0,3.0,5.0,3.0,2.0,3.0,6,0.0,1,High
5.0,5.0,4.0,6.0,0.0,79.0,26.0,4.0,-1.713,1,5.0,5.0,5.0,5.0,2.0,2.0,2.0,2.0,2.0,2.0,2,5,1,4.0,4.0,4.0,4.0,6.0,4.0,4.0,4.0,3,6.0,0,Low
5.0,5.0,2.0,8.0,1.0,42.0,55.0,3.0,-0.57,2,5.0,5.0,5.0,5.0,1.0,1.0,1.0,1.0,1.0,1.0,2,2,8,4.0,4.0,4.0,4.0,5.0,3.0,3.0,3.0,8,0.0,1,Medium
5.0,5.0,2.0,8.0,1.0,77.0,86.0,4.0,1.267,3,5.0,5.0,5.0,5.0,1.0,1.0,1.0,1.0,1.0,1.0,5,2,9,5.0,5.0,5.0,5.0,6.0,1.0,3.0,4.0,8,0.0,1,High
4.0,4.0,2.0,2.0,1.0,46.0,78.0,3.0,0.712,3,5.0,4.0,5.0,4.0,1.0,1.0,1.0,1.0,1.0,1.0,4,2,8,4.0,4.0,4.0,4.0,6.0,2.0,3.0,3.0,6,0.0,1,High
4.0,4.0,3.0,3.0,1.0,59.0,66.0,4.0,0.242,3,5.0,5.0,5.0,5.0,1.0,1.0,1.0,1.0,1.0,1.0,4,3,9,3.0,4.0,5.0,3.0,6.0,2.0,3.0,4.0,3,0.0,1,High
5.0,3.0,2.0,8.0,,46.0,62.0,4.0,0.712,3,5.0,4.0,5.0,4.0,1.0,1.0,1.0,1.0,1.0,1.0,4,3,4,3.0,3.0,2.0,2.0,5.0,3.0,2.0,3.0,7,0.0,1,High
4.0,4.0,5.0,2.0,1.0,56.0,62.0,4.0,0.242,3,5.0,4.0,5.0,5.0,1.0,1.0,1.0,1.0,1.0,1.0,5,4,9,5.0,4.0,4.0,2.0,6.0,2.0,3.0,3.0,2,0.0,1,High
3.0,3.0,2.0,3.0,0.0,42.0,47.0,3.0,0.242,3,3.0,2.0,2.0,4.0,1.0,1.0,1.0,1.0,1.0,1.0,2,2,5,4.0,3.0,3.0,2.0,4.0,2.0,3.0,3.0,5,0.0,0,Medium
5.0,5.0,2.0,8.0,0.0,64.0,72.0,4.0,0.712,3,5.0,5.0,5.0,5.0,1.0,1.0,1.0,1.0,1.0,1.0,2,2,3,3.0,4.0,5.0,4.0,5.0,1.0,4.0,3.0,7,0.0,1,High
4.0,2.0,4.0,2.0,1.0,41.0,50.0,2.0,0.242,3,5.0,5.0,5.0,5.0,1.0,1.0,1.0,1.0,1.0,1.0,5,3,9,4.0,4.0,4.0,3.0,6.0,1.0,2.0,3.0,4,0.0,0,Medium
5.0,4.0,2.0,8.0,1.0,57.0,77.0,4.0,0.712,3,5.0,5.0,5.0,5.0,1.0,1.0,1.0,1.0,1.0,1.0,2,2,2,5.0,5.0,5.0,4.0,5.0,1.0,3.0,3.0,8,0.0,1,High
5.0,5.0,3.0,8.0,1.0,62.0,67.0,4.0,0.712,2,5.0,5.0,4.0,5.0,1.0,1.0,1.0,1.0,1.0,1.0,4,2,8,2.0,4.0,3.0,3.0,6.0,1.0,3.0,3.0,6,0.0,1,High
3.0,2.0,4.0,2.0,1.0,32.0,40.0,2.0,0.242,3,3.0,3.0,1.0,2.0,1.0,1.0,1.0,1.0,1.0,1.0,5,3,8,1.0,1.0,1.0,1.0,1.0,2.0,3.0,2.0,4,0.0,0,Low
5.0,4.0,4.0,1.0,0.0,48.0,61.0,4.0,-0.188,2,5.0,4.0,5.0,5.0,1.0,1.0,1.0,1.0,1.0,1.0,5,3,8,2.0,3.0,4.0,2.0,4.0,1.0,3.0,4.0,3,0.0,1,High
4.0,4.0,4.0,,1.0,59.0,59.0,4.0,-0.57,1,4.0,4.0,3.0,4.0,1.0,1.0,1.0,1.0,1.0,1.0,2,2,6,5.0,5.0,5.0,4.0,3.0,2.0,4.0,4.0,2,0.0,1,Medium
4.0,3.0,5.0,2.0,1.0,39.0,16.0,2.0,0.242,3,4.0,1.0,1.0,2.0,2.0,1.0,2.0,2.0,1.0,1.0,3,2,4,3.0,3.0,3.0,3.0,1.0,2.0,3.0,3.0,4,3.0,0,Low
5.0,4.0,2.0,8.0,1.0,47.0,66.0,4.0,0.712,3,5.0,5.0,5.0,5.0,1.0,1.0,1.0,1.0,1.0,1.0,3,1,5,4.0,3.0,4.0,3.0,6.0,2.0,3.0,3.0,6,0.0,1,High
4.0,3.0,3.0,2.0,1.0,44.0,57.0,3.0,0.712,3,4.0,4.0,4.0,2.0,1.0,1.0,1.0,1.0,1.0,1.0,5,2,9,3.0,4.0,4.0,4.0,4.0,2.0,2.0,3.0,6,0.0,1,Medium
5.0,4.0,3.0,2.0,1.0,67.0,58.0,4.0,0.712,3,5.0,5.0,4.0,5.0,1.0,1.0,1.0,1.0,1.0,1.0,5,2,6,5.0,5.0,5.0,5.0,5.0,1.0,3.0,3.0,5,0.0,1,Medium
5.0,4.0,2.0,8.0,1.0,82.0,64.0,4.0,0.712,3,5.0,5.0,5.0,4.0,1.0,3.0,1.0,1.0,3.0,1.0,3,1,1,3.0,4.0,4.0,4.0,5.0,1.0,4.0,3.0,6,2.0,1,High
5.0,4.0,4.0,2.0,1.0,52.0,63.0,3.0,0.712,3,5.0,5.0,5.0,4.0,1.0,1.0,1.0,1.0,1.0,1.0,5,5,9,4.0,4.0,4.0,3.0,5.0,1.0,2.0,4.0,4,0.0,1,High
4.0,4.0,4.0,2.0,1.0,49.0,55.0,4.0,0.242,3,5.0,4.0,2.0,5.0,1.0,1.0,1.0,1.0,1.0,1.0,3,2,7,4.0,4.0,4.0,4.0,4.0,2.0,3.0,3.0,5,0.0,1,Medium
3.0,3.0,3.0,2.0,1.0,46.0,66.0,3.0,-1.215,2,5.0,4.0,4.0,5.0,1.0,1.0,1.0,1.0,1.0,1.0,2,2,7,4.0,3.0,4.0,3.0,4.0,1.0,2.0,4.0,4,0.0,1,High
,4.0,3.0,6.0,0.0,40.0,38.0,2.0,-0.909,1,4.0,3.0,1.0,5.0,2.0,3.0,1.0,1.0,1.0,1.0,1,5,2,4.0,5.0,4.0,3.0,1.0,1.0,2.0,3.0,6,2.0,0,Low
5.0,4.0,3.0,2.0,1.0,56.0,70.0,4.0,1.267,3,5.0,4.0,5.0,5.0,1.0,1.0,1.0,1.0,1.0,1.0,5,4,8,5.0,4.0,4.0,4.0,6.0,2.0,3.0,4.0,2,0.0,1,High
2.0,2.0,4.0,3.0,0.0,25.0,38.0,2.0,-0.57,2,2.0,2.0,1.0,3.0,3.0,3.0,3.0,3.0,3.0,2.0,2,4,7,4.0,4.0,4.0,4.0,2.0,2.0,3.0,3.0,2,6.0,0,Low
3.0,5.0,4.0,1.0,1.0,58.0,55.0,3.0,-1.485,1,5.0,4.0,1.0,4.0,1.0,2.0,1.0,1.0,2.0,1.0,1,4,1,4.0,5.0,5.0,4.0,5.0,2.0,3.0,3.0,1,2.0,1,Medium
4.0,4.0,2.0,8.0,0.0,51.0,64.0,3.0,0.242,3,5.0,4.0,5.0,5.0,1.0,1.0,1.0,1.0,1.0,1.0,3,2,6,2.0,3.0,3.0,3.0,4.0,1.0,3.0,2.0,7,0.0,1,High
4.0,4.0,2.0,2.0,1.0,49.0,55.0,4.0,-0.188,3,5.0,4.0,5.0,5.0,1.0,1.0,1.0,1.0,1.0,1.0,5,1,8,4.0,4.0,5.0,5.0,6.0,1.0,4.0,4.0,2,0.0,1,Medium
5.0,4.0,3.0,8.0,0.0,57.0,70.0,4.0,-0.188,3,5.0,5.0,5.0,5.0,1.0,1.0,1.0,1.0,1.0,1.0,3,2,8,4.0,4.0,4.0,4.0,5.0,2.0,4.0,4.0,7,0.0,1,High
5.0,5.0,3.0,2.0,1.0,70.0,62.0,4.0,-1.215,2,5.0,5.0,5.0,5.0,1.0,1.0,1.0,1.0,1.0,1.0,3,4,9,5.0,5.0,5.0,5.0,6.0,2.0,4.0,4.0,1,0.0,1,High
4.0,3.0,2.0,3.0,1.0,44.0,52.0,3.0,0.712,3,4.0,4.0,2.0,5.0,1.0,1.0,1.0,1.0,1.0,1.0,2,4,8,4.0,4.0,4.0,2.0,1.0,1.0,4.0,3.0,5,0.0,0,Medium
4.0,3.0,2.0,8.0,0.0,47.0,60.0,3.0,0.712,2,5.0,4.0,5.0,5.0,1.0,1.0,1.0,1.0,1.0,1.0,2,1,3,4.0,4.0,4.0,3.0,5.0,2.0,2.0,3.0,8,0.0,1,Medium
5.0,4.0,3.0,2.0,1.0,66.0,53.0,4.0,1.267,3,5.0,5.0,5.0,5.0,1.0,1.0,1.0,1.0,1.0,1.0,5,3,9,5.0,5.0,4.0,5.0,6.0,1.0,4.0,4.0,4,0.0,0,Medium
5.0,5.0,3.0,8.0,1.0,69.0,78.0,4.0,-0.57,3,5.0,5.0,5.0,5.0,1.0,1.0,1.0,1.0,1.0,1.0,3,1,7,4.0,4.0,5.0,5.0,6.0,1.0,4.0,4.0,8,0.0,1,High
5.0,5.0,2.0,2.0,1.0,69.0,70.0,4.0,1.267,3,5.0,5.0,5.0,3.0,1.0,1.0,1.0,1.0,1.0,1.0,5,3,9,3.0,3.0,5.0,4.0,5.0,1.0,3.0,4.0,2,0.0,1,High
4.0,3.0,4.0,7.0,1.0,41.0,41.0,2.0,-0.57,3,5.0,4.0,1.0,5.0,3.0,3.0,1.0,3.0,2.0,1.0,3,3,1,4.0,4.0,4.0,2.0,5.0,2.0,2.0,2.0,1,4.0,0,Low
5.0,4.0,1.0,2.0,1.0,70.0,59.0,4.0,-0.57,2,4.0,4.0,1.0,2.0,1.0,1.0,1.0,1.0,1.0,1.0,3,2,1,5.0,5.0,5.0,3.0,3.0,1.0,3.0,4.0,4,0.0,1,Medium
3.0,3.0,3.0,6.0,1.0,41.0,47.0,2.0,-0.909,1,4.0,4.0,4.0,4.0,2.0,2.0,1.0,2.0,3.0,2.0,2,3,3,4.0,3.0,3.0,3.0,3.0,2.0,2.0,3.0,6,5.0,0,Medium
5.0,4.0,3.0,8.0,1.0,60.0,60.0,4.0,-0.188,2,5.0,5.0,5.0,5.0,1.0,1.0,1.0,1.0,1.0,1.0,5,2,7,5.0,5.0,5.0,5.0,5.0,1.0,3.0,3.0,8,0.0,1,Medium
5.0,5.0,2.0,2.0,1.0,80.0,75.0,4.0,0.712,3,5.0,5.0,5.0,4.0,1.0,1.0,1.0,1.0,1.0,1.0,4,2,8,5.0,5.0,5.0,4.0,6.0,4.0,4.0,4.0,1,0.0,1,High
4.0,3.0,4.0,6.0,0.0,49.0,57.0,3.0,0.242,3,4.0,4.0,4.0,3.0,1.0,1.0,1.0,1.0,1.0,1.0,2,3,7,3.0,3.0,3.0,3.0,5.0,3.0,3.0,3.0,6,0.0,1,Medium
5.0,4.0,4.0,8.0,1.0,52.0,60.0,3.0,-0.188,2,5.0,4.0,3.0,4.0,1.0,1.0,1.0,1.0,1.0,1.0,2,2,6,4.0,4.0,4.0,4.0,5.0,2.0,3.0,3.0,7,0.0,1,Medium
5.0,4.0,2.0,2.0,1.0,58.0,62.0,4.0,1.267,3,5.0,4.0,5.0,5.0,1.0,1.0,1.0,1.0,1.0,1.0,5,3,8,3.0,4.0,4.0,3.0,6.0,1.0,4.0,4.0,4,0.0,1,High
5.0,4.0,3.0,8.0,1.0,54.0,64.0,4.0,0.242,3,5.0,5.0,5.0,5.0,1.0,1.0,1.0,1.0,1.0,1.0,5,1,3,5.0,4.0,4.0,3.0,5.0,2.0,3.0,4.0,7,0.0,1,High
5.0,4.0,4.0,8.0,1.0,68.0,19.0,1.0,-0.188,2,4.0,3.0,1.0,4.0,2.0,1.0,1.0,2.0,3.0,1.0,3,2,6,5.0,4.0,4.0,4.0,2.0,1.0,3.0,3.0,7,3.0,0,Low
5.0,4.0,4.0,5.0,1.0,66.0,68.0,4.0,-0.188,2,5.0,5.0,4.0,5.0,1.0,1.0,1.0,1.0,1.0,1.0,4,3,2,4.0,4.0,5.0,5.0,6.0,3.0,3.0,4.0,2,0.0,1,High
2.0,3.0,4.0,8.0,0.0,39.0,48.0,3.0,-0.57,3,4.0,4.0,3.0,3.0,1.0,1.0,1.0,1.0,1.0,1.0,1,2,3,3.0,4.0,3.0,4.0,4.0,2.0,3.0,3.0,8,0.0,0,Medium
4.0,4.0,4.0,2.0,1.0,56.0,59.0,3.0,-0.188,3,5.0,4.0,5.0,4.0,1.0,1.0,1.0,1.0,1.0,1.0,4,2,6,4.0,4.0,2.0,2.0,5.0,2.0,3.0,3.0,2,0.0,1,Medium
3.0,3.0,4.0,3.0,1.0,42.0,49.0,3.0,-1.485,2,3.0,3.0,3.0,3.0,1.0,1.0,1.0,1.0,1.0,1.0,2,4,7,3.0,3.0,3.0,3.0,5.0,2.0,3.0,3.0,1,0.0,0,Medium
4.0,3.0,3.0,2.0,0.0,33.0,44.0,2.0,0.712,3,5.0,5.0,4.0,4.0,1.0,1.0,1.0,1.0,1.0,1.0,3,2,6,4.0,4.0,3.0,3.0,2.0,2.0,2.0,2.0,4,0.0,0,Medium
5.0,5.0,1.0,4.0,0.0,85.0,77.0,4.0,-1.9,2,3.0,3.0,3.0,3.0,1.0,1.0,1.0,1.0,1.0,1.0,2,4,3,5.0,5.0,5.0,5.0,6.0,1.0,2.0,4.0,3,0.0,1,High
5.0,3.0,2.0,8.0,1.0,56.0,63.0,4.0,1.267,3,5.0,5.0,5.0,5.0,1.0,1.0,1.0,1.0,1.0,1.0,4,2,4,4.0,4.0,4.0,2.0,5.0,2.0,3.0,3.0,7,0.0,1,High
5.0,3.0,2.0,1.0,1.0,58.0,52.0,3.0,1.267,3,5.0,4.0,3.0,5.0,1.0,1.0,1.0,1.0,1.0,1.0,5,2,8,3.0,2.0,3.0,2.0,3.0,1.0,2.0,4.0,4,0.0,0,Medium
5.0,5.0,3.0,8.0,1.0,67.0,79.0,4.0,0.242,3,5.0,5.0,5.0,3.0,1.0,1.0,1.0,1.0,1.0,1.0,4,1,7,4.0,3.0,4.0,4.0,6.0,2.0,3.0,4.0,5,0.0,1,High
5.0,4.0,3.0,8.0,1.0,53.0,59.0,3.0,1.267,3,5.0,4.0,5.0,4.0,1.0,1.0,1.0,1.0,1.0,1.0,5,2,8,4.0,2.0,3.0,2.0,5.0,2.0,3.0,2.0,8,0.0,1,Medium
5.0,5.0,3.0,2.0,1.0,82.0,79.0,4.0,1.267,3,5.0,4.0,5.0,5.0,1.0,1.0,1.0,1.0,1.0,1.0,4,2,9,4.0,5.0,4.0,4.0,6.0,2.0,3.0,4.0,2,0.0,1,High
5.0,4.0,3.0,8.0,1.0,50.0,54.0,3.0,0.712,3,5.0,3.0,5.0,4.0,1.0,1.0,1.0,1.0,1.0,1.0,4,1,6,4.0,3.0,4.0,3.0,6.0,1.0,2.0,4.0,6,0.0,0,Medium
3.0,3.0,3.0,8.0,1.0,42.0,57.0,3.0,-0.909,3,5.0,4.0,1.0,4.0,1.0,1.0,1.0,1.0,1.0,1.0,2,1,4,4.0,4.0,3.0,3.0,3.0,1.0,3.0,3.0,8,0.0,1,Medium
1.0,4.0,1.0,5.0,0.0,45.0,47.0,2.0,-1.485,3,1.0,1.0,1.0,1.0,1.0,1.0,1.0,2.0,2.0,1.0,2,2,1,1.0,4.0,4.0,2.0,1.0,3.0,2.0,3.0,1,2.0,0,Medium
5.0,5.0,2.0,8.0,1.0,76.0,84.0,4.0,1.267,3,5.0,5.0,5.0,5.0,1.0,1.0,1.0,1.0,1.0,1.0,5,2,7,5.0,5.0,5.0,5.0,6.0,1.0,3.0,4.0,7,0.0,1,High
3.0,3.0,5.0,8.0,0.0,38.0,26.0,3.0,0.242,3,4.0,3.0,1.0,4.0,1.0,2.0,1.0,2.0,1.0,1.0,2,2,2,4.0,3.0,3.0,3.0,2.0,3.0,2.0,2.0,6,2.0,0,Low
4.0,4.0,2.0,8.0,0.0,46.0,78.0,3.0,-0.188,3,5.0,5.0,5.0,5.0,1.0,1.0,1.0,1.0,1.0,1.0,1,1,2,4.0,4.0,5.0,5.0,3.0,1.0,3.0,3.0,8,0.0,1,High
5.0,2.0,3.0,2.0,0.0,16.0,39.0,4.0,-0.909,1,5.0,2.0,1.0,5.0,1.0,2.0,1.0,1.0,1.0,1.0,3,4,8,3.0,2.0,1.0,1.0,1.0,2.0,2.0,2.0,3,1.0,0,Low
5.0,3.0,4.0,2.0,1.0,45.0,48.0,3.0,0.242,3,5.0,3.0,2.0,2.0,1.0,1.0,2.0,1.0,2.0,1.0,4,2,7,5.0,3.0,3.0,2.0,5.0,1.0,3.0,2.0,1,2.0,0,Medium
5.0,5.0,3.0,2.0,1.0,63.0,59.0,4.0,-0.188,3,5.0,5.0,5.0,5.0,1.0,1.0,1.0,1.0,1.0,1.0,5,3,8,5.0,5.0,5.0,5.0,6.0,2.0,3.0,3.0,3,0.0,1,Medium
4.0,3.0,3.0,8.0,0.0,49.0,49.0,3.0,0.242,3,5.0,4.0,3.0,5.0,1.0,1.0,1.0,1.0,1.0,1.0,3,2,3,4.0,4.0,4.0,4.0,5.0,1.0,3.0,3.0,7,0.0,0,Medium
5.0,3.0,5.0,6.0,1.0,43.0,55.0,3.0,-0.188,2,5.0,4.0,5.0,4.0,1.0,1.0,1.0,2.0,2.0,1.0,4,1,7,4.0,4.0,3.0,3.0,4.0,1.0,3.0,3.0,5,2.0,1,Medium
3.0,4.0,4.0,2.0,0.0,46.0,53.0,4.0,-0.188,2,5.0,4.0,5.0,4.0,1.0,1.0,1.0,1.0,1.0,1.0,2,4,8,4.0,3.0,2.0,2.0,6.0,2.0,2.0,3.0,4,0.0,0,Medium
5.0,4.0,1.0,4.0,1.0,41.0,52.0,4.0,0.242,3,5.0,5.0,5.0,5.0,1.0,1.0,1.0,1.0,1.0,1.0,2,2,3,3.0,3.0,3.0,3.0,4.0,1.0,4.0,3.0,8,0.0,0,Medium
5.0,4.0,3.0,2.0,1.0,47.0,47.0,3.0,-0.188,3,4.0,3.0,2.0,4.0,1.0,1.0,1.0,1.0,1.0,1.0,5,4,8,4.0,4.0,4.0,3.0,4.0,1.0,3.0,4.0,3,0.0,0,Medium
5.0,4.0,2.0,8.0,0.0,44.0,62.0,3.0,1.267,3,5.0,4.0,5.0,5.0,1.0,1.0,1.0,1.0,1.0,1.0,2,2,6,4.0,3.0,3.0,2.0,4.0,2.0,3.0,3.0,8,0.0,1,High
4.0,4.0,3.0,8.0,0.0,49.0,59.0,4.0,0.242,3,5.0,4.0,5.0,5.0,1.0,1.0,1.0,1.0,1.0,1.0,1,2,4,4.0,4.0,4.0,3.0,6.0,3.0,2.0,2.0,7,0.0,1,Medium
4.0,3.0,4.0,8.0,0.0,41.0,43.0,3.0,0.242,3,4.0,3.0,2.0,4.0,3.0,2.0,1.0,1.0,1.0,1.0,3,4,5,4.0,4.0,3.0,3.0,2.0,2.0,3.0,3.0,6,2.0,0,Low
5.0,5.0,3.0,2.0,1.0,79.0,56.0,4.0,-0.188,3,5.0,4.0,4.0,1.0,1.0,1.0,1.0,1.0,1.0,1.0,3,2,6,4.0,4.0,4.0,1.0,1.0,3.0,4.0,2.0,1,0.0,1,Medium
4.0,3.0,3.0,8.0,0.0,34.0,45.0,2.0,-0.188,2,5.0,4.0,3.0,4.0,1.0,1.0,1.0,1.0,2.0,1.0,2,1,1,4.0,4.0,2.0,4.0,4.0,2.0,2.0,2.0,7,1.0,0,Medium
5.0,5.0,4.0,8.0,1.0,85.0,63.0,4.0,1.267,3,3.0,3.0,1.0,4.0,1.0,1.0,1.0,1.0,1.0,1.0,5,1,7,2.0,4.0,4.0,2.0,2.0,2.0,2.0,4.0,7,0.0,1,High
5.0,3.0,4.0,4.0,1.0,42.0,44.0,3.0,-0.188,3,5.0,2.0,4.0,5.0,1.0,1.0,1.0,1.0,1.0,1.0,2,3,6,1.0,2.0,2.0,1.0,2.0,2.0,1.0,3.0,4,0.0,0,Medium
5.0,4.0,3.0,8.0,1.0,56.0,54.0,4.0,-0.57,2,5.0,5.0,5.0,5.0,1.0,1.0,1.0,1.0,1.0,1.0,5,2,7,4.0,4.0,4.0,4.0,5.0,1.0,4.0,4.0,6,0.0,0,Medium
1.0,1.0,5.0,3.0,0.0,10.0,14.0,1.0,-1.215,2,1.0,1.0,1.0,1.0,3.0,3.0,3.0,3.0,3.0,3.0,2,1,1,1.0,1.0,1.0,1.0,1.0,4.0,1.0,1.0,2,6.0,0,Low
5.0,4.0,2.0,8.0,0.0,64.0,75.0,4.0,0.242,3,5.0,5.0,5.0,5.0,1.0,1.0,1.0,1.0,1.0,1.0,2,1,2,3.0,4.0,3.0,4.0,6.0,2.0,3.0,3.0,6,0.0,1,High
3.0,1.0,2.0,2.0,0.0,29.0,30.0,2.0,-0.57,3,1.0,1.0,1.0,3.0,2.0,2.0,1.0,1.0,1.0,2.0,2,4,8,2.0,2.0,2.0,2.0,1.0,3.0,2.0,2.0,5,3.0,0,Low
5.0,5.0,5.0,2.0,0.0,60.0,70.0,4.0,0.712,3,5.0,4.0,5.0,4.0,1.0,1.0,1.0,1.0,1.0,1.0,5,1,9,3.0,2.0,4.0,3.0,6.0,2.0,3.0,3.0,3,0.0,1,High
3.0,1.0,1.0,2.0,0.0,50.0,38.0,2.0,-0.909,3,5.0,5.0,5.0,5.0,1.0,1.0,1.0,1.0,1.0,1.0,3,3,3,5.0,5.0,5.0,5.0,5.0,4.0,3.0,4.0,5,0.0,0,Low
2.0,3.0,3.0,7.0,0.0,49.0,42.0,3.0,-1.485,2,4.0,4.0,1.0,4.0,2.0,2.0,2.0,1.0,1.0,1.0,2,2,1,2.0,3.0,4.0,2.0,2.0,,,,4,3.0,0,Low
4.0,3.0,2.0,1.0,0.0,43.0,51.0,3.0,0.242,1,4.0,4.0,4.0,3.0,1.0,1.0,1.0,1.0,1.0,1.0,3,1,2,4.0,4.0,3.0,3.0,4.0,2.0,3.0,3.0,5,0.0,0,Medium
5.0,5.0,3.0,8.0,1.0,62.0,69.0,4.0,1.267,3,5.0,5.0,5.0,5.0,1.0,1.0,1.0,1.0,1.0,1.0,4,2,8,3.0,4.0,4.0,4.0,6.0,2.0,4.0,4.0,8,0.0,1,High
5.0,4.0,2.0,2.0,1.0,69.0,45.0,4.0,0.712,3,5.0,4.0,1.0,3.0,1.0,1.0,1.0,1.0,1.0,1.0,3,3,8,4.0,2.0,5.0,3.0,6.0,1.0,3.0,3.0,4,0.0,0,Medium
5.0,3.0,2.0,8.0,0.0,41.0,43.0,2.0,0.712,3,5.0,3.0,5.0,2.0,1.0,1.0,1.0,1.0,1.0,1.0,5,1,8,2.0,2.0,3.0,2.0,4.0,2.0,2.0,2.0,7,0.0,0,Low
3.0,3.0,2.0,6.0,0.0,30.0,38.0,2.0,-1.485,1,2.0,2.0,2.0,2.0,3.0,3.0,2.0,1.0,2.0,1.0,2,1,1,2.0,2.0,2.0,2.0,1.0,4.0,3.0,2.0,5,4.0,0,Low
4.0,4.0,3.0,8.0,0.0,49.0,63.0,3.0,1.267,3,4.0,4.0,3.0,4.0,1.0,1.0,1.0,1.0,1.0,1.0,1,2,7,4.0,4.0,3.0,3.0,4.0,2.0,2.0,3.0,8,0.0,1,High
4.0,3.0,2.0,8.0,1.0,39.0,52.0,3.0,1.267,3,5.0,2.0,3.0,5.0,1.0,1.0,1.0,1.0,1.0,1.0,4,1,7,4.0,3.0,3.0,2.0,4.0,2.0,3.0,2.0,8,0.0,0,Medium
5.0,3.0,3.0,2.0,1.0,43.0,55.0,3.0,0.712,3,4.0,4.0,4.0,4.0,1.0,1.0,1.0,1.0,1.0,1.0,3,3,5,3.0,3.0,3.0,3.0,4.0,2.0,3.0,3.0,5,0.0,1,Medium
4.0,3.0,4.0,1.0,1.0,43.0,29.0,3.0,-1.215,2,4.0,3.0,2.0,4.0,2.0,2.0,2.0,1.0,1.0,1.0,3,5,3,3.0,5.0,4.0,3.0,3.0,2.0,3.0,3.0,2,3.0,0,Low
5.0,5.0,2.0,4.0,0.0,59.0,58.0,4.0,0.242,3,5.0,5.0,5.0,5.0,1.0,1.0,1.0,1.0,1.0,1.0,2,2,4,3.0,3.0,3.0,3.0,6.0,1.0,4.0,4.0,8,0.0,1,Medium
4.0,3.0,4.0,6.0,0.0,40.0,43.0,3.0,0.242,3,5.0,3.0,1.0,5.0,1.0,1.0,1.0,1.0,1.0,1.0,3,1,1,3.0,3.0,3.0,3.0,5.0,2.0,2.0,3.0,5,0.0,0,Low
3.0,3.0,3.0,2.0,0.0,42.0,49.0,3.0,-1.485,1,5.0,3.0,2.0,4.0,1.0,1.0,1.0,1.0,1.0,1.0,2,3,2,3.0,3.0,3.0,3.0,4.0,3.0,3.0,3.0,3,0.0,0,Medium
5.0,5.0,2.0,2.0,1.0,69.0,60.0,4.0,-0.57,3,5.0,4.0,2.0,5.0,1.0,1.0,1.0,1.0,1.0,1.0,2,1,6,5.0,5.0,5.0,5.0,5.0,1.0,4.0,4.0,3,0.0,1,Medium
4.0,3.0,3.0,8.0,1.0,46.0,62.0,3.0,0.712,3,5.0,3.0,5.0,5.0,1.0,1.0,1.0,1.0,1.0,1.0,3,2,5,4.0,3.0,3.0,2.0,4.0,3.0,3.0,3.0,8,0.0,1,High
4.0,4.0,2.0,8.0,0.0,48.0,60.0,4.0,-0.909,3,5.0,5.0,5.0,5.0,1.0,1.0,1.0,1.0,1.0,1.0,2,1,2,3.0,4.0,4.0,3.0,4.0,1.0,3.0,3.0,8,0.0,1,Medium
4.0,3.0,3.0,2.0,1.0,46.0,55.0,3.0,-1.215,0,3.0,1.0,4.0,3.0,2.0,2.0,2.0,2.0,3.0,2.0,5,1,7,4.0,3.0,3.0,3.0,4.0,2.0,3.0,3.0,2,6.0,1,Medium
4.0,4.0,2.0,2.0,1.0,56.0,54.0,4.0,-0.188,3,4.0,4.0,4.0,5.0,1.0,1.0,1.0,1.0,1.0,1.0,4,2,3,4.0,4.0,4.0,4.0,4.0,1.0,3.0,3.0,4,0.0,0,Medium
5.0,4.0,3.0,8.0,1.0,48.0,54.0,3.0,-0.188,2,5.0,3.0,5.0,4.0,1.0,1.0,1.0,1.0,1.0,1.0,4,1,7,4.0,3.0,4.0,3.0,5.0,2.0,3.0,3.0,6,0.0,0,Medium
4.0,3.0,4.0,2.0,1.0,52.0,30.0,3.0,-0.188,2,3.0,3.0,1.0,5.0,3.0,3.0,1.0,2.0,2.0,1.0,3,5,3,4.0,4.0,4.0,4.0,3.0,2.0,3.0,3.0,2,4.0,0,Low
5.0,5.0,4.0,,0.0,67.0,59.0,3.0,-1.485,3,5.0,5.0,5.0,5.0,1.0,1.0,1.0,1.0,1.0,1.0,1,4,1,5.0,5.0,5.0,5.0,6.0,1.0,2.0,3.0,2,0.0,1,Medium
5.0,4.0,4.0,7.0,0.0,71.0,47.0,4.0,1.267,3,5.0,4.0,5.0,5.0,1.0,1.0,2.0,2.0,2.0,1.0,5,3,9,5.0,4.0,5.0,5.0,4.0,1.0,4.0,4.0,2,3.0,0,Medium
3.0,3.0,4.0,4.0,1.0,37.0,23.0,3.0,0.242,3,3.0,4.0,2.0,3.0,2.0,2.0,3.0,1.0,2.0,2.0,1,1,1,5.0,4.0,4.0,4.0,4.0,2.0,3.0,2.0,1,5.0,0,Low
4.0,4.0,3.0,8.0,1.0,57.0,54.0,4.0,-0.57,2,5.0,5.0,5.0,5.0,1.0,1.0,1.0,1.0,1.0,1.0,1,2,3,5.0,5.0,5.0,4.0,5.0,3.0,4.0,4.0,8,0.0,0,Medium
5.0,5.0,5.0,2.0,0.0,85.0,86.0,4.0,1.267,3,5.0,5.0,5.0,5.0,1.0,1.0,1.0,1.0,1.0,1.0,5,4,9,5.0,5.0,5.0,5.0,6.0,1.0,4.0,4.0,3,0.0,1,High
3.0,3.0,5.0,5.0,1.0,31.0,40.0,2.0,0.242,2,5.0,2.0,1.0,4.0,2.0,2.0,1.0,2.0,1.0,1.0,3,1,1,1.0,2.0,4.0,1.0,2.0,3.0,2.0,2.0,1,3.0,0,Low
3.0,3.0,3.0,1.0,1.0,58.0,62.0,3.0,-1.215,2,4.0,4.0,4.0,4.0,2.0,1.0,1.0,1.0,1.0,1.0,1,5,2,4.0,4.0,5.0,4.0,5.0,1.0,1.0,3.0,3,1.0,1,High
4.0,3.0,4.0,2.0,0.0,39.0,41.0,3.0,-0.188,3,5.0,4.0,4.0,4.0,1.0,1.0,1.0,2.0,1.0,1.0,3,4,3,4.0,4.0,3.0,3.0,5.0,1.0,3.0,2.0,4,1.0,0,Low
4.0,3.0,3.0,8.0,0.0,38.0,49.0,3.0,-0.57,2,5.0,4.0,3.0,5.0,1.0,1.0,1.0,1.0,1.0,1.0,2,1,7,4.0,3.0,3.0,2.0,3.0,2.0,3.0,2.0,7,0.0,0,Medium
5.0,4.0,2.0,8.0,1.0,49.0,66.0,3.0,0.242,3,5.0,4.0,5.0,5.0,1.0,1.0,1.0,1.0,1.0,1.0,5,2,8,4.0,4.0,4.0,4.0,5.0,2.0,2.0,3.0,7,0.0,1,High
4.0,4.0,3.0,3.0,0.0,85.0,67.0,3.0,-0.188,3,5.0,4.0,4.0,5.0,1.0,1.0,1.0,1.0,1.0,1.0,2,2,3,4.0,4.0,4.0,4.0,6.0,1.0,4.0,3.0,4,0.0,1,High
5.0,4.0,5.0,2.0,1.0,59.0,77.0,4.0,0.712,3,5.0,5.0,4.0,5.0,1.0,1.0,1.0,1.0,1.0,1.0,5,3,9,5.0,4.0,5.0,3.0,6.0,3.0,3.0,4.0,5,0.0,1,High
5.0,4.0,3.0,8.0,0.0,50.0,60.0,4.0,1.267,3,5.0,5.0,5.0,5.0,1.0,1.0,1.0,1.0,1.0,1.0,3,2,6,4.0,3.0,3.0,3.0,5.0,1.0,3.0,3.0,7,0.0,1,Medium
4.0,5.0,2.0,8.0,0.0,65.0,65.0,4.0,0.242,3,5.0,5.0,5.0,5.0,1.0,1.0,1.0,1.0,1.0,1.0,2,2,4,4.0,4.0,3.0,4.0,6.0,1.0,3.0,3.0,7,0.0,1,High
4.0,3.0,5.0,6.0,1.0,43.0,37.0,3.0,-0.57,3,3.0,3.0,3.0,4.0,2.0,1.0,1.0,2.0,2.0,1.0,2,3,4,3.0,3.0,3.0,3.0,3.0,2.0,2.0,2.0,5,3.0,0,Low
5.0,4.0,4.0,2.0,1.0,52.0,62.0,3.0,0.242,3,5.0,3.0,2.0,5.0,1.0,1.0,1.0,1.0,1.0,1.0,3,3,8,4.0,4.0,4.0,3.0,4.0,1.0,2.0,3.0,4,0.0,1,High
5.0,4.0,3.0,1.0,1.0,60.0,50.0,3.0,0.242,3,5.0,4.0,4.0,5.0,1.0,1.0,1.0,2.0,2.0,1.0,2,4,8,5.0,5.0,5.0,5.0,4.0,2.0,4.0,3.0,4,2.0,0,Medium
5.0,5.0,4.0,,1.0,73.0,46.0,3.0,-1.485,2,3.0,4.0,2.0,5.0,2.0,2.0,1.0,1.0,1.0,1.0,2,4,6,5.0,4.0,5.0,5.0,3.0,1.0,3.0,3.0,2,2.0,0,Medium
5.0,4.0,4.0,4.0,1.0,60.0,73.0,4.0,0.242,3,4.0,3.0,3.0,1.0,1.0,1.0,1.0,1.0,1.0,1.0,5,1,9,3.0,4.0,4.0,3.0,4.0,2.0,2.0,4.0,5,0.0,1,High
5.0,5.0,3.0,3.0,1.0,78.0,43.0,3.0,-0.57,3,5.0,5.0,2.0,5.0,1.0,1.0,1.0,1.0,2.0,1.0,4,1,2,5.0,4.0,4.0,4.0,5.0,2.0,3.0,3.0,4,1.0,0,Low
5.0,3.0,2.0,2.0,0.0,35.0,51.0,3.0,-0.188,3,5.0,5.0,5.0,2.0,1.0,1.0,1.0,1.0,1.0,1.0,4,1,2,4.0,4.0,3.0,2.0,5.0,2.0,3.0,3.0,1,0.0,0,Medium
5.0,3.0,5.0,3.0,1.0,31.0,45.0,2.0,-0.188,3,5.0,3.0,2.0,5.0,1.0,1.0,1.0,1.0,1.0,1.0,3,2,7,4.0,3.0,4.0,4.0,3.0,2.0,1.0,3.0,4,0.0,0,Medium
5.0,5.0,2.0,8.0,1.0,71.0,95.0,4.0,0.712,3,5.0,5.0,5.0,5.0,1.0,1.0,1.0,1.0,1.0,1.0,4,2,7,5.0,5.0,5.0,5.0,5.0,4.0,4.0,4.0,7,0.0,1,High
5.0,5.0,1.0,2.0,1.0,85.0,86.0,4.0,-0.188,3,5.0,5.0,5.0,5.0,1.0,1.0,1.0,1.0,1.0,1.0,2,3,8,5.0,5.0,5.0,5.0,6.0,1.0,4.0,4.0,2,0.0,1,High
4.0,4.0,4.0,7.0,0.0,56.0,47.0,3.0,-1.215,1,4.0,3.0,2.0,4.0,2.0,2.0,1.0,1.0,1.0,1.0,2,5,2,4.0,4.0,4.0,4.0,5.0,3.0,3.0,3.0,2,2.0,0,Medium
5.0,4.0,2.0,2.0,1.0,75.0,71.0,4.0,0.712,3,5.0,5.0,5.0,4.0,1.0,1.0,1.0,1.0,1.0,1.0,2,5,6,5.0,5.0,5.0,5.0,6.0,2.0,3.0,4.0,1,0.0,1,High
5.0,5.0,4.0,2.0,0.0,65.0,49.0,4.0,0.712,3,5.0,4.0,4.0,5.0,1.0,1.0,1.0,1.0,1.0,1.0,4,5,7,4.0,4.0,5.0,4.0,6.0,2.0,3.0,3.0,2,0.0,0,Medium
5.0,4.0,4.0,2.0,0.0,58.0,65.0,4.0,0.242,2,5.0,3.0,5.0,5.0,1.0,1.0,1.0,1.0,1.0,1.0,2,2,8,2.0,2.0,2.0,2.0,6.0,1.0,2.0,4.0,4,0.0,1,High
4.0,2.0,5.0,2.0,0.0,28.0,40.0,2.0,-0.57,1,3.0,2.0,1.0,5.0,2.0,2.0,1.0,2.0,2.0,1.0,2,2,4,4.0,4.0,3.0,2.0,1.0,4.0,2.0,2.0,4,4.0,0,Low
4.0,3.0,4.0,4.0,0.0,38.0,54.0,4.0,-0.909,2,5.0,1.0,1.0,5.0,1.0,1.0,1.0,1.0,1.0,1.0,4,5,3,4.0,4.0,3.0,3.0,2.0,2.0,1.0,3.0,3,0.0,0,Medium
2.0,4.0,2.0,3.0,0.0,45.0,61.0,3.0,-0.57,3,5.0,4.0,5.0,5.0,1.0,1.0,1.0,1.0,1.0,1.0,2,2,3,4.0,3.0,4.0,4.0,5.0,2.0,2.0,3.0,5,0.0,1,High
4.0,2.0,4.0,2.0,0.0,38.0,48.0,2.0,0.712,3,3.0,3.0,2.0,4.0,1.0,1.0,1.0,1.0,1.0,1.0,3,2,9,4.0,2.0,2.0,2.0,3.0,3.0,2.0,2.0,2,0.0,0,Medium
4.0,4.0,5.0,2.0,1.0,46.0,62.0,4.0,0.712,3,5.0,4.0,3.0,5.0,1.0,1.0,1.0,1.0,1.0,1.0,5,2,8,4.0,4.0,4.0,1.0,6.0,3.0,3.0,3.0,5,0.0,1,High
5.0,4.0,4.0,8.0,1.0,60.0,74.0,4.0,-0.57,2,5.0,5.0,5.0,5.0,1.0,1.0,1.0,1.0,1.0,1.0,2,2,3,5.0,5.0,4.0,4.0,6.0,2.0,4.0,3.0,8,0.0,1,High
5.0,5.0,5.0,8.0,1.0,49.0,26.0,3.0,-0.57,3,5.0,5.0,3.0,5.0,1.0,1.0,1.0,2.0,1.0,1.0,3,2,4,5.0,5.0,5.0,5.0,2.0,4.0,3.0,3.0,7,1.0,0,Low
5.0,4.0,3.0,4.0,1.0,62.0,58.0,3.0,0.242,2,5.0,4.0,5.0,5.0,1.0,2.0,1.0,1.0,2.0,1.0,2,5,6,5.0,5.0,5.0,5.0,5.0,1.0,3.0,3.0,3,2.0,1,Medium
5.0,3.0,3.0,2.0,1.0,56.0,60.0,3.0,-0.188,3,5.0,4.0,3.0,5.0,1.0,1.0,1.0,1.0,1.0,1.0,5,2,8,2.0,4.0,4.0,3.0,4.0,2.0,3.0,3.0,2,0.0,1,Medium
3.0,4.0,4.0,2.0,0.0,50.0,57.0,3.0,-1.485,2,4.0,3.0,1.0,5.0,1.0,1.0,2.0,1.0,1.0,1.0,2,5,1,5.0,4.0,4.0,4.0,6.0,2.0,4.0,4.0,1,1.0,1,Medium
4.0,4.0,5.0,1.0,1.0,61.0,34.0,3.0,0.712,3,2.0,4.0,1.0,4.0,1.0,1.0,1.0,2.0,1.0,1.0,3,3,5,5.0,4.0,4.0,3.0,4.0,1.0,3.0,3.0,5,1.0,0,Low
2.0,2.0,5.0,3.0,0.0,39.0,43.0,2.0,-1.713,2,5.0,3.0,5.0,3.0,2.0,2.0,2.0,2.0,2.0,2.0,3,2,9,3.0,3.0,3.0,3.0,4.0,3.0,2.0,2.0,1,6.0,0,Low
2.0,2.0,4.0,2.0,1.0,41.0,31.0,3.0,0.242,3,4.0,1.0,1.0,2.0,3.0,2.0,3.0,3.0,3.0,1.0,4,1,2,2.0,2.0,2.0,2.0,4.0,1.0,4.0,3.0,2,5.0,0,Low
4.0,4.0,4.0,2.0,0.0,59.0,61.0,4.0,1.267,3,5.0,4.0,5.0,4.0,1.0,1.0,1.0,1.0,1.0,1.0,2,2,5,3.0,4.0,3.0,3.0,6.0,2.0,3.0,3.0,2,0.0,1,High
5.0,4.0,4.0,5.0,1.0,43.0,51.0,3.0,-0.909,2,5.0,4.0,5.0,5.0,1.0,1.0,1.0,1.0,1.0,1.0,3,3,9,5.0,4.0,4.0,3.0,6.0,2.0,3.0,3.0,1,0.0,0,Medium
5.0,3.0,2.0,8.0,0.0,43.0,65.0,3.0,0.242,3,5.0,3.0,5.0,5.0,1.0,1.0,1.0,1.0,1.0,1.0,5,2,6,2.0,3.0,3.0,2.0,4.0,2.0,3.0,3.0,8,0.0,1,High
3.0,3.0,2.0,2.0,1.0,47.0,62.0,2.0,0.712,3,3.0,4.0,3.0,4.0,2.0,2.0,2.0,2.0,2.0,2.0,3,2,2,4.0,4.0,4.0,4.0,4.0,2.0,3.0,4.0,1,6.0,1,High
3.0,3.0,4.0,2.0,1.0,39.0,43.0,2.0,0.242,2,4.0,4.0,4.0,5.0,1.0,1.0,1.0,1.0,1.0,1.0,4,1,5,4.0,4.0,3.0,4.0,5.0,2.0,2.0,3.0,5,0.0,0,Low
4.0,3.0,5.0,2.0,0.0,60.0,46.0,3.0,-0.909,2,5.0,3.0,1.0,5.0,1.0,1.0,1.0,1.0,1.0,1.0,5,2,7,5.0,5.0,5.0,4.0,5.0,3.0,2.0,3.0,5,0.0,0,Medium
5.0,3.0,2.0,3.0,1.0,44.0,56.0,3.0,0.712,3,5.0,3.0,5.0,4.0,1.0,1.0,1.0,1.0,1.0,1.0,3,4,6,3.0,3.0,3.0,2.0,6.0,2.0,3.0,3.0,4,0.0,1,Medium
5.0,5.0,4.0,7.0,0.0,54.0,49.0,3.0,0.712,3,4.0,3.0,4.0,3.0,1.0,1.0,1.0,2.0,2.0,1.0,4,2,9,4.0,3.0,4.0,2.0,4.0,1.0,3.0,3.0,2,2.0,0,Medium
4.0,4.0,3.0,3.0,1.0,47.0,60.0,3.0,-0.909,1,5.0,1.0,4.0,4.0,1.0,1.0,1.0,1.0,1.0,1.0,4,2,7,4.0,4.0,3.0,3.0,5.0,2.0,3.0,3.0,2,0.0,1,Medium
3.0,3.0,4.0,2.0,1.0,57.0,49.0,3.0,0.242,3,4.0,4.0,1.0,2.0,1.0,1.0,1.0,1.0,1.0,1.0,3,3,7,4.0,4.0,4.0,4.0,5.0,2.0,3.0,3.0,2,0.0,0,Medium
3.0,3.0,3.0,2.0,0.0,42.0,51.0,3.0,-0.909,3,3.0,3.0,3.0,3.0,2.0,2.0,2.0,2.0,2.0,2.0,3,1,6,3.0,3.0,3.0,3.0,3.0,2.0,3.0,3.0,2,6.0,0,Medium
4.0,4.0,3.0,2.0,1.0,64.0,68.0,4.0,-0.188,2,5.0,4.0,1.0,4.0,1.0,1.0,1.0,1.0,1.0,1.0,3,2,6,4.0,4.0,5.0,4.0,5.0,3.0,3.0,3.0,1,0.0,1,High
5.0,3.0,5.0,6.0,0.0,38.0,33.0,4.0,-0.909,2,5.0,4.0,1.0,5.0,3.0,3.0,1.0,1.0,1.0,1.0,2,2,4,3.0,4.0,4.0,3.0,1.0,3.0,1.0,3.0,4,2.0,0,Low
4.0,5.0,4.0,2.0,1.0,62.0,58.0,4.0,0.242,3,5.0,5.0,5.0,5.0,1.0,1.0,2.0,1.0,1.0,1.0,4,1,7,5.0,5.0,4.0,5.0,6.0,1.0,3.0,3.0,1,1.0,1,Medium
4.0,3.0,4.0,2.0,1.0,43.0,57.0,3.0,1.267,3,5.0,4.0,3.0,5.0,1.0,1.0,1.0,1.0,1.0,1.0,4,4,9,2.0,3.0,4.0,2.0,6.0,2.0,3.0,3.0,4,0.0,1,Medium
3.0,3.0,5.0,4.0,1.0,43.0,49.0,3.0,-0.909,1,3.0,3.0,3.0,3.0,2.0,2.0,2.0,2.0,2.0,2.0,4,4,2,3.0,3.0,3.0,3.0,5.0,2.0,2.0,2.0,3,6.0,0,Medium
4.0,4.0,3.0,2.0,1.0,44.0,46.0,3.0,0.712,3,5.0,4.0,3.0,3.0,1.0,1.0,1.0,1.0,1.0,1.0,4,5,9,2.0,4.0,4.0,2.0,4.0,2.0,3.0,3.0,4,0.0,0,Medium
3.0,3.0,3.0,5.0,0.0,42.0,49.0,3.0,-0.188,3,3.0,3.0,3.0,3.0,1.0,1.0,1.0,1.0,1.0,1.0,3,5,9,3.0,3.0,3.0,3.0,4.0,3.0,3.0,3.0,1,0.0,0,Medium
5.0,4.0,2.0,4.0,1.0,56.0,72.0,3.0,-0.188,2,5.0,4.0,5.0,4.0,1.0,1.0,1.0,1.0,1.0,1.0,2,2,8,4.0,4.0,4.0,2.0,5.0,2.0,3.0,3.0,4,0.0,1,High
5.0,4.0,4.0,1.0,1.0,59.0,59.0,3.0,0.242,3,5.0,4.0,4.0,5.0,1.0,1.0,1.0,1.0,1.0,1.0,5,2,9,2.0,3.0,5.0,3.0,5.0,1.0,4.0,4.0,5,0.0,1,Medium
5.0,4.0,3.0,1.0,1.0,66.0,68.0,4.0,1.267,3,5.0,4.0,5.0,4.0,1.0,1.0,1.0,1.0,1.0,1.0,5,3,9,4.0,5.0,4.0,4.0,6.0,1.0,3.0,4.0,4,0.0,1,High
4.0,4.0,4.0,1.0,1.0,71.0,63.0,4.0,1.267,3,5.0,3.0,2.0,5.0,1.0,1.0,1.0,1.0,1.0,1.0,4,4,9,4.0,4.0,4.0,4.0,4.0,1.0,3.0,3.0,3,0.0,1,High
5.0,4.0,3.0,8.0,1.0,50.0,53.0,3.0,0.712,3,5.0,3.0,5.0,3.0,1.0,1.0,1.0,1.0,1.0,1.0,4,2,7,4.0,2.0,4.0,4.0,4.0,2.0,4.0,3.0,7,0.0,0,Medium
4.0,4.0,4.0,2.0,1.0,71.0,65.0,4.0,0.712,3,5.0,5.0,5.0,5.0,1.0,1.0,1.0,1.0,1.0,1.0,3,2,9,5.0,5.0,4.0,4.0,5.0,2.0,3.0,3.0,4,0.0,1,High
3.0,3.0,5.0,2.0,1.0,38.0,52.0,3.0,0.242,2,5.0,2.0,3.0,5.0,1.0,1.0,1.0,1.0,1.0,1.0,4,4,9,4.0,3.0,3.0,3.0,4.0,1.0,1.0,1.0,4,0.0,0,Medium
5.0,5.0,1.0,2.0,1.0,85.0,78.0,4.0,0.242,3,5.0,5.0,5.0,5.0,1.0,1.0,1.0,1.0,1.0,1.0,4,3,8,5.0,5.0,5.0,5.0,6.0,1.0,4.0,4.0,2,0.0,1,High
5.0,5.0,2.0,5.0,1.0,63.0,63.0,4.0,0.712,3,5.0,5.0,5.0,5.0,1.0,1.0,1.0,1.0,1.0,1.0,3,2,4,2.0,4.0,2.0,2.0,6.0,2.0,4.0,4.0,3,0.0,1,High
5.0,4.0,3.0,8.0,1.0,54.0,49.0,3.0,-0.188,3,5.0,4.0,5.0,5.0,1.0,1.0,1.0,1.0,1.0,1.0,3,1,1,4.0,4.0,4.0,3.0,4.0,1.0,3.0,4.0,8,0.0,0,Medium
5.0,3.0,4.0,2.0,1.0,47.0,45.0,3.0,-0.57,3,4.0,2.0,4.0,4.0,2.0,1.0,1.0,1.0,1.0,1.0,2,2,3,4.0,5.0,4.0,3.0,3.0,2.0,3.0,3.0,2,1.0,0,Medium
5.0,4.0,4.0,1.0,1.0,57.0,67.0,4.0,0.712,3,5.0,4.0,5.0,4.0,1.0,1.0,1.0,1.0,1.0,1.0,5,2,9,3.0,4.0,4.0,4.0,6.0,3.0,3.0,3.0,7,0.0,1,High
4.0,4.0,2.0,2.0,1.0,76.0,70.0,4.0,-0.188,3,5.0,5.0,5.0,5.0,1.0,1.0,1.0,1.0,1.0,1.0,5,2,8,2.0,4.0,4.0,4.0,5.0,2.0,1.0,2.0,2,0.0,1,High
2.0,2.0,2.0,2.0,1.0,28.0,31.0,2.0,0.242,3,3.0,1.0,1.0,4.0,1.0,1.0,1.0,1.0,1.0,1.0,3,4,8,2.0,2.0,2.0,2.0,3.0,2.0,3.0,2.0,4,0.0,0,Low
5.0,5.0,5.0,1.0,1.0,60.0,51.0,2.0,0.712,3,5.0,5.0,5.0,5.0,2.0,2.0,1.0,2.0,1.0,1.0,5,4,2,5.0,5.0,5.0,5.0,6.0,4.0,4.0,4.0,2,3.0,0,Medium
4.0,3.0,3.0,2.0,1.0,54.0,61.0,3.0,0.242,3,5.0,1.0,5.0,5.0,1.0,1.0,1.0,1.0,1.0,1.0,3,2,7,2.0,2.0,4.0,2.0,6.0,2.0,3.0,4.0,3,0.0,1,High
5.0,4.0,4.0,2.0,1.0,55.0,60.0,4.0,0.242,3,5.0,3.0,5.0,5.0,1.0,1.0,1.0,1.0,1.0,1.0,4,2,8,2.0,3.0,4.0,2.0,4.0,2.0,3.0,3.0,2,0.0,1,Medium
3.0,3.0,5.0,2.0,1.0,41.0,49.0,3.0,-0.188,3,5.0,4.0,5.0,5.0,1.0,1.0,1.0,1.0,1.0,1.0,5,1,7,4.0,3.0,4.0,3.0,5.0,2.0,2.0,3.0,2,0.0,0,Medium
5.0,5.0,3.0,8.0,0.0,56.0,74.0,4.0,-0.57,2,5.0,5.0,3.0,5.0,1.0,1.0,1.0,1.0,1.0,1.0,3,2,7,4.0,2.0,3.0,3.0,6.0,2.0,3.0,2.0,6,0.0,1,High
5.0,4.0,4.0,,1.0,49.0,61.0,4.0,0.242,2,5.0,4.0,1.0,5.0,1.0,1.0,1.0,1.0,1.0,1.0,5,5,5,5.0,4.0,4.0,4.0,3.0,1.0,2.0,3.0,2,0.0,1,High
3.0,3.0,5.0,7.0,0.0,46.0,32.0,2.0,0.242,3,1.0,3.0,1.0,2.0,1.0,1.0,1.0,1.0,1.0,1.0,3,2,5,4.0,2.0,2.0,1.0,1.0,3.0,2.0,2.0,1,0.0,0,Low
2.0,2.0,3.0,,0.0,34.0,45.0,2.0,-0.57,2,4.0,2.0,3.0,4.0,2.0,2.0,2.0,1.0,1.0,1.0,2,4,2,2.0,2.0,2.0,2.0,2.0,4.0,1.0,2.0,3,3.0,0,Medium
5.0,3.0,4.0,2.0,1.0,45.0,58.0,3.0,-0.909,2,5.0,4.0,2.0,3.0,1.0,1.0,1.0,1.0,1.0,1.0,3,2,8,3.0,4.0,4.0,3.0,4.0,1.0,4.0,4.0,3,0.0,1,Medium
5.0,4.0,2.0,3.0,0.0,48.0,46.0,3.0,0.712,3,5.0,5.0,4.0,5.0,1.0,1.0,1.0,1.0,1.0,1.0,4,1,2,4.0,4.0,4.0,4.0,5.0,1.0,3.0,3.0,4,0.0,0,Medium
4.0,3.0,3.0,1.0,0.0,51.0,38.0,2.0,-1.215,1,5.0,5.0,1.0,5.0,2.0,2.0,1.0,1.0,1.0,2.0,1,1,1,4.0,3.0,3.0,3.0,3.0,2.0,3.0,3.0,4,3.0,0,Low
5.0,4.0,2.0,2.0,1.0,73.0,60.0,4.0,-1.215,2,5.0,4.0,1.0,5.0,1.0,1.0,1.0,1.0,1.0,1.0,3,5,2,5.0,5.0,5.0,5.0,5.0,1.0,3.0,4.0,3,0.0,1,Medium
4.0,3.0,4.0,2.0,1.0,42.0,44.0,3.0,-0.909,3,5.0,4.0,3.0,5.0,1.0,1.0,1.0,2.0,1.0,1.0,2,4,7,4.0,3.0,4.0,3.0,4.0,2.0,2.0,2.0,2,1.0,0,Medium
4.0,4.0,4.0,4.0,1.0,48.0,51.0,3.0,-0.57,3,5.0,4.0,3.0,4.0,1.0,1.0,1.0,1.0,1.0,1.0,3,4,2,4.0,4.0,4.0,3.0,4.0,1.0,3.0,3.0,2,0.0,0,Medium
5.0,4.0,4.0,2.0,1.0,53.0,50.0,3.0,0.712,3,5.0,3.0,4.0,4.0,1.0,1.0,1.0,1.0,1.0,1.0,3,1,4,2.0,3.0,4.0,4.0,6.0,2.0,3.0,3.0,3,0.0,0,Medium
4.0,3.0,3.0,8.0,0.0,40.0,52.0,3.0,-0.57,3,5.0,4.0,4.0,5.0,1.0,1.0,1.0,1.0,1.0,1.0,2,2,3,5.0,5.0,4.0,5.0,4.0,1.0,3.0,3.0,8,0.0,0,Medium
5.0,4.0,,,0.0,,39.0,,-2.053,0,,,,,,,,,,,3,1,1,,,,,,,,,2,,0,Low
4.0,4.0,,,1.0,56.0,61.0,3.0,-2.053,0,5.0,5.0,4.0,5.0,,,,,,,4,3,7,4.0,4.0,4.0,4.0,6.0,,,,4,,1,High
5.0,4.0,2.0,8.0,1.0,56.0,86.0,3.0,0.712,3,5.0,4.0,5.0,5.0,1.0,1.0,1.0,1.0,1.0,1.0,5,2,9,4.0,4.0,4.0,2.0,6.0,1.0,3.0,3.0,8,0.0,1,High
4.0,4.0,5.0,8.0,0.0,48.0,75.0,3.0,1.267,3,5.0,5.0,5.0,5.0,1.0,1.0,1.0,1.0,1.0,1.0,5,3,5,4.0,4.0,4.0,2.0,5.0,2.0,3.0,3.0,6,0.0,1,High
5.0,3.0,4.0,2.0,1.0,45.0,66.0,3.0,0.712,3,5.0,2.0,3.0,5.0,1.0,1.0,1.0,1.0,1.0,1.0,5,1,7,4.0,4.0,4.0,4.0,5.0,2.0,2.0,4.0,2,0.0,1,High
5.0,4.0,5.0,6.0,0.0,62.0,65.0,4.0,1.267,3,5.0,5.0,5.0,5.0,1.0,1.0,1.0,1.0,1.0,1.0,5,2,6,5.0,4.0,3.0,4.0,6.0,3.0,2.0,2.0,8,0.0,1,High
5.0,4.0,2.0,8.0,0.0,51.0,72.0,4.0,1.267,2,5.0,4.0,4.0,4.0,1.0,1.0,1.0,1.0,1.0,1.0,3,2,7,4.0,4.0,4.0,3.0,4.0,1.0,3.0,3.0,7,0.0,1,High
5.0,5.0,3.0,3.0,1.0,47.0,67.0,4.0,-0.909,1,5.0,5.0,4.0,5.0,1.0,1.0,1.0,1.0,1.0,1.0,1,5,7,4.0,4.0,4.0,2.0,6.0,1.0,4.0,1.0,3,0.0,1,High
5.0,4.0,4.0,1.0,1.0,43.0,56.0,4.0,0.712,3,5.0,3.0,5.0,5.0,1.0,1.0,1.0,1.0,1.0,1.0,2,1,6,5.0,4.0,4.0,4.0,5.0,3.0,3.0,3.0,5,0.0,1,Medium
5.0,5.0,2.0,2.0,1.0,69.0,72.0,4.0,0.242,3,5.0,4.0,5.0,4.0,1.0,1.0,1.0,1.0,1.0,1.0,4,1,6,4.0,5.0,5.0,4.0,6.0,1.0,4.0,4.0,7,0.0,1,High
4.0,3.0,5.0,2.0,1.0,50.0,42.0,2.0,-0.188,3,3.0,4.0,3.0,3.0,1.0,1.0,1.0,1.0,1.0,1.0,3,1,8,3.0,3.0,5.0,3.0,4.0,2.0,2.0,2.0,1,0.0,0,Low
4.0,4.0,2.0,2.0,0.0,66.0,57.0,3.0,-1.713,2,1.0,2.0,2.0,5.0,1.0,1.0,1.0,1.0,1.0,1.0,3,1,4,4.0,5.0,4.0,4.0,6.0,1.0,1.0,1.0,4,0.0,1,Medium
4.0,4.0,2.0,8.0,0.0,55.0,71.0,4.0,-0.57,3,5.0,5.0,5.0,5.0,1.0,1.0,1.0,1.0,1.0,1.0,3,1,8,5.0,4.0,5.0,4.0,5.0,3.0,2.0,3.0,6,0.0,1,High
4.0,3.0,3.0,2.0,1.0,54.0,40.0,3.0,-0.57,3,4.0,3.0,3.0,5.0,1.0,1.0,1.0,1.0,1.0,1.0,3,3,8,5.0,4.0,4.0,4.0,4.0,1.0,3.0,4.0,4,0.0,0,Low
3.0,3.0,4.0,1.0,1.0,42.0,49.0,3.0,0.242,3,3.0,3.0,3.0,3.0,1.0,1.0,1.0,1.0,1.0,1.0,3,5,8,3.0,3.0,3.0,3.0,5.0,2.0,2.0,2.0,3,0.0,0,Medium
5.0,4.0,2.0,2.0,1.0,51.0,62.0,3.0,1.267,3,5.0,3.0,5.0,5.0,1.0,1.0,1.0,1.0,1.0,1.0,4,3,9,2.0,2.0,3.0,3.0,5.0,1.0,3.0,3.0,3,0.0,1,High
5.0,5.0,2.0,8.0,0.0,75.0,78.0,4.0,1.267,3,5.0,5.0,5.0,5.0,1.0,1.0,1.0,1.0,1.0,1.0,5,1,8,5.0,4.0,4.0,3.0,6.0,1.0,4.0,4.0,5,0.0,1,High
5.0,5.0,2.0,8.0,1.0,55.0,85.0,4.0,0.712,3,5.0,1.0,5.0,5.0,1.0,1.0,1.0,1.0,1.0,1.0,4,2,6,3.0,3.0,4.0,3.0,6.0,2.0,3.0,3.0,6,0.0,1,High
4.0,4.0,2.0,8.0,1.0,55.0,62.0,4.0,-0.57,3,5.0,5.0,3.0,4.0,1.0,1.0,1.0,1.0,1.0,1.0,3,2,6,4.0,4.0,4.0,3.0,5.0,2.0,3.0,3.0,6,0.0,1,High
5.0,3.0,4.0,4.0,1.0,52.0,23.0,3.0,-0.57,2,5.0,3.0,1.0,4.0,3.0,3.0,1.0,1.0,1.0,1.0,3,3,4,3.0,3.0,4.0,4.0,1.0,2.0,3.0,3.0,2,2.0,0,Low
5.0,4.0,3.0,2.0,1.0,57.0,69.0,4.0,1.267,3,5.0,5.0,5.0,5.0,1.0,1.0,1.0,1.0,1.0,1.0,5,4,9,2.0,2.0,4.0,1.0,6.0,2.0,3.0,4.0,4,0.0,1,High
4.0,4.0,4.0,2.0,0.0,57.0,62.0,3.0,-0.188,3,5.0,5.0,5.0,5.0,1.0,1.0,1.0,1.0,1.0,1.0,5,5,8,4.0,4.0,3.0,3.0,4.0,1.0,3.0,3.0,5,0.0,1,High
4.0,4.0,3.0,2.0,1.0,59.0,58.0,4.0,-0.909,1,5.0,5.0,4.0,5.0,1.0,1.0,1.0,1.0,1.0,1.0,3,3,4,5.0,5.0,5.0,5.0,6.0,1.0,4.0,4.0,3,0.0,1,Medium
3.0,3.0,3.0,4.0,1.0,63.0,26.0,2.0,-1.9,1,5.0,5.0,4.0,5.0,2.0,1.0,1.0,1.0,1.0,1.0,3,1,2,4.0,4.0,4.0,4.0,5.0,2.0,2.0,3.0,2,1.0,0,Low
4.0,3.0,2.0,2.0,0.0,46.0,63.0,3.0,0.242,3,5.0,4.0,5.0,4.0,1.0,1.0,1.0,1.0,1.0,1.0,5,2,8,2.0,4.0,3.0,2.0,6.0,2.0,3.0,3.0,2,0.0,1,High
4.0,3.0,2.0,1.0,1.0,52.0,57.0,3.0,-0.57,3,4.0,4.0,1.0,4.0,1.0,1.0,1.0,1.0,1.0,1.0,3,4,8,5.0,4.0,4.0,3.0,2.0,3.0,4.0,3.0,3,0.0,1,Medium
4.0,4.0,1.0,2.0,1.0,45.0,61.0,3.0,-0.188,3,5.0,5.0,1.0,5.0,2.0,1.0,1.0,1.0,1.0,1.0,4,4,2,5.0,5.0,5.0,5.0,5.0,1.0,3.0,4.0,5,1.0,1,High
2.0,2.0,5.0,4.0,1.0,28.0,25.0,2.0,-1.215,1,1.0,1.0,1.0,1.0,3.0,3.0,3.0,3.0,3.0,3.0,1,3,2,4.0,2.0,2.0,2.0,2.0,4.0,2.0,2.0,2,6.0,0,Low
4.0,3.0,3.0,8.0,0.0,40.0,48.0,2.0,-0.57,1,5.0,5.0,1.0,5.0,1.0,1.0,1.0,1.0,1.0,1.0,1,1,2,5.0,5.0,5.0,5.0,4.0,2.0,2.0,2.0,6,0.0,0,Medium
4.0,3.0,5.0,8.0,0.0,29.0,54.0,2.0,-0.57,3,4.0,3.0,3.0,4.0,1.0,1.0,1.0,1.0,1.0,1.0,1,3,2,3.0,3.0,2.0,3.0,3.0,2.0,3.0,3.0,7,0.0,0,Medium
4.0,3.0,4.0,4.0,0.0,32.0,51.0,2.0,-0.57,3,5.0,5.0,1.0,5.0,3.0,3.0,1.0,2.0,1.0,1.0,1,3,1,4.0,4.0,3.0,4.0,6.0,3.0,3.0,3.0,6,3.0,0,Medium
3.0,3.0,3.0,7.0,1.0,39.0,42.0,3.0,-1.713,1,5.0,2.0,1.0,4.0,2.0,1.0,2.0,1.0,1.0,1.0,3,2,7,3.0,3.0,3.0,3.0,2.0,2.0,2.0,2.0,4,2.0,0,Low
4.0,3.0,4.0,2.0,1.0,49.0,58.0,3.0,0.242,3,5.0,3.0,3.0,4.0,1.0,1.0,1.0,1.0,1.0,1.0,5,2,8,4.0,4.0,4.0,3.0,5.0,1.0,2.0,2.0,3,0.0,1,Medium
5.0,4.0,4.0,4.0,0.0,55.0,36.0,3.0,-1.215,0,4.0,5.0,4.0,5.0,3.0,3.0,1.0,2.0,2.0,2.0,3,1,1,5.0,4.0,4.0,4.0,5.0,3.0,3.0,4.0,2,5.0,0,Low
5.0,5.0,2.0,3.0,1.0,74.0,68.0,4.0,0.242,3,5.0,5.0,4.0,5.0,1.0,1.0,1.0,1.0,1.0,1.0,5,2,8,5.0,5.0,5.0,4.0,5.0,1.0,4.0,4.0,8,0.0,1,High
5.0,4.0,5.0,7.0,1.0,47.0,52.0,2.0,-1.485,2,5.0,5.0,5.0,5.0,3.0,2.0,2.0,1.0,2.0,1.0,3,3,1,5.0,5.0,5.0,5.0,5.0,2.0,4.0,3.0,2,4.0,0,Medium
3.0,2.0,5.0,2.0,1.0,29.0,51.0,2.0,-0.188,3,5.0,4.0,3.0,3.0,2.0,2.0,1.0,1.0,1.0,1.0,3,3,3,5.0,4.0,5.0,3.0,4.0,2.0,2.0,3.0,3,2.0,0,Medium
5.0,5.0,1.0,8.0,1.0,85.0,86.0,4.0,-0.188,3,5.0,5.0,5.0,5.0,1.0,1.0,1.0,1.0,1.0,1.0,4,2,1,5.0,5.0,5.0,5.0,6.0,2.0,2.0,3.0,5,0.0,1,High
5.0,5.0,4.0,2.0,1.0,69.0,61.0,3.0,-0.57,2,5.0,5.0,4.0,5.0,1.0,1.0,1.0,1.0,1.0,1.0,1,1,5,5.0,5.0,5.0,5.0,6.0,3.0,2.0,3.0,4,0.0,1,High
5.0,4.0,2.0,4.0,1.0,64.0,72.0,4.0,1.267,3,5.0,4.0,5.0,4.0,1.0,1.0,1.0,1.0,1.0,1.0,4,2,7,5.0,5.0,4.0,4.0,6.0,2.0,2.0,3.0,2,0.0,1,High
3.0,3.0,4.0,5.0,0.0,42.0,41.0,2.0,-0.909,2,5.0,2.0,5.0,5.0,2.0,2.0,2.0,2.0,2.0,2.0,3,3,3,3.0,3.0,3.0,3.0,2.0,2.0,4.0,3.0,1,6.0,0,Low
5.0,4.0,2.0,2.0,1.0,56.0,61.0,3.0,0.712,3,5.0,5.0,5.0,5.0,1.0,1.0,1.0,1.0,1.0,1.0,4,1,8,2.0,3.0,4.0,4.0,6.0,2.0,3.0,3.0,2,0.0,1,High
4.0,4.0,4.0,8.0,1.0,46.0,48.0,3.0,1.267,3,5.0,4.0,5.0,5.0,1.0,1.0,1.0,2.0,2.0,1.0,2,2,5,4.0,4.0,4.0,4.0,5.0,2.0,3.0,3.0,6,2.0,0,Medium
5.0,4.0,1.0,2.0,1.0,82.0,66.0,4.0,1.267,3,5.0,4.0,5.0,4.0,1.0,1.0,1.0,1.0,1.0,1.0,4,2,9,2.0,4.0,4.0,2.0,6.0,1.0,4.0,4.0,2,0.0,1,High
3.0,3.0,5.0,5.0,1.0,30.0,59.0,3.0,0.242,3,3.0,2.0,1.0,3.0,1.0,1.0,1.0,2.0,1.0,1.0,3,4,1,3.0,2.0,2.0,2.0,2.0,2.0,1.0,2.0,2,1.0,1,Medium
4.0,3.0,4.0,1.0,0.0,47.0,52.0,3.0,1.267,3,5.0,3.0,5.0,4.0,1.0,1.0,1.0,1.0,1.0,1.0,5,2,9,3.0,4.0,4.0,4.0,5.0,2.0,3.0,3.0,4,0.0,0,Medium
5.0,4.0,4.0,4.0,1.0,40.0,43.0,2.0,-1.215,2,5.0,5.0,2.0,4.0,1.0,1.0,1.0,1.0,1.0,1.0,3,5,3,5.0,4.0,3.0,2.0,6.0,1.0,4.0,3.0,2,0.0,0,Low
5.0,5.0,3.0,2.0,1.0,56.0,74.0,4.0,-0.188,3,5.0,4.0,5.0,5.0,1.0,1.0,1.0,1.0,1.0,1.0,5,2,8,2.0,4.0,4.0,4.0,6.0,2.0,3.0,4.0,2,0.0,1,High
3.0,3.0,2.0,2.0,1.0,42.0,51.0,3.0,0.712,3,5.0,3.0,1.0,5.0,1.0,1.0,1.0,1.0,1.0,1.0,4,4,7,4.0,4.0,3.0,3.0,5.0,2.0,3.0,2.0,3,0.0,0,Medium
4.0,4.0,5.0,2.0,1.0,42.0,49.0,3.0,0.242,3,5.0,5.0,5.0,5.0,,,,,,,2,1,3,4.0,4.0,3.0,3.0,6.0,2.0,3.0,3.0,2,,0,Medium
4.0,3.0,2.0,4.0,0.0,39.0,65.0,2.0,-0.57,3,5.0,5.0,5.0,5.0,1.0,1.0,1.0,1.0,2.0,1.0,1,4,6,4.0,4.0,3.0,3.0,3.0,1.0,4.0,2.0,4,1.0,1,High
4.0,3.0,4.0,2.0,0.0,43.0,45.0,2.0,-0.188,1,5.0,4.0,1.0,4.0,1.0,1.0,3.0,1.0,1.0,1.0,4,3,8,4.0,3.0,3.0,2.0,6.0,2.0,3.0,2.0,2,1.0,0,Medium
5.0,3.0,2.0,8.0,0.0,45.0,44.0,2.0,-0.188,3,5.0,4.0,1.0,5.0,1.0,1.0,1.0,1.0,1.0,1.0,2,2,5,4.0,4.0,3.0,3.0,3.0,2.0,2.0,3.0,6,0.0,0,Medium
5.0,5.0,3.0,2.0,0.0,79.0,59.0,4.0,-0.188,2,5.0,5.0,5.0,5.0,1.0,1.0,1.0,1.0,1.0,1.0,4,2,9,5.0,5.0,5.0,5.0,6.0,2.0,2.0,4.0,4,0.0,1,Medium
4.0,4.0,4.0,2.0,1.0,54.0,52.0,3.0,1.267,3,5.0,4.0,1.0,2.0,2.0,1.0,1.0,1.0,1.0,1.0,5,5,8,4.0,4.0,4.0,4.0,2.0,1.0,3.0,3.0,3,1.0,0,Medium
5.0,5.0,1.0,5.0,0.0,58.0,65.0,4.0,-1.215,1,1.0,5.0,1.0,5.0,1.0,1.0,1.0,1.0,1.0,1.0,3,3,1,5.0,5.0,5.0,5.0,6.0,3.0,4.0,4.0,1,0.0,1,High
5.0,3.0,3.0,1.0,1.0,49.0,59.0,3.0,1.267,3,5.0,4.0,5.0,5.0,1.0,1.0,1.0,1.0,1.0,1.0,3,3,7,4.0,4.0,4.0,4.0,4.0,2.0,3.0,3.0,6,0.0,1,Medium
5.0,2.0,4.0,2.0,1.0,30.0,42.0,3.0,-0.909,2,5.0,2.0,3.0,4.0,1.0,1.0,1.0,1.0,1.0,1.0,3,4,9,2.0,2.0,4.0,2.0,5.0,2.0,3.0,3.0,4,0.0,0,Low
5.0,4.0,4.0,2.0,1.0,59.0,58.0,4.0,0.242,3,5.0,5.0,5.0,5.0,1.0,1.0,1.0,1.0,1.0,1.0,4,1,8,5.0,4.0,4.0,4.0,4.0,4.0,4.0,4.0,2,0.0,1,Medium
5.0,3.0,3.0,4.0,1.0,58.0,61.0,3.0,0.242,3,5.0,4.0,5.0,4.0,2.0,1.0,1.0,2.0,2.0,1.0,1,5,3,5.0,5.0,4.0,4.0,6.0,2.0,3.0,4.0,3,3.0,1,High
5.0,4.0,4.0,1.0,1.0,58.0,64.0,3.0,0.712,3,5.0,4.0,5.0,4.0,1.0,1.0,1.0,1.0,1.0,1.0,4,2,7,5.0,5.0,5.0,5.0,5.0,2.0,3.0,3.0,6,0.0,1,High
5.0,4.0,3.0,8.0,0.0,54.0,77.0,4.0,0.712,3,5.0,5.0,5.0,5.0,1.0,1.0,1.0,1.0,1.0,1.0,4,2,9,4.0,4.0,4.0,4.0,6.0,2.0,3.0,4.0,7,0.0,1,High
5.0,5.0,2.0,5.0,1.0,65.0,40.0,4.0,-1.215,2,5.0,4.0,5.0,5.0,2.0,2.0,1.0,2.0,1.0,1.0,3,2,2,5.0,5.0,5.0,5.0,5.0,2.0,3.0,4.0,2,3.0,0,Low
5.0,3.0,4.0,4.0,1.0,55.0,46.0,4.0,-0.188,3,5.0,4.0,5.0,3.0,1.0,2.0,1.0,1.0,1.0,1.0,2,5,5,5.0,5.0,3.0,4.0,4.0,3.0,2.0,3.0,2,1.0,0,Medium
5.0,5.0,4.0,2.0,0.0,65.0,66.0,4.0,-0.188,3,5.0,1.0,5.0,5.0,1.0,1.0,1.0,1.0,1.0,1.0,5,2,6,1.0,1.0,1.0,1.0,6.0,1.0,4.0,4.0,2,0.0,1,High
4.0,4.0,2.0,2.0,1.0,53.0,52.0,3.0,-0.909,1,5.0,4.0,3.0,4.0,1.0,1.0,1.0,1.0,1.0,1.0,2,3,3,4.0,4.0,4.0,4.0,4.0,1.0,3.0,3.0,2,0.0,0,Medium
5.0,5.0,3.0,5.0,1.0,71.0,86.0,4.0,1.267,3,5.0,5.0,5.0,5.0,1.0,1.0,1.0,1.0,1.0,1.0,5,2,6,2.0,4.0,5.0,4.0,6.0,1.0,4.0,3.0,2,0.0,1,High
5.0,5.0,3.0,1.0,1.0,82.0,54.0,3.0,0.712,3,4.0,4.0,1.0,4.0,1.0,1.0,1.0,1.0,1.0,1.0,4,5,6,5.0,5.0,5.0,5.0,5.0,1.0,3.0,3.0,4,0.0,0,Medium
3.0,4.0,3.0,3.0,1.0,46.0,58.0,3.0,-0.57,3,5.0,4.0,5.0,5.0,1.0,1.0,1.0,1.0,1.0,1.0,4,2,8,3.0,4.0,4.0,4.0,6.0,2.0,3.0,3.0,4,0.0,1,Medium
5.0,5.0,5.0,2.0,1.0,65.0,69.0,3.0,0.712,3,5.0,4.0,5.0,4.0,1.0,1.0,1.0,1.0,1.0,1.0,2,2,8,5.0,4.0,5.0,3.0,6.0,3.0,4.0,4.0,2,0.0,1,High
5.0,5.0,3.0,8.0,1.0,69.0,78.0,4.0,1.267,3,5.0,4.0,5.0,5.0,1.0,1.0,1.0,1.0,1.0,1.0,5,2,7,4.0,4.0,5.0,4.0,,1.0,4.0,4.0,7,0.0,1,High
5.0,3.0,4.0,2.0,1.0,50.0,53.0,3.0,1.267,3,5.0,5.0,3.0,5.0,1.0,1.0,1.0,1.0,1.0,1.0,3,2,9,2.0,2.0,2.0,1.0,5.0,3.0,2.0,2.0,6,0.0,0,Medium
4.0,3.0,3.0,1.0,0.0,47.0,44.0,3.0,1.267,3,5.0,5.0,5.0,3.0,1.0,1.0,1.0,1.0,1.0,1.0,5,2,6,1.0,1.0,1.0,1.0,3.0,2.0,2.0,2.0,3,0.0,0,Medium
5.0,4.0,2.0,2.0,1.0,54.0,70.0,4.0,-0.188,3,5.0,4.0,5.0,5.0,1.0,1.0,1.0,1.0,1.0,1.0,2,3,7,3.0,3.0,2.0,2.0,3.0,2.0,3.0,4.0,4,0.0,1,High
4.0,4.0,2.0,8.0,0.0,55.0,70.0,3.0,-1.215,2,5.0,4.0,5.0,5.0,1.0,1.0,1.0,1.0,1.0,1.0,3,1,9,2.0,3.0,3.0,2.0,6.0,2.0,3.0,4.0,5,0.0,1,High
5.0,5.0,3.0,1.0,1.0,85.0,86.0,4.0,1.267,3,5.0,5.0,5.0,4.0,1.0,1.0,1.0,1.0,1.0,1.0,4,2,8,2.0,5.0,5.0,4.0,6.0,1.0,3.0,4.0,2,0.0,1,High
3.0,3.0,5.0,5.0,1.0,34.0,42.0,3.0,-0.188,2,3.0,4.0,2.0,5.0,2.0,2.0,1.0,2.0,3.0,1.0,3,3,8,5.0,4.0,4.0,3.0,3.0,2.0,3.0,4.0,1,4.0,0,Low
5.0,5.0,3.0,,1.0,85.0,70.0,4.0,-1.9,2,5.0,5.0,5.0,5.0,3.0,2.0,1.0,1.0,1.0,1.0,1,1,1,5.0,5.0,5.0,5.0,6.0,1.0,4.0,4.0,2,2.0,1,High
4.0,3.0,2.0,1.0,1.0,56.0,51.0,3.0,-0.188,2,5.0,4.0,4.0,5.0,1.0,1.0,1.0,1.0,1.0,1.0,4,2,7,4.0,4.0,4.0,4.0,5.0,3.0,3.0,3.0,6,0.0,0,Medium
4.0,4.0,3.0,5.0,0.0,58.0,77.0,4.0,-0.188,3,5.0,5.0,5.0,5.0,1.0,1.0,1.0,1.0,1.0,1.0,3,4,9,4.0,4.0,4.0,4.0,6.0,2.0,3.0,3.0,1,0.0,1,High
4.0,4.0,1.0,2.0,0.0,52.0,67.0,4.0,0.712,3,5.0,4.0,5.0,5.0,1.0,1.0,1.0,1.0,1.0,1.0,4,2,8,3.0,4.0,3.0,3.0,4.0,2.0,4.0,4.0,6,0.0,1,High
4.0,4.0,4.0,2.0,1.0,56.0,39.0,3.0,-0.57,3,4.0,4.0,4.0,4.0,2.0,2.0,2.0,2.0,2.0,2.0,5,3,9,4.0,4.0,4.0,4.0,5.0,2.0,3.0,3.0,2,6.0,0,Low
4.0,4.0,2.0,4.0,1.0,70.0,72.0,3.0,-0.909,1,5.0,5.0,4.0,5.0,1.0,1.0,1.0,1.0,1.0,1.0,2,5,3,5.0,4.0,4.0,4.0,6.0,3.0,3.0,3.0,3,0.0,1,High
5.0,4.0,3.0,2.0,1.0,54.0,68.0,4.0,1.267,3,5.0,4.0,3.0,4.0,1.0,1.0,1.0,1.0,1.0,1.0,4,3,9,5.0,4.0,5.0,4.0,5.0,3.0,2.0,4.0,2,0.0,1,High
5.0,5.0,5.0,2.0,1.0,78.0,72.0,4.0,0.712,3,5.0,1.0,5.0,5.0,1.0,1.0,1.0,1.0,1.0,1.0,3,2,7,2.0,4.0,4.0,5.0,6.0,1.0,3.0,4.0,5,0.0,1,High
5.0,5.0,2.0,2.0,0.0,85.0,74.0,4.0,-0.57,3,5.0,4.0,5.0,5.0,1.0,1.0,1.0,1.0,1.0,1.0,3,2,8,4.0,3.0,4.0,4.0,6.0,1.0,3.0,3.0,4,0.0,1,High
5.0,4.0,3.0,2.0,0.0,67.0,55.0,3.0,0.242,3,5.0,3.0,5.0,5.0,1.0,1.0,1.0,2.0,1.0,1.0,4,2,7,2.0,3.0,3.0,2.0,5.0,1.0,3.0,3.0,2,1.0,1,Medium
4.0,2.0,3.0,4.0,,34.0,44.0,2.0,-0.909,1,5.0,3.0,2.0,4.0,1.0,1.0,1.0,1.0,1.0,1.0,2,2,5,4.0,2.0,2.0,2.0,3.0,2.0,3.0,2.0,5,0.0,0,Medium
4.0,3.0,4.0,5.0,0.0,48.0,34.0,2.0,-0.57,3,3.0,4.0,1.0,3.0,3.0,2.0,1.0,2.0,1.0,1.0,3,2,6,4.0,4.0,3.0,4.0,2.0,2.0,2.0,3.0,2,3.0,0,Low
4.0,4.0,2.0,2.0,0.0,59.0,52.0,3.0,-0.188,2,1.0,1.0,1.0,1.0,1.0,1.0,1.0,1.0,1.0,1.0,5,1,7,3.0,3.0,3.0,3.0,,1.0,3.0,3.0,3,0.0,0,Medium
4.0,4.0,3.0,3.0,1.0,55.0,56.0,3.0,0.242,3,5.0,4.0,2.0,3.0,1.0,1.0,1.0,1.0,1.0,1.0,3,2,5,5.0,4.0,4.0,2.0,5.0,1.0,3.0,4.0,2,0.0,1,Medium
5.0,5.0,2.0,2.0,1.0,82.0,61.0,3.0,-0.57,3,5.0,5.0,5.0,5.0,1.0,1.0,1.0,1.0,1.0,1.0,4,2,5,4.0,4.0,4.0,4.0,6.0,2.0,3.0,3.0,2,0.0,1,High
4.0,5.0,3.0,4.0,1.0,64.0,49.0,2.0,-1.215,1,4.0,3.0,4.0,5.0,1.0,1.0,1.0,1.0,1.0,1.0,2,5,1,3.0,3.0,3.0,3.0,5.0,4.0,3.0,3.0,2,0.0,0,Medium
5.0,4.0,3.0,2.0,1.0,43.0,56.0,3.0,-0.909,1,5.0,3.0,2.0,4.0,1.0,1.0,1.0,1.0,1.0,1.0,4,1,3,4.0,4.0,4.0,4.0,4.0,2.0,2.0,3.0,2,0.0,1,Medium
4.0,4.0,3.0,3.0,1.0,42.0,57.0,3.0,-0.188,3,5.0,5.0,5.0,5.0,1.0,1.0,1.0,1.0,1.0,1.0,5,1,2,5.0,5.0,5.0,5.0,4.0,1.0,4.0,4.0,7,0.0,1,Medium
5.0,4.0,2.0,6.0,1.0,56.0,61.0,4.0,-0.188,3,5.0,4.0,3.0,5.0,1.0,1.0,1.0,1.0,1.0,1.0,3,3,7,3.0,4.0,3.0,4.0,6.0,1.0,3.0,3.0,4,0.0,1,High
5.0,3.0,5.0,5.0,0.0,42.0,49.0,3.0,0.712,3,5.0,5.0,5.0,5.0,1.0,1.0,1.0,1.0,1.0,1.0,4,1,2,3.0,3.0,3.0,4.0,5.0,2.0,2.0,2.0,1,0.0,0,Medium
3.0,2.0,4.0,2.0,1.0,45.0,47.0,3.0,-0.909,3,4.0,3.0,1.0,2.0,2.0,2.0,1.0,2.0,3.0,1.0,3,1,5,4.0,3.0,4.0,3.0,2.0,3.0,2.0,3.0,2,4.0,0,Medium
5.0,5.0,3.0,2.0,1.0,63.0,61.0,3.0,1.267,3,5.0,5.0,5.0,5.0,1.0,1.0,1.0,1.0,1.0,1.0,3,2,9,4.0,5.0,4.0,4.0,6.0,1.0,4.0,4.0,4,0.0,1,High
4.0,1.0,3.0,3.0,0.0,37.0,39.0,3.0,-0.909,3,3.0,3.0,1.0,3.0,2.0,2.0,1.0,1.0,1.0,1.0,2,2,1,4.0,4.0,4.0,4.0,,1.0,3.0,3.0,4,2.0,0,Low
3.0,3.0,2.0,8.0,0.0,23.0,51.0,2.0,-0.909,2,5.0,4.0,1.0,5.0,1.0,1.0,1.0,1.0,1.0,1.0,2,1,1,4.0,4.0,3.0,3.0,2.0,1.0,3.0,2.0,6,0.0,0,Medium
5.0,5.0,4.0,8.0,0.0,67.0,71.0,4.0,-0.188,3,5.0,5.0,5.0,5.0,1.0,1.0,1.0,1.0,1.0,1.0,2,2,3,4.0,5.0,4.0,4.0,4.0,1.0,3.0,4.0,6,0.0,1,High
1.0,1.0,5.0,7.0,0.0,5.0,14.0,1.0,0.242,3,1.0,1.0,1.0,2.0,3.0,2.0,3.0,2.0,2.0,2.0,2,3,1,1.0,1.0,1.0,1.0,1.0,4.0,1.0,1.0,1,6.0,0,Low
4.0,2.0,3.0,4.0,1.0,35.0,58.0,3.0,0.712,3,5.0,4.0,1.0,1.0,1.0,1.0,1.0,1.0,1.0,1.0,2,3,3,2.0,2.0,2.0,2.0,1.0,2.0,1.0,2.0,4,0.0,1,Medium
4.0,4.0,2.0,8.0,0.0,55.0,95.0,4.0,1.267,3,5.0,5.0,5.0,5.0,1.0,1.0,1.0,1.0,1.0,1.0,5,2,8,3.0,3.0,3.0,3.0,6.0,1.0,3.0,4.0,8,0.0,1,High
5.0,4.0,4.0,1.0,1.0,60.0,65.0,4.0,0.242,3,5.0,4.0,3.0,4.0,1.0,1.0,1.0,1.0,1.0,1.0,5,2,8,4.0,2.0,4.0,4.0,6.0,2.0,3.0,4.0,5,0.0,1,High
5.0,3.0,5.0,5.0,0.0,36.0,49.0,2.0,-1.485,2,5.0,3.0,2.0,5.0,1.0,1.0,1.0,1.0,1.0,1.0,3,2,5,2.0,2.0,4.0,4.0,3.0,3.0,3.0,4.0,1,0.0,0,Medium
5.0,4.0,5.0,2.0,1.0,51.0,46.0,4.0,-1.215,0,2.0,4.0,3.0,5.0,3.0,3.0,2.0,2.0,2.0,3.0,3,3,5,3.0,4.0,5.0,3.0,4.0,4.0,2.0,3.0,3,6.0,0,Medium
5.0,3.0,4.0,2.0,1.0,38.0,53.0,2.0,0.712,3,5.0,3.0,1.0,5.0,1.0,1.0,1.0,1.0,1.0,1.0,3,2,5,5.0,4.0,4.0,4.0,6.0,1.0,3.0,3.0,5,0.0,0,Medium
5.0,4.0,4.0,2.0,1.0,56.0,63.0,4.0,0.242,3,5.0,4.0,5.0,5.0,1.0,1.0,1.0,1.0,1.0,1.0,2,2,9,3.0,4.0,4.0,3.0,5.0,3.0,3.0,3.0,6,0.0,1,High
3.0,3.0,4.0,,1.0,38.0,37.0,3.0,-0.188,3,3.0,3.0,2.0,3.0,3.0,3.0,3.0,2.0,2.0,3.0,2,5,3,2.0,2.0,2.0,2.0,4.0,3.0,2.0,2.0,4,6.0,0,Low
5.0,5.0,1.0,1.0,1.0,85.0,86.0,4.0,0.712,2,5.0,5.0,5.0,5.0,1.0,1.0,1.0,1.0,1.0,1.0,5,1,9,5.0,5.0,5.0,5.0,1.0,1.0,4.0,4.0,5,0.0,1,High
5.0,4.0,2.0,8.0,1.0,52.0,61.0,4.0,0.712,3,5.0,4.0,4.0,5.0,1.0,1.0,1.0,1.0,1.0,1.0,3,2,5,4.0,4.0,4.0,4.0,4.0,1.0,2.0,3.0,7,0.0,1,High
4.0,3.0,3.0,7.0,1.0,46.0,69.0,4.0,1.267,3,5.0,5.0,5.0,5.0,1.0,1.0,1.0,1.0,1.0,1.0,2,2,6,2.0,3.0,3.0,2.0,5.0,2.0,4.0,3.0,7,0.0,1,High
5.0,4.0,2.0,2.0,1.0,63.0,84.0,4.0,0.712,3,5.0,4.0,5.0,5.0,1.0,1.0,1.0,1.0,1.0,1.0,2,2,6,4.0,4.0,5.0,2.0,6.0,1.0,3.0,3.0,4,0.0,1,High
4.0,2.0,4.0,2.0,1.0,35.0,47.0,2.0,-0.57,1,5.0,2.0,1.0,2.0,1.0,1.0,1.0,1.0,1.0,1.0,4,2,7,1.0,2.0,2.0,2.0,4.0,3.0,2.0,3.0,2,0.0,0,Medium
4.0,3.0,2.0,2.0,1.0,41.0,57.0,4.0,-0.909,3,5.0,4.0,1.0,4.0,1.0,1.0,1.0,1.0,1.0,1.0,2,2,3,3.0,4.0,4.0,3.0,4.0,1.0,3.0,3.0,2,0.0,1,Medium
4.0,4.0,2.0,2.0,,49.0,64.0,3.0,-0.188,3,5.0,3.0,3.0,4.0,1.0,1.0,1.0,1.0,1.0,1.0,2,2,7,5.0,2.0,4.0,3.0,5.0,3.0,2.0,3.0,6,0.0,1,High
4.0,2.0,4.0,4.0,1.0,38.0,42.0,3.0,0.712,3,5.0,3.0,2.0,3.0,2.0,1.0,1.0,2.0,2.0,1.0,2,2,8,4.0,4.0,4.0,3.0,4.0,1.0,2.0,3.0,3,3.0,0,Low
5.0,4.0,3.0,8.0,1.0,53.0,57.0,4.0,0.712,3,5.0,5.0,5.0,5.0,1.0,1.0,1.0,1.0,1.0,1.0,4,1,7,5.0,4.0,4.0,2.0,5.0,2.0,3.0,4.0,6,0.0,1,Medium
5.0,3.0,4.0,4.0,0.0,58.0,44.0,3.0,-0.188,3,2.0,4.0,1.0,4.0,1.0,1.0,1.0,1.0,1.0,1.0,2,5,3,4.0,4.0,3.0,2.0,3.0,2.0,3.0,3.0,1,0.0,0,Medium
2.0,2.0,3.0,7.0,0.0,34.0,41.0,3.0,-1.215,0,3.0,3.0,1.0,3.0,1.0,2.0,1.0,1.0,1.0,1.0,1,5,1,3.0,2.0,2.0,3.0,3.0,2.0,2.0,3.0,1,1.0,0,Low
5.0,4.0,2.0,1.0,1.0,44.0,67.0,4.0,0.242,2,5.0,4.0,5.0,5.0,1.0,1.0,1.0,1.0,1.0,1.0,3,2,8,4.0,4.0,4.0,3.0,5.0,2.0,3.0,3.0,6,0.0,1,High
5.0,4.0,3.0,2.0,1.0,49.0,63.0,4.0,0.712,3,4.0,4.0,4.0,2.0,1.0,1.0,1.0,1.0,1.0,1.0,5,2,8,3.0,4.0,4.0,3.0,5.0,2.0,3.0,3.0,6,0.0,1,High
4.0,2.0,4.0,2.0,1.0,27.0,51.0,3.0,0.242,3,5.0,3.0,4.0,2.0,1.0,1.0,1.0,1.0,1.0,1.0,2,3,3,4.0,3.0,4.0,2.0,5.0,2.0,2.0,3.0,4,0.0,0,Medium
4.0,4.0,4.0,2.0,0.0,55.0,65.0,3.0,0.712,3,5.0,3.0,5.0,5.0,1.0,1.0,1.0,1.0,1.0,1.0,4,4,8,3.0,3.0,3.0,3.0,5.0,2.0,2.0,3.0,4,0.0,1,High
1.0,4.0,2.0,2.0,1.0,59.0,68.0,4.0,-0.188,2,5.0,5.0,5.0,5.0,1.0,1.0,1.0,1.0,1.0,1.0,3,2,8,4.0,5.0,5.0,5.0,6.0,1.0,2.0,4.0,4,0.0,1,High
3.0,3.0,5.0,2.0,,42.0,42.0,2.0,-0.57,1,3.0,3.0,3.0,3.0,1.0,1.0,1.0,1.0,1.0,1.0,3,4,4,3.0,3.0,3.0,3.0,3.0,3.0,2.0,2.0,3,0.0,0,Low
5.0,5.0,5.0,2.0,1.0,85.0,44.0,4.0,-1.215,2,5.0,5.0,5.0,5.0,1.0,1.0,1.0,1.0,1.0,1.0,5,2,8,5.0,5.0,5.0,5.0,5.0,1.0,2.0,4.0,1,0.0,0,Medium
4.0,3.0,2.0,2.0,0.0,44.0,60.0,3.0,-0.57,2,4.0,3.0,5.0,4.0,1.0,1.0,1.0,1.0,1.0,1.0,5,2,9,2.0,2.0,4.0,2.0,6.0,1.0,3.0,3.0,2,0.0,1,Medium
5.0,3.0,3.0,6.0,1.0,85.0,51.0,2.0,-0.909,3,5.0,5.0,1.0,5.0,1.0,1.0,1.0,1.0,1.0,1.0,3,1,1,5.0,5.0,5.0,3.0,3.0,2.0,3.0,4.0,4,0.0,0,Medium
5.0,5.0,4.0,2.0,1.0,59.0,34.0,3.0,-0.188,1,5.0,3.0,5.0,3.0,1.0,1.0,1.0,2.0,1.0,1.0,3,3,3,5.0,4.0,5.0,3.0,6.0,2.0,3.0,3.0,3,1.0,0,Low
5.0,3.0,3.0,2.0,1.0,45.0,57.0,2.0,-0.188,3,3.0,2.0,4.0,4.0,1.0,1.0,1.0,1.0,1.0,1.0,3,3,6,3.0,4.0,3.0,4.0,4.0,2.0,3.0,3.0,2,0.0,1,Medium
4.0,4.0,3.0,2.0,0.0,57.0,52.0,4.0,-1.215,2,5.0,5.0,4.0,3.0,1.0,1.0,1.0,2.0,1.0,1.0,3,3,2,3.0,3.0,4.0,4.0,4.0,1.0,3.0,4.0,2,1.0,0,Medium
5.0,5.0,5.0,2.0,1.0,58.0,57.0,4.0,-0.188,2,5.0,4.0,5.0,5.0,1.0,1.0,1.0,1.0,1.0,1.0,5,5,9,2.0,3.0,4.0,4.0,6.0,1.0,3.0,4.0,4,0.0,1,Medium
4.0,4.0,3.0,5.0,1.0,50.0,58.0,4.0,-0.188,2,5.0,5.0,5.0,5.0,1.0,1.0,1.0,1.0,1.0,1.0,3,5,7,4.0,4.0,4.0,4.0,4.0,1.0,3.0,4.0,1,0.0,1,Medium
4.0,4.0,3.0,4.0,0.0,42.0,52.0,4.0,-1.485,1,4.0,4.0,1.0,3.0,1.0,1.0,1.0,1.0,1.0,1.0,1,4,1,4.0,4.0,4.0,4.0,5.0,2.0,2.0,4.0,2,0.0,0,Medium
4.0,3.0,4.0,2.0,1.0,45.0,47.0,3.0,-0.188,3,5.0,3.0,1.0,3.0,2.0,1.0,1.0,1.0,1.0,1.0,4,5,7,4.0,2.0,4.0,2.0,6.0,2.0,2.0,3.0,2,1.0,0,Medium
4.0,2.0,1.0,8.0,1.0,24.0,26.0,2.0,0.242,3,4.0,1.0,1.0,5.0,2.0,2.0,1.0,1.0,1.0,1.0,2,5,2,4.0,4.0,3.0,3.0,1.0,4.0,3.0,2.0,6,2.0,0,Low
5.0,5.0,1.0,2.0,0.0,43.0,84.0,4.0,0.242,3,5.0,1.0,5.0,2.0,1.0,1.0,1.0,1.0,1.0,1.0,5,1,8,1.0,1.0,1.0,1.0,6.0,1.0,1.0,1.0,6,0.0,1,High
3.0,3.0,5.0,2.0,1.0,41.0,38.0,3.0,0.242,3,3.0,3.0,1.0,5.0,3.0,2.0,1.0,2.0,1.0,1.0,3,3,6,4.0,3.0,4.0,3.0,3.0,3.0,3.0,2.0,4,3.0,0,Low
3.0,2.0,5.0,,1.0,35.0,39.0,3.0,0.712,3,5.0,2.0,3.0,1.0,1.0,1.0,1.0,2.0,3.0,1.0,1,3,7,4.0,4.0,4.0,3.0,4.0,4.0,2.0,3.0,4,2.0,0,Low
5.0,4.0,2.0,2.0,0.0,58.0,64.0,4.0,0.712,3,5.0,1.0,5.0,5.0,1.0,1.0,1.0,1.0,1.0,1.0,5,3,9,2.0,4.0,2.0,2.0,,2.0,3.0,3.0,5,0.0,1,High
2.0,1.0,3.0,7.0,0.0,24.0,35.0,3.0,-1.215,2,4.0,3.0,1.0,5.0,2.0,2.0,2.0,2.0,2.0,3.0,2,4,1,2.0,2.0,3.0,2.0,4.0,2.0,1.0,3.0,2,6.0,0,Low
4.0,2.0,4.0,2.0,1.0,34.0,47.0,2.0,0.712,3,5.0,2.0,2.0,4.0,1.0,1.0,1.0,1.0,1.0,1.0,2,5,7,2.0,2.0,4.0,2.0,2.0,3.0,2.0,3.0,2,0.0,0,Medium
5.0,4.0,2.0,2.0,1.0,50.0,59.0,4.0,0.712,3,5.0,4.0,1.0,2.0,1.0,1.0,1.0,1.0,1.0,1.0,3,2,8,3.0,4.0,4.0,4.0,5.0,1.0,2.0,3.0,3,0.0,1,Medium
3.0,3.0,4.0,2.0,1.0,39.0,42.0,2.0,-0.188,3,2.0,3.0,3.0,4.0,1.0,1.0,1.0,2.0,1.0,1.0,4,3,4,3.0,2.0,3.0,2.0,2.0,3.0,2.0,2.0,3,1.0,0,Low
5.0,4.0,5.0,1.0,1.0,45.0,35.0,3.0,-1.215,0,4.0,2.0,3.0,1.0,2.0,3.0,1.0,2.0,2.0,3.0,3,2,9,3.0,5.0,4.0,2.0,4.0,3.0,2.0,2.0,1,5.0,0,Low
3.0,3.0,4.0,7.0,1.0,47.0,27.0,3.0,-0.188,2,2.0,3.0,1.0,2.0,2.0,1.0,3.0,2.0,1.0,1.0,4,2,3,4.0,4.0,4.0,3.0,2.0,2.0,3.0,3.0,3,3.0,0,Low
5.0,4.0,5.0,2.0,1.0,47.0,35.0,3.0,0.242,3,5.0,3.0,4.0,4.0,3.0,2.0,2.0,3.0,3.0,1.0,3,5,2,4.0,4.0,4.0,4.0,3.0,2.0,3.0,3.0,2,5.0,0,Low
5.0,3.0,4.0,2.0,1.0,44.0,46.0,3.0,0.712,3,5.0,3.0,3.0,4.0,1.0,1.0,1.0,1.0,1.0,1.0,5,2,8,4.0,4.0,4.0,2.0,5.0,1.0,3.0,3.0,2,0.0,0,Medium
4.0,3.0,4.0,2.0,1.0,43.0,63.0,3.0,0.712,3,5.0,4.0,5.0,5.0,1.0,1.0,1.0,1.0,1.0,1.0,5,2,9,3.0,3.0,4.0,2.0,4.0,2.0,3.0,4.0,2,0.0,1,High
5.0,4.0,1.0,8.0,1.0,82.0,74.0,4.0,1.267,2,5.0,5.0,5.0,4.0,1.0,1.0,1.0,1.0,1.0,1.0,5,1,9,1.0,5.0,5.0,3.0,6.0,4.0,4.0,4.0,6,0.0,1,High
4.0,2.0,3.0,2.0,0.0,34.0,58.0,3.0,-0.57,3,5.0,3.0,5.0,4.0,1.0,1.0,1.0,1.0,1.0,1.0,1,2,4,3.0,3.0,3.0,3.0,2.0,2.0,2.0,2.0,5,0.0,1,Medium
5.0,3.0,4.0,4.0,1.0,36.0,35.0,2.0,-0.909,2,5.0,3.0,5.0,3.0,3.0,2.0,1.0,2.0,1.0,1.0,2,4,1,5.0,5.0,5.0,2.0,3.0,1.0,1.0,3.0,2,3.0,0,Low
3.0,3.0,2.0,2.0,1.0,58.0,42.0,3.0,-0.57,3,3.0,3.0,4.0,4.0,3.0,2.0,1.0,2.0,3.0,2.0,3,3,3,4.0,4.0,4.0,4.0,3.0,2.0,3.0,3.0,4,5.0,0,Low
4.0,4.0,4.0,1.0,1.0,49.0,63.0,3.0,1.267,3,4.0,3.0,5.0,5.0,1.0,1.0,1.0,1.0,1.0,1.0,3,2,8,2.0,4.0,4.0,2.0,6.0,2.0,3.0,3.0,6,0.0,1,High
5.0,4.0,3.0,2.0,1.0,41.0,45.0,3.0,-0.909,1,5.0,3.0,1.0,3.0,1.0,1.0,1.0,2.0,1.0,1.0,3,2,4,4.0,4.0,5.0,4.0,3.0,3.0,3.0,3.0,2,1.0,0,Medium
5.0,4.0,4.0,2.0,1.0,54.0,61.0,4.0,0.712,3,5.0,3.0,4.0,4.0,1.0,1.0,1.0,1.0,1.0,1.0,5,4,8,4.0,4.0,3.0,2.0,5.0,1.0,3.0,2.0,2,0.0,1,High
4.0,3.0,4.0,2.0,1.0,40.0,49.0,3.0,0.712,3,5.0,4.0,4.0,5.0,2.0,1.0,1.0,3.0,3.0,1.0,5,2,4,4.0,4.0,4.0,4.0,5.0,2.0,3.0,3.0,6,3.0,0,Medium
5.0,4.0,4.0,2.0,1.0,56.0,59.0,3.0,0.712,3,5.0,4.0,1.0,5.0,1.0,1.0,1.0,1.0,1.0,1.0,2,1,8,4.0,4.0,4.0,4.0,5.0,2.0,3.0,3.0,5,0.0,1,Medium
5.0,5.0,5.0,2.0,1.0,58.0,51.0,4.0,-0.57,2,5.0,4.0,3.0,2.0,1.0,1.0,1.0,2.0,1.0,1.0,3,2,5,4.0,2.0,5.0,2.0,2.0,2.0,4.0,3.0,1,1.0,0,Medium
4.0,3.0,4.0,2.0,1.0,42.0,55.0,3.0,-0.188,3,4.0,2.0,2.0,3.0,1.0,1.0,1.0,1.0,1.0,1.0,2,1,8,2.0,2.0,4.0,2.0,3.0,3.0,2.0,3.0,3,0.0,1,Medium
4.0,4.0,4.0,6.0,1.0,52.0,40.0,4.0,1.267,3,3.0,4.0,4.0,3.0,2.0,1.0,1.0,1.0,2.0,1.0,1,2,7,5.0,4.0,4.0,4.0,6.0,2.0,3.0,3.0,4,2.0,0,Low
4.0,3.0,4.0,1.0,0.0,51.0,67.0,3.0,1.267,3,5.0,5.0,5.0,5.0,1.0,1.0,1.0,1.0,1.0,1.0,4,2,6,4.0,4.0,3.0,3.0,5.0,2.0,3.0,3.0,8,0.0,1,High
5.0,5.0,2.0,2.0,1.0,43.0,54.0,3.0,-0.909,3,5.0,4.0,3.0,3.0,1.0,1.0,1.0,1.0,1.0,1.0,1,1,1,5.0,4.0,3.0,5.0,6.0,2.0,2.0,4.0,4,0.0,0,Medium
5.0,4.0,3.0,8.0,1.0,51.0,65.0,3.0,-0.57,2,5.0,4.0,5.0,5.0,1.0,1.0,1.0,1.0,1.0,1.0,2,5,6,4.0,4.0,4.0,3.0,4.0,3.0,3.0,3.0,7,0.0,1,High
4.0,3.0,4.0,5.0,0.0,32.0,54.0,2.0,-0.909,3,5.0,4.0,1.0,3.0,1.0,1.0,1.0,2.0,2.0,1.0,2,4,6,2.0,2.0,2.0,2.0,4.0,1.0,3.0,3.0,1,2.0,0,Medium
5.0,5.0,4.0,2.0,1.0,62.0,59.0,4.0,0.242,1,5.0,5.0,5.0,4.0,1.0,1.0,1.0,1.0,1.0,1.0,5,3,9,5.0,5.0,5.0,5.0,6.0,1.0,3.0,4.0,2,0.0,1,Medium
4.0,3.0,3.0,2.0,1.0,44.0,50.0,3.0,-0.57,1,5.0,3.0,3.0,5.0,1.0,1.0,1.0,1.0,1.0,1.0,3,3,6,4.0,4.0,4.0,3.0,4.0,2.0,2.0,3.0,2,0.0,0,Medium
5.0,3.0,5.0,6.0,0.0,64.0,21.0,3.0,-1.215,1,1.0,1.0,1.0,1.0,1.0,1.0,1.0,1.0,1.0,1.0,2,2,1,4.0,4.0,4.0,4.0,6.0,1.0,4.0,1.0,2,0.0,0,Low
4.0,3.0,3.0,2.0,0.0,49.0,39.0,2.0,-0.909,3,2.0,2.0,1.0,4.0,2.0,1.0,1.0,1.0,2.0,1.0,3,2,5,4.0,4.0,3.0,4.0,3.0,1.0,3.0,2.0,4,2.0,0,Low
3.0,3.0,4.0,6.0,1.0,26.0,51.0,3.0,-0.57,1,5.0,5.0,1.0,4.0,1.0,1.0,1.0,1.0,2.0,1.0,2,2,3,1.0,4.0,1.0,1.0,1.0,4.0,2.0,1.0,4,1.0,0,Medium
5.0,4.0,3.0,5.0,1.0,54.0,53.0,3.0,0.712,3,5.0,3.0,3.0,5.0,1.0,1.0,1.0,1.0,1.0,1.0,4,2,6,4.0,5.0,4.0,4.0,3.0,2.0,2.0,3.0,1,0.0,0,Medium
4.0,3.0,3.0,2.0,1.0,44.0,62.0,4.0,0.242,3,5.0,3.0,2.0,4.0,1.0,1.0,1.0,1.0,1.0,1.0,5,2,9,2.0,2.0,4.0,2.0,6.0,2.0,2.0,3.0,2,0.0,1,High
4.0,4.0,3.0,1.0,1.0,47.0,58.0,4.0,1.267,3,5.0,4.0,4.0,5.0,1.0,1.0,1.0,1.0,1.0,1.0,2,2,3,2.0,2.0,4.0,2.0,2.0,2.0,3.0,3.0,3,0.0,1,Medium
3.0,3.0,4.0,3.0,1.0,42.0,50.0,2.0,-1.215,2,5.0,5.0,4.0,5.0,1.0,1.0,2.0,1.0,1.0,1.0,3,4,2,4.0,4.0,4.0,4.0,4.0,1.0,3.0,3.0,1,1.0,0,Medium
5.0,4.0,2.0,8.0,1.0,55.0,57.0,4.0,0.242,3,5.0,4.0,5.0,5.0,1.0,1.0,1.0,1.0,1.0,1.0,2,2,8,3.0,3.0,2.0,2.0,5.0,1.0,4.0,3.0,6,0.0,1,Medium
5.0,4.0,2.0,8.0,1.0,45.0,69.0,3.0,1.267,3,5.0,4.0,5.0,5.0,1.0,1.0,1.0,1.0,1.0,1.0,5,5,8,3.0,3.0,4.0,3.0,5.0,2.0,3.0,4.0,6,0.0,1,High
5.0,3.0,2.0,2.0,0.0,49.0,64.0,3.0,0.712,3,5.0,3.0,4.0,5.0,1.0,1.0,1.0,1.0,1.0,1.0,3,3,5,4.0,3.0,4.0,3.0,5.0,2.0,3.0,3.0,4,0.0,1,High
3.0,2.0,4.0,2.0,0.0,45.0,31.0,3.0,1.267,3,2.0,2.0,1.0,4.0,2.0,2.0,1.0,3.0,3.0,1.0,3,1,3,3.0,3.0,2.0,3.0,2.0,2.0,3.0,3.0,3,4.0,0,Low
4.0,4.0,4.0,2.0,1.0,51.0,49.0,4.0,-1.485,2,5.0,4.0,3.0,5.0,1.0,1.0,1.0,1.0,1.0,1.0,2,2,5,4.0,4.0,4.0,4.0,5.0,2.0,3.0,4.0,1,0.0,0,Medium
1.0,2.0,3.0,7.0,1.0,36.0,40.0,3.0,-0.909,2,1.0,2.0,1.0,1.0,2.0,2.0,1.0,1.0,1.0,1.0,4,2,1,2.0,2.0,2.0,2.0,2.0,3.0,2.0,3.0,3,2.0,0,Low
4.0,4.0,2.0,2.0,0.0,55.0,58.0,4.0,1.267,3,5.0,3.0,2.0,3.0,1.0,1.0,1.0,1.0,1.0,1.0,4,3,6,3.0,3.0,4.0,3.0,4.0,3.0,3.0,3.0,5,0.0,1,Medium
5.0,5.0,3.0,8.0,1.0,59.0,71.0,4.0,0.712,3,5.0,5.0,5.0,5.0,1.0,1.0,1.0,1.0,1.0,1.0,5,2,7,3.0,4.0,3.0,4.0,5.0,2.0,3.0,3.0,6,0.0,1,High
5.0,4.0,4.0,2.0,0.0,52.0,66.0,4.0,0.242,3,5.0,4.0,5.0,5.0,1.0,1.0,1.0,1.0,1.0,1.0,2,4,7,2.0,2.0,3.0,2.0,4.0,2.0,2.0,3.0,4,0.0,1,High
5.0,4.0,5.0,2.0,1.0,65.0,51.0,4.0,0.712,3,5.0,3.0,5.0,4.0,1.0,1.0,1.0,1.0,1.0,1.0,5,1,8,4.0,4.0,4.0,4.0,6.0,1.0,3.0,3.0,2,0.0,0,Medium
4.0,3.0,4.0,1.0,1.0,42.0,45.0,3.0,-0.57,3,5.0,5.0,1.0,5.0,1.0,1.0,1.0,1.0,1.0,1.0,5,2,9,4.0,4.0,4.0,4.0,4.0,2.0,3.0,3.0,3,0.0,0,Medium
4.0,3.0,4.0,1.0,0.0,60.0,26.0,2.0,0.242,3,5.0,4.0,1.0,5.0,1.0,1.0,1.0,3.0,2.0,1.0,5,3,3,4.0,4.0,2.0,1.0,1.0,2.0,3.0,3.0,4,2.0,0,Low
4.0,4.0,5.0,1.0,1.0,62.0,45.0,4.0,0.712,3,4.0,4.0,1.0,5.0,1.0,1.0,1.0,1.0,1.0,1.0,3,4,6,4.0,4.0,5.0,4.0,2.0,1.0,3.0,4.0,3,0.0,0,Medium
3.0,3.0,3.0,2.0,1.0,44.0,58.0,3.0,0.712,3,5.0,3.0,4.0,4.0,1.0,1.0,1.0,1.0,1.0,1.0,3,2,9,3.0,3.0,3.0,3.0,4.0,2.0,3.0,3.0,5,0.0,1,Medium
4.0,3.0,3.0,2.0,1.0,53.0,38.0,4.0,0.242,3,3.0,3.0,3.0,3.0,2.0,2.0,2.0,2.0,2.0,2.0,4,1,5,2.0,3.0,4.0,3.0,5.0,3.0,3.0,3.0,2,6.0,0,Low
5.0,5.0,2.0,2.0,1.0,58.0,69.0,4.0,0.242,3,5.0,5.0,3.0,5.0,1.0,1.0,1.0,1.0,1.0,1.0,3,4,9,4.0,4.0,4.0,4.0,6.0,1.0,3.0,3.0,4,0.0,1,High
4.0,3.0,3.0,8.0,1.0,54.0,62.0,3.0,0.242,3,5.0,4.0,4.0,5.0,1.0,1.0,1.0,1.0,1.0,1.0,3,1,9,4.0,4.0,3.0,3.0,4.0,2.0,2.0,3.0,7,0.0,1,High
4.0,3.0,4.0,8.0,1.0,49.0,59.0,3.0,0.242,2,5.0,4.0,5.0,4.0,1.0,1.0,1.0,1.0,2.0,1.0,3,2,6,4.0,4.0,4.0,4.0,4.0,1.0,3.0,3.0,8,1.0,1,Medium
5.0,4.0,2.0,8.0,1.0,57.0,62.0,4.0,1.267,3,5.0,4.0,5.0,5.0,1.0,1.0,1.0,1.0,1.0,1.0,5,5,9,5.0,5.0,5.0,5.0,6.0,1.0,3.0,4.0,6,0.0,1,High
4.0,4.0,1.0,1.0,1.0,55.0,69.0,4.0,-0.188,2,5.0,5.0,3.0,5.0,1.0,1.0,1.0,2.0,2.0,1.0,3,3,6,5.0,5.0,4.0,5.0,5.0,1.0,3.0,3.0,4,2.0,1,High
4.0,4.0,3.0,8.0,0.0,50.0,61.0,4.0,0.242,3,5.0,4.0,5.0,5.0,1.0,1.0,1.0,1.0,1.0,1.0,4,1,8,4.0,4.0,4.0,4.0,5.0,2.0,3.0,3.0,6,0.0,1,High
5.0,5.0,2.0,2.0,0.0,78.0,86.0,4.0,0.712,3,5.0,5.0,5.0,5.0,1.0,1.0,1.0,1.0,1.0,1.0,5,1,8,5.0,5.0,5.0,5.0,6.0,1.0,4.0,4.0,2,0.0,1,High
5.0,5.0,2.0,2.0,0.0,63.0,72.0,4.0,0.242,3,5.0,1.0,5.0,5.0,1.0,1.0,1.0,1.0,1.0,1.0,4,2,9,2.0,4.0,4.0,4.0,6.0,1.0,3.0,3.0,2,0.0,1,High
,,4.0,8.0,0.0,44.0,47.0,2.0,1.267,3,4.0,2.0,4.0,4.0,3.0,2.0,1.0,2.0,2.0,1.0,2,1,3,4.0,4.0,2.0,2.0,2.0,2.0,3.0,3.0,8,4.0,0,Medium
5.0,5.0,2.0,3.0,0.0,64.0,80.0,4.0,0.712,3,5.0,5.0,5.0,5.0,1.0,1.0,1.0,1.0,1.0,1.0,5,1,8,5.0,5.0,5.0,5.0,6.0,1.0,4.0,4.0,6,0.0,1,High
5.0,5.0,4.0,2.0,1.0,57.0,64.0,4.0,-0.909,2,5.0,4.0,4.0,5.0,1.0,1.0,1.0,1.0,1.0,1.0,5,3,8,5.0,4.0,3.0,4.0,5.0,4.0,3.0,4.0,1,0.0,1,High
5.0,4.0,4.0,5.0,0.0,46.0,55.0,3.0,-0.57,3,5.0,4.0,5.0,2.0,1.0,1.0,1.0,1.0,2.0,1.0,3,5,5,3.0,5.0,3.0,3.0,6.0,2.0,3.0,3.0,1,1.0,1,Medium
5.0,3.0,1.0,8.0,0.0,46.0,75.0,4.0,0.242,3,5.0,3.0,5.0,5.0,1.0,1.0,1.0,1.0,1.0,1.0,5,1,6,2.0,2.0,3.0,2.0,3.0,2.0,2.0,3.0,6,0.0,1,High
5.0,4.0,2.0,8.0,1.0,60.0,66.0,4.0,0.242,3,5.0,5.0,5.0,5.0,1.0,1.0,1.0,1.0,1.0,1.0,4,2,7,4.0,4.0,4.0,4.0,5.0,3.0,3.0,3.0,8,0.0,1,High
5.0,5.0,2.0,8.0,0.0,72.0,84.0,4.0,1.267,3,5.0,5.0,5.0,5.0,1.0,1.0,1.0,1.0,1.0,1.0,4,2,1,5.0,5.0,5.0,5.0,6.0,1.0,4.0,4.0,6,0.0,1,High
5.0,5.0,3.0,2.0,1.0,64.0,65.0,4.0,0.712,3,5.0,4.0,1.0,5.0,1.0,1.0,1.0,1.0,1.0,1.0,4,3,5,5.0,4.0,5.0,4.0,6.0,2.0,3.0,4.0,2,0.0,1,High
5.0,4.0,2.0,8.0,1.0,61.0,68.0,4.0,0.712,2,5.0,5.0,5.0,5.0,1.0,1.0,1.0,1.0,1.0,1.0,4,2,5,4.0,4.0,4.0,4.0,6.0,3.0,3.0,3.0,8,0.0,1,High
4.0,3.0,3.0,8.0,0.0,49.0,46.0,3.0,-0.188,3,5.0,4.0,5.0,5.0,1.0,1.0,1.0,1.0,1.0,1.0,2,1,2,5.0,5.0,3.0,5.0,4.0,1.0,3.0,3.0,7,0.0,0,Medium
5.0,4.0,4.0,2.0,1.0,67.0,67.0,4.0,1.267,3,5.0,3.0,5.0,5.0,1.0,1.0,1.0,1.0,1.0,1.0,4,3,9,2.0,4.0,4.0,2.0,6.0,1.0,2.0,4.0,2,0.0,1,High
5.0,5.0,1.0,8.0,1.0,70.0,29.0,4.0,-0.188,2,5.0,4.0,4.0,5.0,3.0,3.0,1.0,1.0,1.0,1.0,3,2,2,5.0,5.0,5.0,5.0,1.0,1.0,2.0,4.0,6,2.0,0,Low
4.0,4.0,2.0,4.0,0.0,42.0,52.0,4.0,-0.57,2,5.0,4.0,4.0,4.0,1.0,1.0,1.0,1.0,1.0,1.0,4,4,6,3.0,3.0,3.0,4.0,5.0,2.0,3.0,3.0,2,0.0,0,Medium
4.0,4.0,4.0,2.0,0.0,49.0,68.0,3.0,0.242,2,5.0,4.0,5.0,5.0,1.0,1.0,1.0,1.0,1.0,1.0,2,2,8,3.0,3.0,4.0,4.0,6.0,1.0,3.0,3.0,6,0.0,1,High
5.0,3.0,2.0,7.0,1.0,46.0,50.0,3.0,-0.188,3,5.0,4.0,3.0,5.0,1.0,1.0,1.0,2.0,3.0,1.0,3,2,9,4.0,4.0,4.0,2.0,2.0,2.0,3.0,3.0,4,2.0,0,Medium
5.0,4.0,4.0,1.0,1.0,55.0,51.0,3.0,0.712,3,5.0,5.0,5.0,5.0,1.0,1.0,1.0,1.0,1.0,1.0,5,2,4,4.0,4.0,4.0,3.0,4.0,2.0,3.0,3.0,6,0.0,0,Medium
5.0,5.0,3.0,1.0,1.0,56.0,65.0,4.0,0.242,3,5.0,5.0,5.0,5.0,1.0,1.0,1.0,1.0,1.0,1.0,2,1,8,5.0,5.0,5.0,5.0,6.0,1.0,3.0,4.0,6,0.0,1,High
4.0,4.0,2.0,8.0,1.0,45.0,95.0,4.0,0.712,3,5.0,5.0,5.0,5.0,1.0,1.0,1.0,1.0,1.0,1.0,2,1,6,1.0,4.0,4.0,2.0,6.0,,4.0,2.0,8,0.0,1,High
4.0,3.0,3.0,2.0,0.0,43.0,66.0,3.0,-0.188,2,5.0,3.0,5.0,4.0,1.0,1.0,1.0,1.0,1.0,1.0,3,5,7,2.0,2.0,2.0,2.0,4.0,3.0,2.0,2.0,2,0.0,1,High
4.0,4.0,2.0,3.0,0.0,62.0,67.0,4.0,-0.57,2,5.0,5.0,1.0,5.0,1.0,1.0,1.0,1.0,1.0,1.0,2,2,3,5.0,5.0,4.0,4.0,4.0,1.0,3.0,3.0,6,0.0,1,High
5.0,5.0,2.0,2.0,1.0,77.0,77.0,4.0,1.267,3,5.0,5.0,5.0,5.0,1.0,1.0,1.0,1.0,1.0,1.0,5,4,7,5.0,5.0,5.0,4.0,6.0,1.0,4.0,4.0,4,0.0,1,High
5.0,4.0,4.0,2.0,1.0,53.0,67.0,4.0,0.712,3,5.0,3.0,5.0,5.0,1.0,1.0,1.0,1.0,1.0,1.0,5,2,9,4.0,4.0,4.0,4.0,6.0,1.0,4.0,3.0,2,0.0,1,High
4.0,4.0,4.0,5.0,1.0,56.0,59.0,4.0,-0.188,3,5.0,4.0,5.0,5.0,1.0,1.0,1.0,1.0,1.0,1.0,5,2,6,3.0,3.0,4.0,4.0,5.0,1.0,3.0,4.0,2,0.0,1,Medium
5.0,5.0,3.0,8.0,0.0,46.0,78.0,4.0,0.242,3,5.0,5.0,5.0,3.0,1.0,1.0,1.0,1.0,1.0,1.0,3,2,9,3.0,3.0,3.0,3.0,5.0,2.0,3.0,3.0,8,0.0,1,High
5.0,5.0,2.0,8.0,0.0,56.0,86.0,4.0,0.712,3,5.0,5.0,5.0,5.0,1.0,1.0,1.0,1.0,1.0,1.0,5,2,9,4.0,3.0,4.0,4.0,1.0,2.0,4.0,4.0,8,0.0,1,High
5.0,5.0,3.0,8.0,0.0,79.0,39.0,4.0,-1.485,2,5.0,5.0,1.0,5.0,3.0,3.0,2.0,1.0,1.0,1.0,1,1,1,5.0,5.0,5.0,5.0,1.0,2.0,4.0,3.0,4,3.0,0,Low
5.0,2.0,3.0,1.0,1.0,75.0,28.0,2.0,0.242,2,3.0,4.0,1.0,5.0,3.0,3.0,1.0,1.0,1.0,1.0,4,2,5,5.0,5.0,5.0,5.0,4.0,1.0,3.0,3.0,6,2.0,0,Low
5.0,4.0,3.0,2.0,1.0,56.0,78.0,4.0,-0.188,3,5.0,5.0,5.0,5.0,1.0,1.0,1.0,1.0,1.0,1.0,3,3,9,4.0,4.0,4.0,4.0,6.0,2.0,3.0,4.0,4,0.0,1,High
4.0,4.0,3.0,8.0,0.0,64.0,79.0,3.0,0.242,3,5.0,5.0,5.0,5.0,1.0,1.0,1.0,1.0,1.0,1.0,3,2,1,4.0,4.0,4.0,2.0,4.0,3.0,3.0,3.0,8,0.0,1,High
4.0,4.0,3.0,6.0,1.0,56.0,39.0,3.0,-0.57,1,4.0,4.0,4.0,4.0,2.0,2.0,2.0,2.0,2.0,2.0,2,2,7,4.0,4.0,4.0,4.0,5.0,3.0,3.0,3.0,3,6.0,0,Low
5.0,3.0,4.0,2.0,1.0,47.0,64.0,3.0,1.267,3,5.0,4.0,5.0,5.0,1.0,1.0,1.0,1.0,1.0,1.0,4,4,9,5.0,4.0,4.0,3.0,4.0,2.0,4.0,4.0,3,0.0,1,High
5.0,4.0,3.0,1.0,1.0,51.0,64.0,4.0,-0.188,3,5.0,4.0,5.0,5.0,1.0,1.0,1.0,1.0,1.0,1.0,3,2,8,3.0,4.0,4.0,3.0,6.0,2.0,3.0,3.0,5,0.0,1,High
1.0,5.0,3.0,7.0,1.0,42.0,43.0,3.0,-0.909,2,2.0,3.0,1.0,5.0,3.0,3.0,3.0,3.0,3.0,3.0,1,2,1,3.0,3.0,3.0,3.0,3.0,1.0,2.0,3.0,2,6.0,0,Low
5.0,5.0,3.0,8.0,1.0,60.0,83.0,4.0,1.267,3,5.0,5.0,3.0,5.0,1.0,1.0,1.0,1.0,1.0,1.0,5,1,7,4.0,4.0,4.0,3.0,5.0,1.0,3.0,3.0,8,0.0,1,High
4.0,2.0,3.0,8.0,0.0,39.0,59.0,3.0,1.267,3,5.0,5.0,5.0,5.0,1.0,1.0,1.0,1.0,1.0,1.0,1,2,7,1.0,1.0,2.0,2.0,5.0,3.0,3.0,3.0,7,0.0,1,Medium
4.0,5.0,3.0,8.0,1.0,52.0,38.0,3.0,0.712,3,5.0,5.0,1.0,5.0,1.0,1.0,1.0,1.0,2.0,1.0,4,1,1,5.0,5.0,5.0,5.0,6.0,1.0,4.0,4.0,6,1.0,0,Low
5.0,4.0,4.0,2.0,1.0,46.0,26.0,3.0,0.712,3,5.0,3.0,2.0,5.0,1.0,1.0,1.0,1.0,1.0,1.0,5,3,8,5.0,5.0,5.0,5.0,6.0,2.0,3.0,3.0,2,0.0,0,Low
4.0,3.0,4.0,7.0,0.0,32.0,29.0,3.0,-1.215,1,4.0,3.0,1.0,3.0,2.0,2.0,1.0,3.0,1.0,1.0,3,5,8,2.0,3.0,4.0,2.0,2.0,3.0,3.0,3.0,3,3.0,0,Low
5.0,4.0,2.0,8.0,1.0,62.0,85.0,4.0,-0.188,3,5.0,5.0,5.0,5.0,1.0,1.0,1.0,1.0,1.0,1.0,2,2,8,3.0,4.0,4.0,3.0,6.0,1.0,4.0,4.0,8,0.0,1,High
4.0,3.0,5.0,7.0,0.0,56.0,30.0,3.0,0.242,2,5.0,5.0,1.0,5.0,3.0,3.0,3.0,3.0,1.0,1.0,3,5,3,5.0,4.0,2.0,3.0,2.0,3.0,4.0,2.0,1,4.0,0,Low
5.0,3.0,4.0,4.0,1.0,82.0,39.0,3.0,-0.909,2,4.0,3.0,4.0,3.0,1.0,1.0,1.0,1.0,1.0,1.0,2,4,3,4.0,4.0,4.0,2.0,2.0,2.0,2.0,2.0,2,0.0,0,Low
4.0,4.0,2.0,8.0,1.0,56.0,67.0,4.0,0.712,2,5.0,5.0,5.0,5.0,1.0,1.0,1.0,1.0,1.0,1.0,5,2,9,4.0,4.0,4.0,3.0,5.0,1.0,3.0,4.0,7,0.0,1,High
5.0,4.0,5.0,5.0,0.0,52.0,56.0,3.0,0.242,3,3.0,3.0,3.0,3.0,1.0,1.0,1.0,1.0,1.0,1.0,1,3,7,2.0,2.0,4.0,2.0,4.0,1.0,4.0,4.0,1,0.0,1,Medium
4.0,3.0,3.0,2.0,0.0,45.0,75.0,4.0,-0.188,3,5.0,5.0,5.0,3.0,1.0,1.0,1.0,1.0,1.0,1.0,2,1,7,1.0,3.0,3.0,2.0,6.0,2.0,3.0,4.0,5,0.0,1,High
3.0,2.0,5.0,2.0,1.0,50.0,31.0,1.0,-0.188,1,3.0,1.0,1.0,1.0,3.0,2.0,2.0,1.0,1.0,1.0,2,2,1,5.0,2.0,2.0,1.0,1.0,4.0,3.0,3.0,2,3.0,0,Low
3.0,2.0,2.0,7.0,0.0,31.0,36.0,3.0,1.267,3,5.0,3.0,1.0,5.0,1.0,1.0,2.0,2.0,1.0,1.0,3,3,8,4.0,4.0,2.0,2.0,2.0,2.0,2.0,2.0,4,2.0,0,Low
5.0,3.0,4.0,2.0,1.0,46.0,54.0,3.0,1.267,3,5.0,5.0,5.0,5.0,1.0,1.0,1.0,1.0,1.0,1.0,5,5,9,4.0,4.0,4.0,3.0,5.0,2.0,3.0,3.0,3,0.0,0,Medium
4.0,3.0,2.0,8.0,0.0,43.0,58.0,2.0,0.712,2,5.0,3.0,5.0,4.0,1.0,1.0,1.0,1.0,1.0,1.0,5,2,4,2.0,3.0,2.0,2.0,2.0,2.0,3.0,3.0,8,0.0,1,Medium
5.0,4.0,4.0,8.0,1.0,57.0,51.0,3.0,0.242,3,5.0,4.0,2.0,4.0,1.0,1.0,1.0,1.0,1.0,1.0,3,3,8,4.0,4.0,4.0,3.0,5.0,2.0,3.0,3.0,4,0.0,0,Medium
4.0,4.0,2.0,8.0,1.0,58.0,71.0,3.0,1.267,3,5.0,5.0,5.0,4.0,1.0,1.0,1.0,1.0,1.0,1.0,3,2,6,4.0,4.0,4.0,3.0,6.0,2.0,3.0,3.0,7,0.0,1,High
5.0,5.0,3.0,4.0,0.0,56.0,74.0,3.0,-1.215,2,5.0,5.0,5.0,5.0,1.0,1.0,1.0,1.0,1.0,1.0,2,3,2,4.0,4.0,4.0,4.0,4.0,2.0,3.0,3.0,2,0.0,1,High
5.0,5.0,2.0,8.0,1.0,57.0,62.0,4.0,0.712,2,5.0,5.0,5.0,5.0,1.0,1.0,1.0,1.0,1.0,1.0,2,2,3,2.0,4.0,4.0,4.0,6.0,2.0,3.0,3.0,6,0.0,1,High
4.0,3.0,3.0,2.0,1.0,47.0,59.0,3.0,0.712,3,5.0,3.0,5.0,2.0,1.0,1.0,1.0,1.0,1.0,1.0,4,1,5,3.0,4.0,4.0,4.0,4.0,2.0,3.0,3.0,2,0.0,1,Medium
3.0,3.0,3.0,2.0,0.0,34.0,39.0,2.0,0.242,2,3.0,3.0,3.0,3.0,3.0,2.0,3.0,2.0,1.0,2.0,3,5,1,2.0,2.0,2.0,2.0,4.0,3.0,2.0,3.0,3,5.0,0,Low
5.0,4.0,3.0,2.0,1.0,67.0,62.0,4.0,1.267,3,5.0,5.0,4.0,5.0,1.0,1.0,1.0,1.0,1.0,1.0,5,4,9,4.0,5.0,4.0,4.0,5.0,1.0,3.0,4.0,5,0.0,1,High
5.0,5.0,3.0,4.0,1.0,53.0,58.0,4.0,0.242,3,5.0,3.0,5.0,5.0,1.0,1.0,1.0,1.0,1.0,1.0,4,5,7,4.0,3.0,4.0,4.0,5.0,2.0,4.0,3.0,3,0.0,1,Medium
5.0,2.0,3.0,1.0,0.0,48.0,41.0,3.0,0.712,3,5.0,3.0,5.0,2.0,1.0,1.0,1.0,1.0,1.0,1.0,2,3,7,3.0,2.0,3.0,2.0,3.0,1.0,3.0,2.0,8,0.0,0,Low
2.0,2.0,5.0,2.0,1.0,28.0,30.0,2.0,0.242,3,3.0,2.0,1.0,3.0,2.0,1.0,1.0,1.0,1.0,2.0,2,1,9,2.0,4.0,4.0,2.0,2.0,2.0,2.0,2.0,2,2.0,0,Low
4.0,4.0,2.0,2.0,1.0,64.0,61.0,3.0,1.267,3,5.0,4.0,5.0,5.0,1.0,1.0,1.0,1.0,1.0,1.0,4,2,8,3.0,4.0,4.0,4.0,5.0,2.0,4.0,4.0,4,0.0,1,High
4.0,3.0,4.0,8.0,1.0,44.0,55.0,3.0,-0.188,2,4.0,4.0,4.0,5.0,1.0,1.0,1.0,1.0,1.0,1.0,2,3,6,4.0,4.0,5.0,3.0,5.0,3.0,3.0,3.0,6,0.0,1,Medium
4.0,3.0,2.0,4.0,0.0,35.0,67.0,4.0,0.712,3,5.0,5.0,5.0,3.0,1.0,1.0,1.0,1.0,1.0,1.0,4,2,8,4.0,3.0,4.0,2.0,4.0,2.0,3.0,3.0,6,0.0,1,High
3.0,4.0,2.0,5.0,,54.0,58.0,4.0,0.242,3,1.0,4.0,1.0,4.0,1.0,1.0,1.0,1.0,1.0,1.0,3,4,4,4.0,4.0,4.0,2.0,4.0,1.0,3.0,4.0,1,0.0,1,Medium
5.0,3.0,3.0,2.0,0.0,47.0,65.0,3.0,0.712,3,5.0,4.0,1.0,3.0,1.0,1.0,1.0,1.0,1.0,1.0,5,2,7,3.0,4.0,4.0,3.0,5.0,1.0,3.0,3.0,2,0.0,1,High
5.0,4.0,2.0,8.0,1.0,59.0,63.0,3.0,1.267,3,5.0,4.0,1.0,4.0,1.0,1.0,1.0,1.0,1.0,1.0,4,2,8,4.0,4.0,4.0,4.0,5.0,2.0,2.0,3.0,6,0.0,1,High
4.0,4.0,3.0,3.0,1.0,54.0,46.0,3.0,-0.188,3,5.0,4.0,5.0,5.0,1.0,1.0,1.0,1.0,1.0,1.0,3,1,6,4.0,4.0,4.0,4.0,6.0,2.0,3.0,3.0,6,0.0,0,Medium
3.0,3.0,3.0,6.0,0.0,40.0,53.0,3.0,-0.188,3,4.0,4.0,4.0,5.0,1.0,1.0,1.0,1.0,1.0,1.0,1,2,4,4.0,4.0,3.0,3.0,4.0,2.0,3.0,3.0,6,0.0,0,Medium
4.0,4.0,1.0,8.0,1.0,57.0,73.0,4.0,0.242,2,5.0,5.0,5.0,5.0,1.0,1.0,1.0,1.0,1.0,1.0,4,1,3,3.0,4.0,4.0,4.0,6.0,3.0,3.0,3.0,6,0.0,1,High
3.0,4.0,4.0,5.0,1.0,48.0,39.0,3.0,0.712,3,4.0,4.0,5.0,4.0,1.0,1.0,1.0,2.0,1.0,1.0,3,3,5,4.0,5.0,4.0,4.0,5.0,2.0,3.0,2.0,2,1.0,0,Low
3.0,3.0,5.0,7.0,0.0,49.0,19.0,3.0,1.267,3,3.0,3.0,3.0,3.0,3.0,3.0,3.0,3.0,3.0,3.0,3,1,1,4.0,4.0,4.0,4.0,4.0,1.0,4.0,4.0,6,6.0,0,Low
4.0,4.0,2.0,2.0,1.0,46.0,83.0,4.0,0.242,3,5.0,1.0,5.0,2.0,1.0,1.0,1.0,1.0,1.0,1.0,5,4,8,4.0,2.0,4.0,2.0,6.0,2.0,3.0,4.0,3,0.0,1,High
4.0,4.0,1.0,8.0,,70.0,79.0,4.0,0.242,3,5.0,4.0,5.0,4.0,1.0,1.0,1.0,1.0,1.0,1.0,4,2,8,5.0,5.0,5.0,5.0,5.0,1.0,3.0,3.0,8,0.0,1,High
4.0,3.0,5.0,5.0,1.0,41.0,45.0,3.0,-0.57,3,5.0,3.0,3.0,5.0,1.0,1.0,1.0,1.0,1.0,1.0,4,4,9,4.0,4.0,4.0,4.0,3.0,2.0,3.0,3.0,1,0.0,0,Medium
4.0,4.0,5.0,2.0,1.0,47.0,73.0,4.0,0.242,2,5.0,5.0,5.0,5.0,1.0,1.0,1.0,1.0,1.0,1.0,3,3,8,2.0,2.0,4.0,3.0,6.0,2.0,3.0,4.0,1,0.0,1,High
4.0,4.0,3.0,2.0,1.0,40.0,82.0,3.0,-0.909,2,5.0,5.0,5.0,5.0,1.0,1.0,1.0,1.0,1.0,1.0,2,2,6,5.0,4.0,4.0,3.0,6.0,3.0,3.0,3.0,4,0.0,1,High
4.0,3.0,4.0,2.0,1.0,39.0,51.0,3.0,-0.57,2,4.0,4.0,2.0,4.0,2.0,2.0,1.0,1.0,1.0,1.0,3,3,8,4.0,3.0,4.0,2.0,4.0,2.0,2.0,3.0,4,2.0,0,Medium
5.0,4.0,4.0,1.0,1.0,42.0,61.0,4.0,0.712,3,5.0,3.0,5.0,4.0,1.0,1.0,1.0,1.0,1.0,1.0,5,2,7,2.0,2.0,2.0,2.0,5.0,2.0,2.0,3.0,4,0.0,1,High
2.0,3.0,4.0,2.0,0.0,53.0,62.0,3.0,1.267,3,5.0,5.0,5.0,5.0,1.0,1.0,1.0,1.0,1.0,1.0,5,4,8,2.0,4.0,2.0,2.0,6.0,2.0,3.0,4.0,3,0.0,1,High
5.0,5.0,2.0,8.0,1.0,53.0,88.0,4.0,1.267,3,5.0,5.0,5.0,5.0,1.0,1.0,1.0,1.0,1.0,1.0,5,2,8,3.0,3.0,4.0,4.0,6.0,2.0,3.0,3.0,7,0.0,1,High
3.0,3.0,4.0,6.0,0.0,51.0,45.0,3.0,-0.909,1,5.0,4.0,5.0,5.0,1.0,1.0,2.0,1.0,1.0,1.0,3,5,7,4.0,3.0,3.0,3.0,5.0,1.0,3.0,3.0,2,1.0,0,Medium
4.0,5.0,1.0,1.0,0.0,62.0,35.0,2.0,-1.215,0,5.0,4.0,4.0,5.0,3.0,2.0,2.0,2.0,3.0,2.0,2,2,1,4.0,4.0,5.0,3.0,5.0,3.0,4.0,4.0,1,6.0,0,Low
5.0,4.0,4.0,8.0,0.0,53.0,57.0,3.0,0.242,2,5.0,5.0,5.0,5.0,1.0,1.0,1.0,1.0,1.0,1.0,3,2,4,3.0,4.0,4.0,4.0,4.0,1.0,,3.0,8,0.0,1,Medium
5.0,4.0,5.0,6.0,0.0,42.0,53.0,3.0,0.712,2,5.0,4.0,5.0,2.0,1.0,1.0,1.0,1.0,3.0,1.0,3,5,3,3.0,3.0,3.0,1.0,5.0,2.0,4.0,3.0,4,1.0,0,Medium
5.0,4.0,2.0,2.0,1.0,54.0,55.0,3.0,0.712,3,5.0,3.0,5.0,3.0,1.0,1.0,1.0,1.0,1.0,1.0,4,2,7,2.0,3.0,3.0,3.0,4.0,2.0,3.0,3.0,3,0.0,1,Medium
4.0,3.0,2.0,8.0,0.0,42.0,77.0,3.0,0.242,2,5.0,5.0,5.0,5.0,1.0,1.0,1.0,1.0,1.0,1.0,2,1,3,2.0,3.0,2.0,2.0,5.0,2.0,2.0,3.0,8,0.0,1,High
4.0,4.0,3.0,3.0,1.0,56.0,60.0,4.0,-1.215,1,5.0,5.0,5.0,5.0,1.0,1.0,1.0,1.0,1.0,1.0,2,2,8,4.0,4.0,4.0,4.0,5.0,2.0,3.0,3.0,4,0.0,1,Medium
5.0,4.0,1.0,2.0,0.0,74.0,72.0,4.0,-0.188,3,5.0,4.0,5.0,5.0,1.0,1.0,1.0,1.0,1.0,1.0,2,1,4,4.0,4.0,4.0,2.0,6.0,1.0,4.0,4.0,4,0.0,1,High
4.0,3.0,4.0,8.0,1.0,46.0,49.0,3.0,-0.188,3,5.0,3.0,1.0,4.0,1.0,1.0,1.0,1.0,1.0,1.0,2,1,4,4.0,3.0,3.0,2.0,3.0,2.0,2.0,2.0,6,0.0,0,Medium
4.0,4.0,3.0,8.0,1.0,60.0,65.0,3.0,0.242,3,5.0,5.0,4.0,4.0,1.0,1.0,1.0,1.0,1.0,1.0,5,1,6,4.0,4.0,4.0,4.0,6.0,2.0,3.0,3.0,6,0.0,1,High
4.0,2.0,3.0,2.0,1.0,44.0,50.0,3.0,-0.909,2,3.0,2.0,1.0,4.0,2.0,1.0,1.0,1.0,1.0,1.0,2,2,8,3.0,4.0,5.0,3.0,3.0,2.0,3.0,3.0,5,1.0,0,Medium
5.0,4.0,3.0,5.0,1.0,45.0,54.0,3.0,-0.909,2,5.0,4.0,5.0,5.0,1.0,1.0,1.0,1.0,1.0,1.0,3,3,8,4.0,2.0,3.0,3.0,4.0,2.0,3.0,4.0,1,0.0,0,Medium
3.0,3.0,4.0,5.0,0.0,34.0,52.0,2.0,-1.485,1,2.0,2.0,3.0,3.0,1.0,1.0,1.0,1.0,1.0,1.0,2,4,8,3.0,3.0,2.0,2.0,4.0,3.0,2.0,3.0,1,0.0,0,Medium
5.0,4.0,3.0,3.0,1.0,43.0,65.0,3.0,0.712,3,5.0,5.0,5.0,5.0,1.0,1.0,1.0,1.0,1.0,1.0,5,2,9,4.0,3.0,4.0,3.0,5.0,2.0,2.0,2.0,6,0.0,1,High
4.0,4.0,3.0,2.0,1.0,53.0,53.0,4.0,-0.57,3,5.0,4.0,5.0,5.0,1.0,1.0,1.0,1.0,1.0,1.0,5,2,9,3.0,3.0,3.0,3.0,5.0,3.0,3.0,3.0,3,0.0,0,Medium
5.0,5.0,4.0,2.0,1.0,69.0,83.0,4.0,1.267,3,5.0,5.0,5.0,5.0,1.0,1.0,1.0,1.0,1.0,1.0,4,5,8,5.0,5.0,5.0,4.0,6.0,1.0,4.0,4.0,2,0.0,1,High
4.0,3.0,2.0,3.0,1.0,42.0,56.0,3.0,-0.188,3,5.0,4.0,3.0,2.0,1.0,1.0,1.0,1.0,1.0,1.0,5,3,8,2.0,3.0,2.0,2.0,4.0,2.0,3.0,3.0,3,0.0,1,Medium
5.0,5.0,3.0,2.0,1.0,66.0,71.0,3.0,0.712,3,5.0,5.0,5.0,5.0,1.0,1.0,1.0,1.0,1.0,1.0,3,1,5,5.0,5.0,5.0,5.0,6.0,1.0,3.0,4.0,6,0.0,1,High
3.0,3.0,4.0,1.0,0.0,40.0,57.0,3.0,-0.188,3,3.0,2.0,1.0,3.0,1.0,1.0,1.0,1.0,1.0,1.0,2,2,7,2.0,2.0,2.0,2.0,3.0,2.0,3.0,3.0,5,0.0,1,Medium
5.0,4.0,3.0,8.0,0.0,52.0,44.0,3.0,0.242,2,5.0,5.0,3.0,5.0,1.0,1.0,1.0,1.0,1.0,1.0,3,1,2,4.0,5.0,4.0,3.0,3.0,2.0,3.0,2.0,6,0.0,0,Medium
4.0,4.0,3.0,8.0,0.0,55.0,70.0,4.0,-1.485,2,5.0,5.0,5.0,5.0,1.0,1.0,1.0,1.0,1.0,1.0,2,1,2,4.0,4.0,4.0,4.0,5.0,3.0,2.0,3.0,8,0.0,1,High
5.0,4.0,3.0,2.0,1.0,56.0,58.0,4.0,-0.188,3,5.0,4.0,3.0,4.0,1.0,1.0,1.0,1.0,1.0,1.0,4,2,7,5.0,4.0,5.0,3.0,6.0,2.0,3.0,3.0,2,0.0,1,Medium
3.0,3.0,4.0,2.0,1.0,41.0,45.0,3.0,-0.909,1,4.0,3.0,2.0,3.0,2.0,2.0,2.0,1.0,1.0,2.0,3,1,3,4.0,4.0,4.0,4.0,3.0,3.0,2.0,3.0,2,4.0,0,Medium
3.0,3.0,3.0,2.0,0.0,41.0,57.0,3.0,-0.909,2,5.0,3.0,4.0,4.0,1.0,1.0,1.0,1.0,1.0,1.0,4,4,8,4.0,3.0,4.0,3.0,4.0,3.0,3.0,3.0,4,0.0,1,Medium
4.0,1.0,2.0,2.0,1.0,38.0,29.0,2.0,0.712,3,5.0,2.0,2.0,5.0,2.0,2.0,2.0,1.0,1.0,1.0,3,2,9,4.0,4.0,4.0,3.0,5.0,1.0,1.0,2.0,4,3.0,0,Low
5.0,4.0,3.0,2.0,1.0,46.0,53.0,2.0,0.712,3,5.0,5.0,5.0,5.0,1.0,1.0,1.0,1.0,1.0,1.0,5,1,8,4.0,3.0,4.0,3.0,6.0,2.0,2.0,3.0,4,0.0,0,Medium
5.0,4.0,4.0,8.0,1.0,52.0,60.0,3.0,-1.485,0,5.0,4.0,4.0,4.0,1.0,2.0,1.0,1.0,1.0,1.0,3,1,2,4.0,4.0,4.0,4.0,4.0,3.0,3.0,3.0,7,1.0,1,Medium
5.0,5.0,1.0,2.0,1.0,85.0,81.0,4.0,-1.485,1,5.0,5.0,1.0,5.0,1.0,1.0,1.0,1.0,1.0,1.0,2,5,5,5.0,5.0,5.0,5.0,6.0,1.0,4.0,4.0,3,0.0,1,High
5.0,4.0,3.0,2.0,1.0,65.0,59.0,4.0,-0.57,3,5.0,4.0,1.0,5.0,1.0,1.0,1.0,1.0,1.0,1.0,3,5,6,5.0,5.0,5.0,5.0,6.0,1.0,3.0,4.0,2,0.0,1,Medium
5.0,4.0,3.0,2.0,1.0,47.0,72.0,4.0,0.242,3,5.0,4.0,5.0,4.0,1.0,1.0,1.0,1.0,1.0,1.0,4,1,9,3.0,3.0,4.0,4.0,5.0,2.0,3.0,4.0,6,0.0,1,High
4.0,2.0,5.0,8.0,1.0,45.0,34.0,2.0,0.242,3,3.0,3.0,3.0,3.0,2.0,1.0,1.0,1.0,1.0,1.0,3,2,9,4.0,2.0,1.0,1.0,3.0,4.0,3.0,3.0,5,1.0,0,Low
5.0,4.0,2.0,8.0,1.0,54.0,54.0,4.0,0.242,3,5.0,4.0,5.0,5.0,1.0,1.0,1.0,1.0,1.0,1.0,3,2,4,5.0,4.0,4.0,4.0,5.0,3.0,3.0,3.0,7,0.0,0,Medium
5.0,4.0,5.0,1.0,0.0,61.0,67.0,4.0,1.267,3,5.0,4.0,4.0,5.0,1.0,1.0,1.0,1.0,1.0,1.0,4,1,2,1.0,1.0,3.0,1.0,4.0,2.0,3.0,4.0,7,0.0,1,High
5.0,5.0,1.0,8.0,0.0,57.0,68.0,3.0,0.242,2,5.0,4.0,5.0,5.0,1.0,1.0,1.0,1.0,1.0,1.0,2,2,5,3.0,3.0,3.0,3.0,4.0,3.0,3.0,3.0,7,0.0,1,High
4.0,4.0,2.0,2.0,1.0,44.0,50.0,4.0,0.242,3,4.0,5.0,1.0,4.0,1.0,1.0,1.0,1.0,1.0,1.0,3,5,8,5.0,5.0,4.0,4.0,2.0,2.0,3.0,3.0,3,0.0,0,Medium
5.0,4.0,5.0,1.0,1.0,52.0,35.0,3.0,-1.9,1,2.0,4.0,3.0,4.0,2.0,3.0,1.0,2.0,2.0,2.0,4,2,9,3.0,5.0,4.0,3.0,4.0,4.0,3.0,3.0,3,5.0,0,Low
4.0,4.0,3.0,8.0,1.0,57.0,79.0,4.0,1.267,3,5.0,5.0,5.0,5.0,1.0,1.0,1.0,1.0,1.0,1.0,5,2,9,4.0,4.0,4.0,4.0,5.0,1.0,3.0,3.0,7,0.0,1,High
4.0,3.0,2.0,2.0,1.0,44.0,46.0,3.0,-0.57,2,5.0,4.0,1.0,5.0,1.0,1.0,1.0,1.0,1.0,1.0,3,2,3,4.0,4.0,4.0,3.0,4.0,2.0,3.0,3.0,2,0.0,0,Medium
5.0,5.0,3.0,8.0,0.0,55.0,72.0,3.0,0.712,2,5.0,4.0,5.0,5.0,1.0,1.0,1.0,1.0,1.0,1.0,2,1,4,5.0,4.0,3.0,4.0,4.0,3.0,2.0,3.0,8,0.0,1,High
5.0,3.0,3.0,1.0,1.0,40.0,56.0,3.0,-0.188,2,5.0,4.0,5.0,5.0,1.0,1.0,1.0,2.0,1.0,1.0,3,5,6,4.0,4.0,4.0,4.0,4.0,3.0,3.0,3.0,3,1.0,1,Medium
3.0,4.0,4.0,6.0,1.0,48.0,37.0,3.0,1.267,3,3.0,3.0,4.0,2.0,2.0,2.0,1.0,1.0,1.0,1.0,3,2,1,4.0,4.0,3.0,3.0,4.0,2.0,3.0,2.0,4,2.0,0,Low
3.0,3.0,3.0,5.0,0.0,55.0,53.0,3.0,-1.215,3,5.0,4.0,4.0,5.0,1.0,1.0,1.0,1.0,1.0,1.0,3,2,3,4.0,4.0,4.0,4.0,5.0,2.0,3.0,3.0,2,0.0,0,Medium
5.0,5.0,2.0,2.0,1.0,62.0,69.0,4.0,-0.57,1,4.0,4.0,4.0,5.0,1.0,1.0,1.0,1.0,1.0,1.0,3,1,8,5.0,5.0,5.0,5.0,5.0,3.0,3.0,3.0,4,0.0,1,High
4.0,4.0,4.0,2.0,1.0,48.0,55.0,3.0,0.242,3,5.0,4.0,5.0,4.0,1.0,1.0,1.0,1.0,1.0,1.0,4,2,9,5.0,4.0,4.0,4.0,6.0,2.0,3.0,3.0,5,0.0,1,Medium
4.0,3.0,5.0,4.0,1.0,49.0,27.0,1.0,-0.188,3,2.0,2.0,1.0,4.0,2.0,1.0,1.0,2.0,2.0,2.0,3,3,7,4.0,4.0,4.0,4.0,2.0,1.0,4.0,3.0,4,4.0,0,Low
5.0,4.0,4.0,1.0,1.0,56.0,50.0,3.0,1.267,3,5.0,4.0,3.0,5.0,1.0,1.0,1.0,1.0,1.0,1.0,4,2,9,4.0,4.0,4.0,3.0,5.0,1.0,3.0,3.0,4,0.0,0,Medium
4.0,3.0,4.0,2.0,1.0,44.0,56.0,3.0,-0.57,2,4.0,3.0,2.0,4.0,1.0,1.0,1.0,1.0,1.0,1.0,2,1,3,4.0,4.0,4.0,2.0,3.0,1.0,2.0,3.0,6,0.0,1,Medium
2.0,2.0,3.0,8.0,0.0,20.0,81.0,3.0,-0.57,3,5.0,5.0,5.0,2.0,1.0,1.0,1.0,1.0,1.0,1.0,2,2,7,2.0,3.0,3.0,3.0,6.0,3.0,3.0,3.0,7,0.0,1,High
5.0,5.0,5.0,2.0,1.0,60.0,60.0,4.0,0.712,3,5.0,5.0,5.0,4.0,1.0,1.0,1.0,1.0,1.0,1.0,4,2,9,5.0,4.0,4.0,3.0,6.0,2.0,3.0,3.0,3,0.0,1,Medium
3.0,3.0,2.0,6.0,1.0,44.0,51.0,4.0,0.712,3,5.0,4.0,3.0,5.0,1.0,1.0,1.0,1.0,1.0,1.0,3,2,6,4.0,4.0,4.0,4.0,5.0,1.0,3.0,4.0,6,0.0,0,Medium
4.0,4.0,3.0,1.0,1.0,57.0,48.0,4.0,-0.57,2,5.0,5.0,5.0,5.0,1.0,1.0,1.0,1.0,1.0,1.0,5,1,1,4.0,3.0,3.0,3.0,6.0,4.0,4.0,4.0,3,0.0,0,Medium
4.0,4.0,2.0,8.0,0.0,61.0,77.0,4.0,0.712,3,5.0,5.0,5.0,5.0,1.0,1.0,1.0,1.0,1.0,1.0,3,2,5,2.0,2.0,4.0,2.0,5.0,1.0,3.0,3.0,8,0.0,1,High
5.0,5.0,4.0,2.0,1.0,45.0,54.0,3.0,-0.57,1,4.0,4.0,3.0,4.0,2.0,1.0,1.0,1.0,2.0,1.0,3,3,6,4.0,4.0,4.0,4.0,5.0,2.0,2.0,4.0,1,2.0,0,Medium
4.0,4.0,5.0,2.0,1.0,47.0,58.0,4.0,0.712,3,5.0,1.0,5.0,2.0,1.0,1.0,1.0,1.0,1.0,1.0,5,4,9,2.0,4.0,4.0,4.0,6.0,1.0,2.0,3.0,2,0.0,1,Medium
5.0,5.0,2.0,8.0,1.0,68.0,81.0,4.0,1.267,3,5.0,4.0,5.0,5.0,1.0,1.0,1.0,1.0,1.0,1.0,5,2,9,5.0,5.0,4.0,5.0,6.0,2.0,3.0,3.0,8,0.0,1,High
5.0,4.0,5.0,2.0,1.0,56.0,67.0,4.0,0.242,3,4.0,4.0,4.0,2.0,1.0,1.0,1.0,1.0,1.0,1.0,4,4,9,5.0,4.0,4.0,2.0,5.0,2.0,3.0,4.0,4,0.0,1,High
5.0,3.0,3.0,8.0,0.0,43.0,57.0,2.0,1.267,3,5.0,4.0,5.0,5.0,1.0,1.0,1.0,1.0,1.0,1.0,5,2,8,2.0,2.0,3.0,2.0,5.0,2.0,3.0,3.0,7,0.0,1,Medium
5.0,4.0,3.0,2.0,1.0,65.0,70.0,4.0,1.267,3,5.0,4.0,5.0,4.0,1.0,1.0,1.0,1.0,1.0,1.0,4,4,7,4.0,4.0,4.0,3.0,6.0,2.0,4.0,3.0,2,0.0,1,High
4.0,3.0,3.0,2.0,0.0,46.0,56.0,4.0,-0.188,3,5.0,5.0,2.0,4.0,1.0,1.0,1.0,1.0,1.0,1.0,2,1,4,4.0,4.0,4.0,3.0,6.0,1.0,4.0,3.0,7,0.0,1,Medium
5.0,5.0,2.0,3.0,1.0,56.0,37.0,3.0,-0.57,3,5.0,5.0,3.0,4.0,2.0,2.0,1.0,2.0,1.0,1.0,3,3,1,5.0,5.0,4.0,4.0,2.0,2.0,3.0,4.0,4,3.0,0,Low
4.0,3.0,3.0,2.0,1.0,38.0,53.0,4.0,0.242,3,5.0,3.0,2.0,2.0,1.0,1.0,1.0,1.0,1.0,1.0,3,2,8,3.0,4.0,3.0,3.0,4.0,2.0,3.0,3.0,5,0.0,0,Medium
5.0,3.0,3.0,2.0,1.0,53.0,69.0,4.0,1.267,3,5.0,4.0,5.0,5.0,1.0,1.0,1.0,1.0,1.0,1.0,3,3,9,5.0,4.0,4.0,3.0,3.0,2.0,2.0,3.0,5,0.0,1,High
5.0,3.0,2.0,2.0,1.0,51.0,57.0,3.0,0.712,3,5.0,5.0,5.0,5.0,1.0,1.0,1.0,1.0,1.0,1.0,2,2,5,4.0,4.0,4.0,3.0,5.0,2.0,4.0,4.0,4,0.0,1,Medium
4.0,4.0,3.0,8.0,1.0,40.0,53.0,3.0,-0.57,2,5.0,4.0,5.0,5.0,1.0,1.0,1.0,1.0,1.0,1.0,3,2,6,4.0,4.0,4.0,4.0,4.0,2.0,2.0,2.0,8,0.0,0,Medium
4.0,5.0,2.0,8.0,0.0,63.0,89.0,4.0,-0.188,3,5.0,5.0,5.0,5.0,1.0,1.0,1.0,1.0,1.0,1.0,4,2,2,1.0,2.0,3.0,2.0,6.0,1.0,3.0,3.0,8,0.0,1,High
4.0,4.0,1.0,8.0,0.0,48.0,58.0,3.0,0.242,3,5.0,5.0,5.0,5.0,1.0,1.0,1.0,1.0,1.0,1.0,5,1,3,4.0,3.0,3.0,3.0,5.0,2.0,3.0,3.0,7,0.0,1,Medium
5.0,5.0,4.0,2.0,1.0,71.0,63.0,3.0,0.712,3,5.0,4.0,2.0,3.0,1.0,1.0,1.0,1.0,1.0,1.0,3,2,9,3.0,3.0,5.0,3.0,6.0,1.0,3.0,4.0,6,0.0,1,High
5.0,5.0,4.0,2.0,1.0,69.0,55.0,4.0,-0.188,2,5.0,5.0,5.0,5.0,1.0,1.0,1.0,1.0,2.0,1.0,3,2,8,4.0,4.0,4.0,4.0,6.0,1.0,3.0,3.0,5,1.0,1,Medium
3.0,4.0,3.0,8.0,1.0,44.0,53.0,3.0,0.242,3,5.0,4.0,5.0,4.0,1.0,1.0,1.0,2.0,2.0,1.0,5,3,9,4.0,4.0,3.0,3.0,5.0,3.0,2.0,3.0,7,2.0,0,Medium
5.0,3.0,2.0,2.0,0.0,35.0,69.0,3.0,0.242,3,5.0,4.0,5.0,1.0,1.0,1.0,1.0,1.0,1.0,1.0,2,4,7,2.0,2.0,2.0,1.0,5.0,3.0,2.0,3.0,3,0.0,1,High
5.0,3.0,4.0,3.0,0.0,50.0,59.0,4.0,0.712,3,5.0,4.0,1.0,4.0,1.0,1.0,1.0,1.0,2.0,1.0,5,1,2,4.0,2.0,2.0,2.0,2.0,2.0,2.0,2.0,2,1.0,1,Medium
4.0,4.0,4.0,2.0,0.0,62.0,63.0,4.0,0.712,3,5.0,4.0,4.0,2.0,1.0,1.0,1.0,1.0,1.0,1.0,5,3,9,4.0,4.0,4.0,4.0,6.0,2.0,3.0,3.0,4,0.0,1,High
4.0,4.0,3.0,2.0,0.0,46.0,51.0,4.0,0.712,3,5.0,4.0,5.0,5.0,1.0,1.0,1.0,1.0,1.0,1.0,5,1,8,4.0,3.0,3.0,2.0,6.0,2.0,3.0,3.0,4,0.0,0,Medium
5.0,4.0,3.0,3.0,1.0,59.0,51.0,4.0,-0.188,3,5.0,4.0,3.0,5.0,2.0,1.0,1.0,2.0,1.0,1.0,3,5,4,4.0,4.0,4.0,4.0,6.0,2.0,3.0,4.0,3,2.0,0,Medium
3.0,2.0,5.0,2.0,1.0,31.0,41.0,2.0,-0.909,2,2.0,3.0,1.0,3.0,2.0,2.0,1.0,2.0,1.0,1.0,3,3,2,4.0,4.0,4.0,2.0,2.0,2.0,3.0,2.0,3,3.0,0,Low
4.0,4.0,3.0,1.0,1.0,55.0,54.0,4.0,0.242,3,5.0,4.0,4.0,5.0,1.0,1.0,1.0,1.0,1.0,1.0,1,4,4,4.0,4.0,4.0,4.0,5.0,1.0,3.0,3.0,4,0.0,0,Medium
4.0,4.0,3.0,3.0,1.0,49.0,54.0,4.0,0.242,3,5.0,3.0,5.0,4.0,1.0,1.0,1.0,1.0,1.0,1.0,5,3,7,4.0,4.0,4.0,3.0,6.0,2.0,3.0,3.0,4,0.0,0,Medium
5.0,3.0,2.0,8.0,1.0,42.0,31.0,2.0,0.242,3,5.0,3.0,1.0,5.0,2.0,2.0,1.0,3.0,3.0,1.0,3,2,5,4.0,4.0,4.0,3.0,4.0,2.0,3.0,3.0,5,4.0,0,Low
5.0,4.0,1.0,8.0,1.0,35.0,45.0,3.0,0.712,3,5.0,4.0,5.0,5.0,1.0,1.0,1.0,1.0,1.0,1.0,3,2,9,4.0,4.0,4.0,4.0,5.0,1.0,3.0,3.0,6,0.0,0,Medium
3.0,3.0,5.0,2.0,1.0,42.0,51.0,3.0,0.242,3,3.0,3.0,5.0,3.0,2.0,2.0,2.0,2.0,2.0,1.0,4,1,6,3.0,3.0,4.0,3.0,5.0,3.0,3.0,3.0,3,5.0,0,Medium
5.0,4.0,5.0,2.0,1.0,65.0,57.0,3.0,1.267,3,5.0,4.0,4.0,5.0,1.0,1.0,1.0,1.0,1.0,1.0,5,2,9,4.0,4.0,5.0,3.0,4.0,2.0,3.0,4.0,3,0.0,1,Medium
5.0,5.0,5.0,2.0,1.0,76.0,67.0,4.0,0.712,3,5.0,4.0,5.0,5.0,1.0,1.0,1.0,1.0,1.0,1.0,4,2,9,2.0,5.0,5.0,5.0,6.0,2.0,3.0,4.0,3,0.0,1,High
4.0,4.0,3.0,3.0,1.0,57.0,58.0,4.0,0.242,3,5.0,5.0,5.0,5.0,1.0,1.0,1.0,1.0,1.0,1.0,5,3,9,4.0,4.0,4.0,4.0,6.0,2.0,3.0,3.0,2,0.0,1,Medium
5.0,5.0,2.0,8.0,1.0,70.0,82.0,4.0,-0.188,3,5.0,5.0,5.0,5.0,1.0,1.0,1.0,1.0,1.0,1.0,2,1,9,5.0,5.0,5.0,5.0,6.0,1.0,4.0,4.0,8,0.0,1,High
5.0,5.0,2.0,4.0,1.0,53.0,55.0,4.0,-0.188,2,5.0,5.0,5.0,5.0,1.0,1.0,1.0,1.0,1.0,1.0,3,4,1,5.0,5.0,5.0,4.0,6.0,2.0,4.0,3.0,3,0.0,1,Medium
5.0,3.0,4.0,8.0,1.0,53.0,58.0,3.0,0.242,3,5.0,5.0,5.0,5.0,1.0,1.0,1.0,1.0,1.0,1.0,5,2,7,4.0,4.0,4.0,3.0,4.0,2.0,2.0,3.0,6,0.0,1,Medium
5.0,4.0,3.0,3.0,1.0,45.0,74.0,4.0,1.267,3,4.0,4.0,5.0,2.0,1.0,1.0,1.0,1.0,1.0,1.0,5,2,9,3.0,4.0,4.0,3.0,5.0,1.0,3.0,3.0,6,0.0,1,High
5.0,3.0,5.0,3.0,1.0,46.0,55.0,3.0,0.242,3,5.0,4.0,5.0,2.0,1.0,1.0,1.0,1.0,1.0,1.0,5,4,9,2.0,2.0,4.0,2.0,5.0,2.0,3.0,3.0,4,0.0,1,Medium
5.0,5.0,3.0,8.0,1.0,65.0,64.0,4.0,0.712,3,5.0,5.0,5.0,5.0,1.0,1.0,1.0,1.0,2.0,1.0,3,4,9,5.0,5.0,5.0,4.0,6.0,1.0,3.0,4.0,4,1.0,1,High
4.0,3.0,4.0,8.0,0.0,43.0,54.0,3.0,0.712,3,5.0,4.0,5.0,5.0,1.0,1.0,1.0,1.0,1.0,1.0,4,2,5,4.0,4.0,3.0,2.0,5.0,2.0,3.0,3.0,6,0.0,0,Medium
5.0,5.0,2.0,8.0,1.0,71.0,85.0,4.0,1.267,3,5.0,5.0,5.0,5.0,1.0,1.0,1.0,1.0,1.0,1.0,3,2,5,5.0,5.0,5.0,5.0,6.0,1.0,3.0,3.0,8,0.0,1,High
4.0,4.0,2.0,2.0,0.0,55.0,70.0,3.0,0.712,3,5.0,1.0,5.0,4.0,1.0,1.0,1.0,1.0,1.0,1.0,3,5,9,3.0,3.0,4.0,3.0,5.0,2.0,3.0,3.0,3,0.0,1,High
5.0,5.0,3.0,8.0,0.0,72.0,95.0,4.0,0.242,3,5.0,5.0,5.0,5.0,1.0,1.0,1.0,1.0,1.0,1.0,5,2,5,3.0,5.0,5.0,4.0,6.0,1.0,3.0,4.0,7,0.0,1,High
5.0,4.0,4.0,4.0,1.0,52.0,55.0,3.0,-0.57,2,5.0,5.0,1.0,5.0,3.0,3.0,1.0,2.0,2.0,1.0,2,4,1,5.0,4.0,4.0,3.0,4.0,3.0,2.0,3.0,2,4.0,1,Medium
5.0,4.0,3.0,2.0,1.0,65.0,63.0,4.0,1.267,3,5.0,4.0,5.0,5.0,1.0,1.0,1.0,1.0,1.0,1.0,5,2,8,4.0,5.0,5.0,5.0,6.0,2.0,3.0,3.0,6,0.0,1,High
5.0,5.0,3.0,2.0,1.0,45.0,64.0,4.0,0.242,3,5.0,5.0,5.0,5.0,1.0,1.0,1.0,1.0,1.0,1.0,2,4,5,5.0,4.0,4.0,3.0,6.0,1.0,3.0,3.0,3,0.0,1,High
5.0,5.0,4.0,2.0,0.0,33.0,33.0,3.0,-1.713,1,4.0,4.0,1.0,4.0,3.0,3.0,2.0,3.0,3.0,1.0,2,3,2,5.0,5.0,5.0,5.0,6.0,3.0,4.0,2.0,2,5.0,0,Low
5.0,5.0,4.0,4.0,1.0,82.0,62.0,3.0,-0.188,3,5.0,4.0,4.0,3.0,1.0,1.0,1.0,2.0,2.0,1.0,2,5,5,5.0,5.0,5.0,4.0,4.0,2.0,3.0,4.0,1,2.0,1,High
5.0,3.0,2.0,3.0,1.0,29.0,44.0,3.0,1.267,3,5.0,4.0,4.0,5.0,1.0,1.0,1.0,1.0,1.0,1.0,2,4,9,4.0,2.0,4.0,3.0,1.0,2.0,2.0,3.0,5,0.0,0,Medium
4.0,4.0,2.0,8.0,0.0,50.0,65.0,4.0,0.712,3,5.0,5.0,5.0,5.0,1.0,1.0,1.0,1.0,1.0,1.0,5,3,9,4.0,4.0,4.0,3.0,5.0,4.0,4.0,4.0,7,0.0,1,High
5.0,5.0,2.0,2.0,1.0,70.0,72.0,4.0,0.242,3,5.0,5.0,5.0,5.0,1.0,1.0,1.0,1.0,1.0,1.0,4,2,9,5.0,5.0,5.0,5.0,6.0,1.0,2.0,4.0,2,0.0,1,High
5.0,5.0,3.0,8.0,1.0,67.0,76.0,4.0,0.242,3,5.0,4.0,5.0,5.0,1.0,1.0,1.0,1.0,1.0,1.0,5,2,7,4.0,4.0,4.0,4.0,6.0,1.0,3.0,3.0,6,0.0,1,High
5.0,4.0,2.0,4.0,1.0,61.0,61.0,4.0,-0.57,2,5.0,4.0,5.0,4.0,1.0,1.0,1.0,1.0,1.0,1.0,2,4,3,4.0,4.0,5.0,4.0,5.0,2.0,3.0,3.0,2,0.0,1,High
5.0,3.0,4.0,2.0,1.0,53.0,67.0,4.0,0.712,3,5.0,4.0,5.0,5.0,1.0,1.0,1.0,1.0,1.0,1.0,5,2,8,3.0,2.0,4.0,2.0,6.0,2.0,2.0,3.0,2,0.0,1,High
4.0,3.0,3.0,4.0,1.0,34.0,55.0,3.0,-1.485,2,5.0,4.0,5.0,5.0,2.0,2.0,1.0,1.0,1.0,1.0,3,5,8,4.0,4.0,4.0,4.0,6.0,3.0,2.0,2.0,2,2.0,1,Medium
5.0,3.0,1.0,8.0,1.0,50.0,48.0,3.0,-0.188,2,5.0,4.0,1.0,4.0,1.0,1.0,1.0,1.0,1.0,1.0,4,2,6,5.0,4.0,4.0,5.0,1.0,1.0,3.0,3.0,8,0.0,0,Medium
4.0,4.0,2.0,2.0,1.0,85.0,79.0,4.0,0.242,3,5.0,5.0,5.0,5.0,1.0,1.0,1.0,1.0,1.0,1.0,2,3,7,2.0,3.0,5.0,5.0,6.0,1.0,3.0,4.0,5,0.0,1,High
5.0,3.0,2.0,8.0,0.0,47.0,69.0,3.0,-0.57,3,5.0,2.0,1.0,5.0,1.0,1.0,1.0,1.0,1.0,1.0,3,2,2,4.0,4.0,4.0,3.0,4.0,3.0,2.0,3.0,6,0.0,1,High
4.0,3.0,2.0,8.0,1.0,44.0,55.0,3.0,0.712,3,4.0,3.0,3.0,4.0,1.0,1.0,1.0,1.0,1.0,1.0,4,2,8,4.0,4.0,4.0,3.0,4.0,3.0,3.0,3.0,6,0.0,1,Medium
4.0,3.0,4.0,2.0,0.0,41.0,54.0,2.0,0.712,3,5.0,4.0,1.0,5.0,1.0,1.0,1.0,1.0,1.0,1.0,2,2,7,4.0,4.0,3.0,3.0,2.0,3.0,2.0,2.0,4,0.0,0,Medium
4.0,3.0,3.0,8.0,1.0,51.0,59.0,3.0,0.712,3,5.0,5.0,5.0,5.0,1.0,1.0,1.0,1.0,1.0,1.0,1,2,4,3.0,4.0,3.0,4.0,5.0,2.0,3.0,3.0,7,0.0,1,Medium
5.0,4.0,3.0,7.0,1.0,45.0,56.0,3.0,-0.188,3,5.0,4.0,4.0,3.0,1.0,1.0,1.0,1.0,1.0,1.0,4,3,3,2.0,3.0,4.0,3.0,5.0,1.0,3.0,4.0,1,0.0,1,Medium
2.0,4.0,2.0,8.0,0.0,59.0,80.0,4.0,1.267,3,5.0,5.0,5.0,3.0,1.0,1.0,1.0,1.0,1.0,1.0,5,2,4,1.0,1.0,4.0,2.0,6.0,1.0,3.0,3.0,8,0.0,1,High
5.0,2.0,4.0,2.0,0.0,53.0,53.0,3.0,1.267,3,5.0,1.0,1.0,3.0,1.0,1.0,1.0,1.0,1.0,1.0,4,1,1,2.0,2.0,2.0,2.0,2.0,2.0,3.0,3.0,3,0.0,0,Medium
4.0,4.0,4.0,2.0,1.0,38.0,61.0,3.0,0.242,2,5.0,3.0,4.0,3.0,1.0,1.0,1.0,1.0,1.0,1.0,5,2,9,4.0,2.0,4.0,2.0,4.0,2.0,3.0,4.0,2,0.0,1,High
5.0,5.0,3.0,8.0,1.0,58.0,63.0,4.0,-0.188,3,5.0,5.0,5.0,5.0,1.0,1.0,1.0,1.0,1.0,1.0,2,3,8,5.0,5.0,5.0,5.0,6.0,1.0,3.0,3.0,8,0.0,1,High
4.0,4.0,4.0,2.0,1.0,58.0,60.0,3.0,0.242,2,5.0,4.0,5.0,5.0,1.0,1.0,1.0,1.0,1.0,1.0,4,1,6,4.0,4.0,4.0,4.0,6.0,2.0,3.0,4.0,2,0.0,1,Medium
4.0,4.0,3.0,5.0,1.0,58.0,55.0,4.0,-0.188,3,5.0,5.0,5.0,5.0,1.0,1.0,1.0,1.0,1.0,1.0,4,5,9,4.0,4.0,4.0,4.0,6.0,1.0,3.0,3.0,1,0.0,1,Medium
5.0,5.0,3.0,2.0,1.0,55.0,55.0,4.0,-0.909,3,5.0,4.0,4.0,5.0,2.0,1.0,1.0,1.0,1.0,1.0,4,5,5,5.0,5.0,5.0,4.0,5.0,1.0,3.0,3.0,2,1.0,1,Medium
5.0,5.0,2.0,8.0,1.0,57.0,72.0,4.0,0.712,3,5.0,5.0,5.0,5.0,1.0,1.0,1.0,1.0,1.0,1.0,5,5,8,5.0,5.0,5.0,5.0,6.0,2.0,3.0,3.0,4,0.0,1,High
4.0,3.0,2.0,8.0,1.0,43.0,63.0,3.0,0.242,3,5.0,4.0,5.0,4.0,1.0,1.0,1.0,1.0,1.0,1.0,3,2,6,3.0,3.0,4.0,2.0,6.0,3.0,3.0,3.0,6,0.0,1,High
5.0,3.0,3.0,8.0,0.0,41.0,68.0,3.0,0.712,3,5.0,2.0,5.0,5.0,1.0,1.0,1.0,1.0,1.0,1.0,5,3,8,2.0,4.0,2.0,2.0,3.0,1.0,3.0,3.0,7,0.0,1,High
4.0,3.0,4.0,5.0,0.0,56.0,50.0,3.0,-0.188,3,5.0,3.0,5.0,3.0,1.0,1.0,1.0,1.0,1.0,1.0,4,3,9,2.0,3.0,2.0,3.0,6.0,2.0,2.0,4.0,1,0.0,0,Medium
4.0,3.0,,2.0,1.0,54.0,37.0,3.0,0.242,3,3.0,3.0,1.0,1.0,1.0,1.0,1.0,1.0,1.0,1.0,3,4,4,5.0,4.0,5.0,4.0,5.0,1.0,3.0,3.0,2,0.0,0,Low
4.0,4.0,2.0,2.0,1.0,49.0,58.0,4.0,-0.57,1,5.0,4.0,3.0,2.0,1.0,1.0,1.0,1.0,1.0,1.0,3,4,7,4.0,4.0,4.0,4.0,3.0,4.0,4.0,4.0,3,0.0,1,Medium
4.0,3.0,3.0,8.0,0.0,46.0,56.0,3.0,0.242,3,5.0,4.0,5.0,5.0,1.0,1.0,1.0,1.0,2.0,1.0,4,2,7,4.0,4.0,4.0,3.0,5.0,3.0,3.0,3.0,8,1.0,1,Medium
4.0,4.0,2.0,8.0,1.0,56.0,63.0,3.0,0.242,3,5.0,5.0,5.0,5.0,1.0,1.0,1.0,1.0,1.0,1.0,3,2,5,4.0,4.0,3.0,2.0,5.0,2.0,3.0,3.0,8,0.0,1,High
5.0,5.0,3.0,2.0,1.0,85.0,57.0,4.0,-0.188,1,3.0,3.0,1.0,5.0,1.0,2.0,1.0,1.0,1.0,1.0,3,5,1,5.0,5.0,5.0,5.0,2.0,1.0,4.0,4.0,4,1.0,1,Medium
5.0,4.0,4.0,2.0,1.0,69.0,71.0,4.0,0.242,3,5.0,5.0,5.0,4.0,1.0,1.0,1.0,1.0,1.0,1.0,3,2,9,4.0,5.0,4.0,5.0,5.0,1.0,3.0,4.0,3,0.0,1,High
5.0,4.0,4.0,3.0,1.0,61.0,63.0,4.0,1.267,3,5.0,4.0,4.0,3.0,1.0,1.0,1.0,1.0,1.0,1.0,3,4,9,4.0,4.0,4.0,3.0,4.0,2.0,3.0,4.0,6,0.0,1,High
5.0,5.0,3.0,1.0,1.0,51.0,55.0,3.0,-1.485,2,4.0,4.0,4.0,3.0,2.0,1.0,1.0,1.0,1.0,1.0,2,4,1,4.0,3.0,3.0,3.0,4.0,3.0,3.0,3.0,3,1.0,1,Medium
5.0,3.0,4.0,,1.0,47.0,56.0,3.0,0.712,3,4.0,3.0,4.0,3.0,1.0,1.0,1.0,1.0,1.0,1.0,5,5,7,4.0,3.0,4.0,3.0,3.0,2.0,3.0,3.0,4,0.0,1,Medium
5.0,4.0,2.0,2.0,1.0,47.0,71.0,3.0,0.712,3,5.0,5.0,5.0,5.0,1.0,1.0,1.0,1.0,1.0,1.0,5,2,9,4.0,4.0,4.0,3.0,4.0,1.0,3.0,4.0,6,0.0,1,High
5.0,4.0,2.0,8.0,0.0,51.0,67.0,4.0,1.267,3,5.0,4.0,5.0,5.0,1.0,1.0,1.0,1.0,1.0,1.0,4,2,7,1.0,2.0,4.0,3.0,4.0,2.0,3.0,4.0,8,0.0,1,High
4.0,4.0,2.0,2.0,1.0,50.0,63.0,4.0,0.242,3,5.0,4.0,2.0,2.0,1.0,1.0,1.0,1.0,1.0,1.0,3,1,4,5.0,4.0,4.0,4.0,4.0,1.0,3.0,3.0,2,0.0,1,High
4.0,4.0,3.0,4.0,1.0,40.0,50.0,3.0,-1.215,2,5.0,3.0,3.0,4.0,1.0,1.0,1.0,1.0,1.0,1.0,1,4,7,5.0,4.0,4.0,5.0,5.0,3.0,3.0,2.0,3,0.0,0,Medium
4.0,1.0,4.0,2.0,1.0,39.0,43.0,3.0,0.712,2,5.0,1.0,2.0,4.0,1.0,1.0,1.0,1.0,1.0,1.0,4,3,6,3.0,4.0,4.0,4.0,2.0,3.0,1.0,3.0,2,0.0,0,Low
5.0,5.0,2.0,2.0,1.0,73.0,64.0,4.0,1.267,3,5.0,5.0,3.0,5.0,1.0,1.0,1.0,1.0,1.0,1.0,3,1,9,5.0,5.0,5.0,5.0,6.0,2.0,3.0,4.0,5,0.0,1,High
5.0,3.0,1.0,2.0,1.0,37.0,51.0,3.0,0.242,3,5.0,4.0,3.0,5.0,1.0,1.0,1.0,1.0,1.0,1.0,3,2,6,5.0,3.0,4.0,4.0,6.0,2.0,3.0,3.0,6,0.0,0,Medium
3.0,3.0,3.0,8.0,0.0,40.0,52.0,2.0,-0.909,3,5.0,3.0,5.0,4.0,1.0,1.0,1.0,1.0,1.0,1.0,2,2,2,3.0,3.0,3.0,3.0,4.0,2.0,2.0,2.0,8,0.0,0,Medium
3.0,3.0,4.0,3.0,0.0,33.0,33.0,2.0,-0.909,1,5.0,3.0,3.0,2.0,3.0,3.0,1.0,2.0,1.0,1.0,2,3,4,5.0,3.0,2.0,1.0,3.0,1.0,2.0,3.0,2,3.0,0,Low
4.0,2.0,4.0,2.0,0.0,31.0,44.0,2.0,0.242,2,4.0,2.0,1.0,4.0,1.0,1.0,2.0,1.0,1.0,1.0,5,5,4,4.0,3.0,3.0,2.0,3.0,1.0,2.0,3.0,5,1.0,0,Medium
4.0,4.0,4.0,2.0,1.0,52.0,65.0,4.0,-0.57,2,5.0,4.0,5.0,4.0,1.0,1.0,1.0,1.0,1.0,1.0,5,4,9,4.0,4.0,4.0,4.0,5.0,2.0,3.0,3.0,4,0.0,1,High
5.0,5.0,1.0,8.0,0.0,56.0,66.0,4.0,-0.188,3,4.0,4.0,3.0,5.0,1.0,1.0,1.0,1.0,1.0,1.0,3,1,3,3.0,3.0,3.0,3.0,5.0,1.0,4.0,3.0,6,0.0,1,High
5.0,4.0,2.0,8.0,1.0,60.0,74.0,4.0,0.712,3,5.0,4.0,5.0,5.0,1.0,1.0,1.0,1.0,2.0,1.0,4,2,8,5.0,5.0,5.0,5.0,5.0,1.0,3.0,3.0,6,1.0,1,High
5.0,5.0,3.0,8.0,0.0,63.0,95.0,4.0,-0.188,3,5.0,5.0,5.0,5.0,1.0,1.0,1.0,1.0,1.0,1.0,5,2,9,3.0,4.0,3.0,4.0,5.0,2.0,3.0,4.0,8,0.0,1,High
4.0,4.0,3.0,8.0,1.0,49.0,64.0,3.0,-0.57,3,4.0,4.0,4.0,4.0,1.0,1.0,1.0,1.0,1.0,1.0,5,2,9,5.0,5.0,5.0,5.0,6.0,2.0,3.0,3.0,6,0.0,1,High
5.0,4.0,3.0,2.0,1.0,75.0,67.0,3.0,-0.188,2,5.0,4.0,5.0,5.0,1.0,1.0,1.0,1.0,1.0,1.0,5,2,6,4.0,5.0,5.0,4.0,6.0,1.0,3.0,4.0,4,0.0,1,High
1.0,1.0,3.0,7.0,0.0,29.0,40.0,2.0,-0.909,2,5.0,3.0,1.0,5.0,1.0,2.0,1.0,1.0,1.0,1.0,1,1,1,3.0,3.0,3.0,3.0,2.0,2.0,3.0,2.0,4,1.0,0,Low
5.0,5.0,2.0,2.0,1.0,70.0,75.0,4.0,1.267,3,5.0,5.0,5.0,4.0,1.0,1.0,1.0,1.0,1.0,1.0,4,5,8,5.0,5.0,5.0,5.0,6.0,2.0,3.0,3.0,3,0.0,1,High
5.0,4.0,3.0,2.0,1.0,61.0,65.0,4.0,0.242,3,5.0,3.0,5.0,5.0,1.0,1.0,1.0,1.0,1.0,1.0,3,2,8,5.0,5.0,5.0,4.0,5.0,2.0,3.0,3.0,2,0.0,1,High
5.0,5.0,1.0,1.0,0.0,66.0,61.0,4.0,-0.57,3,2.0,5.0,2.0,4.0,1.0,1.0,1.0,1.0,1.0,1.0,2,2,1,4.0,4.0,4.0,4.0,6.0,1.0,3.0,3.0,4,0.0,1,High
4.0,3.0,3.0,8.0,1.0,48.0,62.0,3.0,1.267,3,5.0,4.0,5.0,4.0,1.0,1.0,1.0,1.0,1.0,1.0,3,2,8,4.0,3.0,4.0,3.0,5.0,2.0,3.0,2.0,6,0.0,1,High
3.0,4.0,4.0,8.0,1.0,52.0,54.0,3.0,-0.188,3,5.0,5.0,5.0,5.0,1.0,1.0,1.0,1.0,1.0,1.0,4,2,8,4.0,4.0,2.0,2.0,4.0,2.0,3.0,2.0,7,0.0,0,Medium
5.0,3.0,2.0,2.0,1.0,45.0,58.0,3.0,0.712,3,5.0,3.0,2.0,4.0,1.0,1.0,1.0,1.0,1.0,1.0,3,1,8,3.0,3.0,3.0,4.0,4.0,2.0,2.0,2.0,4,0.0,1,Medium
2.0,4.0,1.0,8.0,0.0,51.0,56.0,4.0,0.712,3,5.0,5.0,5.0,5.0,1.0,1.0,1.0,1.0,1.0,1.0,5,2,6,4.0,4.0,3.0,4.0,3.0,1.0,3.0,3.0,8,0.0,1,Medium
5.0,4.0,2.0,3.0,1.0,52.0,48.0,3.0,0.242,3,5.0,5.0,1.0,5.0,1.0,1.0,1.0,1.0,1.0,1.0,3,2,1,4.0,4.0,4.0,3.0,4.0,2.0,3.0,3.0,6,0.0,0,Medium
5.0,3.0,3.0,6.0,0.0,33.0,55.0,4.0,0.242,3,5.0,4.0,5.0,5.0,1.0,1.0,1.0,1.0,1.0,1.0,3,2,2,3.0,3.0,4.0,2.0,2.0,3.0,3.0,1.0,6,0.0,1,Medium
4.0,4.0,4.0,8.0,1.0,56.0,74.0,4.0,1.267,3,5.0,5.0,5.0,4.0,1.0,1.0,1.0,1.0,1.0,1.0,5,2,7,2.0,3.0,3.0,3.0,4.0,2.0,4.0,4.0,6,0.0,1,High
4.0,4.0,5.0,6.0,0.0,55.0,41.0,2.0,0.242,0,4.0,4.0,1.0,5.0,2.0,2.0,1.0,2.0,1.0,1.0,1,5,6,5.0,4.0,5.0,4.0,2.0,2.0,4.0,2.0,2,3.0,0,Low
5.0,4.0,4.0,2.0,1.0,40.0,56.0,3.0,-0.57,1,5.0,4.0,5.0,4.0,1.0,1.0,1.0,1.0,1.0,1.0,5,2,8,4.0,4.0,4.0,4.0,6.0,1.0,3.0,4.0,4,0.0,1,Medium
4.0,4.0,3.0,,1.0,54.0,62.0,3.0,-1.215,2,5.0,4.0,5.0,5.0,1.0,1.0,1.0,1.0,1.0,1.0,5,3,8,4.0,4.0,4.0,4.0,6.0,1.0,3.0,4.0,5,0.0,1,High
5.0,4.0,3.0,3.0,1.0,56.0,50.0,4.0,-0.188,3,5.0,4.0,5.0,5.0,1.0,1.0,1.0,1.0,1.0,1.0,3,2,3,4.0,4.0,4.0,4.0,6.0,2.0,4.0,4.0,6,0.0,0,Medium
4.0,3.0,4.0,2.0,1.0,48.0,60.0,3.0,1.267,3,5.0,2.0,2.0,4.0,1.0,1.0,1.0,1.0,1.0,1.0,5,1,9,2.0,2.0,3.0,2.0,5.0,2.0,3.0,3.0,4,0.0,1,Medium
5.0,4.0,2.0,8.0,0.0,41.0,52.0,4.0,0.712,3,5.0,4.0,5.0,4.0,1.0,1.0,1.0,1.0,1.0,1.0,4,1,3,4.0,4.0,4.0,4.0,6.0,2.0,3.0,3.0,6,0.0,0,Medium
5.0,2.0,4.0,8.0,0.0,35.0,57.0,3.0,0.712,3,5.0,3.0,5.0,4.0,1.0,1.0,1.0,1.0,2.0,1.0,5,2,8,1.0,1.0,1.0,1.0,5.0,2.0,3.0,3.0,7,1.0,1,Medium
4.0,4.0,3.0,8.0,0.0,41.0,53.0,4.0,0.242,3,1.0,1.0,1.0,1.0,1.0,1.0,1.0,1.0,1.0,1.0,3,2,4,3.0,3.0,4.0,4.0,3.0,2.0,3.0,1.0,8,0.0,0,Medium
5.0,5.0,1.0,8.0,1.0,68.0,84.0,4.0,-0.57,3,5.0,5.0,4.0,5.0,1.0,1.0,1.0,1.0,1.0,1.0,2,1,3,5.0,5.0,5.0,5.0,6.0,1.0,4.0,4.0,8,0.0,1,High
3.0,3.0,3.0,2.0,0.0,42.0,48.0,1.0,-1.485,2,3.0,3.0,3.0,3.0,1.0,1.0,1.0,1.0,1.0,1.0,2,2,2,3.0,4.0,3.0,3.0,3.0,4.0,4.0,4.0,4,0.0,0,Medium
5.0,5.0,3.0,8.0,1.0,47.0,61.0,4.0,-0.57,2,5.0,4.0,1.0,5.0,1.0,1.0,1.0,1.0,1.0,1.0,2,1,1,4.0,4.0,4.0,3.0,4.0,1.0,2.0,3.0,7,0.0,1,High
5.0,3.0,4.0,3.0,0.0,80.0,42.0,3.0,-0.57,2,5.0,5.0,3.0,5.0,2.0,2.0,1.0,2.0,2.0,1.0,3,4,6,5.0,5.0,5.0,3.0,6.0,3.0,3.0,3.0,6,4.0,0,Low
5.0,5.0,2.0,8.0,1.0,82.0,76.0,4.0,-0.57,3,5.0,5.0,5.0,5.0,1.0,1.0,1.0,1.0,1.0,1.0,2,2,4,5.0,4.0,5.0,4.0,6.0,1.0,3.0,4.0,4,0.0,1,High
5.0,4.0,2.0,8.0,1.0,71.0,75.0,3.0,0.242,3,5.0,5.0,5.0,5.0,1.0,1.0,1.0,1.0,1.0,1.0,5,1,5,3.0,3.0,4.0,2.0,6.0,1.0,3.0,3.0,8,0.0,1,High
4.0,4.0,2.0,1.0,1.0,67.0,72.0,4.0,0.712,3,5.0,4.0,5.0,5.0,1.0,1.0,1.0,1.0,1.0,1.0,5,2,7,4.0,4.0,4.0,4.0,5.0,2.0,3.0,3.0,8,0.0,1,High
5.0,5.0,3.0,1.0,1.0,71.0,86.0,4.0,1.267,3,5.0,5.0,5.0,5.0,1.0,1.0,1.0,1.0,1.0,1.0,5,2,9,1.0,1.0,3.0,3.0,5.0,2.0,2.0,4.0,5,0.0,1,High
4.0,4.0,3.0,3.0,1.0,47.0,53.0,3.0,-0.909,2,3.0,4.0,1.0,4.0,1.0,1.0,2.0,1.0,1.0,1.0,2,1,1,5.0,4.0,4.0,3.0,3.0,1.0,3.0,3.0,2,1.0,0,Medium
4.0,4.0,4.0,2.0,1.0,50.0,57.0,3.0,0.712,3,4.0,4.0,4.0,5.0,1.0,1.0,1.0,1.0,1.0,1.0,5,2,8,4.0,4.0,4.0,3.0,5.0,3.0,3.0,3.0,6,0.0,1,Medium
5.0,3.0,4.0,2.0,1.0,59.0,41.0,3.0,0.712,3,5.0,3.0,3.0,4.0,1.0,1.0,1.0,1.0,1.0,1.0,3,5,2,2.0,2.0,5.0,3.0,3.0,3.0,3.0,2.0,1,0.0,0,Low
4.0,4.0,4.0,8.0,1.0,56.0,59.0,3.0,-0.57,2,4.0,4.0,4.0,4.0,1.0,1.0,1.0,1.0,1.0,1.0,3,2,4,4.0,4.0,4.0,4.0,5.0,1.0,4.0,3.0,8,0.0,1,Medium
5.0,4.0,4.0,2.0,1.0,49.0,62.0,2.0,1.267,3,5.0,4.0,4.0,5.0,1.0,1.0,1.0,1.0,1.0,1.0,4,1,8,4.0,2.0,3.0,3.0,4.0,1.0,3.0,3.0,6,0.0,1,High
4.0,3.0,4.0,8.0,1.0,39.0,42.0,2.0,-0.188,3,5.0,3.0,3.0,5.0,2.0,1.0,1.0,2.0,1.0,1.0,3,2,3,4.0,4.0,4.0,3.0,3.0,2.0,3.0,2.0,7,2.0,0,Low
4.0,4.0,3.0,2.0,1.0,48.0,58.0,4.0,0.712,3,5.0,5.0,5.0,5.0,1.0,1.0,1.0,1.0,1.0,1.0,3,2,8,4.0,4.0,4.0,4.0,6.0,2.0,3.0,3.0,6,0.0,1,Medium
4.0,3.0,5.0,3.0,1.0,29.0,16.0,3.0,-1.485,2,3.0,2.0,1.0,5.0,3.0,3.0,3.0,3.0,2.0,2.0,2,2,1,3.0,4.0,4.0,1.0,2.0,1.0,4.0,3.0,4,6.0,0,Low
2.0,3.0,5.0,4.0,1.0,39.0,30.0,3.0,-1.485,2,3.0,2.0,1.0,4.0,2.0,2.0,1.0,1.0,1.0,1.0,2,5,5,4.0,5.0,5.0,3.0,4.0,2.0,3.0,3.0,2,2.0,0,Low
5.0,5.0,2.0,8.0,0.0,50.0,68.0,4.0,0.712,2,5.0,5.0,5.0,5.0,1.0,1.0,1.0,1.0,1.0,1.0,3,2,7,2.0,2.0,1.0,2.0,2.0,2.0,3.0,3.0,8,0.0,1,High
3.0,3.0,3.0,7.0,0.0,43.0,36.0,2.0,-0.909,2,1.0,1.0,1.0,1.0,1.0,1.0,1.0,1.0,1.0,1.0,4,2,6,2.0,2.0,2.0,2.0,2.0,2.0,3.0,3.0,2,0.0,0,Low
4.0,2.0,2.0,2.0,0.0,24.0,26.0,2.0,-0.57,3,5.0,1.0,1.0,5.0,1.0,1.0,1.0,2.0,2.0,1.0,2,1,3,1.0,1.0,1.0,1.0,1.0,2.0,2.0,2.0,3,2.0,0,Low
4.0,4.0,4.0,2.0,1.0,51.0,56.0,4.0,0.712,3,5.0,4.0,5.0,3.0,1.0,1.0,1.0,1.0,1.0,1.0,5,2,9,5.0,5.0,4.0,4.0,6.0,3.0,2.0,3.0,3,0.0,1,Medium
4.0,4.0,4.0,8.0,1.0,55.0,61.0,4.0,0.242,3,4.0,4.0,3.0,4.0,1.0,1.0,1.0,1.0,1.0,1.0,3,2,6,4.0,3.0,4.0,3.0,6.0,2.0,3.0,3.0,8,0.0,1,High
5.0,4.0,1.0,1.0,1.0,54.0,69.0,4.0,-0.188,3,5.0,5.0,5.0,5.0,1.0,1.0,1.0,1.0,1.0,1.0,2,2,7,5.0,5.0,5.0,5.0,6.0,1.0,3.0,4.0,6,0.0,1,High
5.0,5.0,1.0,8.0,1.0,58.0,63.0,4.0,0.712,3,5.0,5.0,5.0,5.0,1.0,1.0,1.0,1.0,1.0,1.0,5,2,5,5.0,5.0,5.0,5.0,5.0,2.0,3.0,3.0,6,0.0,1,High
5.0,3.0,4.0,3.0,1.0,37.0,48.0,2.0,-0.188,3,5.0,2.0,2.0,4.0,2.0,2.0,1.0,3.0,1.0,1.0,2,2,7,4.0,3.0,3.0,4.0,6.0,3.0,2.0,2.0,5,3.0,0,Medium
3.0,3.0,3.0,7.0,0.0,43.0,38.0,3.0,-1.215,2,1.0,1.0,1.0,1.0,3.0,3.0,1.0,1.0,3.0,3.0,1,2,1,3.0,3.0,3.0,3.0,5.0,2.0,2.0,2.0,2,4.0,0,Low
3.0,3.0,4.0,2.0,1.0,57.0,36.0,4.0,-0.57,3,3.0,4.0,1.0,1.0,2.0,2.0,1.0,2.0,1.0,1.0,3,4,3,3.0,4.0,3.0,3.0,3.0,1.0,3.0,3.0,3,3.0,0,Low
4.0,4.0,2.0,8.0,1.0,71.0,70.0,4.0,0.242,3,5.0,5.0,5.0,3.0,1.0,1.0,1.0,1.0,1.0,1.0,2,2,7,3.0,4.0,4.0,4.0,5.0,3.0,3.0,3.0,6,0.0,1,High
3.0,2.0,4.0,6.0,1.0,33.0,31.0,2.0,0.242,3,2.0,3.0,2.0,5.0,2.0,3.0,2.0,1.0,3.0,1.0,2,5,3,5.0,3.0,4.0,3.0,3.0,3.0,2.0,2.0,3,4.0,0,Low
4.0,2.0,4.0,2.0,0.0,32.0,49.0,3.0,0.242,3,4.0,3.0,4.0,3.0,2.0,1.0,1.0,2.0,1.0,1.0,3,4,7,3.0,2.0,3.0,2.0,3.0,2.0,2.0,3.0,3,2.0,0,Medium
3.0,3.0,4.0,7.0,1.0,43.0,31.0,1.0,-1.215,3,2.0,2.0,1.0,2.0,3.0,3.0,1.0,3.0,2.0,1.0,3,2,5,5.0,4.0,2.0,2.0,2.0,1.0,3.0,3.0,4,4.0,0,Low
4.0,3.0,5.0,7.0,0.0,45.0,35.0,3.0,0.242,3,2.0,2.0,2.0,4.0,1.0,1.0,1.0,2.0,2.0,1.0,4,4,8,4.0,4.0,4.0,4.0,4.0,2.0,2.0,3.0,4,2.0,0,Low
5.0,4.0,2.0,2.0,1.0,52.0,75.0,4.0,0.712,3,5.0,3.0,2.0,5.0,1.0,1.0,1.0,1.0,1.0,1.0,4,2,9,4.0,3.0,4.0,3.0,6.0,1.0,3.0,3.0,5,0.0,1,High
5.0,4.0,3.0,2.0,1.0,60.0,69.0,3.0,0.242,3,5.0,4.0,4.0,5.0,1.0,1.0,1.0,1.0,1.0,1.0,5,2,9,4.0,4.0,4.0,4.0,5.0,2.0,3.0,3.0,7,0.0,1,High
4.0,4.0,3.0,2.0,1.0,58.0,59.0,3.0,-0.57,3,5.0,4.0,5.0,4.0,1.0,1.0,1.0,1.0,1.0,1.0,5,5,8,4.0,4.0,4.0,4.0,5.0,3.0,3.0,3.0,3,0.0,1,Medium
3.0,2.0,3.0,2.0,1.0,42.0,49.0,3.0,-1.485,1,4.0,3.0,2.0,4.0,1.0,1.0,1.0,1.0,1.0,1.0,2,3,7,3.0,3.0,3.0,3.0,4.0,2.0,2.0,2.0,4,0.0,0,Medium
4.0,3.0,3.0,2.0,1.0,53.0,63.0,3.0,0.712,3,5.0,3.0,5.0,5.0,1.0,1.0,1.0,1.0,1.0,1.0,3,3,8,3.0,3.0,4.0,3.0,5.0,2.0,3.0,3.0,5,0.0,1,High
5.0,4.0,2.0,2.0,1.0,70.0,54.0,3.0,0.712,3,5.0,3.0,5.0,5.0,1.0,1.0,1.0,1.0,1.0,1.0,4,4,9,4.0,3.0,4.0,4.0,5.0,2.0,3.0,4.0,4,0.0,0,Medium
3.0,3.0,3.0,7.0,1.0,41.0,44.0,3.0,0.242,3,3.0,3.0,3.0,3.0,2.0,2.0,2.0,2.0,2.0,2.0,4,2,7,3.0,3.0,3.0,3.0,4.0,2.0,2.0,2.0,5,6.0,0,Medium
3.0,3.0,4.0,7.0,0.0,39.0,33.0,3.0,-0.909,2,3.0,2.0,1.0,5.0,2.0,1.0,1.0,1.0,1.0,1.0,1,2,1,2.0,2.0,2.0,2.0,1.0,2.0,2.0,2.0,2,1.0,0,Low
5.0,5.0,2.0,2.0,1.0,85.0,78.0,4.0,0.242,3,5.0,4.0,5.0,5.0,1.0,1.0,1.0,1.0,1.0,1.0,4,1,9,5.0,5.0,5.0,5.0,6.0,1.0,3.0,4.0,4,0.0,1,High
4.0,3.0,4.0,2.0,1.0,44.0,48.0,2.0,-1.215,0,4.0,3.0,3.0,3.0,1.0,1.0,1.0,1.0,1.0,1.0,2,2,7,4.0,4.0,3.0,4.0,3.0,3.0,3.0,3.0,4,0.0,0,Medium
4.0,4.0,3.0,8.0,0.0,44.0,45.0,3.0,-0.57,2,5.0,5.0,1.0,5.0,1.0,2.0,1.0,2.0,2.0,1.0,3,1,1,4.0,3.0,4.0,2.0,2.0,2.0,3.0,2.0,6,3.0,0,Medium
5.0,4.0,2.0,8.0,1.0,60.0,65.0,4.0,0.712,3,5.0,4.0,5.0,5.0,1.0,1.0,1.0,1.0,1.0,1.0,5,1,6,5.0,2.0,4.0,3.0,3.0,1.0,2.0,3.0,5,0.0,1,High
4.0,3.0,1.0,8.0,0.0,42.0,61.0,3.0,0.242,3,5.0,4.0,5.0,5.0,1.0,1.0,1.0,1.0,1.0,1.0,2,2,4,4.0,4.0,3.0,4.0,3.0,1.0,2.0,1.0,8,0.0,1,High
5.0,5.0,3.0,8.0,1.0,63.0,63.0,4.0,1.267,3,5.0,5.0,5.0,5.0,1.0,1.0,1.0,1.0,1.0,1.0,3,2,9,5.0,5.0,5.0,5.0,6.0,3.0,2.0,4.0,8,0.0,1,High
5.0,4.0,1.0,2.0,1.0,77.0,77.0,4.0,0.242,3,5.0,4.0,4.0,5.0,1.0,1.0,1.0,1.0,1.0,1.0,3,2,8,5.0,5.0,5.0,4.0,5.0,1.0,4.0,3.0,6,0.0,1,High
3.0,4.0,4.0,7.0,0.0,44.0,33.0,3.0,-0.57,2,3.0,4.0,2.0,4.0,2.0,2.0,1.0,2.0,2.0,1.0,2,3,1,4.0,3.0,3.0,3.0,4.0,3.0,2.0,3.0,4,4.0,0,Low
5.0,5.0,3.0,2.0,1.0,80.0,59.0,4.0,-1.215,2,5.0,5.0,1.0,5.0,1.0,1.0,1.0,1.0,1.0,1.0,2,5,3,5.0,4.0,4.0,4.0,3.0,1.0,4.0,4.0,2,0.0,1,Medium
4.0,3.0,2.0,8.0,1.0,45.0,54.0,3.0,0.712,3,5.0,4.0,4.0,4.0,1.0,1.0,1.0,1.0,1.0,1.0,3,2,4,4.0,4.0,4.0,2.0,5.0,2.0,3.0,3.0,7,0.0,0,Medium
4.0,3.0,4.0,8.0,0.0,45.0,61.0,3.0,-0.57,3,5.0,3.0,5.0,5.0,1.0,1.0,1.0,1.0,1.0,1.0,2,2,4,4.0,3.0,4.0,3.0,5.0,2.0,3.0,3.0,8,0.0,1,High
5.0,5.0,2.0,8.0,1.0,53.0,61.0,4.0,0.242,3,5.0,5.0,5.0,5.0,1.0,1.0,1.0,1.0,1.0,1.0,2,3,9,5.0,5.0,5.0,5.0,5.0,3.0,3.0,3.0,5,0.0,1,High
5.0,4.0,3.0,8.0,0.0,52.0,63.0,3.0,0.712,3,5.0,4.0,3.0,4.0,1.0,1.0,1.0,1.0,1.0,1.0,5,2,5,4.0,3.0,4.0,3.0,2.0,3.0,2.0,3.0,6,0.0,1,High
4.0,5.0,1.0,8.0,1.0,59.0,88.0,4.0,-0.188,2,5.0,5.0,5.0,5.0,1.0,1.0,1.0,1.0,1.0,1.0,4,1,8,4.0,4.0,5.0,4.0,6.0,1.0,4.0,4.0,8,0.0,1,High
4.0,3.0,4.0,2.0,0.0,29.0,65.0,2.0,0.712,3,3.0,3.0,1.0,3.0,1.0,1.0,1.0,1.0,2.0,1.0,3,5,8,4.0,4.0,2.0,2.0,5.0,3.0,1.0,2.0,6,1.0,1,High
5.0,4.0,3.0,2.0,1.0,56.0,77.0,3.0,0.712,3,5.0,5.0,4.0,5.0,1.0,1.0,1.0,1.0,1.0,1.0,5,3,8,4.0,3.0,4.0,3.0,5.0,2.0,3.0,3.0,5,0.0,1,High
4.0,3.0,1.0,2.0,0.0,45.0,43.0,3.0,-1.215,1,3.0,3.0,3.0,4.0,3.0,2.0,2.0,2.0,2.0,3.0,2,4,5,2.0,3.0,3.0,4.0,4.0,4.0,3.0,4.0,3,6.0,0,Low
4.0,4.0,2.0,2.0,0.0,45.0,63.0,3.0,-0.909,3,5.0,3.0,2.0,4.0,1.0,1.0,1.0,1.0,1.0,1.0,2,2,8,4.0,3.0,3.0,3.0,5.0,2.0,3.0,4.0,6,0.0,1,High
5.0,4.0,5.0,6.0,0.0,63.0,49.0,3.0,-1.215,2,5.0,4.0,5.0,5.0,2.0,1.0,1.0,2.0,1.0,1.0,1,2,3,5.0,3.0,4.0,1.0,1.0,1.0,2.0,2.0,2,2.0,0,Medium
4.0,4.0,4.0,6.0,1.0,54.0,38.0,4.0,-0.909,3,2.0,3.0,1.0,2.0,2.0,3.0,2.0,2.0,2.0,2.0,2,5,3,4.0,4.0,4.0,4.0,4.0,1.0,3.0,3.0,3,6.0,0,Low
5.0,5.0,3.0,2.0,0.0,79.0,54.0,3.0,-1.485,2,5.0,5.0,1.0,5.0,1.0,1.0,1.0,1.0,1.0,1.0,3,3,8,4.0,4.0,4.0,4.0,6.0,4.0,4.0,4.0,1,0.0,0,Medium
4.0,4.0,3.0,8.0,1.0,43.0,54.0,4.0,0.712,3,5.0,4.0,5.0,5.0,1.0,1.0,1.0,1.0,1.0,1.0,3,2,7,4.0,4.0,3.0,3.0,5.0,1.0,4.0,4.0,6,0.0,0,Medium
3.0,2.0,4.0,8.0,0.0,25.0,43.0,1.0,-0.909,3,5.0,1.0,1.0,4.0,2.0,2.0,2.0,2.0,1.0,1.0,2,2,1,2.0,3.0,2.0,2.0,1.0,3.0,2.0,2.0,6,4.0,0,Low
4.0,3.0,4.0,2.0,1.0,45.0,37.0,2.0,-0.188,2,4.0,4.0,1.0,5.0,1.0,1.0,1.0,1.0,1.0,2.0,3,4,6,4.0,4.0,5.0,4.0,4.0,2.0,3.0,2.0,4,1.0,0,Low
5.0,3.0,2.0,8.0,0.0,43.0,55.0,3.0,0.712,3,5.0,4.0,3.0,4.0,1.0,1.0,1.0,2.0,1.0,1.0,4,2,7,3.0,3.0,3.0,2.0,4.0,1.0,3.0,3.0,8,1.0,1,Medium
5.0,3.0,4.0,8.0,1.0,45.0,55.0,4.0,-0.188,2,5.0,5.0,5.0,5.0,1.0,1.0,1.0,1.0,1.0,1.0,3,2,6,5.0,4.0,4.0,4.0,5.0,4.0,3.0,2.0,6,0.0,1,Medium
5.0,5.0,2.0,2.0,1.0,58.0,74.0,4.0,-0.188,3,5.0,5.0,5.0,5.0,1.0,1.0,1.0,1.0,1.0,1.0,4,5,7,5.0,4.0,5.0,5.0,6.0,1.0,3.0,3.0,2,0.0,1,High
3.0,3.0,3.0,2.0,0.0,42.0,49.0,3.0,-1.713,2,3.0,3.0,3.0,3.0,2.0,2.0,2.0,2.0,2.0,2.0,4,1,7,3.0,3.0,3.0,3.0,4.0,2.0,3.0,3.0,4,6.0,0,Medium
4.0,4.0,3.0,5.0,1.0,46.0,39.0,3.0,-0.909,2,4.0,4.0,3.0,4.0,3.0,3.0,1.0,1.0,1.0,1.0,3,3,5,4.0,4.0,3.0,3.0,4.0,2.0,2.0,3.0,2,2.0,0,Low
5.0,4.0,4.0,2.0,1.0,59.0,44.0,4.0,-0.909,3,5.0,4.0,3.0,4.0,1.0,1.0,1.0,2.0,2.0,1.0,3,2,6,4.0,4.0,4.0,2.0,4.0,3.0,2.0,3.0,3,2.0,0,Medium
4.0,5.0,3.0,,1.0,60.0,60.0,4.0,-1.215,2,5.0,4.0,1.0,5.0,1.0,1.0,1.0,1.0,1.0,1.0,3,1,4,5.0,5.0,5.0,5.0,6.0,,,,1,0.0,1,Medium
2.0,1.0,5.0,2.0,1.0,8.0,21.0,1.0,1.267,3,2.0,2.0,1.0,2.0,2.0,2.0,2.0,2.0,2.0,2.0,3,5,3,1.0,2.0,4.0,2.0,1.0,3.0,1.0,2.0,2,6.0,0,Low
4.0,3.0,4.0,6.0,1.0,58.0,23.0,2.0,-0.909,2,3.0,1.0,1.0,3.0,2.0,2.0,3.0,1.0,2.0,2.0,2,3,1,5.0,4.0,3.0,3.0,1.0,2.0,4.0,3.0,2,5.0,0,Low
3.0,3.0,4.0,8.0,0.0,39.0,43.0,3.0,0.242,2,5.0,3.0,5.0,5.0,1.0,1.0,1.0,1.0,1.0,1.0,4,2,7,3.0,3.0,2.0,2.0,4.0,1.0,3.0,3.0,6,0.0,0,Low
4.0,1.0,5.0,7.0,1.0,39.0,27.0,2.0,0.242,3,5.0,2.0,1.0,5.0,1.0,1.0,1.0,3.0,1.0,1.0,2,5,7,5.0,4.0,2.0,3.0,1.0,1.0,4.0,1.0,2,1.0,0,Low
5.0,4.0,3.0,1.0,1.0,50.0,72.0,3.0,0.242,2,5.0,5.0,5.0,4.0,1.0,1.0,1.0,1.0,1.0,1.0,4,1,9,4.0,4.0,4.0,4.0,4.0,1.0,4.0,3.0,8,0.0,1,High
4.0,4.0,3.0,8.0,0.0,62.0,63.0,4.0,-0.188,2,5.0,4.0,5.0,5.0,1.0,1.0,1.0,1.0,1.0,1.0,2,1,2,4.0,4.0,4.0,4.0,5.0,1.0,1.0,3.0,8,0.0,1,High
5.0,4.0,5.0,2.0,1.0,50.0,75.0,3.0,0.242,3,5.0,4.0,5.0,4.0,1.0,1.0,1.0,1.0,1.0,1.0,5,1,7,3.0,4.0,4.0,3.0,5.0,1.0,3.0,3.0,6,0.0,1,High
4.0,4.0,3.0,8.0,1.0,51.0,34.0,3.0,0.242,3,5.0,4.0,1.0,4.0,2.0,1.0,1.0,1.0,1.0,1.0,2,2,2,4.0,3.0,4.0,3.0,2.0,3.0,2.0,2.0,8,1.0,0,Low
5.0,3.0,5.0,8.0,1.0,46.0,59.0,3.0,0.712,2,5.0,3.0,5.0,5.0,1.0,1.0,1.0,2.0,3.0,1.0,5,2,8,1.0,3.0,3.0,2.0,2.0,3.0,1.0,2.0,6,2.0,1,Medium
5.0,5.0,2.0,3.0,1.0,69.0,78.0,4.0,0.712,3,5.0,4.0,5.0,5.0,1.0,1.0,1.0,1.0,1.0,1.0,2,4,1,5.0,5.0,4.0,4.0,6.0,1.0,4.0,4.0,2,0.0,1,High
5.0,5.0,2.0,1.0,1.0,62.0,79.0,4.0,0.712,3,5.0,5.0,5.0,5.0,1.0,1.0,1.0,1.0,1.0,1.0,5,2,9,3.0,5.0,5.0,5.0,6.0,1.0,4.0,4.0,4,0.0,1,High
4.0,3.0,2.0,2.0,1.0,42.0,51.0,3.0,0.712,3,5.0,3.0,4.0,3.0,1.0,1.0,1.0,1.0,1.0,1.0,4,1,4,2.0,2.0,4.0,2.0,3.0,2.0,3.0,3.0,4,0.0,0,Medium
5.0,4.0,3.0,2.0,1.0,55.0,49.0,3.0,-1.713,2,4.0,3.0,1.0,5.0,2.0,2.0,2.0,2.0,2.0,1.0,3,2,1,3.0,3.0,4.0,3.0,6.0,3.0,3.0,3.0,2,5.0,0,Medium
5.0,4.0,4.0,2.0,1.0,64.0,61.0,4.0,-0.188,3,5.0,4.0,5.0,5.0,1.0,1.0,1.0,1.0,1.0,1.0,5,2,9,5.0,4.0,4.0,2.0,5.0,2.0,4.0,4.0,3,0.0,1,High
5.0,4.0,2.0,8.0,1.0,52.0,81.0,4.0,1.267,3,5.0,5.0,5.0,5.0,1.0,1.0,1.0,1.0,1.0,1.0,5,2,7,4.0,3.0,4.0,3.0,6.0,2.0,3.0,3.0,8,0.0,1,High
3.0,3.0,3.0,2.0,0.0,42.0,49.0,3.0,-1.713,1,3.0,3.0,3.0,3.0,2.0,2.0,2.0,2.0,2.0,2.0,3,5,6,3.0,3.0,3.0,3.0,4.0,3.0,3.0,3.0,2,6.0,0,Medium
5.0,3.0,3.0,8.0,0.0,68.0,82.0,3.0,-0.188,2,5.0,4.0,2.0,4.0,1.0,1.0,1.0,1.0,1.0,1.0,3,2,4,4.0,4.0,3.0,3.0,6.0,2.0,3.0,3.0,8,0.0,1,High
5.0,3.0,2.0,2.0,1.0,44.0,56.0,3.0,0.712,3,5.0,3.0,2.0,4.0,1.0,1.0,1.0,1.0,1.0,1.0,3,1,6,3.0,3.0,4.0,2.0,5.0,2.0,2.0,3.0,4,0.0,1,Medium
5.0,5.0,2.0,3.0,0.0,55.0,71.0,4.0,-0.909,0,5.0,5.0,5.0,4.0,1.0,1.0,1.0,1.0,1.0,1.0,4,3,5,5.0,2.0,1.0,1.0,6.0,3.0,2.0,3.0,2,0.0,1,High
5.0,4.0,3.0,8.0,1.0,50.0,39.0,3.0,0.242,3,5.0,4.0,5.0,5.0,1.0,1.0,1.0,1.0,1.0,1.0,4,1,7,5.0,5.0,5.0,5.0,6.0,2.0,3.0,4.0,7,0.0,0,Low
5.0,5.0,3.0,6.0,1.0,77.0,34.0,4.0,-0.909,2,5.0,5.0,1.0,5.0,1.0,1.0,1.0,1.0,1.0,1.0,3,4,1,5.0,5.0,4.0,5.0,6.0,4.0,4.0,4.0,2,0.0,0,Low
4.0,4.0,4.0,8.0,0.0,47.0,49.0,2.0,0.242,3,5.0,4.0,4.0,5.0,1.0,1.0,1.0,1.0,1.0,1.0,2,2,4,4.0,4.0,3.0,3.0,4.0,3.0,2.0,4.0,6,0.0,0,Medium
4.0,4.0,3.0,8.0,1.0,57.0,64.0,4.0,1.267,3,5.0,5.0,5.0,5.0,1.0,1.0,1.0,1.0,1.0,1.0,4,2,2,5.0,4.0,4.0,4.0,6.0,1.0,3.0,4.0,7,0.0,1,High
4.0,3.0,4.0,3.0,1.0,53.0,63.0,3.0,-0.909,3,5.0,3.0,1.0,4.0,1.0,1.0,1.0,1.0,1.0,1.0,1,1,3,5.0,4.0,4.0,5.0,5.0,3.0,2.0,3.0,8,0.0,1,High
5.0,5.0,3.0,8.0,0.0,52.0,69.0,3.0,0.242,2,5.0,3.0,5.0,5.0,1.0,1.0,1.0,1.0,1.0,1.0,2,2,5,3.0,3.0,3.0,3.0,2.0,2.0,3.0,3.0,8,0.0,1,High
5.0,4.0,2.0,8.0,1.0,57.0,76.0,4.0,0.712,3,5.0,4.0,5.0,5.0,1.0,1.0,1.0,1.0,1.0,1.0,5,2,7,2.0,3.0,4.0,2.0,4.0,2.0,3.0,4.0,8,0.0,1,High
4.0,4.0,3.0,8.0,0.0,49.0,53.0,3.0,0.242,2,5.0,4.0,3.0,5.0,1.0,1.0,1.0,1.0,1.0,1.0,3,2,4,4.0,4.0,4.0,4.0,4.0,1.0,3.0,3.0,6,0.0,0,Medium
5.0,5.0,4.0,2.0,1.0,64.0,75.0,4.0,1.267,3,5.0,5.0,5.0,3.0,1.0,1.0,1.0,1.0,1.0,1.0,5,3,9,5.0,5.0,5.0,4.0,6.0,1.0,3.0,4.0,2,0.0,1,High
5.0,5.0,2.0,2.0,1.0,70.0,86.0,4.0,0.242,3,5.0,5.0,5.0,5.0,1.0,1.0,1.0,1.0,1.0,1.0,3,2,9,3.0,3.0,3.0,3.0,6.0,1.0,4.0,4.0,5,0.0,1,High
3.0,3.0,4.0,4.0,1.0,37.0,41.0,2.0,-0.57,0,4.0,4.0,2.0,3.0,2.0,2.0,1.0,1.0,1.0,1.0,2,3,1,2.0,2.0,4.0,2.0,3.0,2.0,3.0,3.0,2,2.0,0,Low
3.0,2.0,4.0,7.0,1.0,59.0,33.0,2.0,0.712,3,5.0,3.0,5.0,5.0,1.0,1.0,1.0,2.0,2.0,1.0,5,5,2,4.0,3.0,3.0,4.0,5.0,2.0,2.0,3.0,6,2.0,0,Low
5.0,4.0,4.0,2.0,1.0,56.0,57.0,4.0,1.267,3,5.0,3.0,1.0,5.0,1.0,1.0,1.0,1.0,1.0,1.0,5,5,9,5.0,4.0,4.0,4.0,6.0,2.0,3.0,3.0,3,0.0,1,Medium
5.0,4.0,1.0,8.0,1.0,49.0,75.0,3.0,0.712,3,5.0,3.0,3.0,5.0,1.0,1.0,1.0,1.0,1.0,1.0,4,2,4,4.0,2.0,3.0,2.0,6.0,2.0,2.0,3.0,8,0.0,1,High
3.0,3.0,3.0,7.0,0.0,40.0,47.0,2.0,-1.713,0,3.0,3.0,3.0,3.0,2.0,2.0,2.0,2.0,2.0,2.0,2,2,1,2.0,4.0,2.0,3.0,2.0,2.0,2.0,3.0,1,6.0,0,Medium
4.0,4.0,4.0,1.0,1.0,53.0,32.0,2.0,-0.57,3,5.0,3.0,1.0,5.0,2.0,2.0,1.0,1.0,1.0,1.0,3,2,4,5.0,4.0,5.0,3.0,5.0,2.0,3.0,3.0,4,2.0,0,Low
4.0,2.0,2.0,3.0,1.0,36.0,52.0,3.0,-0.57,2,5.0,2.0,5.0,5.0,1.0,1.0,1.0,1.0,1.0,1.0,2,1,6,2.0,2.0,2.0,2.0,4.0,2.0,3.0,2.0,5,0.0,0,Medium
5.0,5.0,3.0,8.0,0.0,75.0,95.0,4.0,0.712,2,5.0,5.0,5.0,5.0,1.0,1.0,1.0,1.0,1.0,1.0,2,2,3,5.0,5.0,5.0,5.0,6.0,2.0,4.0,4.0,6,0.0,1,High
5.0,5.0,5.0,6.0,1.0,82.0,40.0,3.0,-0.188,2,5.0,5.0,5.0,5.0,2.0,2.0,3.0,3.0,3.0,3.0,3,5,1,5.0,5.0,5.0,5.0,6.0,2.0,3.0,3.0,5,6.0,0,Low
5.0,4.0,2.0,1.0,1.0,52.0,49.0,4.0,-0.188,3,5.0,5.0,5.0,4.0,1.0,1.0,1.0,2.0,1.0,1.0,2,5,6,5.0,5.0,5.0,4.0,6.0,2.0,3.0,3.0,1,1.0,0,Medium
4.0,4.0,2.0,8.0,1.0,39.0,66.0,3.0,0.242,3,5.0,5.0,5.0,5.0,1.0,1.0,1.0,1.0,1.0,1.0,4,2,3,5.0,5.0,5.0,4.0,5.0,1.0,3.0,4.0,8,0.0,1,High
5.0,3.0,4.0,2.0,1.0,57.0,49.0,3.0,0.712,3,5.0,4.0,3.0,4.0,1.0,1.0,1.0,1.0,1.0,1.0,5,1,4,4.0,4.0,4.0,4.0,4.0,2.0,3.0,3.0,5,0.0,0,Medium
4.0,4.0,5.0,2.0,1.0,45.0,32.0,3.0,0.242,3,5.0,4.0,3.0,3.0,1.0,1.0,1.0,1.0,1.0,1.0,5,2,6,4.0,4.0,4.0,2.0,6.0,3.0,2.0,2.0,2,0.0,0,Low
3.0,3.0,5.0,3.0,1.0,38.0,21.0,2.0,-0.909,2,1.0,1.0,1.0,3.0,3.0,3.0,3.0,3.0,3.0,2.0,3,2,1,2.0,2.0,3.0,1.0,2.0,3.0,1.0,2.0,2,6.0,0,Low
5.0,4.0,2.0,8.0,1.0,75.0,86.0,4.0,1.267,3,5.0,1.0,5.0,5.0,1.0,1.0,1.0,1.0,1.0,1.0,5,2,9,3.0,3.0,4.0,3.0,6.0,1.0,4.0,4.0,8,0.0,1,High
5.0,3.0,4.0,4.0,1.0,44.0,61.0,3.0,-0.57,3,5.0,1.0,1.0,3.0,1.0,1.0,1.0,1.0,1.0,1.0,1,2,5,4.0,2.0,3.0,2.0,1.0,2.0,1.0,2.0,2,0.0,1,High
5.0,4.0,3.0,1.0,0.0,55.0,75.0,4.0,0.242,3,5.0,5.0,5.0,5.0,1.0,1.0,1.0,1.0,1.0,1.0,3,2,7,2.0,3.0,3.0,4.0,6.0,2.0,4.0,4.0,8,0.0,1,High
5.0,2.0,4.0,2.0,1.0,37.0,31.0,3.0,-0.188,3,5.0,2.0,1.0,4.0,2.0,1.0,2.0,3.0,1.0,2.0,3,1,5,2.0,2.0,3.0,3.0,2.0,3.0,2.0,2.0,3,4.0,0,Low
5.0,5.0,1.0,8.0,0.0,67.0,77.0,4.0,0.712,3,5.0,5.0,5.0,5.0,1.0,1.0,1.0,1.0,1.0,1.0,4,3,5,5.0,5.0,5.0,5.0,6.0,1.0,4.0,4.0,8,0.0,1,High
5.0,2.0,3.0,1.0,1.0,45.0,65.0,3.0,-0.188,2,5.0,5.0,1.0,5.0,1.0,1.0,1.0,1.0,1.0,1.0,2,1,8,5.0,3.0,4.0,2.0,1.0,3.0,3.0,2.0,5,0.0,1,High
5.0,4.0,3.0,4.0,1.0,56.0,61.0,4.0,1.267,3,5.0,4.0,5.0,5.0,1.0,1.0,1.0,1.0,1.0,1.0,5,5,5,4.0,4.0,4.0,3.0,5.0,1.0,3.0,3.0,2,0.0,1,High
5.0,4.0,5.0,2.0,1.0,52.0,57.0,3.0,-0.57,2,5.0,4.0,3.0,4.0,1.0,1.0,1.0,1.0,1.0,1.0,4,4,8,4.0,4.0,4.0,3.0,4.0,1.0,3.0,4.0,2,0.0,1,Medium
5.0,3.0,3.0,2.0,1.0,42.0,49.0,3.0,-0.188,3,5.0,3.0,2.0,5.0,1.0,2.0,1.0,1.0,1.0,1.0,2,2,4,4.0,4.0,4.0,3.0,4.0,1.0,2.0,3.0,5,1.0,0,Medium
4.0,3.0,4.0,2.0,1.0,43.0,43.0,3.0,0.712,3,5.0,3.0,3.0,5.0,1.0,1.0,1.0,1.0,1.0,1.0,5,2,7,2.0,3.0,3.0,3.0,3.0,3.0,2.0,2.0,2,0.0,0,Low
5.0,5.0,1.0,4.0,1.0,61.0,60.0,4.0,-1.215,2,5.0,5.0,5.0,5.0,1.0,1.0,1.0,2.0,1.0,1.0,2,2,6,5.0,5.0,5.0,5.0,6.0,1.0,3.0,4.0,4,1.0,1,Medium
4.0,2.0,2.0,2.0,1.0,28.0,54.0,3.0,-0.909,3,5.0,4.0,3.0,2.0,1.0,2.0,1.0,2.0,1.0,1.0,2,3,3,4.0,4.0,4.0,3.0,2.0,1.0,3.0,3.0,5,2.0,0,Medium
3.0,3.0,4.0,2.0,0.0,42.0,49.0,2.0,0.712,3,5.0,2.0,3.0,3.0,1.0,1.0,1.0,1.0,1.0,1.0,4,4,8,3.0,3.0,3.0,3.0,4.0,2.0,3.0,3.0,4,0.0,0,Medium
5.0,3.0,4.0,2.0,1.0,53.0,60.0,4.0,0.242,3,5.0,3.0,5.0,5.0,1.0,1.0,1.0,1.0,1.0,1.0,4,5,9,2.0,4.0,4.0,3.0,3.0,2.0,3.0,3.0,3,0.0,1,Medium
4.0,4.0,3.0,2.0,1.0,55.0,66.0,4.0,1.267,3,5.0,4.0,5.0,5.0,1.0,1.0,1.0,1.0,1.0,1.0,4,3,9,4.0,4.0,4.0,4.0,5.0,2.0,3.0,3.0,3,0.0,1,High
4.0,3.0,4.0,2.0,1.0,38.0,46.0,3.0,-0.188,2,5.0,1.0,1.0,1.0,1.0,1.0,1.0,1.0,1.0,1.0,5,5,8,1.0,1.0,1.0,1.0,2.0,1.0,2.0,3.0,2,0.0,0,Medium
5.0,5.0,4.0,3.0,1.0,63.0,68.0,4.0,0.242,3,5.0,4.0,5.0,5.0,1.0,1.0,1.0,1.0,1.0,1.0,5,4,7,4.0,4.0,5.0,4.0,6.0,1.0,3.0,4.0,3,0.0,1,High
5.0,4.0,3.0,2.0,1.0,49.0,58.0,3.0,0.712,3,5.0,4.0,5.0,5.0,1.0,1.0,1.0,1.0,1.0,1.0,4,1,9,4.0,3.0,3.0,3.0,6.0,2.0,3.0,3.0,4,0.0,1,Medium
4.0,4.0,3.0,8.0,1.0,48.0,74.0,4.0,0.712,3,5.0,4.0,5.0,5.0,1.0,1.0,1.0,1.0,1.0,1.0,4,1,6,4.0,4.0,5.0,5.0,6.0,2.0,3.0,3.0,6,0.0,1,High
5.0,5.0,1.0,8.0,0.0,68.0,64.0,4.0,-0.188,3,4.0,4.0,3.0,5.0,1.0,1.0,1.0,1.0,1.0,2.0,4,4,8,4.0,4.0,4.0,4.0,1.0,1.0,4.0,4.0,5,1.0,1,High
5.0,5.0,4.0,4.0,1.0,68.0,74.0,4.0,-0.909,2,5.0,5.0,4.0,5.0,1.0,1.0,1.0,1.0,1.0,1.0,3,4,7,5.0,5.0,5.0,5.0,6.0,1.0,3.0,4.0,2,0.0,1,High
4.0,3.0,2.0,8.0,1.0,38.0,53.0,3.0,-0.188,1,4.0,4.0,4.0,4.0,1.0,1.0,1.0,1.0,1.0,1.0,2,2,3,3.0,3.0,3.0,3.0,4.0,3.0,2.0,2.0,6,0.0,0,Medium
5.0,3.0,3.0,2.0,1.0,54.0,63.0,4.0,0.712,3,5.0,4.0,5.0,4.0,1.0,1.0,1.0,1.0,1.0,1.0,3,1,4,1.0,3.0,3.0,3.0,6.0,2.0,3.0,3.0,2,0.0,1,High
5.0,4.0,3.0,8.0,0.0,49.0,84.0,4.0,0.712,3,5.0,5.0,5.0,5.0,1.0,1.0,1.0,1.0,1.0,1.0,3,3,5,4.0,3.0,4.0,3.0,5.0,2.0,3.0,3.0,7,0.0,1,High
5.0,3.0,4.0,2.0,0.0,45.0,24.0,3.0,0.242,2,5.0,5.0,1.0,4.0,3.0,2.0,2.0,2.0,1.0,1.0,3,1,4,5.0,4.0,3.0,4.0,2.0,2.0,2.0,3.0,4,4.0,0,Low
4.0,4.0,4.0,2.0,1.0,55.0,61.0,3.0,0.712,3,3.0,4.0,5.0,5.0,1.0,1.0,1.0,1.0,1.0,1.0,5,1,9,4.0,4.0,4.0,4.0,2.0,1.0,3.0,3.0,2,0.0,1,High
4.0,4.0,3.0,8.0,0.0,46.0,49.0,3.0,-0.188,3,4.0,4.0,4.0,4.0,1.0,1.0,1.0,1.0,1.0,1.0,3,2,7,3.0,4.0,3.0,3.0,4.0,2.0,3.0,3.0,8,0.0,0,Medium
5.0,4.0,3.0,8.0,1.0,52.0,76.0,4.0,-0.188,3,5.0,4.0,5.0,5.0,1.0,1.0,1.0,1.0,1.0,1.0,2,2,7,4.0,4.0,5.0,4.0,5.0,1.0,3.0,3.0,8,0.0,1,High
5.0,4.0,4.0,8.0,1.0,44.0,60.0,3.0,-0.188,3,5.0,4.0,3.0,4.0,1.0,1.0,1.0,1.0,1.0,1.0,5,2,7,4.0,4.0,4.0,4.0,4.0,2.0,2.0,3.0,6,0.0,1,Medium
3.0,2.0,4.0,8.0,0.0,34.0,30.0,2.0,0.712,3,1.0,1.0,1.0,5.0,2.0,2.0,1.0,3.0,3.0,1.0,3,1,8,4.0,4.0,4.0,2.0,2.0,3.0,3.0,2.0,8,4.0,0,Low
4.0,4.0,2.0,8.0,0.0,55.0,59.0,3.0,-0.188,3,5.0,4.0,5.0,5.0,1.0,1.0,1.0,1.0,1.0,1.0,2,1,3,4.0,4.0,4.0,4.0,5.0,1.0,1.0,1.0,8,0.0,1,Medium
5.0,3.0,4.0,7.0,0.0,40.0,49.0,3.0,-1.215,2,5.0,3.0,1.0,5.0,1.0,1.0,1.0,1.0,1.0,1.0,3,2,8,5.0,4.0,2.0,1.0,1.0,2.0,2.0,2.0,3,0.0,0,Medium
4.0,4.0,1.0,8.0,0.0,57.0,76.0,3.0,0.242,3,5.0,1.0,5.0,5.0,1.0,1.0,1.0,1.0,1.0,1.0,2,1,2,2.0,2.0,2.0,2.0,4.0,1.0,3.0,3.0,8,0.0,1,High
4.0,4.0,4.0,5.0,1.0,55.0,53.0,3.0,-0.909,1,5.0,5.0,5.0,5.0,1.0,1.0,2.0,1.0,1.0,1.0,2,5,7,4.0,4.0,4.0,4.0,6.0,2.0,3.0,3.0,1,1.0,0,Medium
5.0,3.0,4.0,5.0,1.0,55.0,30.0,3.0,-0.57,1,5.0,4.0,1.0,5.0,3.0,3.0,1.0,1.0,1.0,1.0,3,1,1,5.0,5.0,5.0,4.0,6.0,1.0,3.0,3.0,2,2.0,0,Low
4.0,4.0,4.0,8.0,1.0,82.0,55.0,4.0,-0.57,3,5.0,3.0,2.0,5.0,1.0,1.0,1.0,1.0,1.0,1.0,4,2,8,5.0,5.0,5.0,5.0,3.0,2.0,3.0,4.0,7,0.0,1,Medium
5.0,5.0,3.0,8.0,0.0,82.0,71.0,4.0,0.712,3,5.0,5.0,5.0,5.0,1.0,1.0,1.0,1.0,1.0,1.0,2,2,7,5.0,5.0,5.0,5.0,6.0,1.0,4.0,4.0,5,0.0,1,High
3.0,4.0,5.0,2.0,1.0,52.0,57.0,3.0,0.712,3,5.0,4.0,5.0,4.0,1.0,1.0,1.0,1.0,1.0,1.0,3,2,9,3.0,3.0,2.0,2.0,6.0,2.0,3.0,3.0,6,0.0,1,Medium
4.0,4.0,2.0,8.0,1.0,53.0,73.0,4.0,-0.188,3,5.0,5.0,5.0,5.0,1.0,1.0,1.0,1.0,1.0,1.0,3,2,3,2.0,2.0,2.0,2.0,5.0,1.0,3.0,3.0,8,0.0,1,High
4.0,3.0,4.0,2.0,1.0,39.0,50.0,3.0,-0.57,2,5.0,4.0,5.0,5.0,1.0,1.0,1.0,1.0,1.0,1.0,3,2,5,5.0,4.0,4.0,3.0,4.0,2.0,3.0,3.0,2,0.0,0,Medium
4.0,2.0,2.0,2.0,0.0,44.0,26.0,3.0,0.242,3,5.0,3.0,1.0,4.0,1.0,2.0,1.0,1.0,1.0,1.0,4,2,3,3.0,4.0,3.0,2.0,3.0,2.0,3.0,3.0,2,1.0,0,Low
5.0,5.0,3.0,3.0,1.0,47.0,55.0,4.0,-1.713,2,5.0,5.0,1.0,1.0,2.0,2.0,1.0,2.0,2.0,2.0,2,3,1,4.0,4.0,5.0,3.0,6.0,2.0,3.0,4.0,1,5.0,1,Medium
5.0,4.0,4.0,2.0,1.0,68.0,53.0,3.0,-0.57,3,5.0,3.0,4.0,5.0,1.0,1.0,1.0,1.0,1.0,1.0,3,3,9,2.0,3.0,4.0,2.0,6.0,1.0,3.0,3.0,4,0.0,0,Medium
5.0,4.0,5.0,2.0,1.0,60.0,51.0,3.0,1.267,3,5.0,5.0,3.0,4.0,1.0,1.0,1.0,1.0,2.0,1.0,5,2,8,5.0,5.0,2.0,2.0,6.0,2.0,3.0,4.0,5,1.0,0,Medium
4.0,4.0,3.0,6.0,,50.0,54.0,3.0,-1.485,1,5.0,3.0,1.0,4.0,2.0,1.0,1.0,1.0,1.0,1.0,2,1,1,4.0,4.0,4.0,3.0,2.0,2.0,3.0,3.0,6,1.0,0,Medium
5.0,4.0,5.0,2.0,1.0,44.0,46.0,3.0,0.242,3,4.0,4.0,4.0,4.0,1.0,1.0,1.0,1.0,1.0,1.0,3,2,9,4.0,4.0,4.0,4.0,5.0,1.0,2.0,3.0,2,0.0,0,Medium
4.0,4.0,3.0,8.0,0.0,46.0,73.0,3.0,-1.215,2,5.0,3.0,3.0,4.0,1.0,1.0,1.0,1.0,1.0,1.0,3,2,9,4.0,3.0,3.0,3.0,5.0,2.0,3.0,3.0,7,0.0,1,High
5.0,4.0,3.0,1.0,1.0,56.0,67.0,3.0,0.242,3,5.0,4.0,3.0,4.0,1.0,1.0,1.0,1.0,1.0,1.0,4,4,9,4.0,5.0,4.0,4.0,5.0,2.0,4.0,4.0,3,0.0,1,High
5.0,4.0,2.0,8.0,1.0,54.0,58.0,4.0,0.712,3,5.0,4.0,5.0,5.0,1.0,1.0,1.0,1.0,1.0,1.0,4,2,8,5.0,5.0,5.0,5.0,6.0,2.0,3.0,4.0,6,0.0,1,Medium
5.0,3.0,4.0,2.0,1.0,45.0,65.0,4.0,0.712,3,3.0,3.0,3.0,3.0,1.0,1.0,1.0,1.0,1.0,1.0,4,3,9,4.0,4.0,4.0,4.0,4.0,1.0,2.0,4.0,3,0.0,1,High
4.0,3.0,3.0,2.0,1.0,55.0,54.0,3.0,0.242,0,5.0,4.0,5.0,3.0,1.0,2.0,1.0,1.0,1.0,1.0,2,4,9,4.0,4.0,4.0,3.0,6.0,2.0,3.0,3.0,5,1.0,0,Medium
2.0,2.0,4.0,7.0,0.0,38.0,29.0,2.0,-0.909,0,3.0,4.0,1.0,4.0,2.0,3.0,1.0,1.0,1.0,2.0,2,2,1,4.0,2.0,2.0,2.0,2.0,3.0,2.0,2.0,3,3.0,0,Low
3.0,3.0,4.0,8.0,1.0,41.0,49.0,3.0,0.712,3,4.0,3.0,3.0,3.0,1.0,1.0,1.0,1.0,1.0,1.0,3,2,8,4.0,4.0,4.0,4.0,4.0,3.0,2.0,3.0,7,0.0,0,Medium
5.0,4.0,3.0,2.0,1.0,54.0,42.0,3.0,0.712,2,5.0,4.0,4.0,5.0,1.0,1.0,1.0,2.0,1.0,1.0,3,1,6,5.0,4.0,4.0,4.0,5.0,2.0,3.0,4.0,3,1.0,0,Low
5.0,3.0,2.0,8.0,0.0,47.0,42.0,3.0,-0.188,2,5.0,5.0,1.0,4.0,1.0,1.0,1.0,1.0,1.0,1.0,1,2,3,4.0,4.0,2.0,2.0,2.0,2.0,3.0,4.0,8,0.0,0,Low
5.0,4.0,5.0,5.0,1.0,45.0,38.0,3.0,0.242,3,5.0,3.0,5.0,5.0,1.0,1.0,1.0,2.0,2.0,1.0,4,4,7,4.0,4.0,4.0,4.0,4.0,2.0,4.0,4.0,2,2.0,0,Low
3.0,3.0,2.0,8.0,1.0,51.0,67.0,4.0,-1.9,1,5.0,4.0,3.0,5.0,1.0,1.0,1.0,1.0,1.0,1.0,3,2,5,4.0,4.0,4.0,4.0,5.0,3.0,3.0,3.0,7,0.0,1,High
5.0,4.0,2.0,3.0,1.0,53.0,45.0,4.0,-0.57,2,5.0,4.0,1.0,5.0,3.0,2.0,1.0,1.0,1.0,1.0,3,1,3,5.0,5.0,5.0,5.0,2.0,1.0,3.0,4.0,2,2.0,0,Medium
5.0,5.0,4.0,2.0,1.0,56.0,64.0,3.0,0.242,3,5.0,4.0,1.0,2.0,1.0,1.0,1.0,1.0,1.0,1.0,3,5,7,5.0,4.0,4.0,4.0,1.0,1.0,3.0,4.0,3,0.0,1,High
5.0,5.0,2.0,8.0,1.0,59.0,71.0,4.0,1.267,3,5.0,1.0,5.0,4.0,1.0,1.0,1.0,1.0,1.0,1.0,4,2,8,1.0,2.0,4.0,4.0,4.0,1.0,4.0,4.0,8,0.0,1,High
4.0,4.0,2.0,8.0,1.0,57.0,90.0,4.0,1.267,3,5.0,5.0,5.0,5.0,1.0,1.0,1.0,1.0,1.0,1.0,4,2,9,3.0,3.0,4.0,3.0,6.0,1.0,4.0,3.0,7,0.0,1,High
4.0,3.0,4.0,2.0,1.0,48.0,59.0,4.0,-0.57,2,5.0,4.0,3.0,5.0,1.0,1.0,1.0,1.0,1.0,1.0,2,1,6,4.0,4.0,4.0,4.0,5.0,3.0,3.0,3.0,4,0.0,1,Medium
4.0,4.0,1.0,8.0,0.0,85.0,82.0,4.0,-0.57,2,5.0,1.0,5.0,5.0,1.0,1.0,1.0,1.0,1.0,1.0,5,2,8,1.0,1.0,1.0,5.0,5.0,1.0,4.0,4.0,7,0.0,1,High
5.0,3.0,4.0,2.0,0.0,39.0,52.0,3.0,-0.57,2,5.0,2.0,1.0,1.0,1.0,1.0,1.0,2.0,1.0,1.0,4,3,3,2.0,2.0,3.0,2.0,4.0,3.0,2.0,4.0,2,1.0,0,Medium
5.0,5.0,2.0,8.0,0.0,38.0,76.0,3.0,-0.57,3,5.0,4.0,5.0,4.0,1.0,1.0,1.0,1.0,1.0,1.0,2,2,5,3.0,3.0,2.0,2.0,3.0,3.0,2.0,2.0,8,0.0,1,High
5.0,5.0,2.0,8.0,1.0,85.0,95.0,4.0,1.267,3,5.0,5.0,5.0,5.0,1.0,1.0,1.0,1.0,1.0,1.0,4,1,8,5.0,5.0,5.0,5.0,6.0,1.0,4.0,4.0,6,0.0,1,High
5.0,5.0,3.0,3.0,1.0,65.0,70.0,4.0,0.712,3,5.0,5.0,5.0,5.0,1.0,1.0,1.0,1.0,1.0,1.0,5,5,8,5.0,5.0,5.0,5.0,6.0,1.0,3.0,4.0,2,0.0,1,High
4.0,4.0,3.0,2.0,1.0,48.0,43.0,4.0,-1.485,2,3.0,3.0,3.0,3.0,2.0,2.0,2.0,2.0,2.0,2.0,3,4,8,4.0,5.0,4.0,5.0,4.0,4.0,3.0,3.0,2,6.0,0,Low
3.0,3.0,4.0,3.0,0.0,33.0,50.0,3.0,0.242,3,5.0,3.0,5.0,3.0,1.0,1.0,1.0,1.0,1.0,1.0,4,3,7,4.0,3.0,3.0,3.0,5.0,2.0,3.0,2.0,2,0.0,0,Medium
5.0,5.0,2.0,8.0,1.0,62.0,77.0,4.0,1.267,3,5.0,5.0,5.0,5.0,1.0,1.0,1.0,1.0,1.0,1.0,5,2,8,4.0,5.0,5.0,5.0,5.0,3.0,4.0,4.0,8,0.0,1,High
5.0,5.0,1.0,6.0,1.0,75.0,95.0,4.0,-0.188,3,5.0,5.0,5.0,5.0,1.0,1.0,1.0,1.0,1.0,1.0,2,4,3,5.0,5.0,5.0,5.0,6.0,4.0,4.0,4.0,6,0.0,1,High
5.0,4.0,2.0,8.0,0.0,63.0,60.0,4.0,0.712,3,5.0,4.0,3.0,5.0,1.0,1.0,1.0,1.0,1.0,1.0,3,2,4,4.0,4.0,4.0,4.0,3.0,2.0,3.0,3.0,6,0.0,1,Medium
5.0,3.0,4.0,1.0,1.0,51.0,42.0,3.0,-0.188,3,4.0,4.0,2.0,5.0,1.0,2.0,1.0,1.0,1.0,1.0,5,3,6,4.0,4.0,4.0,4.0,4.0,1.0,4.0,3.0,4,1.0,0,Low
5.0,5.0,5.0,8.0,1.0,56.0,58.0,3.0,-0.188,3,5.0,5.0,5.0,5.0,1.0,1.0,1.0,1.0,1.0,1.0,4,2,7,5.0,5.0,4.0,3.0,6.0,1.0,4.0,4.0,5,0.0,1,Medium
3.0,3.0,1.0,1.0,0.0,39.0,45.0,3.0,-0.909,1,4.0,3.0,3.0,3.0,2.0,2.0,2.0,3.0,2.0,2.0,2,3,2,3.0,3.0,2.0,3.0,3.0,3.0,2.0,2.0,3,6.0,0,Medium
5.0,4.0,3.0,8.0,1.0,49.0,72.0,4.0,0.712,3,5.0,5.0,5.0,5.0,1.0,1.0,1.0,1.0,1.0,1.0,3,2,5,4.0,4.0,4.0,3.0,6.0,1.0,4.0,4.0,7,0.0,1,High
5.0,3.0,4.0,2.0,0.0,48.0,50.0,3.0,-0.909,2,5.0,4.0,4.0,5.0,1.0,1.0,1.0,1.0,1.0,1.0,2,2,9,4.0,3.0,3.0,3.0,5.0,2.0,3.0,3.0,5,0.0,0,Medium
5.0,5.0,3.0,8.0,0.0,67.0,78.0,4.0,-0.188,3,5.0,5.0,5.0,5.0,1.0,1.0,1.0,1.0,1.0,1.0,5,1,8,4.0,4.0,4.0,4.0,6.0,1.0,3.0,4.0,8,0.0,1,High
5.0,5.0,1.0,8.0,1.0,55.0,69.0,3.0,0.712,3,5.0,5.0,5.0,5.0,1.0,1.0,1.0,1.0,1.0,1.0,3,2,7,4.0,4.0,4.0,3.0,5.0,2.0,3.0,4.0,7,0.0,1,High
5.0,4.0,2.0,8.0,1.0,50.0,60.0,4.0,0.242,3,5.0,5.0,4.0,5.0,1.0,1.0,1.0,1.0,2.0,1.0,4,2,8,2.0,4.0,4.0,4.0,6.0,1.0,4.0,3.0,6,1.0,1,Medium
3.0,3.0,3.0,2.0,1.0,42.0,62.0,4.0,-0.188,2,3.0,3.0,3.0,3.0,1.0,1.0,1.0,1.0,1.0,1.0,3,1,5,3.0,3.0,3.0,3.0,4.0,3.0,3.0,3.0,2,0.0,1,High
3.0,3.0,5.0,2.0,1.0,35.0,41.0,2.0,-0.57,2,1.0,1.0,1.0,4.0,2.0,1.0,1.0,2.0,2.0,1.0,3,3,5,3.0,3.0,3.0,3.0,4.0,2.0,3.0,3.0,3,3.0,0,Low
5.0,4.0,4.0,8.0,0.0,60.0,60.0,3.0,1.267,3,5.0,4.0,5.0,5.0,1.0,1.0,1.0,1.0,1.0,1.0,5,2,7,4.0,4.0,4.0,4.0,5.0,2.0,3.0,4.0,8,0.0,1,Medium
4.0,4.0,2.0,8.0,1.0,62.0,58.0,4.0,0.712,3,5.0,4.0,5.0,5.0,1.0,1.0,1.0,1.0,1.0,1.0,5,1,9,5.0,5.0,5.0,5.0,6.0,1.0,3.0,3.0,6,0.0,1,Medium
4.0,3.0,2.0,8.0,1.0,49.0,47.0,3.0,0.712,3,5.0,3.0,1.0,5.0,2.0,1.0,2.0,2.0,1.0,1.0,3,1,2,4.0,3.0,4.0,3.0,4.0,2.0,3.0,2.0,8,3.0,0,Medium
5.0,4.0,3.0,8.0,1.0,54.0,59.0,3.0,1.267,3,5.0,5.0,5.0,5.0,1.0,1.0,1.0,1.0,1.0,1.0,4,2,5,4.0,3.0,3.0,2.0,5.0,2.0,3.0,3.0,7,0.0,1,Medium
4.0,3.0,3.0,2.0,1.0,45.0,49.0,4.0,-0.188,3,5.0,3.0,4.0,5.0,1.0,1.0,1.0,1.0,1.0,1.0,3,2,7,2.0,4.0,4.0,4.0,4.0,1.0,2.0,3.0,2,0.0,0,Medium
4.0,4.0,3.0,2.0,0.0,47.0,53.0,3.0,-0.188,3,5.0,4.0,3.0,4.0,1.0,1.0,1.0,1.0,1.0,1.0,1,3,6,4.0,4.0,4.0,4.0,5.0,1.0,3.0,3.0,4,0.0,0,Medium
4.0,4.0,4.0,5.0,0.0,50.0,51.0,2.0,0.242,3,5.0,5.0,5.0,5.0,1.0,1.0,1.0,1.0,1.0,1.0,4,2,9,4.0,4.0,4.0,4.0,6.0,3.0,3.0,3.0,2,0.0,0,Medium
3.0,3.0,4.0,8.0,1.0,42.0,62.0,3.0,-0.188,1,5.0,5.0,5.0,5.0,1.0,1.0,1.0,1.0,2.0,1.0,2,2,6,4.0,4.0,4.0,4.0,6.0,2.0,3.0,3.0,5,1.0,1,High
3.0,2.0,5.0,2.0,0.0,35.0,16.0,1.0,-1.215,1,2.0,1.0,1.0,1.0,1.0,1.0,1.0,1.0,1.0,1.0,5,2,5,2.0,2.0,2.0,2.0,2.0,2.0,2.0,3.0,2,0.0,0,Low
4.0,4.0,2.0,8.0,1.0,52.0,68.0,3.0,0.712,3,5.0,4.0,5.0,5.0,1.0,1.0,1.0,1.0,1.0,1.0,3,1,5,4.0,3.0,4.0,4.0,5.0,2.0,3.0,3.0,7,0.0,1,High
4.0,2.0,4.0,2.0,0.0,36.0,50.0,2.0,-0.909,1,4.0,2.0,1.0,1.0,1.0,1.0,1.0,1.0,1.0,1.0,2,3,8,4.0,2.0,2.0,2.0,3.0,2.0,2.0,2.0,4,0.0,0,Medium
5.0,5.0,2.0,8.0,1.0,59.0,65.0,4.0,1.267,3,5.0,4.0,5.0,4.0,1.0,1.0,1.0,1.0,1.0,1.0,5,2,7,4.0,2.0,4.0,2.0,6.0,1.0,3.0,3.0,7,0.0,1,High
5.0,5.0,3.0,8.0,1.0,65.0,69.0,4.0,1.267,3,5.0,3.0,5.0,5.0,1.0,1.0,1.0,1.0,1.0,1.0,4,2,8,3.0,3.0,4.0,3.0,5.0,2.0,3.0,3.0,6,0.0,1,High
4.0,4.0,3.0,8.0,0.0,50.0,56.0,3.0,0.242,3,4.0,4.0,4.0,4.0,1.0,1.0,1.0,1.0,1.0,1.0,2,2,5,3.0,3.0,2.0,3.0,4.0,3.0,3.0,3.0,5,0.0,1,Medium
5.0,4.0,4.0,8.0,0.0,56.0,76.0,4.0,0.712,3,5.0,5.0,5.0,5.0,1.0,1.0,1.0,1.0,1.0,1.0,4,2,9,4.0,4.0,4.0,4.0,5.0,2.0,3.0,3.0,7,0.0,1,High
4.0,2.0,2.0,1.0,0.0,41.0,52.0,2.0,-0.57,3,5.0,2.0,3.0,2.0,1.0,1.0,1.0,1.0,1.0,1.0,1,2,5,2.0,2.0,2.0,2.0,2.0,3.0,2.0,2.0,5,0.0,0,Medium
4.0,4.0,2.0,2.0,1.0,54.0,63.0,3.0,-0.909,2,5.0,4.0,3.0,5.0,1.0,1.0,1.0,1.0,1.0,1.0,4,3,7,4.0,4.0,4.0,4.0,6.0,2.0,3.0,4.0,2,0.0,1,High
4.0,3.0,3.0,2.0,1.0,51.0,60.0,3.0,-0.188,2,5.0,4.0,5.0,5.0,1.0,1.0,1.0,1.0,1.0,1.0,3,2,6,5.0,4.0,3.0,4.0,4.0,2.0,3.0,3.0,2,0.0,1,Medium
5.0,4.0,4.0,2.0,1.0,55.0,62.0,4.0,0.712,3,5.0,5.0,5.0,5.0,1.0,1.0,1.0,1.0,1.0,1.0,4,2,9,2.0,2.0,4.0,3.0,6.0,1.0,3.0,3.0,5,0.0,1,High
4.0,4.0,3.0,8.0,0.0,56.0,64.0,4.0,-0.909,2,5.0,5.0,5.0,5.0,1.0,1.0,1.0,1.0,1.0,1.0,3,2,7,4.0,4.0,4.0,4.0,5.0,2.0,3.0,2.0,8,0.0,1,High
4.0,4.0,3.0,2.0,1.0,57.0,63.0,4.0,1.267,3,5.0,5.0,5.0,3.0,1.0,1.0,1.0,1.0,1.0,1.0,4,2,8,3.0,4.0,4.0,3.0,6.0,2.0,3.0,4.0,4,0.0,1,High
4.0,4.0,4.0,5.0,1.0,71.0,41.0,3.0,-0.188,3,5.0,4.0,4.0,5.0,2.0,1.0,1.0,1.0,1.0,1.0,3,2,1,5.0,4.0,5.0,4.0,5.0,1.0,3.0,3.0,1,1.0,0,Low
4.0,2.0,4.0,1.0,1.0,60.0,40.0,3.0,-0.57,3,2.0,2.0,2.0,4.0,2.0,2.0,2.0,1.0,1.0,1.0,5,2,7,5.0,2.0,3.0,3.0,1.0,2.0,4.0,2.0,6,3.0,0,Low
4.0,2.0,5.0,,1.0,20.0,45.0,3.0,-2.053,0,5.0,4.0,1.0,1.0,2.0,1.0,1.0,1.0,1.0,1.0,1,3,6,3.0,3.0,4.0,3.0,4.0,3.0,3.0,3.0,7,1.0,0,Medium
5.0,5.0,3.0,2.0,1.0,56.0,95.0,4.0,0.242,2,5.0,5.0,5.0,5.0,1.0,1.0,1.0,1.0,1.0,1.0,5,5,9,4.0,3.0,5.0,4.0,5.0,2.0,3.0,4.0,6,0.0,1,High
5.0,4.0,4.0,3.0,1.0,58.0,40.0,3.0,0.242,3,5.0,4.0,2.0,1.0,1.0,1.0,1.0,1.0,1.0,1.0,4,2,4,3.0,3.0,4.0,4.0,1.0,1.0,3.0,3.0,2,0.0,0,Low
4.0,3.0,3.0,1.0,0.0,45.0,64.0,3.0,-0.188,2,5.0,4.0,5.0,3.0,1.0,1.0,1.0,1.0,1.0,1.0,4,2,9,3.0,3.0,3.0,3.0,3.0,2.0,2.0,3.0,3,0.0,1,High
5.0,5.0,2.0,2.0,1.0,73.0,72.0,4.0,0.712,3,5.0,5.0,5.0,5.0,1.0,1.0,1.0,1.0,1.0,1.0,4,5,9,4.0,5.0,5.0,5.0,6.0,3.0,3.0,3.0,3,0.0,1,High
5.0,5.0,4.0,8.0,0.0,44.0,72.0,4.0,0.242,3,5.0,5.0,5.0,5.0,1.0,1.0,1.0,1.0,1.0,1.0,4,2,3,2.0,2.0,3.0,2.0,5.0,3.0,3.0,3.0,8,0.0,1,High
4.0,4.0,2.0,3.0,0.0,55.0,63.0,3.0,-0.188,3,5.0,5.0,5.0,5.0,1.0,1.0,1.0,1.0,1.0,1.0,2,2,2,4.0,4.0,4.0,3.0,5.0,2.0,3.0,3.0,8,0.0,1,High
5.0,4.0,4.0,1.0,1.0,52.0,46.0,3.0,1.267,3,5.0,4.0,3.0,5.0,1.0,1.0,1.0,2.0,2.0,1.0,5,2,8,4.0,4.0,4.0,4.0,4.0,2.0,3.0,3.0,5,2.0,0,Medium
4.0,4.0,4.0,8.0,1.0,47.0,53.0,4.0,0.712,3,5.0,3.0,1.0,5.0,1.0,1.0,1.0,2.0,2.0,1.0,2,2,3,4.0,4.0,4.0,4.0,6.0,3.0,3.0,3.0,6,2.0,0,Medium
5.0,3.0,2.0,8.0,0.0,51.0,70.0,4.0,0.712,3,5.0,1.0,5.0,4.0,1.0,1.0,1.0,1.0,1.0,1.0,5,2,7,1.0,3.0,4.0,3.0,2.0,2.0,3.0,3.0,6,0.0,1,High
5.0,5.0,2.0,2.0,1.0,76.0,78.0,4.0,0.242,3,5.0,5.0,5.0,2.0,1.0,1.0,1.0,1.0,1.0,1.0,5,1,9,2.0,4.0,4.0,3.0,5.0,1.0,3.0,3.0,5,0.0,1,High
4.0,4.0,2.0,8.0,1.0,51.0,64.0,3.0,1.267,3,5.0,4.0,5.0,5.0,1.0,1.0,1.0,1.0,1.0,1.0,2,2,4,4.0,4.0,4.0,4.0,5.0,2.0,3.0,3.0,8,0.0,1,High
5.0,3.0,4.0,4.0,1.0,55.0,55.0,3.0,0.242,3,5.0,4.0,5.0,4.0,1.0,1.0,1.0,1.0,1.0,1.0,5,5,7,2.0,3.0,4.0,2.0,4.0,2.0,3.0,3.0,2,0.0,1,Medium
5.0,4.0,4.0,8.0,1.0,52.0,62.0,4.0,0.712,3,5.0,5.0,5.0,5.0,1.0,1.0,1.0,1.0,1.0,1.0,5,2,7,4.0,4.0,4.0,4.0,5.0,2.0,3.0,3.0,6,0.0,1,High
5.0,4.0,2.0,2.0,1.0,60.0,64.0,3.0,1.267,3,5.0,5.0,5.0,5.0,1.0,1.0,1.0,1.0,1.0,1.0,5,2,8,5.0,5.0,5.0,4.0,6.0,2.0,4.0,3.0,4,0.0,1,High
3.0,3.0,3.0,2.0,0.0,41.0,50.0,3.0,-0.909,2,3.0,3.0,3.0,3.0,1.0,2.0,1.0,1.0,1.0,1.0,2,5,3,3.0,4.0,3.0,3.0,4.0,2.0,2.0,2.0,5,1.0,0,Medium
4.0,5.0,3.0,7.0,1.0,65.0,48.0,3.0,-0.188,2,3.0,4.0,1.0,4.0,2.0,1.0,1.0,1.0,1.0,1.0,5,2,3,5.0,5.0,5.0,5.0,6.0,2.0,2.0,2.0,2,1.0,0,Medium
5.0,5.0,2.0,1.0,1.0,68.0,75.0,4.0,0.712,3,5.0,5.0,5.0,4.0,1.0,1.0,1.0,1.0,1.0,1.0,5,2,9,4.0,4.0,5.0,4.0,6.0,2.0,3.0,4.0,7,0.0,1,High
5.0,4.0,4.0,2.0,0.0,48.0,43.0,3.0,0.712,3,5.0,5.0,5.0,4.0,2.0,2.0,1.0,2.0,2.0,1.0,4,5,8,4.0,4.0,4.0,3.0,4.0,2.0,3.0,4.0,4,4.0,0,Low
4.0,4.0,2.0,8.0,0.0,47.0,72.0,4.0,0.712,3,5.0,4.0,5.0,5.0,1.0,1.0,1.0,1.0,1.0,1.0,4,2,6,5.0,5.0,4.0,4.0,6.0,2.0,3.0,3.0,6,0.0,1,High
5.0,4.0,2.0,8.0,0.0,51.0,57.0,3.0,0.712,3,5.0,5.0,5.0,5.0,1.0,1.0,1.0,1.0,1.0,1.0,4,2,8,3.0,3.0,3.0,2.0,3.0,2.0,3.0,3.0,8,0.0,1,Medium
3.0,3.0,4.0,7.0,0.0,42.0,50.0,3.0,-0.57,0,3.0,2.0,1.0,2.0,1.0,1.0,1.0,1.0,1.0,2.0,3,5,3,4.0,4.0,4.0,4.0,2.0,3.0,2.0,3.0,4,1.0,0,Medium
2.0,3.0,4.0,2.0,1.0,56.0,42.0,3.0,-1.713,1,5.0,3.0,4.0,5.0,1.0,1.0,1.0,2.0,1.0,1.0,3,5,3,4.0,4.0,4.0,4.0,2.0,3.0,3.0,2.0,3,1.0,0,Low
5.0,4.0,3.0,2.0,0.0,59.0,57.0,3.0,0.712,3,5.0,4.0,2.0,4.0,1.0,1.0,1.0,1.0,1.0,1.0,3,2,9,5.0,5.0,5.0,5.0,6.0,2.0,3.0,4.0,4,0.0,1,Medium
4.0,3.0,5.0,4.0,0.0,36.0,25.0,2.0,-1.485,0,2.0,2.0,3.0,4.0,1.0,3.0,3.0,2.0,2.0,3.0,2,5,1,5.0,4.0,4.0,3.0,4.0,2.0,3.0,3.0,2,5.0,0,Low
4.0,4.0,4.0,2.0,1.0,50.0,80.0,4.0,1.267,3,5.0,4.0,5.0,5.0,1.0,1.0,1.0,1.0,1.0,1.0,4,2,8,2.0,3.0,3.0,1.0,5.0,2.0,3.0,3.0,6,0.0,1,High
5.0,5.0,1.0,8.0,1.0,63.0,71.0,4.0,0.242,3,5.0,5.0,5.0,4.0,1.0,1.0,1.0,1.0,1.0,1.0,3,2,2,5.0,4.0,5.0,5.0,6.0,2.0,3.0,3.0,6,0.0,1,High
5.0,4.0,4.0,8.0,0.0,51.0,73.0,3.0,0.712,3,5.0,1.0,5.0,5.0,1.0,1.0,1.0,1.0,1.0,1.0,3,3,8,4.0,3.0,3.0,2.0,5.0,2.0,3.0,3.0,8,0.0,1,High
5.0,4.0,4.0,7.0,1.0,50.0,59.0,4.0,0.242,3,5.0,5.0,5.0,5.0,1.0,1.0,1.0,1.0,1.0,1.0,4,2,6,3.0,4.0,4.0,4.0,6.0,2.0,3.0,4.0,6,0.0,1,Medium
5.0,3.0,3.0,2.0,0.0,42.0,43.0,3.0,0.242,3,4.0,4.0,5.0,4.0,1.0,1.0,1.0,1.0,1.0,1.0,5,5,3,4.0,4.0,2.0,2.0,5.0,2.0,3.0,3.0,3,0.0,0,Low
5.0,4.0,3.0,2.0,1.0,57.0,56.0,3.0,0.712,3,5.0,5.0,1.0,5.0,1.0,1.0,1.0,1.0,1.0,1.0,3,5,7,4.0,4.0,4.0,3.0,5.0,1.0,4.0,3.0,3,0.0,1,Medium
1.0,4.0,2.0,8.0,1.0,49.0,50.0,3.0,0.242,3,4.0,4.0,1.0,4.0,1.0,1.0,1.0,2.0,1.0,1.0,5,2,7,5.0,4.0,4.0,4.0,3.0,1.0,4.0,4.0,8,1.0,0,Medium
4.0,3.0,2.0,8.0,0.0,38.0,47.0,3.0,-0.909,2,3.0,3.0,3.0,4.0,1.0,1.0,1.0,1.0,1.0,1.0,4,2,2,4.0,3.0,3.0,3.0,5.0,1.0,4.0,3.0,6,0.0,0,Medium
5.0,4.0,4.0,7.0,1.0,57.0,57.0,3.0,0.242,3,5.0,3.0,2.0,5.0,1.0,1.0,1.0,1.0,1.0,1.0,3,2,6,4.0,4.0,4.0,4.0,6.0,1.0,4.0,3.0,6,0.0,1,Medium
3.0,3.0,5.0,5.0,1.0,42.0,48.0,2.0,-0.57,2,3.0,3.0,4.0,3.0,2.0,2.0,2.0,2.0,2.0,2.0,2,3,1,3.0,3.0,3.0,3.0,3.0,3.0,2.0,2.0,2,6.0,0,Medium
3.0,3.0,4.0,2.0,0.0,42.0,46.0,3.0,-1.485,2,4.0,3.0,2.0,3.0,1.0,1.0,1.0,1.0,2.0,2.0,2,5,6,3.0,4.0,3.0,3.0,3.0,2.0,2.0,2.0,3,2.0,0,Medium
5.0,4.0,2.0,8.0,1.0,56.0,67.0,4.0,0.712,3,5.0,5.0,5.0,5.0,1.0,1.0,1.0,1.0,1.0,1.0,3,2,8,3.0,4.0,4.0,3.0,6.0,3.0,3.0,4.0,6,0.0,1,High
5.0,4.0,2.0,8.0,0.0,49.0,62.0,4.0,0.712,3,5.0,5.0,2.0,5.0,1.0,1.0,1.0,1.0,1.0,1.0,3,4,6,4.0,4.0,4.0,4.0,4.0,2.0,3.0,3.0,6,0.0,1,High
3.0,1.0,3.0,2.0,0.0,9.0,40.0,2.0,-0.909,3,2.0,2.0,1.0,3.0,3.0,2.0,1.0,2.0,2.0,2.0,3,2,2,2.0,2.0,2.0,2.0,2.0,3.0,2.0,2.0,2,5.0,0,Low
3.0,3.0,2.0,2.0,1.0,33.0,47.0,3.0,-1.215,3,5.0,4.0,5.0,5.0,1.0,1.0,1.0,1.0,1.0,1.0,1,2,1,3.0,3.0,4.0,3.0,4.0,1.0,2.0,3.0,4,0.0,0,Medium
2.0,4.0,3.0,7.0,1.0,53.0,47.0,4.0,-0.188,3,5.0,4.0,5.0,5.0,1.0,1.0,1.0,3.0,2.0,1.0,4,2,5,5.0,4.0,4.0,4.0,2.0,2.0,2.0,2.0,2,2.0,0,Medium
5.0,5.0,2.0,2.0,0.0,58.0,77.0,4.0,1.267,3,5.0,5.0,5.0,5.0,1.0,1.0,1.0,1.0,1.0,1.0,4,2,9,2.0,2.0,4.0,3.0,6.0,1.0,3.0,3.0,3,0.0,1,High
5.0,4.0,2.0,8.0,1.0,52.0,62.0,4.0,0.712,3,5.0,5.0,4.0,5.0,1.0,1.0,1.0,1.0,1.0,1.0,2,1,6,5.0,5.0,4.0,4.0,4.0,2.0,3.0,3.0,7,0.0,1,High
5.0,4.0,3.0,1.0,1.0,54.0,77.0,3.0,-0.188,3,5.0,5.0,5.0,5.0,1.0,1.0,1.0,1.0,1.0,1.0,4,2,9,3.0,3.0,3.0,3.0,5.0,2.0,3.0,3.0,8,0.0,1,High
5.0,4.0,2.0,2.0,0.0,57.0,63.0,4.0,1.267,3,5.0,4.0,5.0,5.0,1.0,1.0,1.0,1.0,1.0,1.0,2,4,8,4.0,4.0,4.0,4.0,4.0,2.0,3.0,4.0,4,0.0,1,High
5.0,5.0,3.0,8.0,1.0,69.0,71.0,4.0,0.712,3,5.0,5.0,5.0,5.0,1.0,1.0,1.0,1.0,1.0,1.0,4,2,9,2.0,4.0,4.0,4.0,5.0,1.0,3.0,3.0,5,0.0,1,High
4.0,4.0,1.0,8.0,1.0,51.0,57.0,3.0,-0.57,2,5.0,4.0,3.0,3.0,1.0,1.0,1.0,3.0,1.0,1.0,5,2,9,4.0,4.0,4.0,4.0,4.0,1.0,3.0,3.0,6,1.0,1,Medium
5.0,4.0,1.0,4.0,0.0,57.0,48.0,3.0,-0.188,3,5.0,5.0,5.0,5.0,1.0,1.0,1.0,1.0,1.0,1.0,3,2,2,3.0,3.0,3.0,3.0,3.0,1.0,3.0,3.0,4,0.0,0,Medium
3.0,3.0,3.0,2.0,1.0,53.0,64.0,3.0,-0.188,3,5.0,3.0,5.0,4.0,1.0,1.0,1.0,1.0,1.0,1.0,4,3,9,4.0,4.0,4.0,4.0,4.0,2.0,3.0,3.0,4,0.0,1,High
4.0,3.0,4.0,2.0,1.0,45.0,44.0,3.0,-0.57,3,5.0,4.0,1.0,2.0,1.0,1.0,1.0,1.0,1.0,1.0,4,2,7,3.0,4.0,4.0,3.0,5.0,1.0,2.0,3.0,4,0.0,0,Medium
4.0,4.0,1.0,8.0,0.0,51.0,56.0,3.0,-0.188,3,5.0,4.0,2.0,5.0,1.0,1.0,1.0,1.0,1.0,1.0,5,3,9,4.0,4.0,3.0,3.0,4.0,1.0,3.0,3.0,5,0.0,1,Medium
3.0,3.0,3.0,3.0,0.0,42.0,70.0,4.0,-0.57,2,5.0,1.0,5.0,2.0,1.0,1.0,1.0,1.0,1.0,1.0,4,3,9,2.0,3.0,4.0,2.0,3.0,1.0,2.0,3.0,4,0.0,1,High
4.0,4.0,5.0,5.0,1.0,50.0,46.0,3.0,0.712,3,4.0,3.0,3.0,4.0,2.0,2.0,1.0,1.0,2.0,1.0,3,3,5,4.0,4.0,4.0,4.0,5.0,2.0,3.0,3.0,1,3.0,0,Medium
3.0,3.0,3.0,4.0,1.0,43.0,39.0,3.0,-0.188,1,2.0,3.0,1.0,2.0,1.0,1.0,1.0,2.0,1.0,1.0,2,3,5,4.0,4.0,3.0,3.0,2.0,2.0,3.0,2.0,4,1.0,0,Low
5.0,3.0,2.0,2.0,1.0,54.0,58.0,3.0,0.712,3,5.0,4.0,5.0,4.0,1.0,1.0,1.0,1.0,1.0,1.0,4,1,7,3.0,2.0,3.0,3.0,5.0,3.0,2.0,3.0,5,0.0,1,Medium
5.0,5.0,3.0,8.0,1.0,55.0,53.0,3.0,0.242,3,5.0,4.0,5.0,4.0,1.0,1.0,1.0,1.0,1.0,1.0,3,2,6,3.0,4.0,3.0,3.0,5.0,1.0,3.0,3.0,7,0.0,0,Medium
5.0,4.0,2.0,4.0,1.0,55.0,58.0,4.0,0.242,3,5.0,4.0,5.0,4.0,1.0,1.0,1.0,1.0,2.0,1.0,4,2,9,5.0,4.0,5.0,4.0,6.0,1.0,3.0,3.0,8,1.0,1,Medium
3.0,3.0,3.0,6.0,1.0,46.0,46.0,2.0,-1.215,3,4.0,4.0,5.0,2.0,2.0,1.0,1.0,2.0,2.0,1.0,1,3,5,5.0,5.0,5.0,4.0,5.0,3.0,3.0,2.0,8,3.0,0,Medium
4.0,4.0,5.0,6.0,0.0,47.0,22.0,4.0,0.242,3,5.0,5.0,1.0,5.0,2.0,2.0,3.0,1.0,1.0,1.0,2,3,3,5.0,5.0,5.0,3.0,1.0,2.0,3.0,3.0,1,3.0,0,Low
4.0,2.0,4.0,1.0,1.0,34.0,43.0,2.0,0.712,3,5.0,3.0,5.0,5.0,1.0,1.0,1.0,2.0,1.0,1.0,2,2,7,3.0,3.0,4.0,3.0,4.0,2.0,2.0,2.0,6,1.0,0,Low
3.0,3.0,4.0,2.0,0.0,33.0,36.0,2.0,-0.909,3,3.0,3.0,2.0,4.0,1.0,1.0,1.0,1.0,1.0,1.0,3,5,4,3.0,3.0,3.0,3.0,2.0,1.0,2.0,3.0,2,0.0,0,Low
5.0,5.0,2.0,8.0,1.0,64.0,65.0,4.0,0.242,1,5.0,5.0,3.0,5.0,1.0,1.0,1.0,1.0,1.0,1.0,3,5,6,4.0,5.0,4.0,4.0,6.0,1.0,3.0,3.0,2,0.0,1,High
5.0,4.0,3.0,8.0,1.0,53.0,64.0,3.0,0.712,3,5.0,5.0,5.0,5.0,1.0,1.0,1.0,1.0,1.0,1.0,4,2,8,4.0,4.0,4.0,3.0,5.0,2.0,3.0,3.0,8,0.0,1,High
4.0,4.0,2.0,8.0,0.0,57.0,63.0,3.0,-0.909,3,5.0,4.0,5.0,4.0,1.0,1.0,1.0,1.0,1.0,1.0,3,2,2,4.0,4.0,4.0,4.0,5.0,2.0,3.0,3.0,8,0.0,1,High
4.0,4.0,3.0,8.0,0.0,44.0,57.0,3.0,1.267,3,5.0,4.0,5.0,5.0,1.0,1.0,1.0,1.0,1.0,1.0,3,1,3,4.0,4.0,4.0,4.0,4.0,1.0,3.0,3.0,8,0.0,1,Medium
5.0,3.0,4.0,8.0,1.0,47.0,56.0,3.0,-0.188,2,5.0,3.0,5.0,5.0,1.0,1.0,1.0,1.0,1.0,1.0,5,2,9,4.0,4.0,4.0,2.0,6.0,2.0,3.0,3.0,5,0.0,1,Medium
4.0,4.0,2.0,3.0,1.0,46.0,77.0,4.0,-0.188,2,5.0,4.0,5.0,2.0,1.0,1.0,1.0,1.0,1.0,1.0,2,2,4,4.0,4.0,4.0,4.0,6.0,1.0,4.0,3.0,6,0.0,1,High
5.0,3.0,5.0,8.0,0.0,48.0,56.0,3.0,0.242,2,5.0,4.0,5.0,5.0,1.0,1.0,1.0,1.0,1.0,1.0,2,1,8,3.0,3.0,3.0,3.0,4.0,3.0,2.0,3.0,6,0.0,1,Medium
5.0,5.0,2.0,8.0,1.0,85.0,95.0,4.0,0.712,3,5.0,5.0,5.0,5.0,1.0,1.0,1.0,1.0,1.0,1.0,3,1,8,3.0,5.0,5.0,5.0,6.0,1.0,3.0,4.0,8,0.0,1,High
3.0,2.0,5.0,6.0,0.0,21.0,26.0,1.0,0.712,2,5.0,3.0,1.0,5.0,3.0,3.0,1.0,2.0,2.0,1.0,1,2,2,5.0,3.0,2.0,2.0,1.0,1.0,1.0,1.0,6,4.0,0,Low
5.0,5.0,2.0,8.0,1.0,62.0,73.0,4.0,0.242,3,5.0,5.0,5.0,5.0,1.0,1.0,1.0,1.0,1.0,1.0,5,2,7,5.0,5.0,4.0,4.0,5.0,2.0,4.0,3.0,8,0.0,1,High
5.0,1.0,5.0,4.0,1.0,33.0,21.0,3.0,-0.57,2,3.0,3.0,3.0,3.0,2.0,2.0,3.0,3.0,2.0,2.0,2,5,1,4.0,3.0,3.0,3.0,3.0,1.0,3.0,1.0,2,6.0,0,Low
5.0,4.0,3.0,8.0,1.0,51.0,63.0,3.0,0.242,3,5.0,5.0,5.0,5.0,1.0,1.0,1.0,1.0,1.0,1.0,3,2,6,4.0,4.0,4.0,4.0,3.0,1.0,3.0,3.0,8,0.0,1,High
4.0,4.0,2.0,8.0,1.0,51.0,61.0,3.0,-0.57,3,4.0,3.0,3.0,3.0,1.0,1.0,1.0,1.0,1.0,1.0,2,1,7,2.0,2.0,2.0,2.0,5.0,1.0,4.0,3.0,8,0.0,1,High
5.0,4.0,3.0,8.0,0.0,54.0,61.0,4.0,-0.188,1,5.0,3.0,5.0,5.0,1.0,1.0,1.0,1.0,1.0,1.0,2,3,8,2.0,3.0,5.0,4.0,6.0,3.0,2.0,3.0,6,0.0,1,High
5.0,3.0,3.0,7.0,0.0,48.0,41.0,3.0,1.267,2,4.0,3.0,1.0,4.0,3.0,2.0,1.0,1.0,3.0,1.0,3,5,3,5.0,5.0,3.0,4.0,4.0,1.0,2.0,2.0,7,3.0,0,Low
5.0,4.0,2.0,8.0,1.0,39.0,52.0,4.0,0.712,2,5.0,4.0,5.0,5.0,1.0,1.0,1.0,1.0,1.0,1.0,4,1,4,4.0,2.0,3.0,1.0,2.0,1.0,3.0,3.0,8,0.0,0,Medium
3.0,4.0,4.0,8.0,1.0,54.0,51.0,3.0,1.267,3,4.0,3.0,4.0,5.0,1.0,1.0,1.0,2.0,2.0,1.0,5,2,8,4.0,3.0,4.0,3.0,3.0,2.0,3.0,3.0,7,2.0,0,Medium
5.0,4.0,4.0,5.0,0.0,45.0,55.0,4.0,0.242,3,5.0,5.0,5.0,5.0,1.0,1.0,1.0,1.0,1.0,1.0,3,4,7,3.0,4.0,2.0,3.0,5.0,3.0,2.0,2.0,1,0.0,1,Medium
5.0,5.0,2.0,4.0,1.0,67.0,64.0,4.0,0.712,3,5.0,4.0,5.0,5.0,1.0,1.0,1.0,1.0,1.0,1.0,3,2,7,5.0,5.0,4.0,3.0,5.0,2.0,4.0,3.0,3,0.0,1,High
5.0,3.0,2.0,2.0,1.0,47.0,58.0,3.0,-1.485,2,5.0,4.0,3.0,5.0,1.0,1.0,1.0,1.0,1.0,1.0,1,3,3,5.0,4.0,4.0,3.0,4.0,1.0,4.0,3.0,5,0.0,1,Medium
5.0,5.0,2.0,2.0,1.0,60.0,76.0,4.0,-0.188,3,5.0,5.0,5.0,4.0,1.0,1.0,1.0,1.0,1.0,1.0,3,1,6,4.0,4.0,4.0,4.0,6.0,2.0,3.0,3.0,2,0.0,1,High
4.0,3.0,3.0,2.0,0.0,42.0,60.0,4.0,0.242,3,4.0,4.0,4.0,5.0,1.0,1.0,1.0,1.0,1.0,1.0,4,1,6,4.0,4.0,2.0,2.0,5.0,2.0,2.0,2.0,3,0.0,1,Medium
5.0,4.0,4.0,4.0,1.0,52.0,56.0,4.0,0.712,3,4.0,5.0,4.0,4.0,1.0,1.0,1.0,1.0,1.0,1.0,3,2,2,4.0,4.0,5.0,3.0,5.0,2.0,3.0,3.0,6,0.0,1,Medium
5.0,4.0,3.0,8.0,1.0,55.0,66.0,4.0,-0.57,3,5.0,4.0,4.0,4.0,1.0,1.0,1.0,1.0,1.0,1.0,2,2,6,5.0,5.0,5.0,5.0,6.0,1.0,2.0,3.0,6,0.0,1,High
5.0,3.0,5.0,6.0,0.0,41.0,36.0,1.0,0.712,3,4.0,4.0,2.0,4.0,2.0,1.0,1.0,1.0,1.0,1.0,4,2,6,2.0,2.0,2.0,1.0,1.0,1.0,3.0,2.0,4,1.0,0,Low
5.0,4.0,3.0,2.0,1.0,52.0,58.0,4.0,0.242,2,5.0,4.0,1.0,5.0,1.0,2.0,1.0,1.0,1.0,1.0,3,5,8,5.0,5.0,5.0,5.0,6.0,4.0,3.0,4.0,2,1.0,1,Medium
5.0,3.0,3.0,8.0,1.0,54.0,62.0,4.0,0.242,3,5.0,4.0,5.0,5.0,1.0,1.0,1.0,1.0,1.0,1.0,3,2,2,4.0,5.0,4.0,4.0,5.0,2.0,3.0,3.0,6,0.0,1,High
5.0,4.0,4.0,8.0,0.0,42.0,49.0,3.0,-0.909,2,5.0,4.0,1.0,5.0,1.0,2.0,1.0,1.0,1.0,1.0,2,1,2,5.0,4.0,3.0,3.0,2.0,2.0,3.0,3.0,8,1.0,0,Medium
4.0,4.0,2.0,8.0,0.0,85.0,80.0,4.0,0.242,3,5.0,5.0,5.0,5.0,1.0,1.0,1.0,1.0,1.0,1.0,3,2,4,4.0,4.0,4.0,4.0,1.0,1.0,4.0,3.0,6,0.0,1,High
4.0,3.0,3.0,8.0,0.0,44.0,50.0,2.0,-0.188,1,4.0,4.0,4.0,5.0,1.0,1.0,1.0,1.0,2.0,1.0,2,1,2,4.0,4.0,4.0,4.0,5.0,3.0,3.0,3.0,8,1.0,0,Medium
3.0,3.0,3.0,2.0,1.0,40.0,49.0,4.0,0.712,3,4.0,4.0,5.0,5.0,1.0,1.0,1.0,2.0,1.0,1.0,4,3,9,4.0,4.0,4.0,3.0,6.0,1.0,3.0,4.0,3,1.0,0,Medium
4.0,4.0,2.0,8.0,0.0,46.0,70.0,4.0,0.242,3,5.0,5.0,5.0,5.0,1.0,1.0,1.0,1.0,1.0,1.0,2,2,7,5.0,5.0,5.0,4.0,6.0,2.0,3.0,3.0,7,0.0,1,High
4.0,4.0,4.0,8.0,0.0,55.0,59.0,3.0,-0.57,1,5.0,5.0,5.0,5.0,1.0,1.0,1.0,1.0,1.0,1.0,2,2,2,4.0,4.0,4.0,4.0,5.0,2.0,3.0,3.0,8,0.0,1,Medium
3.0,3.0,5.0,1.0,0.0,42.0,48.0,4.0,-1.485,2,2.0,2.0,4.0,3.0,3.0,2.0,2.0,2.0,3.0,1.0,3,1,7,2.0,3.0,4.0,3.0,3.0,4.0,4.0,4.0,1,5.0,0,Medium
4.0,2.0,5.0,2.0,1.0,38.0,18.0,2.0,0.712,3,5.0,3.0,1.0,4.0,2.0,2.0,1.0,1.0,1.0,1.0,3,2,6,4.0,4.0,4.0,4.0,3.0,3.0,2.0,2.0,4,2.0,0,Low
4.0,3.0,4.0,2.0,1.0,44.0,48.0,3.0,-0.188,2,5.0,3.0,2.0,4.0,2.0,2.0,2.0,1.0,1.0,1.0,3,3,7,2.0,4.0,3.0,2.0,4.0,1.0,3.0,3.0,3,3.0,0,Medium
3.0,2.0,3.0,2.0,1.0,43.0,49.0,3.0,0.242,3,3.0,2.0,1.0,4.0,1.0,1.0,1.0,2.0,2.0,2.0,3,2,6,3.0,2.0,3.0,2.0,4.0,2.0,2.0,2.0,2,3.0,0,Medium
5.0,5.0,4.0,2.0,1.0,70.0,67.0,4.0,0.242,3,5.0,4.0,5.0,5.0,1.0,1.0,1.0,1.0,1.0,1.0,4,3,9,4.0,5.0,5.0,4.0,5.0,1.0,4.0,4.0,5,0.0,1,High
4.0,3.0,3.0,8.0,0.0,45.0,68.0,3.0,-0.188,2,5.0,4.0,5.0,5.0,1.0,1.0,1.0,1.0,1.0,1.0,3,1,2,3.0,3.0,3.0,3.0,4.0,2.0,2.0,3.0,7,0.0,1,High
4.0,1.0,4.0,2.0,1.0,27.0,42.0,1.0,-0.57,3,5.0,2.0,1.0,2.0,1.0,1.0,1.0,2.0,1.0,1.0,3,2,8,3.0,3.0,3.0,1.0,2.0,3.0,1.0,2.0,4,1.0,0,Low
4.0,4.0,2.0,2.0,1.0,65.0,76.0,4.0,1.267,3,5.0,4.0,5.0,5.0,1.0,1.0,1.0,1.0,1.0,1.0,3,3,8,3.0,4.0,4.0,4.0,6.0,2.0,3.0,4.0,5,0.0,1,High
4.0,4.0,4.0,2.0,1.0,56.0,60.0,3.0,0.712,3,5.0,4.0,5.0,5.0,1.0,1.0,1.0,1.0,1.0,1.0,3,2,7,5.0,3.0,4.0,4.0,6.0,2.0,2.0,3.0,6,0.0,1,Medium
4.0,4.0,2.0,8.0,1.0,58.0,69.0,4.0,0.242,3,5.0,4.0,2.0,4.0,1.0,1.0,1.0,1.0,1.0,1.0,5,1,4,3.0,4.0,4.0,4.0,5.0,1.0,3.0,3.0,7,0.0,1,High
4.0,3.0,4.0,7.0,1.0,39.0,54.0,3.0,0.242,3,5.0,3.0,2.0,4.0,1.0,1.0,1.0,1.0,1.0,1.0,3,1,9,3.0,3.0,3.0,3.0,4.0,2.0,3.0,3.0,4,0.0,0,Medium
5.0,3.0,5.0,2.0,1.0,78.0,61.0,3.0,0.242,3,5.0,2.0,5.0,5.0,1.0,1.0,1.0,1.0,1.0,1.0,4,2,6,4.0,4.0,4.0,3.0,6.0,1.0,3.0,4.0,6,0.0,1,High
5.0,3.0,2.0,4.0,1.0,47.0,61.0,3.0,0.242,3,5.0,5.0,2.0,4.0,1.0,1.0,1.0,1.0,1.0,1.0,5,4,8,3.0,4.0,4.0,2.0,5.0,2.0,3.0,4.0,3,0.0,1,High
4.0,2.0,5.0,2.0,1.0,35.0,43.0,3.0,-0.188,3,5.0,3.0,1.0,3.0,1.0,1.0,1.0,1.0,1.0,1.0,5,1,7,2.0,2.0,4.0,2.0,5.0,4.0,2.0,2.0,3,0.0,0,Low
5.0,4.0,4.0,1.0,1.0,54.0,48.0,4.0,0.242,3,5.0,4.0,5.0,4.0,1.0,1.0,1.0,1.0,1.0,1.0,4,1,8,4.0,4.0,5.0,3.0,4.0,1.0,3.0,3.0,4,0.0,0,Medium
4.0,3.0,3.0,8.0,1.0,42.0,49.0,3.0,-0.188,1,5.0,4.0,3.0,5.0,2.0,2.0,1.0,1.0,1.0,1.0,1,1,1,4.0,3.0,3.0,3.0,4.0,3.0,3.0,3.0,7,2.0,0,Medium
4.0,3.0,3.0,8.0,,55.0,58.0,3.0,0.242,3,5.0,4.0,5.0,5.0,1.0,1.0,1.0,1.0,1.0,1.0,3,2,5,4.0,3.0,3.0,2.0,5.0,2.0,3.0,3.0,8,0.0,1,Medium
5.0,4.0,4.0,2.0,1.0,51.0,57.0,4.0,1.267,3,5.0,3.0,5.0,5.0,1.0,1.0,1.0,1.0,1.0,1.0,4,5,8,3.0,4.0,5.0,5.0,6.0,1.0,3.0,3.0,4,0.0,1,Medium
4.0,4.0,2.0,8.0,1.0,55.0,56.0,3.0,0.242,1,5.0,4.0,4.0,5.0,1.0,2.0,1.0,1.0,1.0,1.0,5,5,5,5.0,4.0,4.0,4.0,6.0,2.0,3.0,3.0,7,1.0,1,Medium
4.0,2.0,5.0,2.0,1.0,28.0,37.0,2.0,-0.909,2,4.0,2.0,1.0,4.0,2.0,2.0,1.0,1.0,2.0,1.0,3,2,6,2.0,2.0,2.0,2.0,3.0,4.0,2.0,2.0,2,3.0,0,Low
5.0,4.0,3.0,8.0,0.0,60.0,77.0,4.0,1.267,3,5.0,4.0,4.0,5.0,1.0,1.0,1.0,1.0,1.0,1.0,5,2,9,3.0,4.0,4.0,3.0,6.0,3.0,3.0,3.0,6,0.0,1,High
4.0,5.0,2.0,8.0,1.0,55.0,53.0,4.0,0.242,3,5.0,5.0,1.0,5.0,1.0,1.0,1.0,1.0,1.0,1.0,4,2,3,5.0,4.0,4.0,3.0,3.0,2.0,3.0,3.0,7,0.0,0,Medium
5.0,5.0,2.0,2.0,1.0,64.0,66.0,4.0,0.712,3,5.0,4.0,1.0,4.0,1.0,1.0,1.0,1.0,1.0,1.0,4,3,7,5.0,4.0,5.0,5.0,5.0,2.0,3.0,4.0,2,0.0,1,High
,,3.0,8.0,,32.0,42.0,2.0,0.242,3,5.0,2.0,3.0,4.0,2.0,1.0,1.0,1.0,2.0,1.0,4,2,3,2.0,2.0,2.0,2.0,2.0,2.0,2.0,2.0,7,2.0,0,Low
4.0,3.0,3.0,8.0,0.0,44.0,59.0,3.0,-0.188,3,5.0,5.0,5.0,5.0,1.0,1.0,1.0,1.0,1.0,1.0,2,2,6,4.0,4.0,4.0,3.0,5.0,2.0,3.0,3.0,6,0.0,1,Medium
4.0,4.0,3.0,1.0,1.0,57.0,68.0,4.0,0.712,3,5.0,5.0,5.0,4.0,1.0,1.0,1.0,1.0,1.0,1.0,4,2,9,2.0,2.0,2.0,2.0,6.0,2.0,3.0,3.0,5,0.0,1,High
4.0,4.0,3.0,2.0,1.0,55.0,56.0,4.0,0.712,3,5.0,4.0,3.0,5.0,1.0,1.0,1.0,1.0,1.0,1.0,4,3,6,5.0,4.0,5.0,4.0,5.0,1.0,3.0,4.0,3,0.0,1,Medium
5.0,4.0,4.0,2.0,0.0,53.0,58.0,4.0,0.242,3,5.0,4.0,5.0,4.0,1.0,1.0,1.0,1.0,1.0,1.0,5,2,7,4.0,4.0,4.0,3.0,5.0,1.0,3.0,3.0,5,0.0,1,Medium
3.0,3.0,5.0,8.0,1.0,37.0,33.0,2.0,0.712,3,5.0,4.0,1.0,5.0,2.0,2.0,1.0,1.0,2.0,1.0,3,2,2,5.0,4.0,4.0,4.0,4.0,1.0,3.0,3.0,7,3.0,0,Low
4.0,4.0,2.0,1.0,1.0,42.0,60.0,4.0,-1.485,3,3.0,3.0,3.0,3.0,2.0,2.0,2.0,2.0,2.0,2.0,5,2,9,3.0,3.0,3.0,3.0,4.0,1.0,2.0,4.0,4,6.0,1,Medium
5.0,3.0,5.0,2.0,1.0,53.0,42.0,2.0,0.712,3,5.0,3.0,1.0,5.0,1.0,1.0,1.0,1.0,1.0,1.0,4,5,7,5.0,4.0,3.0,3.0,3.0,2.0,3.0,3.0,5,0.0,0,Low
5.0,5.0,4.0,7.0,1.0,50.0,23.0,3.0,-0.188,3,5.0,4.0,4.0,4.0,1.0,1.0,1.0,1.0,1.0,1.0,3,2,5,5.0,5.0,4.0,4.0,1.0,2.0,3.0,3.0,3,0.0,0,Low
5.0,4.0,3.0,1.0,1.0,58.0,64.0,4.0,0.712,3,5.0,5.0,3.0,5.0,1.0,1.0,1.0,1.0,1.0,1.0,2,2,7,3.0,4.0,3.0,3.0,5.0,1.0,3.0,3.0,5,0.0,1,High
5.0,3.0,1.0,8.0,0.0,44.0,64.0,2.0,-0.909,1,5.0,4.0,5.0,3.0,1.0,1.0,1.0,1.0,1.0,1.0,2,2,1,4.0,2.0,3.0,3.0,2.0,3.0,3.0,2.0,8,0.0,1,High
5.0,5.0,2.0,8.0,0.0,55.0,80.0,4.0,1.267,3,5.0,5.0,5.0,5.0,1.0,1.0,1.0,1.0,1.0,1.0,5,2,9,4.0,4.0,4.0,3.0,5.0,1.0,3.0,3.0,6,0.0,1,High
4.0,4.0,4.0,2.0,1.0,42.0,67.0,4.0,-0.188,3,5.0,4.0,4.0,3.0,1.0,1.0,1.0,2.0,3.0,1.0,3,3,6,4.0,3.0,3.0,3.0,4.0,2.0,3.0,3.0,2,2.0,1,High
5.0,4.0,4.0,3.0,1.0,48.0,49.0,4.0,1.267,3,4.0,3.0,4.0,5.0,1.0,1.0,1.0,1.0,2.0,1.0,3,3,4,3.0,4.0,4.0,3.0,4.0,1.0,4.0,3.0,6,1.0,0,Medium
3.0,3.0,3.0,3.0,0.0,55.0,53.0,3.0,-1.713,1,5.0,4.0,4.0,5.0,1.0,1.0,1.0,1.0,1.0,1.0,1,5,1,3.0,3.0,4.0,3.0,2.0,2.0,,3.0,2,0.0,0,Medium
5.0,5.0,1.0,2.0,1.0,75.0,54.0,4.0,-0.57,2,5.0,5.0,2.0,5.0,1.0,1.0,1.0,1.0,1.0,1.0,3,1,1,5.0,5.0,5.0,5.0,6.0,1.0,3.0,3.0,1,0.0,0,Medium
5.0,5.0,3.0,8.0,1.0,53.0,62.0,3.0,0.712,3,5.0,4.0,5.0,5.0,1.0,1.0,1.0,1.0,1.0,1.0,3,1,6,4.0,4.0,4.0,4.0,5.0,1.0,3.0,3.0,6,0.0,1,High
5.0,5.0,2.0,4.0,0.0,49.0,67.0,3.0,-0.188,3,5.0,5.0,5.0,5.0,1.0,1.0,1.0,1.0,1.0,1.0,2,2,5,3.0,5.0,3.0,3.0,5.0,1.0,4.0,3.0,7,0.0,1,High
5.0,4.0,3.0,1.0,1.0,52.0,34.0,3.0,-0.188,3,4.0,3.0,3.0,5.0,2.0,3.0,1.0,2.0,1.0,1.0,2,2,3,4.0,4.0,4.0,4.0,4.0,2.0,3.0,3.0,4,3.0,0,Low
5.0,4.0,5.0,2.0,1.0,78.0,52.0,4.0,-0.57,3,5.0,5.0,5.0,5.0,1.0,1.0,1.0,1.0,1.0,1.0,2,4,7,5.0,5.0,5.0,5.0,6.0,1.0,4.0,4.0,1,0.0,0,Medium
4.0,3.0,4.0,2.0,0.0,52.0,43.0,2.0,0.712,3,3.0,3.0,1.0,3.0,1.0,1.0,1.0,1.0,1.0,1.0,4,5,7,4.0,4.0,3.0,2.0,3.0,2.0,3.0,3.0,5,0.0,0,Low
4.0,5.0,4.0,3.0,1.0,60.0,43.0,3.0,-0.909,2,5.0,3.0,5.0,5.0,2.0,1.0,2.0,2.0,2.0,2.0,2,3,3,3.0,4.0,4.0,5.0,5.0,3.0,3.0,4.0,1,5.0,0,Low
4.0,3.0,2.0,3.0,1.0,43.0,58.0,3.0,-0.188,3,5.0,5.0,5.0,5.0,1.0,1.0,1.0,1.0,1.0,1.0,3,2,8,3.0,3.0,3.0,3.0,5.0,2.0,3.0,3.0,4,0.0,1,Medium
4.0,4.0,3.0,8.0,1.0,50.0,62.0,3.0,0.242,3,4.0,4.0,2.0,4.0,1.0,1.0,1.0,1.0,1.0,1.0,2,2,1,4.0,4.0,4.0,2.0,4.0,2.0,3.0,3.0,8,0.0,1,High
3.0,3.0,4.0,,0.0,46.0,23.0,3.0,-0.909,2,1.0,3.0,1.0,1.0,2.0,2.0,1.0,3.0,2.0,1.0,1,2,1,4.0,4.0,4.0,4.0,2.0,2.0,2.0,2.0,1,4.0,0,Low
4.0,4.0,3.0,2.0,1.0,55.0,50.0,3.0,1.267,3,5.0,4.0,5.0,5.0,1.0,1.0,1.0,1.0,1.0,1.0,5,4,9,4.0,3.0,4.0,3.0,6.0,1.0,4.0,4.0,4,0.0,0,Medium
5.0,4.0,2.0,8.0,1.0,61.0,75.0,4.0,1.267,3,5.0,4.0,5.0,5.0,1.0,1.0,1.0,1.0,1.0,1.0,3,4,9,2.0,4.0,4.0,2.0,6.0,1.0,3.0,4.0,5,0.0,1,High
4.0,3.0,4.0,2.0,1.0,48.0,45.0,2.0,-0.188,3,5.0,3.0,5.0,5.0,2.0,1.0,2.0,1.0,1.0,1.0,2,3,4,4.0,3.0,3.0,3.0,3.0,2.0,3.0,3.0,5,2.0,0,Medium
5.0,4.0,4.0,8.0,1.0,58.0,49.0,4.0,-0.188,2,5.0,5.0,5.0,5.0,1.0,1.0,1.0,1.0,2.0,1.0,5,2,7,4.0,5.0,5.0,5.0,6.0,2.0,3.0,3.0,7,1.0,0,Medium
3.0,2.0,2.0,1.0,0.0,42.0,24.0,2.0,0.712,3,5.0,4.0,5.0,4.0,1.0,1.0,1.0,1.0,1.0,1.0,3,1,1,2.0,3.0,3.0,3.0,2.0,1.0,4.0,3.0,4,0.0,0,Low
3.0,3.0,5.0,8.0,1.0,22.0,39.0,2.0,-1.215,1,4.0,2.0,2.0,3.0,3.0,3.0,2.0,3.0,2.0,1.0,2,1,1,1.0,5.0,4.0,3.0,1.0,4.0,4.0,4.0,7,5.0,0,Low
4.0,3.0,4.0,2.0,1.0,38.0,40.0,2.0,-0.57,2,1.0,3.0,1.0,5.0,2.0,1.0,1.0,1.0,1.0,2.0,4,2,5,4.0,2.0,3.0,2.0,1.0,2.0,3.0,2.0,4,2.0,0,Low
5.0,4.0,2.0,8.0,1.0,55.0,63.0,4.0,0.242,3,5.0,4.0,5.0,5.0,1.0,1.0,1.0,1.0,1.0,1.0,3,2,8,5.0,4.0,4.0,4.0,6.0,1.0,3.0,3.0,7,0.0,1,High
5.0,5.0,,8.0,1.0,69.0,60.0,4.0,-0.57,3,5.0,5.0,3.0,4.0,1.0,1.0,1.0,1.0,1.0,1.0,5,2,8,2.0,3.0,5.0,4.0,6.0,1.0,4.0,4.0,6,0.0,1,Medium
5.0,5.0,2.0,8.0,0.0,64.0,69.0,4.0,0.242,3,5.0,5.0,5.0,5.0,1.0,1.0,1.0,1.0,1.0,1.0,3,1,8,4.0,5.0,5.0,4.0,6.0,2.0,3.0,3.0,8,0.0,1,High
5.0,4.0,4.0,1.0,1.0,57.0,61.0,4.0,0.242,3,5.0,3.0,1.0,5.0,1.0,1.0,1.0,1.0,1.0,1.0,5,3,9,4.0,4.0,4.0,3.0,4.0,1.0,4.0,3.0,4,0.0,1,High
3.0,3.0,4.0,8.0,0.0,37.0,48.0,3.0,-0.57,1,3.0,3.0,2.0,5.0,2.0,1.0,1.0,1.0,1.0,1.0,4,3,7,5.0,4.0,4.0,3.0,3.0,2.0,3.0,2.0,6,1.0,0,Medium
4.0,4.0,3.0,4.0,1.0,54.0,56.0,4.0,-0.188,2,5.0,5.0,5.0,5.0,1.0,1.0,1.0,1.0,1.0,1.0,3,2,4,5.0,5.0,5.0,5.0,6.0,1.0,4.0,3.0,8,0.0,1,Medium
5.0,4.0,3.0,8.0,0.0,50.0,50.0,3.0,-0.909,3,5.0,3.0,5.0,5.0,1.0,1.0,1.0,1.0,1.0,1.0,3,2,5,2.0,5.0,3.0,3.0,4.0,4.0,4.0,3.0,8,0.0,0,Medium
4.0,3.0,3.0,8.0,0.0,41.0,45.0,3.0,-0.188,2,5.0,4.0,5.0,4.0,2.0,1.0,1.0,1.0,1.0,1.0,3,2,4,4.0,4.0,4.0,3.0,5.0,2.0,2.0,2.0,6,1.0,0,Medium
3.0,3.0,3.0,3.0,0.0,43.0,59.0,4.0,0.712,3,5.0,3.0,5.0,3.0,1.0,1.0,1.0,1.0,1.0,1.0,2,2,5,4.0,3.0,3.0,3.0,5.0,2.0,2.0,3.0,5,0.0,1,Medium
4.0,4.0,4.0,6.0,0.0,47.0,51.0,3.0,-0.57,3,5.0,4.0,1.0,3.0,1.0,1.0,1.0,1.0,1.0,1.0,2,2,1,4.0,4.0,4.0,4.0,5.0,1.0,3.0,3.0,4,0.0,0,Medium
4.0,4.0,2.0,2.0,1.0,53.0,58.0,4.0,-1.485,1,3.0,4.0,1.0,4.0,1.0,2.0,1.0,1.0,1.0,1.0,2,5,1,4.0,4.0,4.0,4.0,4.0,1.0,4.0,3.0,1,1.0,1,Medium
5.0,3.0,3.0,2.0,,53.0,53.0,3.0,-0.188,3,5.0,3.0,4.0,4.0,1.0,1.0,1.0,1.0,1.0,1.0,2,2,7,4.0,4.0,4.0,4.0,5.0,2.0,2.0,3.0,4,0.0,0,Medium
4.0,3.0,3.0,8.0,1.0,43.0,47.0,3.0,-0.188,3,5.0,4.0,5.0,5.0,1.0,1.0,1.0,1.0,1.0,1.0,2,1,5,4.0,3.0,3.0,3.0,4.0,2.0,3.0,3.0,5,0.0,0,Medium
2.0,3.0,4.0,2.0,,40.0,49.0,3.0,-0.188,3,4.0,3.0,2.0,2.0,1.0,1.0,1.0,1.0,1.0,1.0,5,3,7,5.0,4.0,4.0,4.0,3.0,3.0,3.0,2.0,7,0.0,0,Medium
3.0,3.0,4.0,2.0,1.0,37.0,54.0,3.0,-0.188,3,5.0,4.0,5.0,2.0,1.0,1.0,1.0,1.0,1.0,1.0,4,2,8,3.0,4.0,4.0,2.0,5.0,2.0,2.0,2.0,2,0.0,0,Medium
5.0,5.0,3.0,2.0,1.0,85.0,72.0,4.0,1.267,3,5.0,5.0,5.0,5.0,1.0,1.0,1.0,1.0,1.0,1.0,4,2,8,5.0,5.0,5.0,5.0,6.0,2.0,3.0,4.0,4,0.0,1,High
5.0,5.0,2.0,2.0,1.0,79.0,79.0,4.0,1.267,3,5.0,5.0,5.0,5.0,1.0,1.0,1.0,1.0,1.0,1.0,4,2,9,5.0,5.0,5.0,5.0,6.0,1.0,4.0,4.0,5,0.0,1,High
3.0,3.0,1.0,8.0,1.0,52.0,69.0,3.0,-0.57,1,5.0,4.0,5.0,5.0,1.0,1.0,1.0,1.0,1.0,1.0,3,2,5,4.0,3.0,4.0,4.0,6.0,3.0,3.0,3.0,5,0.0,1,High
5.0,3.0,2.0,1.0,1.0,46.0,55.0,3.0,0.242,3,5.0,5.0,5.0,5.0,1.0,1.0,1.0,1.0,1.0,1.0,2,3,7,2.0,4.0,4.0,4.0,4.0,1.0,2.0,3.0,4,0.0,1,Medium
4.0,4.0,1.0,3.0,0.0,50.0,49.0,3.0,0.712,3,5.0,4.0,1.0,4.0,1.0,1.0,1.0,1.0,1.0,1.0,2,5,2,4.0,4.0,3.0,3.0,5.0,3.0,3.0,3.0,1,0.0,0,Medium
4.0,2.0,4.0,2.0,1.0,42.0,51.0,3.0,-1.485,1,3.0,2.0,1.0,3.0,1.0,1.0,2.0,1.0,1.0,1.0,2,5,7,4.0,4.0,4.0,4.0,3.0,2.0,1.0,2.0,1,1.0,0,Medium
5.0,4.0,2.0,8.0,0.0,52.0,77.0,4.0,0.712,3,5.0,5.0,5.0,5.0,1.0,1.0,1.0,1.0,1.0,1.0,5,2,9,3.0,3.0,3.0,3.0,6.0,2.0,2.0,3.0,7,0.0,1,High
3.0,3.0,4.0,4.0,0.0,49.0,36.0,3.0,0.242,2,3.0,4.0,4.0,4.0,2.0,2.0,2.0,3.0,1.0,1.0,2,5,2,4.0,4.0,4.0,2.0,1.0,1.0,3.0,3.0,3,4.0,0,Low
4.0,4.0,2.0,8.0,0.0,52.0,85.0,4.0,0.712,3,5.0,5.0,5.0,5.0,1.0,1.0,1.0,1.0,1.0,1.0,4,2,9,2.0,5.0,4.0,3.0,5.0,,4.0,3.0,8,0.0,1,High
5.0,4.0,3.0,4.0,1.0,61.0,62.0,4.0,0.712,3,5.0,4.0,5.0,5.0,1.0,1.0,1.0,1.0,1.0,1.0,4,5,7,4.0,4.0,5.0,2.0,6.0,2.0,3.0,4.0,3,0.0,1,High
5.0,4.0,4.0,1.0,1.0,49.0,62.0,4.0,0.712,3,5.0,4.0,5.0,5.0,1.0,1.0,1.0,1.0,1.0,1.0,4,2,9,1.0,1.0,4.0,4.0,4.0,2.0,3.0,4.0,4,0.0,1,High
3.0,4.0,2.0,1.0,1.0,57.0,79.0,3.0,-0.57,2,5.0,5.0,5.0,5.0,1.0,1.0,1.0,1.0,1.0,1.0,1,1,9,4.0,4.0,4.0,4.0,5.0,2.0,3.0,3.0,4,0.0,1,High
5.0,4.0,3.0,2.0,0.0,56.0,59.0,4.0,0.242,3,5.0,4.0,5.0,5.0,1.0,1.0,1.0,1.0,1.0,1.0,4,2,8,4.0,4.0,4.0,4.0,6.0,2.0,3.0,3.0,3,0.0,1,Medium
5.0,4.0,2.0,8.0,1.0,60.0,61.0,3.0,-0.188,3,5.0,5.0,5.0,5.0,1.0,1.0,1.0,1.0,1.0,1.0,3,2,7,3.0,3.0,3.0,2.0,4.0,2.0,3.0,3.0,8,0.0,1,High
5.0,4.0,3.0,8.0,0.0,51.0,64.0,4.0,1.267,3,5.0,4.0,5.0,4.0,1.0,1.0,1.0,1.0,1.0,1.0,4,2,8,3.0,4.0,4.0,4.0,5.0,2.0,3.0,3.0,6,0.0,1,High
5.0,3.0,4.0,7.0,1.0,54.0,43.0,3.0,-0.188,3,5.0,4.0,1.0,5.0,1.0,1.0,1.0,1.0,1.0,1.0,3,5,6,2.0,3.0,3.0,2.0,5.0,1.0,3.0,3.0,2,0.0,0,Low
5.0,4.0,4.0,2.0,1.0,56.0,46.0,4.0,-0.188,3,4.0,3.0,3.0,5.0,1.0,1.0,1.0,1.0,1.0,1.0,2,2,6,4.0,5.0,5.0,4.0,5.0,1.0,3.0,4.0,4,0.0,0,Medium
5.0,4.0,4.0,2.0,1.0,53.0,60.0,4.0,-0.188,3,5.0,3.0,5.0,4.0,1.0,1.0,1.0,1.0,1.0,1.0,4,2,8,5.0,4.0,5.0,3.0,6.0,1.0,2.0,3.0,2,0.0,1,Medium
5.0,3.0,2.0,8.0,1.0,44.0,77.0,3.0,-0.57,3,5.0,4.0,5.0,5.0,1.0,1.0,1.0,1.0,1.0,1.0,2,2,8,2.0,3.0,3.0,3.0,5.0,2.0,3.0,3.0,6,0.0,1,High
4.0,4.0,3.0,2.0,1.0,49.0,59.0,4.0,0.242,3,5.0,5.0,5.0,4.0,1.0,1.0,1.0,1.0,1.0,1.0,4,1,8,3.0,4.0,4.0,3.0,5.0,2.0,3.0,3.0,4,0.0,1,Medium
5.0,4.0,2.0,8.0,0.0,52.0,79.0,3.0,0.712,3,5.0,5.0,5.0,5.0,1.0,1.0,1.0,1.0,1.0,1.0,3,2,6,3.0,4.0,3.0,3.0,4.0,2.0,3.0,3.0,7,0.0,1,High
4.0,2.0,4.0,2.0,1.0,37.0,38.0,2.0,0.242,3,5.0,2.0,1.0,3.0,1.0,1.0,1.0,1.0,1.0,1.0,5,2,6,2.0,2.0,4.0,2.0,2.0,2.0,2.0,2.0,5,0.0,0,Low
5.0,3.0,3.0,1.0,0.0,53.0,52.0,3.0,0.712,3,5.0,4.0,1.0,5.0,1.0,1.0,1.0,1.0,1.0,1.0,3,2,3,4.0,3.0,4.0,3.0,6.0,1.0,3.0,3.0,3,0.0,0,Medium
4.0,4.0,3.0,4.0,0.0,53.0,65.0,3.0,-0.909,2,4.0,4.0,4.0,4.0,2.0,2.0,2.0,2.0,2.0,2.0,3,5,4,4.0,4.0,4.0,4.0,5.0,4.0,3.0,4.0,2,6.0,1,High
5.0,4.0,2.0,8.0,1.0,68.0,67.0,4.0,0.712,1,5.0,4.0,3.0,4.0,1.0,1.0,1.0,1.0,1.0,1.0,3,2,4,4.0,4.0,4.0,4.0,3.0,1.0,3.0,3.0,8,0.0,1,High
1.0,3.0,2.0,8.0,0.0,42.0,61.0,3.0,-0.57,3,5.0,4.0,2.0,5.0,1.0,1.0,1.0,1.0,1.0,1.0,3,2,6,3.0,3.0,3.0,3.0,3.0,2.0,3.0,3.0,8,0.0,1,High
5.0,5.0,2.0,2.0,1.0,67.0,67.0,4.0,0.712,3,5.0,4.0,5.0,3.0,1.0,1.0,1.0,1.0,1.0,1.0,4,2,8,5.0,5.0,5.0,5.0,6.0,2.0,2.0,4.0,2,0.0,1,High
3.0,4.0,4.0,5.0,0.0,50.0,45.0,2.0,0.242,3,5.0,1.0,1.0,1.0,2.0,1.0,1.0,3.0,1.0,1.0,3,2,2,2.0,2.0,2.0,1.0,5.0,1.0,3.0,3.0,1,2.0,0,Medium
5.0,3.0,2.0,2.0,0.0,63.0,62.0,3.0,-0.188,3,4.0,4.0,1.0,5.0,1.0,1.0,1.0,1.0,1.0,1.0,2,1,3,4.0,4.0,4.0,3.0,1.0,1.0,3.0,3.0,5,0.0,1,High
5.0,4.0,5.0,4.0,1.0,56.0,58.0,4.0,-0.188,3,5.0,4.0,5.0,4.0,1.0,1.0,1.0,1.0,1.0,1.0,3,5,8,4.0,4.0,2.0,2.0,5.0,2.0,3.0,4.0,3,0.0,1,Medium
3.0,4.0,5.0,7.0,0.0,61.0,21.0,3.0,-0.188,3,4.0,3.0,1.0,3.0,3.0,2.0,3.0,2.0,2.0,1.0,3,3,4,5.0,4.0,4.0,3.0,2.0,2.0,2.0,3.0,2,5.0,0,Low
5.0,4.0,4.0,2.0,1.0,44.0,56.0,4.0,1.267,3,5.0,3.0,4.0,5.0,1.0,1.0,1.0,1.0,1.0,1.0,3,4,9,2.0,3.0,4.0,3.0,2.0,2.0,2.0,3.0,4,0.0,1,Medium
3.0,3.0,4.0,1.0,0.0,42.0,40.0,3.0,-1.485,2,3.0,3.0,3.0,3.0,1.0,2.0,2.0,3.0,3.0,,1,1,1,3.0,3.0,3.0,3.0,4.0,3.0,3.0,3.0,2,4.0,0,Low
4.0,4.0,3.0,4.0,0.0,52.0,58.0,4.0,-2.053,0,5.0,4.0,4.0,2.0,1.0,1.0,1.0,1.0,1.0,1.0,2,5,6,2.0,2.0,2.0,2.0,2.0,2.0,4.0,4.0,3,0.0,1,Medium
4.0,3.0,4.0,8.0,0.0,34.0,47.0,3.0,-0.909,1,5.0,1.0,3.0,5.0,1.0,1.0,1.0,1.0,1.0,1.0,3,2,3,3.0,3.0,3.0,3.0,5.0,1.0,3.0,3.0,7,0.0,0,Medium
5.0,5.0,3.0,8.0,0.0,52.0,95.0,4.0,1.267,2,5.0,5.0,5.0,5.0,1.0,1.0,1.0,1.0,1.0,1.0,4,2,9,1.0,1.0,1.0,1.0,6.0,1.0,4.0,4.0,6,0.0,1,High
4.0,3.0,3.0,2.0,1.0,32.0,46.0,3.0,-0.188,3,4.0,3.0,4.0,3.0,1.0,1.0,1.0,2.0,1.0,1.0,5,3,7,4.0,2.0,2.0,2.0,3.0,3.0,2.0,3.0,2,1.0,0,Medium
5.0,5.0,3.0,8.0,1.0,69.0,59.0,4.0,1.267,3,5.0,5.0,5.0,5.0,1.0,1.0,1.0,1.0,1.0,1.0,3,2,7,5.0,5.0,5.0,5.0,5.0,2.0,3.0,4.0,5,0.0,1,Medium
5.0,4.0,1.0,2.0,0.0,80.0,55.0,3.0,-1.215,1,4.0,4.0,3.0,4.0,1.0,1.0,1.0,1.0,1.0,1.0,2,5,7,3.0,3.0,3.0,3.0,5.0,2.0,3.0,3.0,6,0.0,1,Medium
4.0,3.0,3.0,2.0,1.0,43.0,57.0,2.0,-1.485,1,4.0,4.0,3.0,4.0,2.0,1.0,1.0,1.0,1.0,1.0,2,5,8,4.0,3.0,4.0,3.0,4.0,2.0,2.0,3.0,3,1.0,1,Medium
5.0,4.0,2.0,3.0,0.0,52.0,59.0,3.0,1.267,3,5.0,5.0,5.0,5.0,1.0,1.0,1.0,1.0,1.0,1.0,5,2,7,3.0,3.0,2.0,3.0,5.0,3.0,2.0,3.0,6,0.0,1,Medium
5.0,4.0,2.0,8.0,0.0,53.0,64.0,4.0,1.267,3,5.0,4.0,5.0,5.0,1.0,1.0,1.0,1.0,1.0,1.0,4,1,5,4.0,4.0,4.0,4.0,3.0,2.0,3.0,3.0,8,0.0,1,High
5.0,5.0,1.0,8.0,1.0,60.0,55.0,4.0,0.712,3,4.0,5.0,4.0,5.0,2.0,1.0,1.0,1.0,2.0,1.0,3,2,2,4.0,5.0,4.0,4.0,5.0,1.0,3.0,4.0,7,2.0,1,Medium
4.0,2.0,2.0,7.0,1.0,44.0,56.0,2.0,0.242,3,5.0,2.0,1.0,2.0,1.0,1.0,1.0,1.0,1.0,1.0,3,2,8,2.0,2.0,2.0,1.0,2.0,4.0,1.0,2.0,5,0.0,1,Medium
4.0,4.0,3.0,8.0,0.0,56.0,63.0,4.0,0.242,3,5.0,5.0,5.0,5.0,1.0,1.0,1.0,1.0,1.0,1.0,2,1,4,3.0,4.0,3.0,4.0,6.0,2.0,4.0,4.0,6,0.0,1,High
3.0,2.0,4.0,5.0,0.0,40.0,36.0,2.0,-0.188,3,3.0,3.0,1.0,1.0,1.0,1.0,1.0,1.0,1.0,1.0,3,3,1,2.0,3.0,3.0,2.0,1.0,2.0,3.0,3.0,1,0.0,0,Low
5.0,3.0,3.0,8.0,1.0,39.0,56.0,3.0,0.242,2,5.0,5.0,5.0,5.0,1.0,1.0,1.0,1.0,1.0,1.0,4,1,8,3.0,4.0,5.0,3.0,6.0,3.0,3.0,3.0,8,0.0,1,Medium
5.0,4.0,4.0,2.0,0.0,69.0,65.0,4.0,0.242,3,5.0,5.0,5.0,5.0,1.0,1.0,1.0,1.0,1.0,1.0,5,1,6,5.0,5.0,4.0,4.0,6.0,1.0,4.0,4.0,4,0.0,1,High
4.0,4.0,3.0,2.0,1.0,49.0,49.0,4.0,0.712,3,5.0,4.0,2.0,5.0,2.0,1.0,1.0,1.0,1.0,1.0,4,3,6,5.0,5.0,5.0,5.0,5.0,1.0,3.0,3.0,2,1.0,0,Medium
5.0,4.0,4.0,2.0,1.0,64.0,70.0,3.0,0.712,3,5.0,5.0,4.0,4.0,1.0,1.0,1.0,1.0,1.0,1.0,5,5,9,3.0,3.0,4.0,3.0,6.0,2.0,3.0,3.0,3,0.0,1,High
5.0,4.0,3.0,8.0,1.0,60.0,62.0,4.0,1.267,3,5.0,5.0,5.0,5.0,1.0,1.0,1.0,1.0,1.0,1.0,5,2,7,4.0,5.0,4.0,4.0,5.0,1.0,3.0,3.0,8,0.0,1,High
3.0,4.0,3.0,1.0,0.0,44.0,73.0,3.0,-1.215,0,4.0,4.0,3.0,3.0,1.0,1.0,1.0,1.0,1.0,1.0,1,3,4,3.0,3.0,3.0,3.0,4.0,3.0,3.0,4.0,2,0.0,1,High
3.0,3.0,5.0,3.0,1.0,42.0,56.0,3.0,-1.485,1,4.0,3.0,4.0,3.0,1.0,1.0,1.0,1.0,1.0,1.0,3,2,1,4.0,3.0,3.0,3.0,4.0,4.0,1.0,3.0,1,0.0,1,Medium
5.0,5.0,3.0,1.0,1.0,67.0,84.0,4.0,1.267,3,5.0,5.0,5.0,5.0,1.0,1.0,1.0,1.0,1.0,1.0,2,2,8,5.0,5.0,5.0,5.0,5.0,1.0,2.0,3.0,6,0.0,1,High
5.0,4.0,5.0,8.0,0.0,47.0,53.0,4.0,0.712,3,5.0,5.0,5.0,5.0,1.0,1.0,1.0,1.0,1.0,1.0,5,1,7,4.0,5.0,3.0,3.0,6.0,1.0,4.0,2.0,6,0.0,0,Medium
4.0,3.0,2.0,8.0,1.0,40.0,51.0,3.0,0.242,2,5.0,4.0,1.0,3.0,1.0,1.0,1.0,1.0,1.0,1.0,1,1,3,4.0,4.0,3.0,4.0,4.0,3.0,3.0,3.0,5,0.0,0,Medium
5.0,4.0,3.0,2.0,0.0,46.0,54.0,3.0,0.242,3,5.0,5.0,5.0,2.0,1.0,1.0,1.0,1.0,1.0,1.0,3,2,3,4.0,4.0,4.0,3.0,4.0,2.0,3.0,2.0,3,0.0,0,Medium
5.0,5.0,2.0,8.0,1.0,58.0,73.0,4.0,0.242,3,5.0,5.0,5.0,5.0,1.0,1.0,1.0,1.0,1.0,1.0,3,2,9,4.0,4.0,4.0,4.0,5.0,1.0,3.0,3.0,6,0.0,1,High
5.0,4.0,5.0,5.0,1.0,59.0,46.0,3.0,1.267,3,5.0,4.0,5.0,2.0,1.0,1.0,1.0,1.0,1.0,1.0,3,5,7,4.0,5.0,4.0,4.0,6.0,2.0,3.0,3.0,1,0.0,0,Medium
5.0,5.0,2.0,8.0,1.0,61.0,66.0,4.0,0.712,3,5.0,4.0,5.0,4.0,1.0,1.0,1.0,1.0,1.0,1.0,2,2,6,2.0,4.0,3.0,2.0,6.0,2.0,4.0,4.0,8,0.0,1,High
4.0,4.0,4.0,8.0,1.0,47.0,51.0,3.0,0.712,3,5.0,4.0,5.0,5.0,1.0,1.0,1.0,1.0,1.0,1.0,3,1,3,5.0,5.0,4.0,4.0,5.0,1.0,3.0,3.0,7,0.0,0,Medium
4.0,4.0,3.0,2.0,1.0,58.0,80.0,4.0,1.267,3,5.0,4.0,5.0,5.0,1.0,1.0,1.0,1.0,1.0,1.0,4,2,9,4.0,3.0,4.0,3.0,5.0,1.0,3.0,3.0,5,0.0,1,High
4.0,3.0,3.0,2.0,1.0,39.0,49.0,4.0,0.712,3,4.0,3.0,1.0,5.0,2.0,2.0,1.0,1.0,1.0,1.0,4,2,5,4.0,4.0,4.0,4.0,5.0,2.0,3.0,3.0,5,2.0,0,Medium
2.0,4.0,3.0,2.0,1.0,45.0,48.0,3.0,-0.909,3,3.0,4.0,2.0,5.0,2.0,2.0,2.0,2.0,1.0,1.0,3,1,6,5.0,5.0,5.0,4.0,2.0,1.0,3.0,4.0,5,4.0,0,Medium
5.0,3.0,3.0,8.0,1.0,45.0,63.0,3.0,-0.188,2,5.0,5.0,5.0,5.0,1.0,1.0,1.0,1.0,1.0,1.0,2,2,7,5.0,4.0,3.0,4.0,5.0,2.0,3.0,3.0,6,0.0,1,High
5.0,4.0,2.0,6.0,0.0,57.0,75.0,3.0,1.267,3,5.0,5.0,5.0,5.0,1.0,1.0,1.0,1.0,1.0,1.0,4,1,7,2.0,3.0,4.0,3.0,5.0,3.0,3.0,3.0,7,0.0,1,High
5.0,3.0,5.0,2.0,0.0,41.0,36.0,1.0,-0.57,3,1.0,1.0,1.0,1.0,1.0,1.0,1.0,1.0,1.0,1.0,2,3,7,2.0,2.0,4.0,2.0,6.0,3.0,2.0,3.0,2,0.0,0,Low
3.0,5.0,3.0,2.0,,48.0,52.0,4.0,-1.485,1,2.0,3.0,3.0,2.0,2.0,3.0,2.0,3.0,2.0,2.0,2,5,7,3.0,3.0,4.0,3.0,2.0,3.0,4.0,3.0,2,6.0,0,Medium
4.0,4.0,4.0,2.0,1.0,48.0,57.0,4.0,-0.909,2,5.0,5.0,4.0,5.0,1.0,1.0,1.0,1.0,1.0,1.0,3,4,6,4.0,3.0,4.0,4.0,4.0,2.0,2.0,3.0,5,0.0,1,Medium
5.0,3.0,3.0,2.0,1.0,46.0,50.0,3.0,0.712,3,5.0,2.0,3.0,5.0,1.0,1.0,1.0,1.0,1.0,1.0,5,2,8,3.0,3.0,3.0,3.0,4.0,2.0,3.0,2.0,4,0.0,0,Medium
4.0,4.0,4.0,2.0,1.0,44.0,52.0,3.0,-0.188,3,5.0,2.0,2.0,4.0,1.0,1.0,1.0,1.0,1.0,1.0,3,3,5,4.0,4.0,4.0,4.0,3.0,2.0,3.0,3.0,4,0.0,0,Medium
4.0,4.0,4.0,1.0,1.0,50.0,52.0,3.0,-0.57,0,3.0,4.0,3.0,3.0,2.0,2.0,2.0,2.0,2.0,1.0,3,5,5,3.0,4.0,4.0,4.0,4.0,3.0,2.0,3.0,3,5.0,0,Medium
4.0,4.0,3.0,8.0,0.0,50.0,53.0,4.0,0.242,3,5.0,5.0,5.0,5.0,1.0,1.0,1.0,1.0,1.0,1.0,3,2,7,4.0,4.0,4.0,4.0,6.0,2.0,3.0,3.0,6,0.0,0,Medium
3.0,3.0,1.0,2.0,0.0,55.0,66.0,2.0,-1.215,1,3.0,3.0,4.0,3.0,1.0,1.0,1.0,1.0,1.0,1.0,1,1,1,3.0,4.0,4.0,3.0,4.0,3.0,3.0,3.0,5,0.0,1,High
5.0,5.0,2.0,8.0,1.0,77.0,69.0,4.0,1.267,3,5.0,5.0,5.0,5.0,1.0,1.0,1.0,1.0,2.0,1.0,5,2,2,5.0,5.0,5.0,5.0,6.0,1.0,3.0,4.0,6,1.0,1,High
5.0,4.0,3.0,2.0,1.0,66.0,75.0,4.0,-0.188,3,5.0,4.0,5.0,5.0,1.0,1.0,1.0,1.0,1.0,1.0,4,2,6,5.0,5.0,5.0,5.0,6.0,2.0,3.0,4.0,2,0.0,1,High
4.0,3.0,2.0,8.0,0.0,42.0,59.0,3.0,0.712,3,5.0,5.0,5.0,5.0,1.0,1.0,1.0,1.0,1.0,1.0,4,2,8,3.0,3.0,4.0,2.0,5.0,2.0,3.0,3.0,8,0.0,1,Medium
5.0,3.0,3.0,4.0,1.0,45.0,51.0,3.0,-0.188,2,4.0,3.0,2.0,4.0,1.0,1.0,1.0,1.0,1.0,1.0,3,3,8,4.0,3.0,4.0,2.0,3.0,2.0,2.0,3.0,3,0.0,0,Medium
5.0,4.0,2.0,8.0,0.0,58.0,60.0,3.0,-1.713,2,5.0,3.0,5.0,5.0,1.0,1.0,1.0,1.0,1.0,1.0,2,2,6,4.0,4.0,3.0,3.0,6.0,2.0,3.0,3.0,8,0.0,1,Medium
5.0,4.0,4.0,8.0,0.0,53.0,75.0,4.0,-0.909,3,5.0,5.0,5.0,5.0,1.0,1.0,1.0,1.0,1.0,1.0,2,2,5,4.0,4.0,4.0,4.0,5.0,1.0,3.0,3.0,7,0.0,1,High
5.0,5.0,2.0,6.0,1.0,85.0,86.0,4.0,-0.909,3,5.0,5.0,5.0,5.0,1.0,1.0,1.0,1.0,1.0,1.0,3,2,3,5.0,5.0,5.0,5.0,6.0,1.0,4.0,4.0,4,0.0,1,High
5.0,5.0,2.0,8.0,1.0,59.0,69.0,4.0,-0.188,3,5.0,4.0,5.0,5.0,1.0,1.0,1.0,1.0,1.0,1.0,2,1,4,4.0,4.0,4.0,1.0,5.0,1.0,3.0,4.0,7,0.0,1,High
2.0,4.0,3.0,8.0,1.0,55.0,59.0,4.0,0.712,3,5.0,4.0,5.0,5.0,1.0,1.0,1.0,1.0,1.0,1.0,3,1,5,4.0,3.0,4.0,4.0,6.0,1.0,3.0,3.0,8,0.0,1,Medium
4.0,4.0,4.0,6.0,1.0,41.0,44.0,3.0,0.712,3,4.0,3.0,5.0,4.0,2.0,2.0,1.0,3.0,2.0,1.0,3,4,7,4.0,4.0,4.0,3.0,4.0,2.0,3.0,3.0,6,4.0,0,Medium
5.0,5.0,5.0,3.0,0.0,73.0,46.0,4.0,-1.713,1,4.0,2.0,5.0,3.0,2.0,1.0,2.0,2.0,1.0,3.0,2,2,2,4.0,3.0,5.0,2.0,6.0,3.0,3.0,3.0,2,4.0,0,Medium
4.0,3.0,5.0,2.0,1.0,48.0,32.0,3.0,0.242,3,3.0,3.0,1.0,5.0,2.0,2.0,1.0,1.0,2.0,1.0,4,4,7,4.0,3.0,3.0,2.0,4.0,1.0,4.0,3.0,2,3.0,0,Low
5.0,5.0,1.0,8.0,0.0,56.0,75.0,3.0,0.712,2,5.0,4.0,5.0,5.0,1.0,1.0,1.0,1.0,1.0,1.0,2,2,5,4.0,3.0,4.0,4.0,1.0,2.0,3.0,4.0,8,0.0,1,High
5.0,4.0,3.0,8.0,1.0,39.0,46.0,3.0,0.242,3,5.0,5.0,5.0,4.0,1.0,1.0,1.0,1.0,1.0,1.0,2,1,2,4.0,4.0,4.0,3.0,5.0,2.0,3.0,3.0,6,0.0,0,Medium
5.0,5.0,1.0,5.0,1.0,63.0,70.0,4.0,0.712,3,5.0,5.0,5.0,5.0,1.0,1.0,1.0,1.0,1.0,1.0,4,5,2,5.0,5.0,5.0,5.0,6.0,1.0,4.0,4.0,1,0.0,1,High
3.0,3.0,5.0,7.0,1.0,45.0,34.0,2.0,-0.909,3,2.0,4.0,2.0,4.0,2.0,2.0,2.0,2.0,2.0,2.0,2,3,1,3.0,3.0,3.0,4.0,3.0,2.0,3.0,3.0,1,6.0,0,Low
3.0,3.0,4.0,3.0,1.0,41.0,49.0,3.0,-1.215,1,3.0,3.0,3.0,3.0,2.0,2.0,2.0,3.0,2.0,1.0,2,2,2,3.0,3.0,3.0,4.0,4.0,3.0,3.0,3.0,5,5.0,0,Medium
4.0,4.0,3.0,2.0,1.0,48.0,69.0,4.0,0.712,3,5.0,5.0,4.0,5.0,1.0,1.0,1.0,1.0,1.0,1.0,5,1,8,3.0,4.0,4.0,3.0,3.0,2.0,3.0,3.0,6,0.0,1,High
4.0,3.0,2.0,1.0,1.0,50.0,47.0,3.0,0.712,3,5.0,4.0,1.0,4.0,1.0,1.0,1.0,2.0,2.0,1.0,5,2,3,4.0,4.0,4.0,4.0,3.0,1.0,3.0,3.0,6,2.0,0,Medium
3.0,3.0,4.0,2.0,0.0,55.0,44.0,3.0,-0.57,2,4.0,5.0,1.0,5.0,3.0,3.0,3.0,1.0,1.0,1.0,2,3,7,4.0,4.0,4.0,4.0,4.0,1.0,3.0,2.0,2,3.0,0,Medium
2.0,3.0,3.0,8.0,1.0,38.0,54.0,2.0,-1.215,0,4.0,4.0,1.0,4.0,1.0,1.0,1.0,1.0,1.0,1.0,3,2,2,4.0,4.0,4.0,3.0,3.0,1.0,4.0,3.0,6,0.0,0,Medium
5.0,5.0,3.0,8.0,1.0,85.0,58.0,4.0,0.242,2,5.0,5.0,4.0,5.0,1.0,2.0,1.0,1.0,1.0,1.0,3,2,5,5.0,5.0,5.0,3.0,6.0,1.0,4.0,4.0,5,1.0,1,Medium
4.0,3.0,3.0,8.0,1.0,51.0,57.0,3.0,1.267,3,5.0,4.0,5.0,5.0,1.0,1.0,1.0,1.0,1.0,1.0,3,2,7,4.0,4.0,4.0,3.0,3.0,1.0,3.0,3.0,7,0.0,1,Medium
4.0,2.0,3.0,2.0,0.0,32.0,54.0,3.0,0.242,3,5.0,3.0,1.0,4.0,1.0,1.0,1.0,1.0,1.0,1.0,3,2,9,4.0,4.0,3.0,3.0,3.0,3.0,2.0,3.0,3,0.0,0,Medium
5.0,5.0,4.0,2.0,1.0,85.0,64.0,4.0,1.267,3,5.0,5.0,3.0,5.0,1.0,1.0,1.0,1.0,1.0,1.0,2,1,7,5.0,5.0,5.0,5.0,6.0,4.0,4.0,4.0,5,0.0,1,High
4.0,4.0,4.0,1.0,1.0,46.0,49.0,3.0,-1.215,2,4.0,3.0,2.0,4.0,2.0,2.0,1.0,1.0,1.0,1.0,3,1,6,5.0,4.0,4.0,4.0,3.0,2.0,3.0,3.0,2,2.0,0,Medium
5.0,4.0,2.0,8.0,1.0,68.0,65.0,4.0,0.242,3,5.0,5.0,5.0,5.0,1.0,1.0,1.0,1.0,1.0,1.0,5,2,5,3.0,4.0,4.0,4.0,6.0,2.0,3.0,3.0,6,0.0,1,High
1.0,1.0,5.0,6.0,0.0,23.0,39.0,1.0,-1.713,2,1.0,1.0,3.0,4.0,3.0,3.0,3.0,1.0,3.0,3.0,1,2,1,1.0,3.0,1.0,2.0,1.0,3.0,4.0,2.0,4,5.0,0,Low
5.0,4.0,3.0,8.0,0.0,61.0,76.0,4.0,0.242,3,5.0,4.0,5.0,5.0,1.0,1.0,1.0,1.0,1.0,1.0,4,2,6,3.0,4.0,4.0,4.0,3.0,3.0,3.0,3.0,6,0.0,1,High
4.0,5.0,2.0,2.0,1.0,56.0,63.0,4.0,0.712,3,4.0,4.0,4.0,4.0,1.0,1.0,1.0,1.0,1.0,1.0,3,3,9,4.0,4.0,4.0,4.0,5.0,1.0,3.0,4.0,1,0.0,1,High
5.0,3.0,4.0,3.0,0.0,44.0,47.0,3.0,-0.57,2,1.0,3.0,1.0,3.0,1.0,2.0,3.0,1.0,1.0,1.0,2,4,5,4.0,4.0,4.0,3.0,4.0,2.0,4.0,2.0,1,2.0,0,Medium
3.0,2.0,2.0,7.0,0.0,30.0,33.0,2.0,-0.909,3,4.0,3.0,1.0,5.0,2.0,2.0,2.0,3.0,1.0,1.0,2,3,2,4.0,3.0,2.0,3.0,4.0,2.0,2.0,3.0,2,4.0,0,Low
5.0,4.0,3.0,8.0,0.0,57.0,71.0,4.0,1.267,3,5.0,5.0,5.0,5.0,1.0,1.0,1.0,1.0,1.0,1.0,3,2,7,4.0,4.0,4.0,3.0,5.0,1.0,3.0,4.0,6,0.0,1,High
4.0,4.0,4.0,2.0,1.0,57.0,59.0,3.0,0.242,3,5.0,4.0,5.0,4.0,1.0,1.0,1.0,1.0,1.0,1.0,4,2,7,5.0,4.0,5.0,4.0,2.0,2.0,2.0,3.0,6,0.0,1,Medium
5.0,5.0,4.0,7.0,0.0,41.0,44.0,3.0,-1.215,2,4.0,4.0,1.0,5.0,3.0,3.0,1.0,3.0,3.0,1.0,1,2,1,4.0,4.0,4.0,4.0,4.0,2.0,3.0,3.0,5,4.0,0,Medium
5.0,5.0,4.0,5.0,1.0,82.0,57.0,4.0,0.242,3,5.0,5.0,5.0,5.0,1.0,1.0,1.0,1.0,1.0,1.0,3,4,8,5.0,3.0,4.0,4.0,6.0,2.0,3.0,4.0,1,0.0,1,Medium
5.0,4.0,3.0,3.0,1.0,62.0,57.0,3.0,0.242,3,5.0,5.0,3.0,5.0,1.0,1.0,1.0,1.0,1.0,1.0,2,1,2,3.0,3.0,3.0,3.0,4.0,4.0,4.0,3.0,7,0.0,1,Medium
5.0,4.0,2.0,8.0,0.0,53.0,88.0,4.0,0.242,3,5.0,5.0,5.0,5.0,1.0,1.0,1.0,1.0,1.0,1.0,5,2,8,5.0,3.0,3.0,3.0,5.0,2.0,3.0,3.0,8,0.0,1,High
4.0,4.0,2.0,1.0,0.0,58.0,59.0,3.0,1.267,3,4.0,4.0,5.0,5.0,1.0,1.0,1.0,1.0,1.0,1.0,4,2,9,4.0,3.0,4.0,2.0,4.0,3.0,2.0,3.0,6,0.0,1,Medium
5.0,4.0,3.0,2.0,1.0,71.0,71.0,4.0,0.242,3,5.0,5.0,5.0,5.0,1.0,1.0,1.0,1.0,1.0,1.0,4,5,7,5.0,4.0,4.0,4.0,6.0,1.0,3.0,3.0,3,0.0,1,High
4.0,5.0,3.0,2.0,1.0,75.0,79.0,4.0,0.242,3,5.0,5.0,5.0,5.0,1.0,1.0,1.0,1.0,1.0,1.0,2,4,8,5.0,5.0,5.0,5.0,6.0,1.0,4.0,4.0,4,0.0,1,High
3.0,3.0,3.0,6.0,0.0,42.0,47.0,3.0,-0.57,3,4.0,3.0,1.0,4.0,3.0,3.0,1.0,1.0,1.0,1.0,2,1,1,4.0,4.0,4.0,3.0,2.0,4.0,2.0,3.0,6,2.0,0,Medium
5.0,4.0,1.0,2.0,1.0,51.0,73.0,4.0,0.712,3,5.0,4.0,4.0,5.0,1.0,1.0,1.0,1.0,1.0,1.0,3,2,9,5.0,4.0,5.0,5.0,2.0,1.0,3.0,4.0,4,0.0,1,High
5.0,3.0,4.0,2.0,1.0,62.0,30.0,3.0,-0.57,3,5.0,5.0,5.0,5.0,3.0,2.0,1.0,3.0,3.0,1.0,2,2,2,5.0,5.0,3.0,2.0,1.0,2.0,3.0,3.0,4,4.0,0,Low
5.0,5.0,2.0,8.0,0.0,63.0,73.0,4.0,0.712,3,5.0,5.0,5.0,5.0,1.0,1.0,1.0,1.0,1.0,1.0,5,2,9,5.0,5.0,5.0,5.0,6.0,1.0,4.0,4.0,6,0.0,1,High
4.0,3.0,3.0,2.0,0.0,33.0,46.0,2.0,-0.188,2,5.0,4.0,1.0,4.0,2.0,2.0,1.0,1.0,1.0,1.0,2,2,6,3.0,3.0,3.0,3.0,3.0,1.0,3.0,3.0,4,2.0,0,Medium
5.0,5.0,2.0,2.0,1.0,59.0,82.0,4.0,1.267,3,5.0,5.0,5.0,5.0,1.0,1.0,1.0,1.0,1.0,1.0,4,2,8,2.0,2.0,3.0,2.0,5.0,1.0,3.0,4.0,5,0.0,1,High
5.0,5.0,1.0,8.0,1.0,55.0,71.0,4.0,-0.188,3,5.0,5.0,5.0,5.0,1.0,1.0,1.0,1.0,1.0,1.0,3,2,3,3.0,4.0,4.0,4.0,6.0,1.0,2.0,3.0,7,0.0,1,High
4.0,4.0,2.0,2.0,1.0,57.0,72.0,4.0,-0.188,3,5.0,4.0,5.0,5.0,1.0,1.0,1.0,1.0,1.0,1.0,3,5,9,2.0,2.0,4.0,3.0,4.0,1.0,3.0,3.0,6,0.0,1,High
5.0,3.0,2.0,1.0,1.0,35.0,54.0,3.0,-1.215,3,5.0,2.0,2.0,3.0,1.0,1.0,1.0,1.0,1.0,1.0,3,2,5,1.0,1.0,2.0,1.0,5.0,2.0,1.0,3.0,6,0.0,0,Medium
4.0,4.0,3.0,8.0,0.0,47.0,66.0,3.0,-0.188,3,4.0,4.0,4.0,4.0,1.0,1.0,1.0,1.0,1.0,1.0,2,2,1,4.0,4.0,3.0,1.0,1.0,3.0,3.0,1.0,5,0.0,1,High
4.0,3.0,3.0,2.0,1.0,59.0,50.0,3.0,-0.57,3,4.0,3.0,1.0,4.0,1.0,1.0,1.0,2.0,2.0,1.0,4,4,6,4.0,4.0,4.0,3.0,2.0,2.0,3.0,4.0,3,2.0,0,Medium
4.0,4.0,2.0,2.0,0.0,53.0,63.0,3.0,0.242,3,4.0,4.0,4.0,4.0,1.0,1.0,1.0,1.0,1.0,1.0,3,5,8,2.0,4.0,2.0,2.0,5.0,3.0,4.0,3.0,2,0.0,1,High
5.0,5.0,3.0,8.0,1.0,71.0,88.0,4.0,1.267,3,5.0,5.0,5.0,5.0,1.0,1.0,1.0,1.0,1.0,1.0,3,2,9,5.0,5.0,5.0,5.0,6.0,1.0,3.0,4.0,6,0.0,1,High
4.0,4.0,4.0,8.0,0.0,54.0,54.0,4.0,-0.57,3,4.0,4.0,3.0,4.0,1.0,1.0,1.0,1.0,1.0,1.0,2,2,7,4.0,4.0,4.0,3.0,4.0,2.0,3.0,3.0,8,0.0,0,Medium
4.0,4.0,3.0,7.0,0.0,49.0,62.0,3.0,-0.188,3,1.0,4.0,1.0,4.0,1.0,1.0,1.0,1.0,1.0,1.0,2,3,7,4.0,2.0,4.0,2.0,4.0,3.0,2.0,3.0,2,0.0,1,High
4.0,3.0,2.0,7.0,1.0,46.0,54.0,3.0,0.712,3,5.0,5.0,4.0,5.0,1.0,1.0,1.0,1.0,1.0,1.0,4,3,7,4.0,3.0,2.0,1.0,1.0,3.0,3.0,3.0,4,0.0,0,Medium
5.0,3.0,3.0,2.0,1.0,48.0,58.0,4.0,-0.188,2,5.0,4.0,5.0,5.0,1.0,1.0,1.0,1.0,1.0,1.0,1,4,3,5.0,4.0,5.0,5.0,6.0,2.0,4.0,3.0,4,0.0,1,Medium
5.0,5.0,4.0,2.0,1.0,61.0,56.0,3.0,0.712,3,5.0,5.0,5.0,5.0,1.0,1.0,1.0,1.0,1.0,1.0,4,1,7,5.0,5.0,5.0,5.0,6.0,1.0,3.0,4.0,2,0.0,1,Medium
5.0,4.0,3.0,8.0,1.0,56.0,63.0,4.0,0.712,3,4.0,5.0,5.0,5.0,1.0,1.0,1.0,1.0,1.0,1.0,5,2,8,4.0,4.0,3.0,2.0,4.0,2.0,3.0,3.0,8,0.0,1,High
4.0,4.0,2.0,8.0,1.0,45.0,67.0,3.0,1.267,3,5.0,4.0,5.0,4.0,1.0,1.0,1.0,1.0,1.0,1.0,3,3,9,3.0,3.0,4.0,3.0,3.0,2.0,3.0,3.0,7,0.0,1,High
3.0,3.0,2.0,8.0,0.0,42.0,53.0,3.0,-0.188,2,5.0,4.0,5.0,4.0,1.0,1.0,1.0,1.0,1.0,1.0,3,1,3,4.0,5.0,5.0,4.0,2.0,2.0,3.0,3.0,5,0.0,0,Medium
2.0,3.0,3.0,2.0,0.0,24.0,41.0,2.0,-1.713,0,3.0,3.0,4.0,2.0,2.0,2.0,2.0,3.0,3.0,2.0,2,5,4,3.0,2.0,4.0,4.0,3.0,2.0,3.0,3.0,1,6.0,0,Low
5.0,5.0,4.0,2.0,1.0,64.0,66.0,4.0,-0.188,3,5.0,4.0,5.0,5.0,1.0,1.0,1.0,1.0,1.0,1.0,5,4,9,4.0,5.0,5.0,4.0,6.0,2.0,4.0,4.0,2,0.0,1,High
5.0,5.0,4.0,2.0,0.0,60.0,73.0,3.0,0.242,3,5.0,5.0,5.0,5.0,1.0,1.0,1.0,1.0,1.0,1.0,5,2,8,5.0,3.0,4.0,3.0,6.0,1.0,4.0,4.0,5,0.0,1,High
4.0,4.0,3.0,7.0,1.0,62.0,82.0,3.0,-1.215,2,5.0,5.0,5.0,3.0,1.0,1.0,1.0,1.0,1.0,1.0,3,1,1,3.0,4.0,4.0,4.0,4.0,1.0,3.0,3.0,4,0.0,1,High
4.0,4.0,2.0,8.0,0.0,41.0,65.0,3.0,0.242,3,5.0,4.0,5.0,4.0,1.0,1.0,1.0,1.0,1.0,1.0,2,2,7,2.0,3.0,3.0,3.0,5.0,2.0,3.0,3.0,7,0.0,1,High
4.0,4.0,5.0,5.0,0.0,40.0,43.0,3.0,0.712,3,5.0,5.0,5.0,5.0,1.0,1.0,1.0,1.0,1.0,1.0,3,3,8,4.0,4.0,3.0,3.0,5.0,3.0,2.0,3.0,1,0.0,0,Low
5.0,4.0,3.0,2.0,0.0,49.0,67.0,3.0,-1.215,2,5.0,4.0,3.0,3.0,1.0,1.0,1.0,1.0,1.0,1.0,4,1,4,4.0,4.0,4.0,4.0,6.0,2.0,3.0,4.0,5,0.0,1,High
4.0,4.0,4.0,2.0,0.0,53.0,64.0,4.0,0.242,3,5.0,4.0,5.0,4.0,1.0,1.0,1.0,2.0,1.0,1.0,5,5,9,2.0,2.0,2.0,2.0,6.0,1.0,3.0,3.0,3,1.0,1,High
5.0,5.0,3.0,8.0,0.0,85.0,95.0,4.0,-0.57,3,5.0,5.0,5.0,3.0,1.0,1.0,1.0,1.0,1.0,1.0,2,2,9,5.0,5.0,5.0,5.0,6.0,4.0,3.0,4.0,7,0.0,1,High
4.0,3.0,4.0,2.0,1.0,48.0,40.0,3.0,-0.909,2,2.0,2.0,1.0,3.0,3.0,2.0,2.0,2.0,1.0,1.0,2,5,5,4.0,5.0,4.0,3.0,1.0,2.0,4.0,3.0,2,4.0,0,Low
5.0,2.0,3.0,2.0,1.0,57.0,62.0,3.0,-1.215,1,5.0,5.0,5.0,5.0,1.0,1.0,1.0,1.0,1.0,1.0,2,3,8,5.0,5.0,5.0,4.0,5.0,3.0,3.0,3.0,2,0.0,1,High
4.0,4.0,5.0,3.0,1.0,43.0,55.0,3.0,0.242,3,5.0,5.0,1.0,2.0,1.0,1.0,1.0,1.0,1.0,1.0,4,4,8,5.0,2.0,4.0,2.0,5.0,2.0,3.0,3.0,2,0.0,1,Medium
5.0,5.0,2.0,8.0,1.0,53.0,65.0,4.0,1.267,3,5.0,5.0,5.0,5.0,1.0,1.0,1.0,1.0,1.0,1.0,5,1,6,5.0,5.0,5.0,5.0,5.0,2.0,3.0,4.0,6,0.0,1,High
5.0,3.0,3.0,6.0,0.0,37.0,49.0,1.0,-0.188,3,5.0,3.0,1.0,2.0,1.0,1.0,1.0,1.0,1.0,1.0,1,2,3,4.0,3.0,3.0,3.0,2.0,3.0,3.0,2.0,6,0.0,0,Medium
4.0,3.0,5.0,2.0,1.0,49.0,38.0,2.0,0.712,3,5.0,4.0,4.0,5.0,1.0,1.0,2.0,3.0,2.0,1.0,5,2,3,5.0,4.0,4.0,4.0,6.0,2.0,3.0,3.0,3,3.0,0,Low
5.0,4.0,4.0,8.0,0.0,61.0,82.0,4.0,0.242,3,5.0,4.0,5.0,5.0,1.0,1.0,1.0,1.0,1.0,1.0,3,1,4,3.0,4.0,3.0,3.0,5.0,1.0,3.0,3.0,7,0.0,1,High
3.0,3.0,4.0,2.0,1.0,42.0,49.0,3.0,0.712,3,1.0,3.0,1.0,3.0,1.0,1.0,1.0,1.0,1.0,1.0,3,3,7,4.0,2.0,3.0,3.0,4.0,3.0,2.0,2.0,4,0.0,0,Medium
4.0,2.0,5.0,5.0,1.0,37.0,33.0,2.0,0.242,3,1.0,2.0,1.0,4.0,2.0,2.0,1.0,1.0,1.0,1.0,3,3,8,4.0,4.0,4.0,2.0,4.0,3.0,2.0,2.0,1,2.0,0,Low
4.0,4.0,2.0,1.0,,82.0,81.0,4.0,0.712,3,5.0,5.0,5.0,5.0,1.0,1.0,1.0,1.0,1.0,1.0,3,2,8,2.0,3.0,4.0,3.0,4.0,2.0,4.0,4.0,7,0.0,1,High
5.0,4.0,4.0,4.0,1.0,72.0,77.0,4.0,-1.215,2,5.0,4.0,4.0,5.0,1.0,1.0,1.0,1.0,1.0,1.0,1,4,6,4.0,4.0,5.0,5.0,6.0,1.0,2.0,3.0,3,0.0,1,High
4.0,4.0,2.0,3.0,1.0,49.0,43.0,2.0,-0.188,3,4.0,3.0,3.0,5.0,1.0,2.0,1.0,1.0,1.0,1.0,2,2,5,4.0,4.0,4.0,3.0,6.0,2.0,2.0,3.0,7,1.0,0,Low
3.0,3.0,3.0,2.0,0.0,39.0,45.0,3.0,-0.909,3,4.0,3.0,3.0,3.0,2.0,2.0,2.0,2.0,2.0,2.0,5,1,8,3.0,4.0,3.0,2.0,3.0,2.0,2.0,2.0,3,6.0,0,Medium
4.0,4.0,4.0,8.0,0.0,52.0,42.0,3.0,0.242,2,5.0,3.0,3.0,5.0,1.0,1.0,1.0,1.0,1.0,1.0,2,2,2,4.0,4.0,4.0,4.0,3.0,3.0,4.0,3.0,6,0.0,0,Low
4.0,4.0,3.0,2.0,0.0,58.0,68.0,3.0,-0.57,3,5.0,5.0,5.0,5.0,1.0,1.0,1.0,1.0,1.0,1.0,3,2,7,4.0,3.0,4.0,3.0,6.0,2.0,3.0,3.0,5,0.0,1,High
5.0,4.0,2.0,2.0,0.0,51.0,64.0,3.0,0.712,3,5.0,5.0,5.0,5.0,1.0,1.0,1.0,1.0,1.0,1.0,2,2,2,1.0,1.0,1.0,1.0,5.0,1.0,3.0,3.0,4,0.0,1,High
5.0,4.0,4.0,8.0,0.0,57.0,75.0,4.0,-0.909,3,5.0,5.0,5.0,5.0,1.0,1.0,1.0,1.0,1.0,1.0,2,2,3,4.0,4.0,3.0,3.0,5.0,1.0,3.0,2.0,6,0.0,1,High
4.0,3.0,3.0,8.0,1.0,41.0,57.0,3.0,0.242,3,5.0,3.0,5.0,4.0,1.0,1.0,1.0,1.0,1.0,1.0,2,1,3,4.0,3.0,4.0,3.0,6.0,3.0,3.0,3.0,8,0.0,1,Medium
4.0,4.0,4.0,2.0,0.0,45.0,73.0,4.0,-0.909,2,5.0,1.0,5.0,5.0,1.0,1.0,1.0,1.0,1.0,1.0,4,3,8,3.0,2.0,2.0,3.0,6.0,2.0,3.0,3.0,2,0.0,1,High
5.0,5.0,3.0,8.0,1.0,60.0,57.0,4.0,-0.909,3,5.0,5.0,5.0,5.0,1.0,1.0,1.0,1.0,1.0,1.0,2,3,2,5.0,5.0,5.0,5.0,6.0,3.0,4.0,4.0,7,0.0,1,Medium
4.0,4.0,3.0,4.0,1.0,56.0,57.0,3.0,-0.909,1,4.0,4.0,4.0,4.0,1.0,1.0,1.0,1.0,2.0,1.0,2,2,4,4.0,4.0,4.0,3.0,5.0,3.0,3.0,3.0,5,1.0,1,Medium
4.0,4.0,3.0,8.0,1.0,54.0,50.0,3.0,1.267,3,5.0,4.0,5.0,5.0,1.0,1.0,1.0,1.0,1.0,1.0,5,2,6,4.0,4.0,4.0,4.0,5.0,1.0,3.0,3.0,7,0.0,0,Medium
4.0,3.0,4.0,2.0,1.0,36.0,48.0,2.0,-0.57,2,5.0,1.0,5.0,3.0,1.0,1.0,1.0,1.0,1.0,1.0,5,2,9,2.0,2.0,3.0,2.0,6.0,3.0,3.0,3.0,2,0.0,0,Medium
5.0,5.0,2.0,1.0,1.0,51.0,54.0,3.0,0.712,2,5.0,4.0,1.0,4.0,1.0,1.0,1.0,1.0,1.0,1.0,4,2,6,5.0,5.0,4.0,4.0,6.0,2.0,3.0,4.0,4,0.0,0,Medium
4.0,4.0,4.0,8.0,1.0,41.0,26.0,3.0,0.242,3,5.0,4.0,2.0,5.0,2.0,2.0,1.0,2.0,2.0,1.0,3,2,3,4.0,4.0,4.0,3.0,5.0,3.0,3.0,3.0,6,4.0,0,Low
5.0,5.0,1.0,1.0,1.0,71.0,72.0,4.0,-0.909,2,5.0,5.0,5.0,5.0,1.0,1.0,1.0,1.0,1.0,1.0,3,3,7,5.0,5.0,5.0,5.0,6.0,1.0,4.0,4.0,4,0.0,1,High
5.0,4.0,3.0,7.0,1.0,47.0,56.0,3.0,1.267,3,5.0,4.0,5.0,5.0,1.0,1.0,1.0,1.0,1.0,1.0,5,2,9,4.0,3.0,4.0,4.0,5.0,2.0,2.0,4.0,3,0.0,1,Medium
4.0,3.0,3.0,8.0,1.0,47.0,60.0,3.0,-0.188,3,5.0,4.0,2.0,5.0,1.0,1.0,1.0,1.0,1.0,1.0,2,2,2,4.0,4.0,3.0,3.0,3.0,2.0,2.0,2.0,8,0.0,1,Medium
5.0,4.0,2.0,8.0,0.0,62.0,73.0,4.0,0.242,3,5.0,4.0,5.0,5.0,1.0,1.0,1.0,1.0,1.0,1.0,3,1,6,3.0,2.0,5.0,5.0,6.0,2.0,2.0,3.0,5,0.0,1,High
4.0,3.0,5.0,2.0,0.0,42.0,65.0,3.0,-0.57,2,5.0,1.0,4.0,5.0,1.0,1.0,1.0,1.0,1.0,1.0,3,1,5,1.0,1.0,1.0,1.0,6.0,2.0,2.0,3.0,5,0.0,1,High
3.0,3.0,4.0,1.0,1.0,37.0,45.0,3.0,-0.188,3,4.0,3.0,3.0,4.0,2.0,2.0,1.0,1.0,1.0,1.0,3,5,4,2.0,3.0,4.0,3.0,3.0,3.0,2.0,3.0,4,2.0,0,Medium
5.0,5.0,2.0,8.0,1.0,85.0,95.0,4.0,1.267,3,5.0,1.0,5.0,5.0,1.0,1.0,1.0,1.0,1.0,1.0,5,1,9,1.0,2.0,4.0,2.0,6.0,1.0,4.0,4.0,6,0.0,1,High
2.0,3.0,4.0,8.0,1.0,54.0,26.0,2.0,-0.188,3,3.0,4.0,1.0,3.0,3.0,3.0,2.0,2.0,1.0,1.0,2,4,4,5.0,5.0,4.0,3.0,1.0,3.0,3.0,2.0,2,4.0,0,Low
4.0,4.0,4.0,8.0,1.0,51.0,63.0,4.0,0.712,2,5.0,4.0,5.0,5.0,1.0,1.0,1.0,1.0,1.0,1.0,2,2,5,4.0,4.0,4.0,4.0,6.0,2.0,3.0,2.0,7,0.0,1,High
4.0,2.0,3.0,3.0,0.0,28.0,45.0,3.0,-0.188,3,4.0,2.0,3.0,3.0,1.0,1.0,1.0,1.0,1.0,1.0,3,3,8,3.0,2.0,2.0,2.0,3.0,3.0,2.0,2.0,4,0.0,0,Medium
3.0,4.0,1.0,5.0,1.0,57.0,64.0,3.0,-0.909,1,5.0,5.0,1.0,5.0,2.0,2.0,2.0,1.0,1.0,1.0,3,3,1,5.0,4.0,4.0,4.0,5.0,2.0,4.0,4.0,2,3.0,1,High
4.0,4.0,4.0,2.0,1.0,58.0,67.0,4.0,0.242,3,5.0,4.0,5.0,3.0,1.0,1.0,1.0,1.0,1.0,1.0,4,2,8,5.0,4.0,4.0,3.0,6.0,2.0,3.0,3.0,2,0.0,1,High
4.0,3.0,2.0,6.0,0.0,41.0,33.0,2.0,-0.909,2,5.0,4.0,2.0,5.0,2.0,2.0,1.0,1.0,1.0,1.0,2,1,1,4.0,4.0,3.0,3.0,4.0,1.0,2.0,3.0,5,2.0,0,Low
4.0,3.0,1.0,8.0,0.0,48.0,58.0,4.0,-0.188,3,5.0,4.0,5.0,4.0,1.0,1.0,1.0,1.0,1.0,1.0,3,2,2,4.0,3.0,4.0,2.0,4.0,3.0,3.0,3.0,6,0.0,1,Medium
5.0,4.0,3.0,8.0,0.0,44.0,70.0,4.0,0.242,3,5.0,5.0,5.0,4.0,1.0,1.0,1.0,1.0,1.0,1.0,5,1,3,5.0,5.0,3.0,2.0,6.0,2.0,4.0,3.0,8,0.0,1,High
3.0,3.0,3.0,4.0,0.0,42.0,49.0,3.0,-0.909,2,5.0,5.0,5.0,5.0,2.0,2.0,2.0,2.0,2.0,2.0,5,2,6,3.0,3.0,3.0,3.0,4.0,2.0,2.0,2.0,2,6.0,0,Medium
4.0,3.0,4.0,2.0,1.0,37.0,50.0,3.0,-0.909,2,5.0,3.0,5.0,3.0,1.0,1.0,1.0,1.0,1.0,1.0,5,2,6,3.0,3.0,3.0,3.0,3.0,2.0,2.0,3.0,2,0.0,0,Medium
4.0,3.0,4.0,2.0,0.0,51.0,38.0,2.0,0.712,3,4.0,1.0,1.0,3.0,1.0,1.0,1.0,3.0,3.0,1.0,3,5,5,2.0,2.0,2.0,2.0,2.0,1.0,3.0,3.0,3,2.0,0,Low
5.0,5.0,3.0,2.0,1.0,42.0,86.0,4.0,-1.215,2,5.0,5.0,5.0,5.0,1.0,1.0,1.0,1.0,1.0,1.0,3,2,7,5.0,5.0,5.0,5.0,6.0,3.0,3.0,3.0,5,0.0,1,High
5.0,4.0,3.0,8.0,1.0,59.0,83.0,3.0,-0.188,2,4.0,4.0,2.0,5.0,1.0,1.0,1.0,1.0,1.0,1.0,5,5,4,4.0,4.0,4.0,2.0,5.0,2.0,3.0,3.0,6,0.0,1,High
5.0,4.0,4.0,5.0,1.0,57.0,62.0,4.0,-0.909,2,5.0,5.0,5.0,5.0,2.0,1.0,1.0,1.0,1.0,1.0,4,2,7,4.0,4.0,5.0,5.0,6.0,1.0,3.0,4.0,6,1.0,1,High
4.0,4.0,3.0,8.0,1.0,60.0,59.0,4.0,0.712,3,5.0,5.0,5.0,5.0,1.0,1.0,1.0,1.0,1.0,1.0,4,2,9,4.0,4.0,4.0,3.0,4.0,2.0,3.0,3.0,8,0.0,1,Medium
3.0,2.0,3.0,3.0,0.0,27.0,22.0,2.0,-0.57,2,4.0,3.0,1.0,5.0,2.0,2.0,2.0,2.0,1.0,2.0,2,3,5,4.0,4.0,3.0,3.0,2.0,2.0,2.0,2.0,6,5.0,0,Low
4.0,4.0,3.0,8.0,1.0,51.0,68.0,3.0,1.267,3,5.0,4.0,5.0,4.0,1.0,1.0,1.0,1.0,2.0,1.0,5,2,5,4.0,4.0,3.0,3.0,6.0,2.0,3.0,3.0,6,1.0,1,High
4.0,4.0,2.0,8.0,0.0,66.0,72.0,4.0,0.242,3,5.0,5.0,5.0,5.0,1.0,1.0,1.0,1.0,1.0,1.0,5,1,7,4.0,2.0,3.0,3.0,4.0,3.0,2.0,3.0,8,0.0,1,High
5.0,5.0,3.0,2.0,1.0,55.0,80.0,3.0,0.712,3,5.0,4.0,4.0,4.0,1.0,1.0,1.0,1.0,1.0,1.0,5,2,9,1.0,3.0,4.0,1.0,5.0,2.0,3.0,3.0,6,0.0,1,High
4.0,4.0,4.0,2.0,1.0,55.0,48.0,3.0,0.242,3,5.0,5.0,1.0,3.0,1.0,1.0,1.0,1.0,1.0,1.0,3,1,2,5.0,5.0,4.0,4.0,4.0,2.0,3.0,3.0,2,0.0,0,Medium
4.0,4.0,5.0,,1.0,55.0,45.0,4.0,1.267,3,5.0,4.0,1.0,5.0,1.0,1.0,1.0,2.0,1.0,1.0,3,3,6,4.0,4.0,4.0,4.0,5.0,1.0,3.0,3.0,2,1.0,0,Medium
4.0,4.0,1.0,8.0,0.0,57.0,73.0,4.0,0.242,3,5.0,4.0,5.0,5.0,1.0,1.0,1.0,1.0,1.0,1.0,5,2,7,2.0,3.0,4.0,3.0,3.0,1.0,3.0,3.0,7,0.0,1,High
3.0,3.0,3.0,6.0,1.0,38.0,29.0,3.0,-0.57,3,4.0,5.0,1.0,5.0,3.0,2.0,2.0,2.0,2.0,2.0,2,1,1,4.0,3.0,3.0,3.0,2.0,2.0,2.0,2.0,4,6.0,0,Low
5.0,3.0,3.0,8.0,0.0,35.0,65.0,3.0,0.712,2,5.0,4.0,2.0,2.0,1.0,1.0,1.0,1.0,1.0,1.0,1,2,6,3.0,3.0,2.0,1.0,3.0,1.0,3.0,2.0,7,0.0,1,High
4.0,4.0,3.0,2.0,1.0,61.0,60.0,4.0,0.242,3,5.0,4.0,5.0,5.0,1.0,1.0,1.0,1.0,1.0,1.0,4,2,7,5.0,5.0,4.0,4.0,6.0,4.0,3.0,4.0,4,0.0,1,Medium
5.0,2.0,4.0,2.0,0.0,23.0,51.0,2.0,-0.909,1,5.0,1.0,4.0,5.0,1.0,1.0,1.0,1.0,1.0,1.0,3,2,8,1.0,1.0,1.0,1.0,1.0,3.0,2.0,2.0,4,0.0,0,Medium
3.0,3.0,3.0,6.0,0.0,41.0,32.0,3.0,0.242,3,4.0,3.0,1.0,5.0,3.0,2.0,1.0,1.0,2.0,1.0,2,2,3,5.0,4.0,2.0,1.0,4.0,4.0,4.0,3.0,4,3.0,0,Low
5.0,4.0,3.0,2.0,1.0,60.0,68.0,4.0,1.267,3,5.0,5.0,5.0,5.0,1.0,1.0,1.0,1.0,1.0,1.0,4,2,6,3.0,3.0,4.0,5.0,5.0,2.0,3.0,4.0,5,0.0,1,High
5.0,3.0,3.0,8.0,1.0,47.0,51.0,3.0,1.267,3,5.0,4.0,3.0,5.0,1.0,1.0,1.0,1.0,1.0,1.0,4,2,4,3.0,3.0,4.0,2.0,4.0,2.0,3.0,2.0,8,0.0,0,Medium
3.0,3.0,5.0,5.0,0.0,30.0,40.0,2.0,-0.188,3,5.0,3.0,5.0,3.0,1.0,1.0,1.0,1.0,1.0,1.0,3,2,5,2.0,4.0,3.0,3.0,4.0,3.0,3.0,3.0,1,0.0,0,Low
5.0,4.0,4.0,2.0,1.0,59.0,64.0,4.0,1.267,3,5.0,4.0,5.0,5.0,1.0,1.0,1.0,1.0,1.0,1.0,5,2,9,5.0,5.0,5.0,5.0,6.0,2.0,2.0,4.0,3,0.0,1,High
5.0,4.0,2.0,2.0,1.0,51.0,56.0,3.0,0.242,2,5.0,4.0,3.0,4.0,1.0,1.0,1.0,1.0,1.0,2.0,3,1,2,3.0,4.0,4.0,3.0,6.0,2.0,3.0,3.0,2,1.0,1,Medium
4.0,4.0,4.0,2.0,1.0,57.0,55.0,3.0,0.242,3,5.0,5.0,5.0,4.0,1.0,1.0,1.0,1.0,1.0,1.0,5,2,8,3.0,4.0,4.0,4.0,5.0,4.0,4.0,4.0,3,0.0,1,Medium
4.0,4.0,2.0,2.0,0.0,58.0,64.0,4.0,0.242,3,4.0,4.0,4.0,4.0,1.0,1.0,1.0,1.0,1.0,1.0,4,5,8,4.0,4.0,4.0,4.0,5.0,1.0,3.0,4.0,3,0.0,1,High
4.0,4.0,2.0,4.0,1.0,58.0,78.0,4.0,0.242,3,5.0,4.0,5.0,4.0,1.0,1.0,1.0,1.0,1.0,1.0,2,2,9,4.0,2.0,4.0,2.0,5.0,2.0,2.0,3.0,5,0.0,1,High
4.0,4.0,1.0,2.0,1.0,52.0,76.0,4.0,-0.57,2,5.0,3.0,5.0,4.0,1.0,1.0,1.0,1.0,1.0,1.0,2,2,5,4.0,4.0,4.0,4.0,5.0,1.0,3.0,3.0,5,0.0,1,High
2.0,2.0,5.0,8.0,1.0,31.0,46.0,2.0,-1.485,2,1.0,1.0,1.0,1.0,3.0,3.0,2.0,1.0,3.0,1.0,3,2,1,2.0,2.0,2.0,2.0,2.0,2.0,3.0,2.0,6,4.0,0,Medium
5.0,5.0,2.0,8.0,1.0,75.0,95.0,4.0,1.267,3,5.0,5.0,1.0,3.0,1.0,1.0,1.0,1.0,1.0,1.0,2,1,6,2.0,4.0,4.0,4.0,6.0,1.0,3.0,3.0,8,0.0,1,High
5.0,3.0,1.0,7.0,,49.0,66.0,4.0,-1.713,2,5.0,5.0,5.0,5.0,1.0,1.0,1.0,1.0,1.0,1.0,2,4,1,4.0,4.0,4.0,4.0,4.0,2.0,2.0,3.0,4,0.0,1,High
5.0,5.0,2.0,8.0,1.0,49.0,64.0,4.0,0.242,3,5.0,5.0,5.0,5.0,1.0,1.0,1.0,1.0,1.0,1.0,5,2,8,5.0,5.0,5.0,5.0,5.0,2.0,3.0,3.0,7,0.0,1,High
2.0,4.0,3.0,8.0,0.0,41.0,59.0,4.0,-0.909,1,5.0,4.0,1.0,4.0,1.0,1.0,1.0,1.0,1.0,1.0,2,1,3,4.0,3.0,3.0,3.0,5.0,2.0,2.0,2.0,5,0.0,1,Medium
4.0,3.0,3.0,2.0,1.0,50.0,57.0,3.0,0.712,3,4.0,4.0,4.0,2.0,1.0,1.0,1.0,1.0,1.0,1.0,3,4,9,2.0,3.0,3.0,3.0,4.0,2.0,4.0,3.0,4,0.0,1,Medium
4.0,4.0,2.0,2.0,1.0,53.0,63.0,3.0,0.242,3,5.0,4.0,5.0,5.0,1.0,1.0,1.0,1.0,1.0,1.0,2,2,6,4.0,3.0,4.0,3.0,5.0,2.0,3.0,3.0,5,0.0,1,High
3.0,3.0,3.0,2.0,0.0,36.0,56.0,2.0,-1.713,2,3.0,2.0,3.0,3.0,2.0,1.0,1.0,2.0,1.0,2.0,5,2,9,3.0,2.0,3.0,3.0,4.0,2.0,2.0,3.0,2,3.0,1,Medium
5.0,4.0,3.0,8.0,0.0,57.0,57.0,4.0,-0.909,2,5.0,5.0,5.0,5.0,1.0,1.0,1.0,1.0,1.0,1.0,5,2,6,4.0,3.0,3.0,3.0,5.0,1.0,4.0,3.0,8,0.0,1,Medium
5.0,4.0,2.0,8.0,0.0,57.0,75.0,4.0,1.267,3,5.0,5.0,5.0,5.0,1.0,1.0,1.0,1.0,1.0,1.0,2,1,3,2.0,3.0,3.0,2.0,5.0,2.0,3.0,3.0,8,0.0,1,High
3.0,3.0,3.0,8.0,0.0,37.0,47.0,3.0,0.242,2,4.0,3.0,2.0,4.0,2.0,2.0,1.0,1.0,1.0,1.0,3,1,3,3.0,4.0,3.0,4.0,3.0,2.0,3.0,2.0,8,2.0,0,Medium
5.0,3.0,4.0,2.0,1.0,50.0,72.0,4.0,0.712,3,4.0,3.0,4.0,4.0,1.0,1.0,1.0,1.0,1.0,1.0,4,5,9,3.0,4.0,4.0,3.0,4.0,2.0,3.0,3.0,4,0.0,1,High
4.0,4.0,4.0,2.0,1.0,55.0,54.0,4.0,0.712,3,5.0,4.0,5.0,5.0,1.0,1.0,1.0,1.0,1.0,1.0,3,2,8,4.0,4.0,4.0,4.0,6.0,2.0,3.0,3.0,4,0.0,0,Medium
5.0,3.0,3.0,2.0,1.0,44.0,48.0,3.0,0.712,3,5.0,2.0,3.0,5.0,1.0,1.0,1.0,1.0,1.0,1.0,2,2,7,3.0,4.0,4.0,3.0,5.0,2.0,3.0,3.0,5,0.0,0,Medium
4.0,4.0,4.0,2.0,1.0,53.0,60.0,4.0,0.712,3,3.0,3.0,3.0,3.0,1.0,1.0,1.0,1.0,1.0,1.0,4,4,9,5.0,4.0,4.0,3.0,6.0,2.0,2.0,3.0,3,0.0,1,Medium
4.0,4.0,2.0,7.0,0.0,58.0,43.0,3.0,-0.57,3,1.0,1.0,1.0,1.0,1.0,1.0,1.0,1.0,1.0,1.0,1,2,4,4.0,4.0,4.0,4.0,5.0,2.0,4.0,3.0,3,0.0,0,Low
3.0,2.0,4.0,6.0,0.0,17.0,36.0,1.0,-0.57,2,5.0,1.0,2.0,5.0,3.0,3.0,1.0,3.0,3.0,1.0,3,2,2,2.0,2.0,2.0,2.0,2.0,2.0,3.0,2.0,8,4.0,0,Low
4.0,4.0,,3.0,1.0,48.0,41.0,3.0,-1.485,0,3.0,3.0,3.0,3.0,2.0,2.0,2.0,2.0,2.0,2.0,4,1,7,3.0,3.0,3.0,3.0,4.0,3.0,3.0,4.0,2,6.0,0,Low
4.0,3.0,3.0,2.0,1.0,53.0,60.0,3.0,0.712,3,5.0,4.0,4.0,4.0,1.0,1.0,1.0,1.0,1.0,1.0,4,3,8,4.0,3.0,3.0,3.0,5.0,3.0,3.0,3.0,4,0.0,1,Medium
1.0,1.0,5.0,7.0,0.0,10.0,25.0,1.0,-0.57,3,1.0,1.0,1.0,1.0,3.0,3.0,3.0,3.0,3.0,3.0,2,2,1,1.0,1.0,1.0,1.0,1.0,4.0,4.0,4.0,3,6.0,0,Low
,2.0,,2.0,0.0,53.0,44.0,3.0,-1.9,1,2.0,1.0,1.0,3.0,2.0,1.0,2.0,2.0,1.0,1.0,2,5,5,3.0,2.0,2.0,3.0,4.0,1.0,1.0,3.0,3,3.0,0,Medium
4.0,3.0,2.0,8.0,0.0,53.0,64.0,3.0,0.242,3,5.0,4.0,5.0,4.0,1.0,1.0,1.0,1.0,1.0,1.0,2,1,3,2.0,4.0,3.0,2.0,4.0,1.0,3.0,3.0,8,0.0,1,High
5.0,5.0,1.0,4.0,1.0,68.0,59.0,4.0,-0.57,1,5.0,5.0,1.0,5.0,1.0,1.0,1.0,1.0,1.0,1.0,1,1,1,5.0,5.0,5.0,5.0,6.0,1.0,4.0,4.0,7,0.0,1,Medium
4.0,3.0,3.0,8.0,0.0,37.0,47.0,3.0,-0.57,1,3.0,3.0,2.0,4.0,1.0,1.0,1.0,1.0,1.0,1.0,5,1,4,4.0,4.0,2.0,2.0,5.0,1.0,4.0,3.0,6,0.0,0,Medium
4.0,4.0,2.0,8.0,1.0,45.0,81.0,3.0,-0.188,3,5.0,4.0,5.0,4.0,1.0,1.0,1.0,1.0,1.0,1.0,3,4,9,2.0,2.0,3.0,3.0,6.0,2.0,3.0,3.0,6,0.0,1,High
4.0,3.0,3.0,8.0,1.0,40.0,42.0,2.0,0.242,3,3.0,3.0,3.0,5.0,1.0,2.0,1.0,2.0,1.0,1.0,4,2,8,4.0,4.0,3.0,3.0,4.0,3.0,3.0,2.0,8,2.0,0,Low
3.0,4.0,2.0,8.0,1.0,50.0,61.0,3.0,-0.57,3,5.0,4.0,5.0,5.0,1.0,1.0,1.0,1.0,1.0,1.0,2,2,5,3.0,4.0,4.0,4.0,5.0,3.0,4.0,3.0,8,0.0,1,High
2.0,3.0,4.0,7.0,0.0,38.0,54.0,3.0,0.242,2,5.0,5.0,5.0,5.0,1.0,1.0,1.0,1.0,1.0,1.0,2,4,8,2.0,4.0,4.0,2.0,5.0,2.0,2.0,3.0,5,0.0,0,Medium
4.0,4.0,2.0,8.0,1.0,55.0,59.0,4.0,1.267,3,5.0,5.0,5.0,5.0,1.0,1.0,1.0,1.0,1.0,1.0,4,1,7,3.0,4.0,4.0,3.0,5.0,1.0,3.0,4.0,6,0.0,1,Medium
5.0,5.0,3.0,2.0,1.0,56.0,74.0,4.0,-0.188,2,5.0,5.0,4.0,5.0,1.0,1.0,1.0,1.0,1.0,1.0,2,5,7,4.0,4.0,5.0,4.0,5.0,2.0,4.0,3.0,2,0.0,1,High
4.0,4.0,3.0,8.0,0.0,48.0,70.0,3.0,0.242,3,5.0,5.0,5.0,5.0,1.0,1.0,1.0,1.0,1.0,1.0,2,3,5,4.0,4.0,4.0,3.0,5.0,3.0,3.0,3.0,8,0.0,1,High
3.0,3.0,5.0,6.0,0.0,45.0,44.0,2.0,-0.57,2,4.0,4.0,4.0,4.0,1.0,1.0,1.0,1.0,1.0,1.0,2,2,1,3.0,4.0,3.0,2.0,2.0,2.0,2.0,2.0,3,0.0,0,Medium
5.0,4.0,2.0,8.0,1.0,55.0,60.0,3.0,0.242,2,4.0,4.0,3.0,5.0,1.0,1.0,1.0,1.0,1.0,1.0,3,2,6,4.0,4.0,4.0,3.0,4.0,1.0,3.0,3.0,8,0.0,1,Medium
4.0,4.0,3.0,3.0,1.0,70.0,65.0,4.0,-0.188,2,5.0,5.0,5.0,5.0,1.0,1.0,1.0,1.0,1.0,1.0,2,3,9,4.0,4.0,4.0,4.0,6.0,1.0,3.0,4.0,5,0.0,1,High
5.0,5.0,4.0,2.0,1.0,68.0,52.0,3.0,0.712,3,5.0,3.0,5.0,5.0,1.0,1.0,1.0,1.0,1.0,1.0,4,3,5,3.0,3.0,5.0,3.0,2.0,1.0,2.0,4.0,2,0.0,0,Medium
5.0,4.0,4.0,3.0,1.0,50.0,47.0,3.0,0.242,3,5.0,4.0,3.0,5.0,1.0,1.0,1.0,2.0,1.0,1.0,2,1,3,5.0,4.0,4.0,3.0,3.0,2.0,2.0,3.0,8,1.0,0,Medium
4.0,4.0,2.0,4.0,0.0,50.0,74.0,3.0,1.267,3,5.0,4.0,5.0,4.0,1.0,1.0,1.0,1.0,1.0,1.0,4,3,9,2.0,3.0,3.0,2.0,4.0,1.0,3.0,4.0,2,0.0,1,High
5.0,5.0,3.0,3.0,1.0,79.0,26.0,3.0,-0.909,1,5.0,5.0,5.0,5.0,1.0,1.0,1.0,1.0,1.0,1.0,3,4,6,5.0,5.0,5.0,5.0,6.0,1.0,3.0,4.0,1,0.0,0,Low
4.0,3.0,3.0,8.0,1.0,52.0,60.0,3.0,0.242,3,5.0,4.0,5.0,5.0,1.0,1.0,1.0,1.0,1.0,1.0,3,1,4,4.0,4.0,4.0,4.0,6.0,2.0,3.0,3.0,7,0.0,1,Medium
5.0,4.0,4.0,8.0,1.0,57.0,65.0,3.0,1.267,3,5.0,4.0,5.0,3.0,1.0,1.0,1.0,1.0,1.0,1.0,3,2,8,3.0,3.0,3.0,3.0,5.0,2.0,3.0,3.0,6,0.0,1,High
4.0,3.0,3.0,4.0,0.0,57.0,34.0,3.0,-1.485,2,5.0,5.0,5.0,5.0,3.0,2.0,2.0,3.0,1.0,3.0,4,1,5,4.0,5.0,4.0,5.0,5.0,3.0,3.0,3.0,2,5.0,0,Low
4.0,3.0,2.0,4.0,1.0,40.0,45.0,3.0,0.242,3,5.0,5.0,1.0,5.0,1.0,1.0,1.0,1.0,1.0,1.0,3,5,8,4.0,4.0,4.0,4.0,2.0,2.0,3.0,3.0,4,0.0,0,Medium
5.0,5.0,4.0,2.0,1.0,57.0,67.0,4.0,0.242,3,5.0,4.0,5.0,4.0,1.0,1.0,1.0,1.0,1.0,1.0,5,3,9,3.0,3.0,4.0,3.0,6.0,3.0,2.0,3.0,3,0.0,1,High
4.0,4.0,3.0,2.0,1.0,63.0,66.0,4.0,0.242,3,5.0,4.0,5.0,5.0,1.0,1.0,1.0,1.0,1.0,1.0,4,2,8,4.0,5.0,5.0,5.0,5.0,1.0,3.0,3.0,2,0.0,1,High
5.0,3.0,4.0,3.0,0.0,47.0,46.0,3.0,-0.57,3,3.0,3.0,2.0,4.0,1.0,1.0,1.0,1.0,1.0,1.0,2,5,1,2.0,4.0,3.0,3.0,4.0,1.0,4.0,3.0,4,0.0,0,Medium
4.0,3.0,4.0,7.0,,42.0,47.0,3.0,-1.215,1,5.0,4.0,5.0,5.0,1.0,1.0,1.0,1.0,1.0,1.0,2,4,2,4.0,4.0,3.0,3.0,4.0,1.0,2.0,2.0,3,0.0,0,Medium
4.0,4.0,3.0,8.0,1.0,45.0,52.0,3.0,0.242,3,5.0,4.0,5.0,4.0,1.0,1.0,1.0,1.0,1.0,1.0,4,1,5,5.0,4.0,4.0,3.0,6.0,3.0,3.0,3.0,7,0.0,0,Medium
4.0,4.0,4.0,6.0,0.0,60.0,66.0,3.0,-1.9,2,5.0,5.0,5.0,5.0,1.0,1.0,1.0,1.0,1.0,1.0,1,4,1,5.0,5.0,5.0,5.0,5.0,2.0,2.0,2.0,4,0.0,1,High
5.0,5.0,1.0,2.0,0.0,10.0,70.0,4.0,-1.485,3,5.0,5.0,1.0,5.0,1.0,1.0,1.0,1.0,1.0,1.0,2,2,4,3.0,3.0,3.0,3.0,5.0,1.0,4.0,3.0,5,0.0,1,High
3.0,2.0,5.0,8.0,0.0,27.0,38.0,2.0,0.712,3,5.0,3.0,3.0,4.0,2.0,2.0,1.0,2.0,1.0,1.0,2,2,2,2.0,2.0,3.0,2.0,3.0,1.0,3.0,2.0,8,3.0,0,Low
3.0,3.0,4.0,3.0,1.0,42.0,50.0,3.0,-0.909,3,5.0,4.0,2.0,5.0,1.0,1.0,1.0,1.0,1.0,1.0,3,3,4,5.0,4.0,4.0,4.0,5.0,2.0,3.0,4.0,3,0.0,0,Medium
4.0,4.0,4.0,2.0,1.0,55.0,58.0,3.0,0.712,3,5.0,4.0,4.0,4.0,1.0,1.0,1.0,1.0,1.0,1.0,5,1,6,2.0,3.0,4.0,4.0,5.0,2.0,3.0,3.0,2,0.0,1,Medium
4.0,3.0,2.0,7.0,0.0,40.0,42.0,3.0,-0.188,3,1.0,4.0,1.0,3.0,2.0,2.0,1.0,1.0,1.0,1.0,3,4,1,4.0,3.0,2.0,2.0,3.0,2.0,3.0,3.0,4,2.0,0,Low
4.0,4.0,4.0,8.0,1.0,51.0,64.0,3.0,0.242,3,5.0,5.0,5.0,5.0,1.0,1.0,1.0,1.0,1.0,1.0,5,2,6,4.0,4.0,4.0,4.0,6.0,3.0,3.0,3.0,8,0.0,1,High
4.0,4.0,4.0,2.0,1.0,55.0,61.0,4.0,0.242,3,5.0,4.0,5.0,5.0,1.0,1.0,1.0,1.0,1.0,1.0,3,1,4,5.0,5.0,5.0,5.0,5.0,2.0,3.0,3.0,6,0.0,1,High
5.0,5.0,1.0,2.0,0.0,58.0,71.0,4.0,1.267,3,5.0,5.0,5.0,5.0,1.0,1.0,1.0,1.0,1.0,1.0,3,2,8,1.0,2.0,1.0,1.0,2.0,2.0,3.0,3.0,4,0.0,1,High
5.0,3.0,1.0,8.0,0.0,46.0,80.0,4.0,-0.909,1,5.0,5.0,1.0,5.0,1.0,1.0,1.0,1.0,1.0,1.0,2,2,2,2.0,2.0,3.0,3.0,6.0,2.0,4.0,3.0,8,0.0,1,High
5.0,4.0,3.0,2.0,0.0,45.0,58.0,4.0,0.712,3,5.0,5.0,5.0,5.0,1.0,1.0,1.0,1.0,1.0,1.0,5,1,8,2.0,2.0,3.0,4.0,6.0,2.0,3.0,3.0,5,0.0,1,Medium
5.0,4.0,3.0,6.0,1.0,58.0,65.0,4.0,0.712,3,5.0,5.0,4.0,5.0,1.0,1.0,1.0,1.0,1.0,1.0,4,2,9,5.0,5.0,5.0,5.0,6.0,1.0,4.0,4.0,6,0.0,1,High
3.0,3.0,3.0,2.0,0.0,42.0,53.0,3.0,-0.57,3,3.0,4.0,2.0,4.0,1.0,2.0,1.0,1.0,1.0,2.0,2,2,7,4.0,3.0,3.0,3.0,4.0,3.0,3.0,3.0,4,2.0,0,Medium
5.0,5.0,1.0,8.0,0.0,69.0,81.0,4.0,0.242,3,5.0,5.0,5.0,5.0,1.0,1.0,1.0,1.0,1.0,1.0,3,3,7,5.0,5.0,5.0,5.0,6.0,1.0,3.0,4.0,7,0.0,1,High
4.0,4.0,3.0,2.0,0.0,40.0,51.0,3.0,-1.215,2,5.0,4.0,3.0,5.0,1.0,1.0,1.0,1.0,1.0,1.0,2,4,8,4.0,4.0,4.0,4.0,5.0,1.0,2.0,3.0,4,0.0,0,Medium
4.0,3.0,3.0,2.0,0.0,42.0,37.0,2.0,-0.188,2,3.0,3.0,1.0,4.0,2.0,2.0,2.0,2.0,2.0,1.0,2,4,4,4.0,3.0,2.0,2.0,3.0,3.0,3.0,2.0,4,5.0,0,Low
4.0,2.0,3.0,2.0,1.0,36.0,34.0,3.0,-0.909,2,5.0,3.0,3.0,4.0,2.0,2.0,1.0,3.0,3.0,1.0,2,3,6,3.0,3.0,3.0,2.0,3.0,2.0,3.0,3.0,2,4.0,0,Low
5.0,3.0,4.0,8.0,0.0,41.0,55.0,4.0,0.242,3,5.0,5.0,5.0,5.0,1.0,1.0,1.0,1.0,1.0,1.0,2,3,3,4.0,3.0,3.0,3.0,6.0,2.0,3.0,3.0,7,0.0,1,Medium
5.0,5.0,3.0,4.0,0.0,64.0,78.0,4.0,1.267,3,5.0,5.0,5.0,5.0,1.0,1.0,1.0,1.0,1.0,1.0,5,5,8,3.0,5.0,4.0,4.0,6.0,2.0,3.0,4.0,3,0.0,1,High
4.0,3.0,4.0,2.0,1.0,42.0,35.0,3.0,-0.57,1,3.0,2.0,3.0,4.0,2.0,1.0,1.0,3.0,3.0,2.0,3,1,4,2.0,4.0,4.0,3.0,4.0,2.0,3.0,3.0,2,4.0,0,Low
5.0,5.0,3.0,3.0,1.0,57.0,51.0,4.0,0.242,3,5.0,5.0,5.0,5.0,1.0,1.0,1.0,2.0,2.0,1.0,2,2,6,5.0,5.0,5.0,5.0,6.0,1.0,4.0,4.0,5,2.0,0,Medium
5.0,4.0,2.0,3.0,1.0,70.0,73.0,3.0,1.267,3,5.0,5.0,5.0,4.0,1.0,1.0,1.0,1.0,1.0,1.0,4,5,8,1.0,3.0,4.0,1.0,5.0,1.0,3.0,3.0,3,0.0,1,High
5.0,5.0,3.0,3.0,0.0,64.0,95.0,4.0,1.267,3,5.0,5.0,5.0,5.0,1.0,1.0,1.0,1.0,1.0,1.0,5,2,9,3.0,4.0,5.0,4.0,6.0,2.0,3.0,4.0,7,0.0,1,High
3.0,3.0,3.0,2.0,1.0,45.0,55.0,3.0,-0.909,1,2.0,4.0,3.0,3.0,2.0,2.0,2.0,2.0,2.0,2.0,2,4,8,4.0,3.0,3.0,3.0,4.0,2.0,3.0,3.0,3,6.0,1,Medium
5.0,4.0,3.0,2.0,0.0,55.0,71.0,3.0,-0.909,3,5.0,4.0,4.0,5.0,1.0,1.0,1.0,1.0,1.0,1.0,2,4,7,5.0,4.0,4.0,4.0,5.0,1.0,3.0,4.0,3,0.0,1,High
5.0,4.0,3.0,8.0,1.0,56.0,69.0,3.0,0.712,3,5.0,4.0,4.0,5.0,1.0,1.0,1.0,1.0,1.0,1.0,3,3,9,4.0,4.0,4.0,4.0,4.0,2.0,3.0,3.0,6,0.0,1,High
5.0,5.0,3.0,2.0,1.0,61.0,72.0,4.0,0.712,3,5.0,3.0,5.0,5.0,1.0,1.0,1.0,1.0,1.0,1.0,5,2,9,2.0,2.0,2.0,2.0,6.0,1.0,3.0,4.0,3,0.0,1,High
3.0,4.0,2.0,,1.0,50.0,71.0,4.0,-0.57,2,5.0,1.0,5.0,5.0,1.0,1.0,1.0,1.0,1.0,1.0,2,2,7,2.0,2.0,2.0,2.0,6.0,1.0,3.0,4.0,4,0.0,1,High
4.0,2.0,2.0,3.0,1.0,50.0,46.0,4.0,-0.909,2,5.0,5.0,5.0,5.0,1.0,1.0,1.0,1.0,1.0,1.0,3,2,8,5.0,5.0,4.0,4.0,6.0,3.0,3.0,3.0,5,0.0,0,Medium
4.0,5.0,4.0,2.0,0.0,72.0,72.0,4.0,0.712,3,5.0,4.0,5.0,4.0,1.0,1.0,1.0,1.0,1.0,1.0,4,4,8,1.0,2.0,3.0,2.0,6.0,4.0,4.0,4.0,3,0.0,1,High
4.0,4.0,5.0,2.0,1.0,50.0,56.0,3.0,0.712,3,5.0,4.0,5.0,3.0,1.0,1.0,1.0,1.0,1.0,1.0,5,4,9,4.0,4.0,4.0,3.0,5.0,2.0,3.0,3.0,3,0.0,1,Medium
5.0,3.0,1.0,2.0,1.0,41.0,67.0,3.0,0.712,3,5.0,3.0,2.0,3.0,1.0,1.0,1.0,1.0,1.0,1.0,4,2,8,2.0,3.0,3.0,3.0,5.0,1.0,3.0,4.0,2,0.0,1,High
5.0,5.0,3.0,2.0,1.0,60.0,73.0,4.0,0.242,3,5.0,4.0,4.0,5.0,1.0,1.0,1.0,1.0,1.0,1.0,2,4,5,5.0,5.0,5.0,5.0,5.0,2.0,3.0,3.0,2,0.0,1,High
5.0,4.0,3.0,1.0,1.0,62.0,71.0,4.0,1.267,3,5.0,4.0,4.0,5.0,1.0,1.0,1.0,1.0,1.0,1.0,3,1,8,3.0,2.0,4.0,1.0,5.0,1.0,3.0,4.0,4,0.0,1,High
4.0,4.0,2.0,8.0,0.0,62.0,95.0,4.0,0.712,2,5.0,5.0,1.0,5.0,1.0,1.0,1.0,1.0,1.0,1.0,3,1,6,2.0,3.0,2.0,2.0,2.0,1.0,4.0,3.0,6,0.0,1,High
4.0,3.0,4.0,2.0,1.0,42.0,49.0,3.0,-0.188,3,4.0,4.0,4.0,5.0,1.0,1.0,1.0,1.0,1.0,1.0,3,2,5,4.0,4.0,4.0,4.0,4.0,2.0,3.0,3.0,3,0.0,0,Medium
4.0,4.0,4.0,2.0,1.0,70.0,72.0,4.0,1.267,3,5.0,5.0,5.0,5.0,1.0,1.0,1.0,1.0,1.0,1.0,4,1,5,4.0,4.0,4.0,4.0,6.0,1.0,3.0,4.0,3,0.0,1,High
5.0,4.0,4.0,8.0,1.0,54.0,70.0,4.0,0.242,3,5.0,5.0,5.0,5.0,1.0,1.0,1.0,1.0,1.0,1.0,2,2,2,5.0,5.0,4.0,3.0,4.0,1.0,3.0,3.0,6,0.0,1,High
4.0,3.0,2.0,4.0,0.0,47.0,53.0,3.0,-0.188,0,5.0,3.0,5.0,3.0,1.0,1.0,1.0,1.0,1.0,1.0,3,5,8,4.0,4.0,4.0,4.0,3.0,2.0,4.0,3.0,3,0.0,0,Medium
4.0,4.0,4.0,2.0,1.0,33.0,37.0,3.0,-1.215,2,4.0,2.0,4.0,4.0,2.0,2.0,2.0,2.0,2.0,2.0,5,2,4,4.0,4.0,4.0,4.0,3.0,1.0,3.0,3.0,2,6.0,0,Low
5.0,4.0,2.0,2.0,0.0,61.0,49.0,3.0,0.242,3,5.0,4.0,5.0,5.0,1.0,1.0,1.0,1.0,1.0,1.0,4,4,7,4.0,4.0,4.0,4.0,4.0,1.0,3.0,4.0,3,0.0,0,Medium
5.0,3.0,2.0,2.0,1.0,41.0,31.0,3.0,1.267,3,5.0,2.0,3.0,5.0,1.0,1.0,1.0,2.0,1.0,1.0,4,4,9,2.0,4.0,5.0,4.0,4.0,2.0,3.0,4.0,3,1.0,0,Low
4.0,4.0,5.0,7.0,1.0,66.0,37.0,3.0,-0.188,3,5.0,5.0,5.0,5.0,2.0,2.0,2.0,2.0,2.0,1.0,3,4,8,5.0,4.0,4.0,4.0,5.0,2.0,3.0,3.0,4,5.0,0,Low
4.0,4.0,1.0,2.0,1.0,55.0,61.0,4.0,-0.57,2,4.0,3.0,3.0,3.0,1.0,1.0,1.0,1.0,1.0,1.0,2,2,4,3.0,3.0,3.0,3.0,4.0,1.0,4.0,4.0,2,0.0,1,High
4.0,4.0,3.0,2.0,1.0,44.0,59.0,3.0,-0.57,2,5.0,4.0,2.0,5.0,1.0,1.0,1.0,1.0,1.0,1.0,2,3,6,3.0,3.0,4.0,4.0,4.0,2.0,3.0,3.0,4,0.0,1,Medium
5.0,4.0,4.0,2.0,1.0,52.0,53.0,3.0,-0.57,2,4.0,4.0,3.0,4.0,1.0,1.0,1.0,1.0,1.0,1.0,5,2,7,5.0,5.0,5.0,4.0,4.0,1.0,3.0,3.0,2,0.0,0,Medium
4.0,2.0,4.0,2.0,0.0,36.0,39.0,2.0,0.242,3,4.0,1.0,1.0,5.0,2.0,2.0,1.0,2.0,2.0,1.0,4,1,2,1.0,1.0,1.0,1.0,1.0,2.0,2.0,1.0,5,4.0,0,Low
3.0,2.0,3.0,2.0,0.0,37.0,54.0,3.0,-0.57,1,3.0,2.0,1.0,1.0,2.0,2.0,2.0,2.0,2.0,2.0,2,5,1,2.0,3.0,2.0,1.0,2.0,2.0,4.0,3.0,1,6.0,0,Medium
4.0,3.0,3.0,5.0,0.0,31.0,52.0,3.0,-0.188,1,4.0,3.0,2.0,2.0,1.0,1.0,1.0,1.0,1.0,1.0,3,3,8,3.0,3.0,3.0,3.0,4.0,3.0,2.0,2.0,1,0.0,0,Medium
4.0,4.0,2.0,2.0,0.0,57.0,73.0,3.0,1.267,3,5.0,4.0,5.0,3.0,1.0,1.0,1.0,1.0,1.0,1.0,4,2,8,3.0,2.0,3.0,3.0,5.0,2.0,2.0,3.0,7,0.0,1,High
4.0,5.0,2.0,8.0,0.0,55.0,55.0,4.0,-0.57,3,5.0,5.0,1.0,5.0,2.0,2.0,1.0,1.0,1.0,1.0,3,3,5,5.0,5.0,5.0,4.0,5.0,3.0,4.0,4.0,8,2.0,1,Medium
5.0,4.0,4.0,5.0,1.0,55.0,50.0,4.0,-0.909,3,5.0,4.0,5.0,5.0,1.0,1.0,1.0,1.0,1.0,1.0,3,5,2,4.0,4.0,4.0,2.0,4.0,1.0,3.0,3.0,1,0.0,0,Medium
4.0,4.0,2.0,2.0,1.0,61.0,62.0,4.0,-0.57,3,5.0,5.0,5.0,5.0,1.0,1.0,1.0,1.0,1.0,1.0,4,1,4,5.0,5.0,5.0,5.0,6.0,1.0,4.0,3.0,1,0.0,1,High
4.0,4.0,2.0,8.0,1.0,49.0,67.0,3.0,1.267,3,5.0,4.0,5.0,5.0,1.0,1.0,1.0,1.0,1.0,1.0,4,2,5,4.0,4.0,4.0,4.0,4.0,1.0,3.0,4.0,8,0.0,1,High
4.0,4.0,4.0,2.0,1.0,59.0,64.0,4.0,0.712,3,5.0,4.0,3.0,4.0,1.0,1.0,1.0,1.0,1.0,1.0,4,4,9,3.0,3.0,4.0,2.0,5.0,1.0,3.0,4.0,5,0.0,1,High
5.0,4.0,4.0,8.0,1.0,57.0,62.0,4.0,0.712,3,5.0,5.0,5.0,5.0,1.0,1.0,1.0,1.0,1.0,1.0,4,2,9,5.0,4.0,5.0,4.0,6.0,2.0,4.0,4.0,4,0.0,1,High
5.0,4.0,4.0,,0.0,56.0,62.0,3.0,1.267,3,5.0,4.0,5.0,4.0,1.0,1.0,1.0,1.0,1.0,1.0,3,3,8,2.0,2.0,3.0,2.0,5.0,3.0,3.0,3.0,6,0.0,1,High
5.0,4.0,4.0,2.0,1.0,53.0,54.0,3.0,1.267,3,5.0,5.0,5.0,5.0,1.0,1.0,1.0,1.0,1.0,1.0,5,1,5,4.0,4.0,5.0,4.0,5.0,2.0,3.0,3.0,5,0.0,0,Medium
4.0,4.0,3.0,2.0,1.0,57.0,65.0,4.0,1.267,3,5.0,4.0,1.0,4.0,1.0,1.0,1.0,1.0,1.0,1.0,4,5,8,4.0,4.0,4.0,4.0,5.0,2.0,3.0,3.0,4,0.0,1,High
4.0,4.0,4.0,2.0,1.0,32.0,46.0,3.0,-0.188,3,5.0,4.0,5.0,4.0,1.0,1.0,2.0,1.0,1.0,1.0,4,2,7,4.0,4.0,4.0,4.0,6.0,2.0,3.0,3.0,1,1.0,0,Medium
5.0,4.0,2.0,8.0,0.0,50.0,51.0,3.0,0.712,3,5.0,4.0,5.0,5.0,1.0,1.0,1.0,1.0,1.0,1.0,4,2,9,4.0,4.0,3.0,3.0,2.0,1.0,4.0,3.0,8,0.0,0,Medium
4.0,3.0,4.0,2.0,0.0,46.0,53.0,3.0,1.267,3,5.0,4.0,5.0,5.0,1.0,1.0,1.0,1.0,1.0,1.0,5,1,9,3.0,3.0,3.0,3.0,4.0,1.0,3.0,3.0,4,0.0,0,Medium
5.0,3.0,4.0,2.0,0.0,37.0,47.0,4.0,0.712,3,5.0,2.0,5.0,3.0,1.0,1.0,1.0,1.0,1.0,1.0,5,2,8,5.0,3.0,4.0,2.0,4.0,1.0,3.0,3.0,2,0.0,0,Medium
3.0,4.0,2.0,8.0,1.0,51.0,57.0,3.0,-0.188,3,5.0,5.0,5.0,4.0,1.0,1.0,1.0,1.0,1.0,1.0,2,3,7,4.0,4.0,5.0,5.0,6.0,3.0,3.0,3.0,7,0.0,1,Medium
5.0,5.0,3.0,1.0,0.0,85.0,95.0,4.0,1.267,3,5.0,5.0,5.0,5.0,1.0,1.0,1.0,1.0,1.0,1.0,5,2,9,1.0,1.0,1.0,1.0,6.0,2.0,3.0,3.0,8,0.0,1,High
4.0,4.0,3.0,2.0,1.0,56.0,70.0,4.0,1.267,3,5.0,1.0,5.0,3.0,1.0,1.0,1.0,1.0,1.0,1.0,5,2,9,3.0,2.0,3.0,3.0,4.0,2.0,3.0,3.0,5,0.0,1,High
5.0,4.0,3.0,8.0,0.0,53.0,59.0,3.0,0.242,2,5.0,5.0,5.0,5.0,1.0,1.0,1.0,1.0,1.0,1.0,4,2,3,5.0,5.0,4.0,4.0,6.0,1.0,4.0,4.0,8,0.0,1,Medium
5.0,4.0,4.0,2.0,1.0,51.0,60.0,4.0,0.242,3,5.0,4.0,2.0,4.0,1.0,1.0,1.0,1.0,1.0,1.0,3,2,7,4.0,4.0,3.0,4.0,4.0,2.0,2.0,3.0,4,0.0,1,Medium
5.0,4.0,2.0,2.0,0.0,57.0,59.0,4.0,0.712,3,5.0,3.0,3.0,4.0,1.0,1.0,1.0,1.0,1.0,1.0,3,4,8,4.0,4.0,4.0,2.0,5.0,1.0,3.0,3.0,4,0.0,1,Medium
5.0,5.0,2.0,3.0,1.0,62.0,73.0,4.0,0.242,3,5.0,5.0,3.0,5.0,1.0,1.0,1.0,1.0,1.0,1.0,3,4,8,4.0,4.0,4.0,4.0,5.0,2.0,3.0,3.0,4,0.0,1,High
5.0,3.0,4.0,7.0,1.0,39.0,39.0,3.0,0.242,2,5.0,4.0,5.0,5.0,2.0,2.0,1.0,2.0,3.0,1.0,4,1,4,4.0,3.0,4.0,2.0,2.0,2.0,2.0,4.0,3,4.0,0,Low
4.0,3.0,4.0,8.0,0.0,36.0,58.0,3.0,0.242,3,5.0,4.0,4.0,5.0,1.0,1.0,1.0,1.0,1.0,1.0,3,1,5,4.0,3.0,3.0,3.0,2.0,2.0,4.0,3.0,7,0.0,1,Medium
5.0,5.0,2.0,2.0,1.0,81.0,73.0,4.0,-0.188,3,5.0,5.0,5.0,5.0,1.0,1.0,1.0,1.0,1.0,1.0,4,4,6,5.0,5.0,5.0,5.0,5.0,2.0,3.0,3.0,4,0.0,1,High
3.0,3.0,2.0,8.0,0.0,44.0,59.0,4.0,-0.909,2,5.0,4.0,5.0,5.0,1.0,1.0,1.0,1.0,1.0,1.0,2,1,7,4.0,4.0,4.0,4.0,2.0,1.0,3.0,3.0,8,0.0,1,Medium
3.0,4.0,4.0,2.0,0.0,52.0,57.0,3.0,-0.188,3,5.0,5.0,5.0,5.0,1.0,1.0,1.0,1.0,1.0,1.0,1,5,3,4.0,5.0,3.0,4.0,3.0,2.0,3.0,3.0,3,0.0,1,Medium
5.0,5.0,4.0,2.0,1.0,63.0,77.0,4.0,1.267,3,5.0,5.0,5.0,4.0,1.0,1.0,1.0,1.0,1.0,1.0,4,2,8,4.0,4.0,4.0,4.0,6.0,1.0,4.0,3.0,5,0.0,1,High
3.0,2.0,3.0,6.0,0.0,46.0,37.0,2.0,-0.57,3,3.0,3.0,1.0,5.0,2.0,1.0,1.0,2.0,3.0,1.0,1,2,1,4.0,4.0,3.0,3.0,3.0,2.0,3.0,2.0,5,3.0,0,Low
5.0,5.0,4.0,7.0,1.0,67.0,60.0,4.0,0.242,3,5.0,4.0,5.0,4.0,1.0,1.0,1.0,1.0,1.0,1.0,4,2,7,5.0,4.0,5.0,2.0,6.0,2.0,4.0,3.0,2,0.0,1,Medium
5.0,4.0,5.0,2.0,0.0,54.0,48.0,3.0,0.712,3,4.0,4.0,3.0,4.0,1.0,1.0,1.0,1.0,1.0,1.0,4,4,4,4.0,4.0,4.0,4.0,5.0,1.0,3.0,3.0,2,0.0,0,Medium
5.0,2.0,3.0,2.0,1.0,41.0,43.0,2.0,-0.188,3,4.0,4.0,3.0,1.0,1.0,1.0,1.0,1.0,1.0,1.0,1,5,3,3.0,1.0,3.0,1.0,1.0,4.0,2.0,3.0,2,0.0,0,Low
4.0,3.0,4.0,7.0,0.0,42.0,29.0,3.0,-1.215,2,4.0,2.0,3.0,3.0,3.0,3.0,1.0,1.0,1.0,1.0,1,3,2,2.0,3.0,2.0,2.0,2.0,3.0,2.0,3.0,2,2.0,0,Low
4.0,3.0,2.0,2.0,1.0,35.0,58.0,3.0,-0.188,3,4.0,3.0,2.0,5.0,1.0,1.0,1.0,1.0,1.0,1.0,3,4,7,2.0,4.0,4.0,2.0,2.0,3.0,2.0,3.0,4,0.0,1,Medium
5.0,4.0,4.0,5.0,1.0,51.0,57.0,4.0,0.242,2,5.0,3.0,3.0,5.0,1.0,1.0,1.0,1.0,1.0,1.0,2,3,7,3.0,3.0,4.0,3.0,3.0,2.0,3.0,3.0,2,0.0,1,Medium
5.0,5.0,1.0,8.0,1.0,82.0,80.0,4.0,0.242,2,5.0,5.0,4.0,5.0,1.0,1.0,1.0,1.0,1.0,1.0,3,2,7,5.0,5.0,5.0,5.0,5.0,1.0,3.0,4.0,6,0.0,1,High
5.0,4.0,2.0,8.0,0.0,45.0,62.0,2.0,-1.215,1,5.0,3.0,4.0,5.0,1.0,1.0,1.0,1.0,1.0,1.0,2,2,7,4.0,2.0,3.0,2.0,5.0,2.0,2.0,2.0,6,0.0,1,High
4.0,4.0,3.0,8.0,1.0,53.0,62.0,4.0,0.712,3,5.0,5.0,5.0,5.0,1.0,1.0,1.0,1.0,1.0,1.0,2,2,4,4.0,4.0,4.0,4.0,6.0,3.0,3.0,3.0,6,0.0,1,High
4.0,3.0,4.0,6.0,0.0,58.0,49.0,2.0,-0.188,3,4.0,4.0,1.0,4.0,2.0,2.0,1.0,1.0,1.0,1.0,3,4,2,4.0,4.0,4.0,3.0,2.0,1.0,4.0,2.0,2,2.0,0,Medium
5.0,3.0,3.0,4.0,1.0,49.0,63.0,3.0,-0.188,3,5.0,3.0,5.0,3.0,1.0,1.0,1.0,1.0,1.0,1.0,5,2,9,3.0,3.0,3.0,2.0,6.0,2.0,2.0,4.0,3,0.0,1,High
4.0,3.0,3.0,8.0,0.0,50.0,47.0,3.0,-0.188,3,5.0,4.0,5.0,4.0,1.0,1.0,1.0,1.0,1.0,1.0,3,2,7,4.0,3.0,4.0,4.0,4.0,1.0,4.0,3.0,6,0.0,0,Medium
5.0,5.0,4.0,2.0,1.0,69.0,41.0,4.0,-1.485,2,3.0,4.0,3.0,5.0,1.0,1.0,1.0,1.0,1.0,1.0,3,1,1,4.0,5.0,5.0,4.0,4.0,2.0,2.0,4.0,4,0.0,0,Low
5.0,5.0,2.0,3.0,1.0,58.0,67.0,4.0,-0.188,2,5.0,4.0,4.0,5.0,1.0,1.0,1.0,1.0,1.0,1.0,3,1,3,4.0,4.0,4.0,4.0,5.0,2.0,3.0,3.0,6,0.0,1,High
3.0,2.0,4.0,2.0,0.0,41.0,51.0,1.0,-0.57,3,3.0,2.0,2.0,3.0,2.0,1.0,1.0,2.0,2.0,2.0,3,2,1,3.0,3.0,2.0,2.0,6.0,3.0,3.0,4.0,3,4.0,0,Medium
4.0,3.0,2.0,2.0,0.0,42.0,57.0,3.0,-0.188,2,5.0,3.0,2.0,3.0,1.0,1.0,1.0,1.0,1.0,1.0,2,3,7,3.0,4.0,4.0,4.0,3.0,2.0,3.0,4.0,4,0.0,1,Medium
3.0,3.0,3.0,,0.0,42.0,59.0,3.0,-1.485,2,3.0,3.0,3.0,3.0,2.0,2.0,2.0,1.0,2.0,2.0,2,3,1,3.0,3.0,3.0,3.0,4.0,3.0,3.0,3.0,4,5.0,1,Medium
2.0,3.0,4.0,1.0,0.0,40.0,51.0,,-1.485,0,2.0,4.0,3.0,3.0,2.0,3.0,2.0,3.0,2.0,2.0,5,4,4,3.0,3.0,2.0,4.0,2.0,3.0,1.0,2.0,4,6.0,0,Medium
5.0,5.0,3.0,3.0,1.0,85.0,55.0,4.0,-1.485,1,4.0,4.0,4.0,5.0,1.0,1.0,1.0,1.0,1.0,1.0,2,2,1,5.0,5.0,5.0,5.0,5.0,1.0,4.0,4.0,3,0.0,1,Medium
5.0,4.0,2.0,3.0,1.0,59.0,67.0,3.0,0.242,3,5.0,3.0,5.0,5.0,1.0,1.0,1.0,1.0,1.0,1.0,3,4,9,5.0,4.0,5.0,4.0,6.0,2.0,3.0,3.0,4,0.0,1,High
5.0,5.0,2.0,8.0,1.0,85.0,72.0,4.0,1.267,3,5.0,5.0,5.0,5.0,1.0,1.0,1.0,1.0,1.0,1.0,4,3,8,5.0,5.0,5.0,5.0,6.0,1.0,3.0,4.0,5,0.0,1,High
4.0,3.0,3.0,8.0,1.0,51.0,54.0,2.0,-0.57,3,5.0,4.0,2.0,2.0,1.0,1.0,1.0,1.0,1.0,1.0,2,1,6,5.0,2.0,4.0,3.0,5.0,3.0,3.0,2.0,7,0.0,0,Medium
5.0,4.0,3.0,2.0,1.0,47.0,48.0,4.0,-0.188,3,5.0,4.0,3.0,3.0,1.0,1.0,1.0,1.0,1.0,1.0,5,2,8,4.0,4.0,4.0,4.0,5.0,2.0,3.0,4.0,3,0.0,0,Medium
3.0,3.0,3.0,2.0,1.0,48.0,54.0,4.0,1.267,3,5.0,5.0,5.0,5.0,1.0,1.0,1.0,1.0,1.0,1.0,3,4,9,3.0,3.0,3.0,3.0,6.0,1.0,3.0,3.0,1,0.0,0,Medium
3.0,3.0,4.0,1.0,1.0,36.0,45.0,2.0,0.712,3,4.0,3.0,5.0,5.0,1.0,1.0,1.0,1.0,1.0,1.0,2,1,4,1.0,1.0,2.0,2.0,3.0,3.0,2.0,3.0,4,0.0,0,Medium
5.0,5.0,4.0,8.0,1.0,58.0,59.0,3.0,0.712,2,5.0,5.0,5.0,5.0,1.0,1.0,1.0,1.0,2.0,1.0,2,2,1,3.0,4.0,3.0,3.0,2.0,1.0,4.0,3.0,6,1.0,1,Medium
1.0,1.0,4.0,8.0,0.0,19.0,49.0,3.0,-1.215,2,5.0,1.0,1.0,5.0,2.0,1.0,1.0,1.0,1.0,1.0,2,2,2,5.0,3.0,4.0,3.0,4.0,1.0,3.0,2.0,7,1.0,0,Medium
5.0,4.0,2.0,2.0,1.0,57.0,75.0,4.0,1.267,3,5.0,5.0,5.0,5.0,1.0,1.0,1.0,1.0,1.0,1.0,5,2,9,2.0,2.0,4.0,2.0,6.0,2.0,3.0,3.0,6,0.0,1,High
5.0,4.0,4.0,2.0,1.0,42.0,60.0,4.0,0.712,3,5.0,5.0,1.0,5.0,1.0,1.0,1.0,1.0,1.0,1.0,4,2,5,4.0,4.0,4.0,4.0,3.0,2.0,2.0,3.0,2,0.0,1,Medium
4.0,3.0,3.0,8.0,1.0,51.0,48.0,3.0,-0.57,2,4.0,3.0,4.0,5.0,1.0,1.0,1.0,1.0,1.0,1.0,2,1,3,4.0,4.0,3.0,3.0,3.0,1.0,3.0,3.0,6,0.0,0,Medium
5.0,5.0,1.0,8.0,0.0,49.0,95.0,4.0,0.242,3,5.0,4.0,4.0,5.0,1.0,1.0,1.0,1.0,1.0,1.0,3,2,4,4.0,4.0,4.0,4.0,5.0,1.0,3.0,3.0,8,0.0,1,High
3.0,3.0,1.0,8.0,1.0,45.0,65.0,3.0,-0.57,3,5.0,5.0,5.0,4.0,1.0,1.0,1.0,1.0,1.0,1.0,2,2,4,4.0,3.0,3.0,3.0,6.0,1.0,3.0,3.0,8,0.0,1,High
5.0,5.0,2.0,2.0,0.0,52.0,79.0,4.0,0.712,3,5.0,4.0,5.0,5.0,1.0,1.0,1.0,1.0,1.0,1.0,3,4,7,3.0,3.0,3.0,4.0,6.0,1.0,3.0,3.0,5,0.0,1,High
4.0,3.0,2.0,1.0,0.0,64.0,72.0,4.0,0.242,3,5.0,4.0,5.0,5.0,1.0,1.0,1.0,1.0,1.0,1.0,5,2,8,2.0,3.0,2.0,2.0,5.0,1.0,2.0,3.0,8,0.0,1,High
5.0,1.0,4.0,8.0,0.0,67.0,65.0,3.0,0.242,1,5.0,1.0,2.0,5.0,1.0,1.0,1.0,1.0,1.0,1.0,3,2,8,1.0,1.0,1.0,1.0,2.0,1.0,2.0,3.0,6,0.0,1,High
4.0,4.0,3.0,3.0,1.0,55.0,53.0,4.0,-0.57,1,5.0,4.0,5.0,5.0,1.0,1.0,1.0,1.0,1.0,1.0,4,2,9,4.0,4.0,4.0,4.0,5.0,2.0,4.0,4.0,1,0.0,0,Medium
5.0,5.0,4.0,8.0,1.0,56.0,81.0,4.0,-0.188,2,5.0,5.0,5.0,4.0,1.0,1.0,1.0,1.0,1.0,1.0,3,4,8,4.0,4.0,4.0,4.0,6.0,1.0,4.0,3.0,8,0.0,1,High
4.0,3.0,3.0,8.0,0.0,54.0,63.0,3.0,1.267,3,5.0,1.0,5.0,3.0,1.0,1.0,1.0,1.0,1.0,1.0,4,2,8,3.0,3.0,3.0,3.0,4.0,2.0,3.0,3.0,7,0.0,1,High
5.0,4.0,3.0,8.0,1.0,51.0,73.0,4.0,-0.188,3,5.0,5.0,5.0,5.0,1.0,1.0,1.0,1.0,1.0,1.0,5,2,8,4.0,4.0,4.0,4.0,5.0,2.0,3.0,3.0,6,0.0,1,High
4.0,4.0,4.0,3.0,1.0,51.0,64.0,4.0,0.242,3,5.0,4.0,3.0,4.0,1.0,1.0,1.0,1.0,1.0,1.0,5,3,9,5.0,4.0,4.0,4.0,5.0,2.0,3.0,4.0,2,0.0,1,High
4.0,4.0,3.0,8.0,0.0,49.0,63.0,3.0,-0.57,2,5.0,4.0,5.0,5.0,1.0,1.0,1.0,1.0,1.0,1.0,3,1,1,4.0,3.0,3.0,3.0,4.0,2.0,3.0,3.0,6,0.0,1,High
5.0,3.0,3.0,2.0,1.0,45.0,61.0,4.0,0.712,3,5.0,1.0,5.0,3.0,1.0,1.0,1.0,1.0,1.0,1.0,5,1,9,1.0,2.0,2.0,2.0,6.0,3.0,3.0,3.0,6,0.0,1,High
3.0,3.0,3.0,8.0,0.0,41.0,58.0,3.0,-1.215,1,4.0,4.0,1.0,5.0,1.0,1.0,1.0,1.0,1.0,1.0,2,2,6,3.0,3.0,3.0,3.0,4.0,1.0,3.0,3.0,6,0.0,1,Medium
5.0,5.0,4.0,2.0,1.0,48.0,51.0,3.0,0.242,3,5.0,2.0,3.0,4.0,1.0,1.0,1.0,1.0,1.0,1.0,4,2,7,3.0,3.0,3.0,3.0,6.0,2.0,2.0,3.0,2,0.0,0,Medium
4.0,3.0,4.0,2.0,1.0,53.0,58.0,3.0,0.712,3,4.0,4.0,1.0,5.0,1.0,1.0,1.0,1.0,1.0,1.0,4,4,9,4.0,4.0,4.0,4.0,4.0,2.0,3.0,3.0,4,0.0,1,Medium
5.0,3.0,4.0,8.0,0.0,32.0,35.0,2.0,-0.188,3,5.0,5.0,3.0,5.0,2.0,1.0,1.0,1.0,1.0,1.0,2,1,1,5.0,4.0,2.0,2.0,2.0,2.0,3.0,3.0,6,1.0,0,Low
4.0,3.0,4.0,1.0,1.0,40.0,59.0,3.0,0.242,3,5.0,3.0,5.0,4.0,1.0,1.0,1.0,1.0,1.0,1.0,1,2,9,4.0,4.0,4.0,3.0,4.0,2.0,3.0,3.0,3,0.0,1,Medium
5.0,5.0,2.0,8.0,1.0,69.0,95.0,4.0,-0.57,2,5.0,5.0,4.0,5.0,1.0,1.0,1.0,1.0,1.0,1.0,2,2,7,4.0,5.0,5.0,3.0,2.0,2.0,2.0,4.0,6,0.0,1,High
4.0,3.0,2.0,2.0,1.0,50.0,69.0,3.0,0.712,3,5.0,4.0,3.0,5.0,1.0,1.0,1.0,1.0,1.0,1.0,3,1,5,4.0,4.0,4.0,4.0,4.0,3.0,2.0,3.0,3,0.0,1,High
5.0,4.0,5.0,2.0,1.0,67.0,44.0,3.0,0.712,3,5.0,5.0,5.0,5.0,1.0,1.0,1.0,2.0,2.0,1.0,4,4,7,4.0,4.0,4.0,3.0,5.0,1.0,4.0,4.0,4,2.0,0,Medium
4.0,4.0,3.0,2.0,1.0,58.0,61.0,4.0,-1.485,1,5.0,4.0,3.0,5.0,1.0,1.0,1.0,1.0,1.0,1.0,3,3,7,4.0,4.0,4.0,4.0,3.0,1.0,2.0,4.0,3,0.0,1,High
4.0,4.0,2.0,2.0,1.0,55.0,63.0,4.0,0.712,3,5.0,4.0,4.0,3.0,1.0,1.0,1.0,1.0,1.0,1.0,4,2,7,2.0,2.0,4.0,2.0,5.0,2.0,3.0,3.0,6,0.0,1,High
4.0,4.0,5.0,8.0,0.0,43.0,54.0,2.0,0.242,2,5.0,4.0,5.0,5.0,1.0,1.0,1.0,1.0,1.0,1.0,2,3,6,4.0,4.0,3.0,3.0,5.0,1.0,3.0,3.0,6,0.0,0,Medium
4.0,4.0,2.0,4.0,0.0,52.0,64.0,4.0,-0.57,1,5.0,5.0,5.0,5.0,1.0,1.0,1.0,1.0,1.0,1.0,3,4,9,3.0,3.0,3.0,3.0,4.0,1.0,3.0,3.0,3,0.0,1,High
4.0,4.0,3.0,6.0,1.0,52.0,54.0,3.0,-0.57,2,5.0,3.0,4.0,5.0,1.0,1.0,1.0,1.0,1.0,1.0,1,5,6,4.0,3.0,4.0,4.0,4.0,1.0,3.0,1.0,5,0.0,0,Medium
5.0,5.0,1.0,8.0,1.0,48.0,64.0,4.0,0.242,3,5.0,5.0,5.0,5.0,1.0,1.0,1.0,1.0,1.0,1.0,2,2,3,4.0,4.0,4.0,3.0,6.0,2.0,4.0,4.0,7,0.0,1,High
5.0,3.0,3.0,8.0,1.0,40.0,46.0,2.0,-0.909,3,5.0,3.0,2.0,5.0,1.0,1.0,1.0,1.0,1.0,1.0,3,5,6,4.0,3.0,3.0,3.0,4.0,1.0,4.0,3.0,8,0.0,0,Medium
3.0,3.0,3.0,3.0,1.0,47.0,53.0,3.0,-0.188,2,4.0,4.0,4.0,4.0,1.0,1.0,1.0,1.0,1.0,1.0,2,5,8,4.0,4.0,3.0,3.0,5.0,2.0,3.0,3.0,1,0.0,0,Medium
4.0,3.0,5.0,2.0,1.0,39.0,29.0,2.0,-0.57,2,5.0,3.0,1.0,5.0,1.0,1.0,1.0,2.0,1.0,1.0,1,2,5,4.0,4.0,4.0,4.0,2.0,3.0,2.0,3.0,4,1.0,0,Low
4.0,3.0,3.0,2.0,0.0,33.0,38.0,2.0,-0.909,2,5.0,4.0,2.0,3.0,1.0,1.0,1.0,1.0,1.0,1.0,2,2,1,3.0,3.0,4.0,3.0,2.0,2.0,3.0,2.0,5,0.0,0,Low
3.0,3.0,4.0,2.0,0.0,44.0,42.0,3.0,-0.909,2,4.0,5.0,5.0,3.0,1.0,1.0,1.0,2.0,1.0,1.0,3,1,3,4.0,4.0,3.0,3.0,5.0,3.0,3.0,3.0,3,1.0,0,Low
5.0,4.0,3.0,8.0,1.0,57.0,61.0,3.0,1.267,3,5.0,5.0,5.0,4.0,1.0,1.0,1.0,1.0,1.0,1.0,4,2,3,4.0,4.0,4.0,4.0,5.0,2.0,3.0,3.0,6,0.0,1,High
5.0,4.0,4.0,2.0,0.0,54.0,53.0,3.0,0.712,3,5.0,5.0,5.0,4.0,1.0,1.0,1.0,1.0,1.0,1.0,5,2,9,3.0,4.0,4.0,4.0,5.0,2.0,3.0,4.0,5,0.0,0,Medium
4.0,4.0,4.0,2.0,1.0,43.0,57.0,3.0,-0.188,2,5.0,4.0,4.0,5.0,1.0,1.0,1.0,1.0,1.0,1.0,4,2,9,4.0,4.0,4.0,3.0,5.0,1.0,3.0,3.0,3,0.0,1,Medium
3.0,3.0,2.0,8.0,0.0,41.0,47.0,2.0,-0.188,3,5.0,3.0,3.0,5.0,1.0,1.0,1.0,1.0,1.0,1.0,4,2,3,4.0,4.0,3.0,3.0,2.0,2.0,3.0,3.0,8,0.0,0,Medium
5.0,5.0,4.0,8.0,1.0,65.0,68.0,4.0,1.267,3,5.0,4.0,5.0,5.0,1.0,1.0,1.0,1.0,1.0,1.0,5,2,8,4.0,5.0,5.0,4.0,6.0,2.0,3.0,3.0,6,0.0,1,High
5.0,5.0,4.0,2.0,1.0,65.0,75.0,4.0,0.712,3,5.0,4.0,5.0,2.0,1.0,1.0,1.0,1.0,1.0,1.0,4,3,9,3.0,4.0,5.0,4.0,6.0,1.0,4.0,4.0,3,0.0,1,High
4.0,3.0,4.0,1.0,0.0,49.0,58.0,3.0,0.712,3,5.0,4.0,4.0,4.0,1.0,1.0,1.0,1.0,1.0,1.0,2,1,4,4.0,4.0,4.0,4.0,4.0,2.0,3.0,4.0,4,0.0,1,Medium
5.0,4.0,5.0,8.0,1.0,58.0,67.0,4.0,0.712,3,5.0,4.0,5.0,5.0,1.0,1.0,1.0,1.0,1.0,1.0,5,2,8,4.0,4.0,5.0,3.0,5.0,1.0,3.0,4.0,6,0.0,1,High
5.0,5.0,4.0,7.0,0.0,60.0,47.0,3.0,-0.188,2,1.0,5.0,1.0,5.0,1.0,1.0,1.0,3.0,2.0,1.0,1,4,3,4.0,4.0,4.0,3.0,6.0,2.0,3.0,2.0,1,2.0,0,Medium
5.0,5.0,3.0,2.0,1.0,57.0,51.0,4.0,-0.909,3,5.0,5.0,3.0,5.0,2.0,1.0,1.0,1.0,1.0,1.0,2,1,1,5.0,5.0,5.0,5.0,6.0,2.0,3.0,4.0,6,1.0,0,Medium
3.0,2.0,4.0,3.0,1.0,37.0,43.0,2.0,-0.57,3,1.0,2.0,1.0,2.0,1.0,1.0,1.0,1.0,1.0,2.0,5,1,3,3.0,2.0,2.0,2.0,4.0,3.0,2.0,2.0,8,1.0,0,Low
3.0,2.0,5.0,2.0,0.0,33.0,41.0,2.0,-1.215,2,4.0,5.0,3.0,3.0,2.0,2.0,2.0,1.0,2.0,1.0,2,4,5,4.0,4.0,3.0,3.0,4.0,2.0,3.0,2.0,4,4.0,0,Low
3.0,3.0,5.0,6.0,0.0,30.0,39.0,3.0,-0.909,2,3.0,3.0,3.0,3.0,2.0,2.0,2.0,2.0,2.0,2.0,1,4,1,3.0,3.0,3.0,3.0,4.0,2.0,2.0,2.0,2,6.0,0,Low
4.0,4.0,4.0,8.0,1.0,55.0,47.0,3.0,-1.485,1,5.0,5.0,5.0,5.0,1.0,1.0,1.0,1.0,1.0,1.0,2,1,1,4.0,4.0,4.0,4.0,5.0,3.0,3.0,3.0,8,0.0,0,Medium
5.0,3.0,4.0,2.0,0.0,61.0,63.0,3.0,0.712,3,5.0,1.0,5.0,5.0,1.0,1.0,1.0,1.0,1.0,1.0,2,2,5,3.0,3.0,3.0,3.0,3.0,1.0,3.0,3.0,6,0.0,1,High
5.0,5.0,3.0,8.0,1.0,49.0,47.0,4.0,0.242,3,5.0,4.0,5.0,5.0,1.0,1.0,1.0,1.0,1.0,1.0,3,1,1,5.0,5.0,5.0,4.0,6.0,3.0,3.0,3.0,6,0.0,0,Medium
4.0,4.0,3.0,1.0,0.0,42.0,49.0,3.0,-0.909,0,4.0,4.0,4.0,4.0,2.0,1.0,1.0,1.0,1.0,1.0,2,3,1,4.0,4.0,4.0,4.0,5.0,3.0,3.0,3.0,1,1.0,0,Medium
2.0,2.0,5.0,,1.0,30.0,37.0,1.0,-0.57,1,4.0,3.0,1.0,5.0,3.0,3.0,1.0,3.0,1.0,1.0,1,2,1,4.0,3.0,2.0,1.0,1.0,3.0,2.0,2.0,3,3.0,0,Low
5.0,4.0,4.0,3.0,1.0,46.0,59.0,4.0,-0.188,3,5.0,4.0,5.0,3.0,1.0,1.0,1.0,1.0,1.0,1.0,5,4,8,4.0,4.0,4.0,3.0,6.0,1.0,3.0,3.0,3,0.0,1,Medium
5.0,4.0,2.0,8.0,1.0,57.0,85.0,3.0,1.267,3,5.0,5.0,5.0,5.0,1.0,1.0,1.0,1.0,1.0,1.0,4,2,8,5.0,4.0,4.0,3.0,6.0,2.0,3.0,3.0,8,0.0,1,High
3.0,3.0,3.0,2.0,0.0,45.0,49.0,3.0,-0.57,3,3.0,3.0,3.0,3.0,1.0,1.0,1.0,1.0,1.0,1.0,4,3,3,4.0,4.0,4.0,4.0,4.0,2.0,3.0,3.0,3,0.0,0,Medium
5.0,3.0,3.0,2.0,0.0,55.0,64.0,3.0,0.242,3,5.0,3.0,3.0,5.0,1.0,1.0,1.0,1.0,1.0,1.0,5,3,8,5.0,5.0,4.0,3.0,6.0,4.0,3.0,4.0,3,0.0,1,High
4.0,4.0,4.0,8.0,0.0,48.0,68.0,4.0,0.712,3,5.0,4.0,5.0,3.0,1.0,1.0,1.0,1.0,1.0,1.0,5,2,8,2.0,4.0,4.0,1.0,1.0,2.0,3.0,3.0,7,0.0,1,High
4.0,3.0,4.0,2.0,0.0,47.0,34.0,3.0,-0.188,3,5.0,5.0,5.0,5.0,1.0,2.0,2.0,1.0,1.0,1.0,4,4,7,4.0,3.0,4.0,3.0,5.0,2.0,3.0,4.0,3,2.0,0,Low
5.0,5.0,3.0,2.0,1.0,72.0,68.0,4.0,0.712,3,5.0,5.0,5.0,5.0,1.0,1.0,1.0,1.0,1.0,1.0,5,4,9,5.0,5.0,5.0,5.0,6.0,1.0,3.0,4.0,5,0.0,1,High
4.0,4.0,2.0,4.0,0.0,64.0,72.0,3.0,-0.57,0,5.0,5.0,1.0,5.0,1.0,1.0,1.0,1.0,1.0,1.0,2,2,5,4.0,4.0,4.0,4.0,5.0,1.0,3.0,3.0,6,0.0,1,High
4.0,4.0,4.0,8.0,1.0,54.0,62.0,3.0,-0.57,3,5.0,5.0,5.0,5.0,3.0,3.0,3.0,3.0,3.0,3.0,1,2,2,4.0,4.0,4.0,4.0,5.0,4.0,4.0,4.0,8,6.0,1,High
4.0,3.0,4.0,4.0,0.0,53.0,57.0,2.0,-0.188,3,4.0,3.0,2.0,4.0,2.0,2.0,1.0,2.0,2.0,1.0,1,5,3,4.0,3.0,2.0,2.0,4.0,1.0,3.0,3.0,3,4.0,1,Medium
5.0,4.0,3.0,2.0,1.0,38.0,46.0,3.0,1.267,3,5.0,3.0,3.0,3.0,2.0,1.0,1.0,3.0,3.0,1.0,5,1,6,5.0,3.0,4.0,4.0,4.0,2.0,2.0,3.0,4,3.0,0,Medium
4.0,3.0,4.0,2.0,1.0,42.0,60.0,4.0,0.712,3,5.0,4.0,4.0,4.0,1.0,1.0,1.0,1.0,1.0,1.0,4,2,8,4.0,4.0,4.0,3.0,6.0,2.0,3.0,3.0,4,0.0,1,Medium
5.0,3.0,4.0,5.0,0.0,29.0,47.0,2.0,-0.57,2,1.0,3.0,2.0,4.0,1.0,2.0,1.0,1.0,1.0,1.0,2,5,8,2.0,2.0,2.0,2.0,2.0,3.0,2.0,3.0,1,1.0,0,Medium
5.0,5.0,4.0,2.0,1.0,69.0,69.0,4.0,1.267,3,5.0,5.0,5.0,5.0,1.0,1.0,1.0,1.0,1.0,1.0,4,2,9,1.0,1.0,5.0,1.0,6.0,3.0,2.0,3.0,3,0.0,1,High
4.0,4.0,2.0,5.0,1.0,55.0,54.0,4.0,-0.188,3,1.0,3.0,1.0,3.0,1.0,1.0,1.0,1.0,1.0,1.0,2,3,4,5.0,5.0,5.0,5.0,6.0,1.0,3.0,3.0,1,0.0,0,Medium
3.0,3.0,5.0,6.0,0.0,16.0,21.0,2.0,0.712,3,5.0,3.0,3.0,5.0,2.0,2.0,2.0,2.0,2.0,2.0,3,3,6,3.0,3.0,3.0,3.0,1.0,2.0,4.0,1.0,4,6.0,0,Low
5.0,5.0,3.0,8.0,1.0,74.0,64.0,4.0,1.267,3,5.0,5.0,5.0,5.0,1.0,1.0,1.0,1.0,1.0,1.0,5,2,4,2.0,4.0,4.0,3.0,5.0,1.0,4.0,3.0,5,0.0,1,High
3.0,3.0,3.0,3.0,1.0,43.0,50.0,3.0,-0.57,1,4.0,3.0,4.0,3.0,2.0,2.0,2.0,2.0,2.0,2.0,4,2,5,3.0,3.0,3.0,3.0,4.0,3.0,3.0,2.0,6,6.0,0,Medium
1.0,1.0,5.0,7.0,0.0,24.0,30.0,1.0,-0.909,3,1.0,1.0,1.0,1.0,3.0,3.0,3.0,2.0,1.0,1.0,2,3,2,2.0,2.0,2.0,2.0,1.0,4.0,1.0,2.0,3,4.0,0,Low
4.0,4.0,3.0,2.0,1.0,44.0,53.0,3.0,1.267,3,5.0,4.0,5.0,5.0,1.0,1.0,1.0,1.0,1.0,1.0,2,4,6,3.0,4.0,4.0,2.0,5.0,2.0,3.0,3.0,4,0.0,0,Medium
5.0,5.0,2.0,1.0,1.0,69.0,61.0,4.0,0.242,3,5.0,4.0,4.0,5.0,1.0,1.0,1.0,1.0,1.0,1.0,3,2,6,5.0,4.0,4.0,4.0,6.0,1.0,3.0,4.0,3,0.0,1,High
4.0,3.0,1.0,1.0,0.0,48.0,49.0,3.0,-1.485,2,5.0,5.0,5.0,5.0,1.0,1.0,1.0,1.0,1.0,1.0,2,5,1,5.0,5.0,4.0,4.0,6.0,1.0,3.0,3.0,2,0.0,0,Medium
5.0,3.0,2.0,8.0,1.0,38.0,56.0,3.0,0.242,3,5.0,4.0,5.0,5.0,1.0,1.0,1.0,1.0,1.0,1.0,2,2,2,5.0,4.0,4.0,4.0,4.0,1.0,3.0,3.0,8,0.0,1,Medium
5.0,5.0,3.0,8.0,0.0,60.0,51.0,2.0,0.712,2,5.0,5.0,4.0,5.0,1.0,1.0,1.0,1.0,1.0,1.0,2,1,1,5.0,4.0,3.0,3.0,5.0,1.0,3.0,3.0,8,0.0,0,Medium
5.0,5.0,4.0,2.0,1.0,70.0,74.0,4.0,0.712,3,5.0,4.0,5.0,5.0,1.0,1.0,1.0,1.0,1.0,1.0,5,2,9,3.0,5.0,5.0,5.0,6.0,2.0,3.0,3.0,5,0.0,1,High
5.0,5.0,4.0,4.0,0.0,61.0,79.0,4.0,0.712,2,5.0,5.0,5.0,5.0,1.0,1.0,1.0,1.0,1.0,1.0,2,2,6,4.0,3.0,4.0,4.0,4.0,1.0,4.0,3.0,4,0.0,1,High
4.0,2.0,3.0,8.0,1.0,41.0,37.0,2.0,0.712,3,4.0,2.0,3.0,3.0,1.0,1.0,1.0,1.0,1.0,1.0,2,3,6,4.0,4.0,4.0,2.0,3.0,1.0,3.0,3.0,7,0.0,0,Low
4.0,3.0,5.0,2.0,1.0,42.0,44.0,3.0,-0.188,3,5.0,4.0,3.0,3.0,2.0,2.0,1.0,2.0,2.0,1.0,5,3,5,4.0,4.0,4.0,3.0,3.0,1.0,3.0,3.0,3,4.0,0,Medium
4.0,3.0,3.0,2.0,1.0,50.0,54.0,3.0,0.712,3,5.0,4.0,4.0,4.0,1.0,1.0,1.0,1.0,1.0,1.0,4,4,8,4.0,4.0,4.0,4.0,5.0,1.0,3.0,4.0,2,0.0,0,Medium
4.0,3.0,2.0,7.0,0.0,31.0,53.0,,0.242,3,4.0,4.0,2.0,4.0,1.0,1.0,1.0,1.0,1.0,1.0,2,4,5,3.0,3.0,2.0,2.0,2.0,1.0,3.0,2.0,4,0.0,0,Medium
4.0,3.0,4.0,2.0,1.0,51.0,24.0,3.0,-0.57,3,4.0,3.0,4.0,4.0,3.0,3.0,2.0,3.0,2.0,2.0,2,4,2,4.0,4.0,4.0,4.0,4.0,1.0,4.0,4.0,2,6.0,0,Low
4.0,2.0,4.0,8.0,0.0,37.0,52.0,3.0,0.242,3,4.0,3.0,1.0,3.0,1.0,1.0,1.0,1.0,2.0,1.0,3,2,3,2.0,3.0,2.0,2.0,2.0,2.0,2.0,3.0,7,1.0,0,Medium
3.0,3.0,3.0,1.0,1.0,57.0,27.0,3.0,-1.485,1,2.0,2.0,2.0,2.0,2.0,2.0,2.0,2.0,2.0,2.0,2,1,6,3.0,3.0,3.0,3.0,3.0,3.0,3.0,3.0,3,6.0,0,Low
5.0,4.0,3.0,8.0,1.0,64.0,89.0,4.0,1.267,3,5.0,4.0,5.0,4.0,1.0,1.0,1.0,1.0,1.0,1.0,5,1,5,5.0,4.0,4.0,4.0,6.0,1.0,3.0,4.0,7,0.0,1,High
4.0,3.0,3.0,8.0,0.0,40.0,41.0,2.0,-0.909,3,4.0,4.0,2.0,5.0,1.0,1.0,1.0,1.0,1.0,1.0,1,2,4,5.0,4.0,4.0,3.0,3.0,2.0,3.0,2.0,6,0.0,0,Low
5.0,5.0,2.0,2.0,0.0,44.0,53.0,3.0,-0.188,2,4.0,3.0,5.0,3.0,1.0,1.0,1.0,1.0,1.0,1.0,1,2,6,4.0,4.0,4.0,1.0,4.0,3.0,3.0,3.0,6,0.0,0,Medium
3.0,2.0,3.0,2.0,1.0,34.0,46.0,2.0,0.242,3,3.0,2.0,1.0,1.0,1.0,1.0,1.0,1.0,1.0,1.0,3,2,2,1.0,2.0,3.0,1.0,2.0,1.0,2.0,2.0,2,0.0,0,Medium
3.0,3.0,3.0,2.0,1.0,45.0,47.0,2.0,0.242,3,4.0,4.0,4.0,4.0,1.0,1.0,1.0,1.0,2.0,1.0,3,2,5,4.0,3.0,3.0,2.0,4.0,2.0,2.0,3.0,5,1.0,0,Medium
4.0,4.0,2.0,8.0,1.0,51.0,69.0,3.0,0.712,3,5.0,5.0,5.0,4.0,1.0,1.0,1.0,1.0,1.0,1.0,3,2,6,3.0,3.0,4.0,3.0,6.0,2.0,3.0,3.0,6,0.0,1,High
5.0,4.0,2.0,2.0,1.0,47.0,59.0,3.0,-0.188,2,5.0,4.0,4.0,5.0,1.0,1.0,1.0,1.0,1.0,1.0,3,3,6,2.0,4.0,2.0,4.0,2.0,2.0,2.0,3.0,3,0.0,1,Medium
3.0,2.0,4.0,3.0,0.0,20.0,29.0,2.0,-0.57,2,1.0,3.0,1.0,5.0,3.0,3.0,2.0,2.0,1.0,2.0,3,1,2,1.0,2.0,2.0,1.0,1.0,3.0,1.0,2.0,2,5.0,0,Low
5.0,4.0,2.0,2.0,1.0,56.0,70.0,4.0,-0.188,3,5.0,5.0,5.0,5.0,1.0,1.0,1.0,1.0,1.0,1.0,3,2,8,5.0,4.0,4.0,4.0,5.0,1.0,3.0,3.0,6,0.0,1,High
5.0,5.0,2.0,1.0,1.0,75.0,48.0,4.0,-0.57,2,5.0,5.0,3.0,5.0,2.0,1.0,1.0,1.0,1.0,1.0,3,2,2,5.0,5.0,4.0,4.0,4.0,1.0,3.0,4.0,5,1.0,0,Medium
3.0,3.0,3.0,2.0,0.0,50.0,53.0,4.0,0.242,3,5.0,4.0,4.0,4.0,1.0,1.0,1.0,1.0,1.0,1.0,4,2,9,4.0,3.0,3.0,3.0,5.0,3.0,3.0,3.0,2,0.0,0,Medium
5.0,4.0,3.0,6.0,1.0,56.0,53.0,4.0,-0.188,3,5.0,5.0,5.0,4.0,1.0,1.0,1.0,1.0,1.0,1.0,2,4,6,4.0,4.0,4.0,4.0,5.0,2.0,2.0,3.0,4,0.0,0,Medium
5.0,3.0,2.0,1.0,1.0,41.0,37.0,3.0,0.242,3,4.0,4.0,4.0,5.0,1.0,1.0,1.0,2.0,2.0,1.0,3,2,3,3.0,3.0,4.0,3.0,3.0,3.0,3.0,2.0,4,2.0,0,Low
4.0,2.0,5.0,6.0,1.0,35.0,38.0,3.0,-0.909,3,5.0,3.0,1.0,2.0,1.0,1.0,1.0,1.0,1.0,1.0,3,3,1,4.0,2.0,2.0,2.0,2.0,4.0,1.0,2.0,5,0.0,0,Low
5.0,5.0,,8.0,1.0,85.0,95.0,4.0,1.267,3,5.0,5.0,5.0,5.0,1.0,1.0,1.0,1.0,1.0,1.0,2,1,7,5.0,5.0,5.0,5.0,1.0,1.0,3.0,4.0,8,0.0,1,High
4.0,4.0,2.0,2.0,0.0,54.0,59.0,4.0,0.712,3,5.0,5.0,5.0,3.0,1.0,1.0,1.0,1.0,1.0,1.0,3,2,7,4.0,4.0,4.0,4.0,5.0,1.0,3.0,3.0,4,0.0,1,Medium
4.0,4.0,2.0,2.0,1.0,45.0,61.0,3.0,-0.57,3,5.0,4.0,1.0,3.0,1.0,1.0,1.0,1.0,1.0,1.0,5,5,7,3.0,4.0,4.0,2.0,5.0,3.0,3.0,4.0,2,0.0,1,High
5.0,4.0,2.0,2.0,1.0,67.0,60.0,4.0,-0.57,2,5.0,5.0,5.0,5.0,1.0,1.0,1.0,1.0,1.0,1.0,4,2,6,5.0,4.0,5.0,4.0,5.0,2.0,3.0,4.0,2,0.0,1,Medium
4.0,4.0,4.0,2.0,1.0,51.0,34.0,4.0,-0.57,3,5.0,4.0,1.0,5.0,1.0,1.0,1.0,2.0,1.0,1.0,3,1,3,4.0,4.0,3.0,3.0,4.0,3.0,3.0,2.0,4,1.0,0,Low
4.0,4.0,3.0,2.0,1.0,56.0,55.0,3.0,-0.188,2,4.0,3.0,3.0,2.0,1.0,1.0,1.0,1.0,1.0,1.0,3,2,3,3.0,4.0,3.0,2.0,4.0,2.0,3.0,3.0,2,0.0,1,Medium
5.0,4.0,2.0,8.0,1.0,57.0,65.0,4.0,1.267,3,4.0,5.0,5.0,5.0,1.0,1.0,1.0,1.0,1.0,1.0,5,2,3,5.0,4.0,5.0,4.0,6.0,2.0,3.0,3.0,6,0.0,1,High
4.0,4.0,2.0,8.0,1.0,48.0,70.0,4.0,1.267,3,5.0,5.0,5.0,4.0,1.0,1.0,1.0,2.0,2.0,1.0,3,1,5,5.0,5.0,5.0,5.0,6.0,3.0,4.0,4.0,6,2.0,1,High
5.0,5.0,3.0,2.0,0.0,46.0,59.0,3.0,-0.909,3,5.0,5.0,5.0,5.0,2.0,2.0,1.0,1.0,1.0,1.0,3,2,2,5.0,5.0,4.0,4.0,5.0,1.0,3.0,3.0,2,2.0,1,Medium
4.0,2.0,3.0,8.0,0.0,42.0,48.0,2.0,-0.57,1,3.0,2.0,4.0,4.0,1.0,1.0,1.0,1.0,1.0,1.0,4,2,7,4.0,3.0,3.0,3.0,3.0,1.0,3.0,3.0,4,0.0,0,Medium
4.0,3.0,4.0,2.0,1.0,42.0,44.0,3.0,0.242,3,5.0,2.0,1.0,5.0,1.0,1.0,1.0,1.0,3.0,1.0,3,3,7,3.0,4.0,4.0,3.0,4.0,2.0,3.0,3.0,5,1.0,0,Medium
2.0,2.0,5.0,2.0,0.0,38.0,31.0,2.0,-1.713,2,3.0,2.0,2.0,3.0,2.0,3.0,2.0,2.0,2.0,3.0,2,2,2,4.0,3.0,4.0,3.0,3.0,3.0,3.0,3.0,4,6.0,0,Low
5.0,5.0,3.0,2.0,1.0,65.0,56.0,4.0,0.242,2,5.0,4.0,5.0,5.0,1.0,1.0,1.0,1.0,1.0,1.0,5,2,9,4.0,4.0,4.0,4.0,6.0,2.0,2.0,3.0,3,0.0,1,Medium
5.0,4.0,3.0,8.0,0.0,57.0,81.0,4.0,1.267,3,5.0,4.0,5.0,5.0,1.0,1.0,1.0,1.0,1.0,1.0,3,2,9,4.0,4.0,4.0,4.0,5.0,2.0,2.0,3.0,8,0.0,1,High
5.0,3.0,4.0,8.0,0.0,36.0,73.0,4.0,-0.188,3,5.0,4.0,5.0,5.0,1.0,1.0,1.0,1.0,1.0,1.0,5,3,3,4.0,4.0,3.0,1.0,2.0,3.0,2.0,3.0,7,0.0,1,High
2.0,1.0,5.0,6.0,1.0,18.0,31.0,2.0,-0.188,2,4.0,3.0,4.0,5.0,2.0,2.0,1.0,1.0,1.0,1.0,1,4,1,4.0,4.0,2.0,4.0,6.0,4.0,4.0,3.0,5,2.0,0,Low
5.0,5.0,3.0,2.0,1.0,76.0,64.0,4.0,0.712,3,5.0,5.0,5.0,4.0,1.0,1.0,1.0,1.0,1.0,1.0,5,1,9,2.0,3.0,4.0,3.0,6.0,1.0,4.0,4.0,4,0.0,1,High
5.0,5.0,1.0,2.0,1.0,85.0,74.0,4.0,-0.57,2,5.0,5.0,5.0,5.0,1.0,1.0,1.0,1.0,1.0,1.0,4,2,9,5.0,5.0,5.0,5.0,6.0,1.0,4.0,4.0,3,0.0,1,High
5.0,4.0,4.0,2.0,1.0,61.0,83.0,4.0,0.712,3,5.0,4.0,5.0,5.0,1.0,1.0,1.0,1.0,1.0,1.0,5,2,9,5.0,5.0,5.0,5.0,6.0,1.0,3.0,4.0,3,0.0,1,High
4.0,4.0,3.0,4.0,0.0,48.0,60.0,3.0,0.242,3,5.0,5.0,5.0,5.0,1.0,1.0,1.0,1.0,1.0,1.0,3,2,5,4.0,4.0,3.0,3.0,5.0,2.0,3.0,3.0,8,0.0,1,Medium
5.0,4.0,2.0,2.0,0.0,46.0,73.0,4.0,0.712,3,5.0,5.0,5.0,2.0,1.0,1.0,1.0,1.0,1.0,1.0,4,3,8,2.0,1.0,2.0,2.0,6.0,2.0,4.0,2.0,3,0.0,1,High
5.0,4.0,3.0,8.0,1.0,66.0,79.0,4.0,1.267,3,5.0,5.0,5.0,5.0,1.0,1.0,1.0,1.0,1.0,1.0,4,2,8,2.0,5.0,5.0,3.0,5.0,1.0,3.0,4.0,8,0.0,1,High
5.0,4.0,2.0,8.0,1.0,56.0,47.0,4.0,1.267,3,5.0,4.0,2.0,4.0,1.0,1.0,1.0,2.0,2.0,1.0,5,2,8,5.0,5.0,5.0,5.0,6.0,2.0,4.0,4.0,5,2.0,0,Medium
4.0,2.0,4.0,2.0,1.0,44.0,37.0,3.0,-0.57,2,3.0,1.0,2.0,4.0,3.0,3.0,2.0,1.0,3.0,1.0,2,2,4,5.0,4.0,5.0,2.0,3.0,1.0,4.0,3.0,4,4.0,0,Low
5.0,5.0,2.0,8.0,0.0,49.0,76.0,3.0,1.267,3,5.0,5.0,5.0,5.0,1.0,1.0,1.0,1.0,1.0,1.0,3,2,8,3.0,5.0,4.0,4.0,5.0,1.0,3.0,3.0,8,0.0,1,High
5.0,4.0,2.0,3.0,1.0,58.0,59.0,4.0,-0.909,2,5.0,3.0,5.0,5.0,1.0,1.0,1.0,1.0,1.0,1.0,2,3,6,4.0,4.0,3.0,3.0,6.0,2.0,4.0,3.0,4,0.0,1,Medium
5.0,5.0,3.0,8.0,0.0,40.0,79.0,3.0,0.712,3,5.0,4.0,5.0,5.0,1.0,1.0,1.0,1.0,1.0,1.0,2,2,5,2.0,2.0,2.0,2.0,6.0,3.0,2.0,3.0,7,0.0,1,High
5.0,4.0,3.0,2.0,1.0,70.0,74.0,4.0,-0.188,3,5.0,5.0,5.0,4.0,1.0,1.0,1.0,1.0,1.0,1.0,5,4,9,3.0,3.0,4.0,4.0,6.0,1.0,3.0,3.0,4,0.0,1,High
5.0,4.0,4.0,8.0,1.0,47.0,54.0,3.0,0.712,3,5.0,4.0,5.0,5.0,1.0,1.0,1.0,1.0,1.0,1.0,2,2,3,4.0,4.0,4.0,4.0,4.0,2.0,3.0,3.0,6,0.0,0,Medium
4.0,3.0,3.0,2.0,0.0,48.0,70.0,4.0,0.712,3,5.0,4.0,5.0,5.0,1.0,1.0,1.0,1.0,1.0,1.0,5,3,9,2.0,2.0,2.0,2.0,4.0,3.0,2.0,3.0,5,0.0,1,High
4.0,4.0,2.0,2.0,1.0,55.0,58.0,3.0,0.712,3,5.0,4.0,4.0,5.0,1.0,1.0,1.0,1.0,1.0,1.0,4,2,7,5.0,5.0,5.0,5.0,5.0,1.0,3.0,3.0,4,0.0,1,Medium
4.0,3.0,3.0,4.0,0.0,49.0,54.0,2.0,-1.485,3,5.0,3.0,2.0,5.0,2.0,1.0,1.0,1.0,1.0,1.0,2,4,2,4.0,4.0,2.0,2.0,4.0,3.0,2.0,2.0,4,1.0,0,Medium
5.0,3.0,3.0,8.0,0.0,45.0,56.0,3.0,-0.188,2,5.0,5.0,5.0,5.0,1.0,1.0,1.0,1.0,1.0,1.0,3,2,6,3.0,3.0,3.0,2.0,6.0,2.0,3.0,3.0,7,0.0,1,Medium
3.0,3.0,4.0,4.0,1.0,42.0,54.0,3.0,0.242,2,4.0,4.0,2.0,5.0,1.0,1.0,1.0,1.0,1.0,1.0,2,2,4,4.0,4.0,4.0,3.0,4.0,2.0,3.0,3.0,4,0.0,0,Medium
5.0,5.0,2.0,8.0,1.0,59.0,80.0,4.0,0.712,3,5.0,5.0,5.0,5.0,1.0,1.0,1.0,1.0,1.0,1.0,4,2,6,5.0,4.0,5.0,4.0,4.0,2.0,3.0,4.0,6,0.0,1,High
3.0,3.0,5.0,2.0,0.0,42.0,47.0,2.0,-1.713,2,3.0,3.0,3.0,3.0,1.0,1.0,1.0,1.0,1.0,1.0,4,4,8,3.0,3.0,3.0,3.0,3.0,1.0,2.0,3.0,1,0.0,0,Medium
5.0,4.0,4.0,2.0,1.0,47.0,53.0,3.0,0.242,3,3.0,4.0,2.0,5.0,1.0,1.0,1.0,1.0,1.0,1.0,5,4,9,4.0,4.0,4.0,4.0,6.0,2.0,3.0,3.0,5,0.0,0,Medium
4.0,3.0,5.0,2.0,1.0,56.0,44.0,3.0,0.242,3,5.0,4.0,4.0,2.0,1.0,1.0,1.0,1.0,1.0,1.0,5,3,9,4.0,2.0,4.0,1.0,5.0,2.0,2.0,3.0,2,0.0,0,Medium
5.0,4.0,2.0,2.0,1.0,56.0,59.0,4.0,0.712,3,5.0,4.0,5.0,3.0,1.0,1.0,1.0,1.0,1.0,1.0,5,4,7,4.0,3.0,4.0,4.0,6.0,2.0,3.0,4.0,5,0.0,1,Medium
3.0,2.0,3.0,2.0,0.0,34.0,29.0,2.0,0.712,3,5.0,2.0,5.0,5.0,2.0,2.0,1.0,1.0,1.0,1.0,4,2,7,2.0,2.0,2.0,2.0,1.0,2.0,3.0,3.0,4,2.0,0,Low
3.0,2.0,3.0,8.0,0.0,22.0,41.0,2.0,-0.909,3,4.0,1.0,1.0,4.0,1.0,1.0,1.0,1.0,1.0,1.0,3,2,2,2.0,1.0,1.0,2.0,2.0,3.0,2.0,1.0,8,0.0,0,Low
4.0,4.0,4.0,2.0,1.0,59.0,69.0,4.0,0.712,3,5.0,5.0,5.0,5.0,1.0,1.0,1.0,1.0,1.0,1.0,5,3,8,1.0,1.0,4.0,4.0,6.0,2.0,3.0,3.0,4,0.0,1,High
2.0,2.0,3.0,1.0,0.0,31.0,36.0,2.0,-1.215,2,2.0,2.0,2.0,2.0,3.0,3.0,3.0,3.0,3.0,3.0,2,2,1,3.0,3.0,3.0,3.0,3.0,2.0,2.0,2.0,3,6.0,0,Low
4.0,4.0,3.0,8.0,0.0,51.0,52.0,3.0,-0.188,3,4.0,4.0,3.0,5.0,1.0,1.0,1.0,1.0,1.0,1.0,2,2,1,4.0,4.0,4.0,4.0,5.0,2.0,3.0,3.0,7,0.0,0,Medium
5.0,4.0,3.0,7.0,1.0,82.0,65.0,4.0,-0.909,0,4.0,3.0,5.0,5.0,2.0,1.0,2.0,3.0,3.0,2.0,3,2,1,5.0,5.0,5.0,5.0,5.0,3.0,4.0,4.0,1,5.0,1,High
5.0,5.0,1.0,2.0,1.0,57.0,80.0,4.0,0.712,3,5.0,5.0,1.0,5.0,1.0,1.0,1.0,1.0,1.0,1.0,3,2,9,3.0,4.0,4.0,3.0,6.0,2.0,3.0,4.0,6,0.0,1,High
5.0,3.0,4.0,8.0,0.0,30.0,40.0,2.0,-0.188,3,4.0,4.0,5.0,4.0,1.0,1.0,1.0,1.0,2.0,1.0,4,2,5,4.0,3.0,3.0,3.0,2.0,3.0,3.0,2.0,8,1.0,0,Low
4.0,3.0,3.0,2.0,1.0,48.0,66.0,3.0,-0.57,3,5.0,5.0,4.0,5.0,1.0,1.0,1.0,1.0,1.0,1.0,2,2,8,3.0,2.0,4.0,4.0,4.0,1.0,2.0,3.0,5,0.0,1,High
5.0,3.0,4.0,2.0,1.0,46.0,47.0,3.0,-0.188,3,5.0,4.0,1.0,5.0,1.0,1.0,1.0,1.0,1.0,1.0,2,2,3,3.0,4.0,3.0,3.0,4.0,2.0,2.0,3.0,4,0.0,0,Medium
5.0,4.0,4.0,2.0,1.0,52.0,45.0,4.0,0.712,3,5.0,3.0,5.0,5.0,1.0,1.0,1.0,2.0,1.0,1.0,5,3,4,2.0,4.0,4.0,3.0,5.0,1.0,3.0,4.0,3,1.0,0,Medium
5.0,4.0,3.0,8.0,1.0,60.0,77.0,4.0,0.712,3,5.0,5.0,5.0,4.0,1.0,1.0,1.0,1.0,1.0,1.0,4,2,8,3.0,3.0,4.0,3.0,6.0,2.0,4.0,3.0,6,0.0,1,High
4.0,4.0,2.0,2.0,1.0,67.0,63.0,4.0,0.242,3,5.0,4.0,3.0,5.0,1.0,1.0,1.0,1.0,1.0,1.0,4,2,7,4.0,4.0,4.0,4.0,2.0,1.0,2.0,4.0,3,0.0,1,High
4.0,4.0,2.0,8.0,1.0,57.0,55.0,4.0,0.242,3,5.0,4.0,5.0,5.0,1.0,1.0,1.0,1.0,1.0,1.0,4,2,7,4.0,3.0,4.0,4.0,6.0,2.0,3.0,3.0,6,0.0,1,Medium
4.0,4.0,4.0,2.0,1.0,57.0,59.0,3.0,0.242,3,4.0,3.0,5.0,4.0,1.0,1.0,1.0,1.0,1.0,1.0,3,2,5,3.0,2.0,3.0,2.0,5.0,1.0,3.0,3.0,6,0.0,1,Medium
4.0,3.0,3.0,2.0,1.0,47.0,48.0,3.0,-0.57,2,5.0,3.0,5.0,4.0,1.0,1.0,1.0,1.0,1.0,1.0,4,4,7,2.0,4.0,4.0,4.0,6.0,3.0,1.0,4.0,3,0.0,0,Medium
5.0,4.0,4.0,2.0,0.0,44.0,59.0,3.0,0.712,3,5.0,4.0,4.0,5.0,1.0,1.0,1.0,1.0,1.0,1.0,5,2,8,4.0,4.0,4.0,4.0,5.0,2.0,3.0,4.0,2,0.0,1,Medium
4.0,1.0,4.0,2.0,0.0,31.0,34.0,2.0,-0.188,3,3.0,1.0,1.0,5.0,2.0,2.0,1.0,2.0,1.0,1.0,3,2,4,4.0,2.0,2.0,1.0,1.0,2.0,3.0,1.0,5,3.0,0,Low
4.0,3.0,2.0,6.0,1.0,47.0,67.0,4.0,0.242,3,5.0,5.0,2.0,5.0,1.0,1.0,1.0,1.0,1.0,1.0,3,2,4,4.0,5.0,5.0,3.0,4.0,2.0,3.0,3.0,6,0.0,1,High
5.0,3.0,3.0,5.0,1.0,55.0,45.0,3.0,-1.9,2,4.0,3.0,2.0,5.0,1.0,1.0,1.0,3.0,1.0,2.0,3,3,2,5.0,5.0,4.0,3.0,6.0,1.0,4.0,3.0,1,2.0,0,Medium
3.0,3.0,4.0,2.0,0.0,30.0,38.0,3.0,0.712,3,5.0,1.0,1.0,5.0,1.0,1.0,1.0,1.0,1.0,1.0,3,1,6,1.0,1.0,1.0,1.0,5.0,3.0,2.0,3.0,3,0.0,0,Low
5.0,4.0,3.0,8.0,1.0,53.0,58.0,4.0,0.242,3,4.0,4.0,5.0,4.0,1.0,1.0,1.0,1.0,1.0,1.0,3,2,5,4.0,4.0,4.0,3.0,6.0,1.0,3.0,3.0,6,0.0,1,Medium
5.0,5.0,1.0,8.0,0.0,80.0,95.0,3.0,1.267,3,5.0,5.0,5.0,5.0,1.0,1.0,1.0,1.0,1.0,1.0,3,2,5,1.0,5.0,1.0,1.0,2.0,1.0,3.0,3.0,6,0.0,1,High
4.0,4.0,2.0,8.0,1.0,43.0,68.0,3.0,0.242,2,5.0,3.0,5.0,1.0,1.0,1.0,1.0,1.0,1.0,1.0,2,2,3,3.0,2.0,3.0,2.0,5.0,1.0,4.0,3.0,6,0.0,1,High
4.0,4.0,4.0,2.0,1.0,54.0,60.0,4.0,0.712,3,4.0,4.0,5.0,3.0,1.0,1.0,1.0,1.0,1.0,1.0,4,3,4,3.0,3.0,4.0,3.0,5.0,3.0,2.0,4.0,2,0.0,1,Medium
4.0,3.0,2.0,8.0,0.0,50.0,74.0,4.0,0.712,3,5.0,4.0,5.0,4.0,1.0,1.0,1.0,1.0,1.0,1.0,5,1,8,4.0,4.0,3.0,3.0,4.0,1.0,3.0,3.0,8,0.0,1,High
4.0,4.0,3.0,2.0,1.0,51.0,46.0,4.0,0.712,3,5.0,4.0,5.0,5.0,1.0,1.0,1.0,2.0,1.0,1.0,5,2,7,4.0,4.0,4.0,2.0,5.0,2.0,4.0,3.0,4,1.0,0,Medium
5.0,4.0,3.0,8.0,0.0,52.0,68.0,3.0,0.242,3,5.0,5.0,5.0,5.0,1.0,1.0,1.0,1.0,2.0,1.0,2,5,8,2.0,3.0,3.0,4.0,3.0,2.0,3.0,3.0,8,1.0,1,High
5.0,5.0,3.0,2.0,0.0,56.0,70.0,4.0,1.267,3,5.0,5.0,5.0,4.0,1.0,1.0,1.0,1.0,1.0,1.0,4,2,5,5.0,5.0,3.0,4.0,6.0,2.0,3.0,4.0,2,0.0,1,High
5.0,4.0,3.0,3.0,1.0,63.0,68.0,4.0,0.242,3,5.0,1.0,5.0,3.0,1.0,1.0,1.0,1.0,1.0,1.0,3,3,5,2.0,2.0,3.0,2.0,6.0,2.0,3.0,3.0,4,0.0,1,High
3.0,3.0,3.0,7.0,1.0,42.0,49.0,2.0,-1.713,1,3.0,3.0,3.0,3.0,1.0,1.0,1.0,1.0,1.0,1.0,2,3,4,3.0,3.0,3.0,3.0,3.0,1.0,1.0,1.0,2,0.0,0,Medium
5.0,4.0,2.0,2.0,1.0,51.0,70.0,4.0,0.712,3,5.0,4.0,5.0,2.0,1.0,1.0,1.0,1.0,1.0,1.0,5,3,6,2.0,4.0,5.0,2.0,6.0,2.0,3.0,3.0,2,0.0,1,High
5.0,4.0,1.0,8.0,1.0,54.0,64.0,3.0,0.712,3,5.0,3.0,4.0,5.0,1.0,1.0,1.0,1.0,1.0,1.0,3,2,6,4.0,4.0,5.0,3.0,4.0,1.0,3.0,4.0,6,0.0,1,High
4.0,3.0,3.0,8.0,0.0,32.0,50.0,2.0,-0.57,3,5.0,3.0,3.0,5.0,1.0,1.0,1.0,1.0,1.0,1.0,3,2,8,4.0,4.0,3.0,3.0,1.0,1.0,3.0,2.0,6,0.0,0,Medium
5.0,5.0,2.0,8.0,0.0,56.0,65.0,3.0,1.267,3,5.0,4.0,5.0,5.0,1.0,1.0,1.0,1.0,1.0,1.0,4,2,7,4.0,3.0,4.0,3.0,5.0,1.0,3.0,3.0,8,0.0,1,High
4.0,3.0,2.0,8.0,1.0,50.0,58.0,3.0,-0.57,3,5.0,4.0,5.0,5.0,1.0,1.0,1.0,1.0,1.0,1.0,3,1,7,4.0,4.0,4.0,4.0,5.0,1.0,3.0,3.0,8,0.0,1,Medium
4.0,4.0,3.0,8.0,1.0,46.0,53.0,3.0,0.712,3,5.0,5.0,5.0,5.0,1.0,1.0,1.0,1.0,1.0,1.0,5,2,1,5.0,4.0,5.0,4.0,6.0,2.0,3.0,3.0,8,0.0,0,Medium
4.0,3.0,2.0,2.0,1.0,42.0,49.0,3.0,-0.909,2,5.0,2.0,1.0,1.0,1.0,1.0,1.0,1.0,1.0,1.0,3,2,5,4.0,3.0,2.0,3.0,2.0,2.0,3.0,3.0,4,0.0,0,Medium
4.0,4.0,4.0,4.0,1.0,64.0,62.0,4.0,1.267,3,5.0,4.0,5.0,4.0,1.0,1.0,1.0,1.0,1.0,1.0,4,3,9,4.0,4.0,4.0,4.0,5.0,2.0,3.0,3.0,5,0.0,1,High
5.0,4.0,3.0,4.0,1.0,47.0,66.0,4.0,0.712,3,5.0,5.0,5.0,5.0,1.0,1.0,1.0,1.0,1.0,1.0,2,2,6,4.0,4.0,5.0,5.0,6.0,2.0,3.0,3.0,5,0.0,1,High
5.0,3.0,4.0,2.0,1.0,42.0,54.0,3.0,-0.57,2,5.0,3.0,5.0,3.0,1.0,1.0,1.0,2.0,2.0,1.0,4,2,9,2.0,3.0,3.0,3.0,6.0,1.0,4.0,4.0,5,2.0,0,Medium
4.0,3.0,3.0,8.0,1.0,48.0,48.0,3.0,0.242,3,5.0,4.0,5.0,5.0,1.0,1.0,1.0,1.0,1.0,1.0,3,2,5,4.0,4.0,4.0,5.0,6.0,2.0,3.0,3.0,7,0.0,0,Medium
3.0,4.0,3.0,2.0,1.0,50.0,59.0,3.0,0.712,3,5.0,5.0,5.0,4.0,1.0,1.0,1.0,1.0,1.0,1.0,5,3,9,4.0,4.0,4.0,3.0,5.0,2.0,3.0,3.0,5,0.0,1,Medium
5.0,4.0,2.0,8.0,0.0,54.0,57.0,4.0,1.267,3,5.0,5.0,1.0,5.0,1.0,1.0,1.0,1.0,1.0,1.0,2,1,2,4.0,4.0,4.0,4.0,5.0,1.0,4.0,4.0,6,0.0,1,Medium
4.0,3.0,4.0,2.0,1.0,38.0,51.0,2.0,-0.57,1,3.0,3.0,2.0,2.0,2.0,2.0,1.0,1.0,1.0,1.0,4,2,7,4.0,3.0,2.0,2.0,4.0,2.0,2.0,2.0,4,2.0,0,Medium
4.0,2.0,5.0,1.0,1.0,37.0,39.0,3.0,-0.188,3,2.0,3.0,1.0,2.0,2.0,2.0,1.0,2.0,1.0,2.0,3,3,6,4.0,2.0,4.0,2.0,2.0,3.0,2.0,3.0,2,4.0,0,Low
5.0,3.0,2.0,8.0,1.0,43.0,47.0,3.0,-0.188,3,5.0,3.0,3.0,4.0,1.0,1.0,1.0,1.0,1.0,1.0,3,1,3,4.0,4.0,3.0,3.0,5.0,2.0,2.0,3.0,8,0.0,0,Medium
5.0,3.0,2.0,8.0,1.0,50.0,67.0,4.0,0.712,3,5.0,5.0,5.0,5.0,1.0,1.0,1.0,1.0,1.0,1.0,4,3,8,3.0,4.0,4.0,2.0,5.0,2.0,1.0,2.0,6,0.0,1,High
5.0,4.0,2.0,8.0,0.0,65.0,69.0,4.0,1.267,3,5.0,5.0,5.0,5.0,1.0,1.0,1.0,1.0,1.0,1.0,4,2,4,4.0,4.0,4.0,4.0,2.0,2.0,3.0,3.0,8,0.0,1,High
4.0,4.0,4.0,3.0,0.0,56.0,60.0,4.0,-0.188,3,5.0,5.0,5.0,5.0,1.0,1.0,1.0,1.0,1.0,1.0,4,4,6,4.0,4.0,3.0,3.0,6.0,2.0,3.0,3.0,3,0.0,1,Medium
4.0,3.0,4.0,2.0,1.0,42.0,40.0,3.0,0.712,3,4.0,3.0,1.0,4.0,1.0,1.0,1.0,1.0,1.0,1.0,3,3,7,4.0,4.0,3.0,3.0,2.0,1.0,3.0,3.0,5,0.0,0,Low
4.0,3.0,3.0,2.0,1.0,43.0,52.0,3.0,-0.188,3,4.0,3.0,5.0,3.0,1.0,1.0,1.0,1.0,1.0,1.0,5,5,9,2.0,4.0,4.0,2.0,2.0,3.0,3.0,3.0,4,0.0,0,Medium
4.0,4.0,5.0,7.0,0.0,41.0,58.0,3.0,-0.57,1,5.0,5.0,5.0,5.0,1.0,1.0,1.0,2.0,1.0,1.0,2,2,2,3.0,3.0,3.0,3.0,6.0,3.0,2.0,3.0,8,1.0,1,Medium
3.0,4.0,2.0,8.0,0.0,45.0,66.0,3.0,0.712,3,5.0,5.0,5.0,5.0,1.0,1.0,1.0,1.0,1.0,1.0,3,2,7,1.0,1.0,1.0,1.0,6.0,3.0,2.0,2.0,7,0.0,1,High
5.0,5.0,2.0,2.0,1.0,73.0,65.0,4.0,-0.188,3,5.0,5.0,5.0,4.0,1.0,1.0,1.0,1.0,1.0,1.0,4,1,6,5.0,5.0,4.0,4.0,6.0,1.0,4.0,4.0,1,0.0,1,High
4.0,4.0,3.0,2.0,1.0,47.0,62.0,4.0,-0.188,3,5.0,4.0,2.0,4.0,1.0,1.0,1.0,1.0,1.0,1.0,4,2,8,5.0,3.0,4.0,4.0,5.0,3.0,2.0,3.0,2,0.0,1,High
4.0,4.0,3.0,8.0,0.0,57.0,77.0,4.0,-0.188,3,5.0,5.0,5.0,5.0,1.0,1.0,1.0,1.0,1.0,1.0,3,1,5,4.0,4.0,4.0,2.0,6.0,1.0,3.0,3.0,6,0.0,1,High
5.0,4.0,2.0,8.0,0.0,53.0,75.0,4.0,1.267,3,5.0,5.0,5.0,5.0,1.0,1.0,1.0,1.0,1.0,1.0,4,2,8,1.0,3.0,4.0,3.0,6.0,4.0,4.0,4.0,8,0.0,1,High
5.0,5.0,4.0,2.0,1.0,82.0,60.0,4.0,0.712,3,5.0,5.0,5.0,5.0,1.0,1.0,1.0,1.0,1.0,1.0,4,3,9,5.0,5.0,5.0,5.0,6.0,1.0,4.0,4.0,2,0.0,1,Medium
4.0,4.0,2.0,8.0,1.0,49.0,64.0,4.0,-0.188,3,5.0,5.0,5.0,5.0,1.0,1.0,1.0,1.0,1.0,1.0,3,1,8,4.0,4.0,4.0,3.0,5.0,2.0,3.0,3.0,7,0.0,1,High
5.0,4.0,4.0,4.0,1.0,36.0,51.0,3.0,-0.57,1,5.0,4.0,4.0,3.0,1.0,1.0,1.0,2.0,2.0,1.0,2,3,3,3.0,3.0,4.0,2.0,2.0,3.0,3.0,3.0,5,2.0,0,Medium
4.0,3.0,5.0,3.0,0.0,49.0,46.0,2.0,-0.909,3,5.0,5.0,5.0,5.0,3.0,3.0,2.0,2.0,2.0,1.0,4,1,1,3.0,4.0,1.0,2.0,6.0,2.0,4.0,3.0,6,5.0,0,Medium
5.0,4.0,2.0,8.0,0.0,53.0,66.0,3.0,-1.485,2,5.0,5.0,1.0,5.0,1.0,1.0,1.0,1.0,1.0,1.0,5,2,5,4.0,4.0,3.0,4.0,3.0,2.0,2.0,2.0,7,0.0,1,High
4.0,2.0,4.0,8.0,0.0,22.0,40.0,3.0,-0.188,3,4.0,2.0,1.0,1.0,1.0,1.0,1.0,1.0,1.0,1.0,1,3,7,4.0,2.0,2.0,1.0,2.0,3.0,2.0,3.0,6,0.0,0,Low
4.0,4.0,4.0,1.0,1.0,62.0,37.0,3.0,-0.188,1,5.0,4.0,4.0,4.0,3.0,2.0,3.0,2.0,3.0,2.0,2,1,2,4.0,4.0,5.0,5.0,6.0,4.0,4.0,3.0,2,6.0,0,Low
4.0,3.0,2.0,6.0,0.0,64.0,14.0,2.0,-0.909,2,3.0,4.0,1.0,5.0,2.0,1.0,1.0,1.0,1.0,1.0,1,3,2,4.0,3.0,4.0,4.0,2.0,1.0,4.0,4.0,4,1.0,0,Low
5.0,3.0,2.0,2.0,0.0,48.0,52.0,3.0,0.712,3,5.0,4.0,5.0,2.0,1.0,1.0,1.0,1.0,1.0,1.0,3,1,7,4.0,3.0,3.0,2.0,5.0,2.0,2.0,3.0,4,0.0,0,Medium
4.0,3.0,3.0,2.0,0.0,35.0,47.0,3.0,-1.485,2,4.0,2.0,3.0,4.0,2.0,2.0,1.0,3.0,3.0,1.0,3,2,2,2.0,4.0,3.0,2.0,3.0,3.0,2.0,2.0,4,4.0,0,Medium
3.0,2.0,3.0,4.0,0.0,39.0,50.0,2.0,-0.188,3,5.0,4.0,4.0,4.0,1.0,1.0,1.0,1.0,1.0,1.0,5,2,3,4.0,3.0,2.0,1.0,4.0,2.0,2.0,2.0,6,0.0,0,Medium
4.0,4.0,5.0,2.0,1.0,42.0,57.0,2.0,-1.215,1,5.0,4.0,5.0,5.0,1.0,1.0,1.0,2.0,1.0,1.0,3,3,8,4.0,4.0,4.0,4.0,6.0,1.0,2.0,4.0,4,1.0,1,Medium
3.0,2.0,4.0,2.0,1.0,34.0,40.0,3.0,0.712,3,4.0,3.0,1.0,3.0,2.0,1.0,1.0,2.0,3.0,1.0,4,1,8,3.0,3.0,4.0,2.0,3.0,2.0,2.0,2.0,4,3.0,0,Low
4.0,3.0,4.0,2.0,1.0,42.0,49.0,3.0,-0.909,3,4.0,4.0,4.0,3.0,1.0,1.0,1.0,1.0,1.0,1.0,2,5,6,4.0,4.0,4.0,4.0,4.0,3.0,3.0,3.0,4,0.0,0,Medium
5.0,4.0,2.0,2.0,1.0,68.0,74.0,4.0,0.712,3,5.0,4.0,5.0,5.0,1.0,1.0,1.0,1.0,1.0,1.0,4,2,9,3.0,4.0,5.0,4.0,6.0,1.0,3.0,4.0,5,0.0,1,High
3.0,3.0,3.0,8.0,0.0,42.0,41.0,3.0,-0.188,3,4.0,3.0,4.0,4.0,1.0,1.0,1.0,1.0,1.0,1.0,1,2,2,4.0,4.0,4.0,4.0,4.0,1.0,2.0,2.0,8,0.0,0,Low
4.0,3.0,4.0,2.0,1.0,49.0,58.0,3.0,-0.188,3,5.0,5.0,5.0,5.0,1.0,1.0,2.0,1.0,3.0,1.0,4,5,6,4.0,3.0,4.0,2.0,6.0,1.0,3.0,2.0,3,2.0,1,Medium
4.0,4.0,3.0,2.0,1.0,61.0,58.0,3.0,-0.909,1,5.0,4.0,3.0,5.0,1.0,1.0,1.0,1.0,1.0,1.0,5,2,9,4.0,4.0,4.0,3.0,5.0,2.0,3.0,3.0,5,0.0,1,Medium
3.0,3.0,4.0,2.0,1.0,38.0,53.0,3.0,0.242,3,5.0,4.0,5.0,4.0,1.0,1.0,1.0,1.0,1.0,1.0,5,1,8,4.0,4.0,4.0,4.0,5.0,3.0,2.0,3.0,2,0.0,0,Medium
4.0,4.0,1.0,8.0,0.0,31.0,56.0,3.0,0.712,3,5.0,4.0,5.0,5.0,1.0,1.0,1.0,1.0,1.0,1.0,5,2,3,2.0,2.0,2.0,2.0,3.0,2.0,3.0,3.0,8,0.0,1,Medium
5.0,5.0,3.0,1.0,1.0,72.0,70.0,4.0,-1.485,2,5.0,5.0,3.0,5.0,1.0,1.0,1.0,1.0,1.0,1.0,3,1,1,5.0,5.0,5.0,5.0,6.0,1.0,4.0,4.0,4,0.0,1,High
4.0,5.0,2.0,3.0,1.0,73.0,50.0,3.0,0.712,3,5.0,5.0,5.0,5.0,1.0,1.0,1.0,1.0,1.0,2.0,3,4,8,4.0,4.0,4.0,5.0,6.0,1.0,4.0,4.0,1,1.0,0,Medium
4.0,3.0,4.0,6.0,1.0,53.0,40.0,1.0,-0.57,3,5.0,3.0,2.0,5.0,2.0,2.0,2.0,2.0,2.0,1.0,2,2,3,4.0,4.0,3.0,4.0,1.0,1.0,4.0,3.0,4,5.0,0,Low
5.0,5.0,2.0,8.0,1.0,53.0,71.0,4.0,0.712,2,5.0,5.0,5.0,4.0,1.0,1.0,1.0,1.0,1.0,1.0,5,2,7,4.0,4.0,4.0,4.0,5.0,2.0,3.0,3.0,8,0.0,1,High
4.0,4.0,4.0,2.0,1.0,52.0,58.0,3.0,0.242,2,5.0,4.0,1.0,4.0,1.0,1.0,1.0,1.0,1.0,1.0,4,4,7,5.0,4.0,4.0,3.0,6.0,2.0,3.0,2.0,2,0.0,1,Medium
5.0,4.0,3.0,4.0,1.0,55.0,83.0,4.0,-0.188,3,5.0,5.0,5.0,5.0,1.0,1.0,1.0,1.0,1.0,1.0,3,4,7,5.0,4.0,4.0,3.0,5.0,1.0,3.0,3.0,4,0.0,1,High
4.0,3.0,3.0,8.0,1.0,41.0,50.0,2.0,-0.188,1,5.0,4.0,5.0,4.0,1.0,1.0,1.0,1.0,1.0,1.0,3,1,4,4.0,3.0,3.0,3.0,5.0,1.0,2.0,3.0,8,0.0,0,Medium
5.0,4.0,2.0,8.0,1.0,43.0,67.0,4.0,0.242,2,5.0,4.0,5.0,5.0,1.0,1.0,1.0,1.0,1.0,1.0,5,1,5,4.0,3.0,4.0,3.0,5.0,2.0,3.0,3.0,7,0.0,1,High
3.0,3.0,3.0,2.0,0.0,42.0,55.0,3.0,-1.9,1,5.0,1.0,5.0,5.0,1.0,1.0,1.0,1.0,1.0,1.0,2,3,1,3.0,3.0,3.0,3.0,1.0,,,,2,0.0,1,Medium
4.0,3.0,5.0,2.0,1.0,57.0,40.0,4.0,0.242,3,5.0,3.0,3.0,5.0,2.0,3.0,2.0,1.0,1.0,1.0,3,1,1,3.0,4.0,4.0,4.0,5.0,3.0,2.0,3.0,2,3.0,0,Low
5.0,4.0,4.0,2.0,1.0,50.0,55.0,3.0,0.242,3,5.0,3.0,4.0,5.0,1.0,1.0,1.0,1.0,1.0,1.0,4,3,5,4.0,4.0,4.0,4.0,6.0,2.0,3.0,3.0,3,0.0,1,Medium
5.0,5.0,2.0,8.0,0.0,70.0,86.0,4.0,1.267,3,5.0,5.0,5.0,5.0,1.0,1.0,1.0,1.0,1.0,1.0,5,1,8,4.0,4.0,4.0,3.0,6.0,1.0,4.0,3.0,8,0.0,1,High
5.0,4.0,5.0,5.0,1.0,71.0,62.0,4.0,-0.57,2,5.0,5.0,5.0,5.0,1.0,1.0,1.0,1.0,1.0,1.0,4,1,6,5.0,5.0,5.0,5.0,6.0,2.0,3.0,3.0,2,0.0,1,High
5.0,4.0,2.0,1.0,1.0,48.0,60.0,4.0,1.267,3,5.0,3.0,3.0,4.0,1.0,1.0,1.0,1.0,1.0,1.0,3,5,8,5.0,4.0,4.0,5.0,3.0,1.0,2.0,3.0,3,0.0,1,Medium
5.0,4.0,4.0,2.0,1.0,53.0,58.0,4.0,-0.57,2,5.0,5.0,3.0,4.0,1.0,1.0,1.0,1.0,1.0,1.0,4,3,8,4.0,4.0,5.0,2.0,6.0,3.0,2.0,3.0,1,0.0,1,Medium
3.0,3.0,3.0,2.0,1.0,51.0,55.0,4.0,0.242,2,5.0,5.0,5.0,5.0,1.0,1.0,1.0,1.0,1.0,1.0,3,3,8,4.0,4.0,4.0,3.0,5.0,2.0,3.0,3.0,4,0.0,1,Medium
5.0,3.0,5.0,2.0,0.0,41.0,41.0,4.0,0.712,3,5.0,3.0,3.0,3.0,1.0,1.0,1.0,1.0,1.0,1.0,4,1,5,2.0,3.0,3.0,3.0,2.0,4.0,3.0,4.0,2,0.0,0,Low
4.0,4.0,2.0,8.0,1.0,58.0,58.0,4.0,0.242,3,5.0,4.0,5.0,5.0,1.0,1.0,1.0,1.0,1.0,1.0,5,5,8,5.0,5.0,5.0,5.0,6.0,2.0,3.0,4.0,4,0.0,1,Medium
4.0,4.0,2.0,1.0,1.0,69.0,65.0,3.0,-0.57,3,5.0,5.0,1.0,5.0,1.0,1.0,1.0,1.0,1.0,1.0,5,3,7,4.0,4.0,4.0,4.0,5.0,1.0,3.0,3.0,8,0.0,1,High
4.0,4.0,3.0,2.0,0.0,51.0,63.0,4.0,-0.57,3,5.0,4.0,3.0,5.0,1.0,1.0,1.0,1.0,1.0,1.0,2,2,5,5.0,4.0,3.0,5.0,6.0,2.0,3.0,3.0,2,0.0,1,High
3.0,3.0,4.0,,0.0,42.0,43.0,3.0,-0.57,3,3.0,3.0,2.0,4.0,2.0,2.0,1.0,2.0,1.0,1.0,4,1,3,3.0,3.0,4.0,3.0,4.0,3.0,2.0,2.0,3,3.0,0,Low
4.0,3.0,3.0,4.0,1.0,42.0,58.0,3.0,-1.215,1,4.0,4.0,4.0,4.0,1.0,1.0,1.0,1.0,1.0,1.0,2,2,8,4.0,3.0,4.0,4.0,5.0,2.0,3.0,3.0,5,0.0,1,Medium
5.0,3.0,4.0,8.0,1.0,52.0,42.0,3.0,0.712,2,5.0,5.0,1.0,5.0,1.0,1.0,1.0,1.0,1.0,1.0,2,1,2,4.0,4.0,4.0,4.0,5.0,1.0,3.0,4.0,6,0.0,0,Low
3.0,3.0,3.0,3.0,1.0,43.0,50.0,3.0,-1.485,2,3.0,3.0,3.0,4.0,1.0,1.0,1.0,1.0,1.0,1.0,3,1,2,3.0,4.0,4.0,3.0,4.0,2.0,3.0,3.0,2,0.0,0,Medium
3.0,3.0,4.0,2.0,0.0,31.0,60.0,2.0,-1.215,2,5.0,5.0,5.0,5.0,1.0,1.0,1.0,1.0,1.0,1.0,1,1,4,3.0,3.0,3.0,3.0,4.0,2.0,2.0,2.0,4,0.0,1,Medium
5.0,3.0,2.0,8.0,0.0,62.0,34.0,3.0,0.712,3,5.0,4.0,1.0,5.0,2.0,1.0,1.0,1.0,1.0,1.0,4,1,1,5.0,3.0,3.0,3.0,1.0,3.0,3.0,2.0,6,1.0,0,Low
4.0,4.0,5.0,2.0,1.0,56.0,58.0,4.0,-0.188,3,5.0,4.0,5.0,4.0,1.0,1.0,1.0,2.0,2.0,1.0,5,4,7,5.0,5.0,5.0,5.0,6.0,1.0,4.0,4.0,2,2.0,1,Medium
3.0,5.0,3.0,2.0,1.0,77.0,67.0,4.0,-0.188,3,5.0,4.0,5.0,5.0,1.0,1.0,1.0,1.0,1.0,1.0,3,2,6,5.0,4.0,5.0,3.0,6.0,2.0,4.0,4.0,1,0.0,1,High
5.0,3.0,4.0,5.0,1.0,40.0,40.0,3.0,0.712,2,5.0,3.0,2.0,5.0,1.0,1.0,1.0,1.0,1.0,1.0,5,4,6,5.0,4.0,5.0,2.0,2.0,3.0,2.0,3.0,2,0.0,0,Low
4.0,3.0,2.0,2.0,0.0,37.0,48.0,3.0,-0.188,3,5.0,1.0,5.0,5.0,1.0,1.0,1.0,1.0,1.0,1.0,5,2,8,4.0,2.0,3.0,2.0,5.0,2.0,3.0,3.0,2,0.0,0,Medium
4.0,3.0,3.0,2.0,1.0,40.0,43.0,3.0,-0.188,3,4.0,2.0,1.0,5.0,1.0,1.0,1.0,1.0,1.0,1.0,3,4,7,2.0,2.0,3.0,1.0,5.0,3.0,2.0,2.0,3,0.0,0,Low
5.0,4.0,4.0,3.0,1.0,45.0,68.0,4.0,0.712,3,5.0,4.0,5.0,5.0,1.0,1.0,1.0,1.0,1.0,1.0,5,2,7,3.0,4.0,4.0,3.0,6.0,2.0,3.0,4.0,6,0.0,1,High
5.0,5.0,3.0,2.0,1.0,55.0,51.0,4.0,0.712,3,5.0,5.0,5.0,5.0,1.0,1.0,1.0,1.0,1.0,1.0,4,2,7,3.0,4.0,4.0,3.0,6.0,2.0,3.0,4.0,1,0.0,0,Medium
5.0,1.0,1.0,1.0,0.0,37.0,49.0,3.0,-0.57,2,5.0,3.0,2.0,5.0,1.0,1.0,1.0,1.0,1.0,1.0,2,2,5,2.0,2.0,3.0,2.0,2.0,2.0,1.0,3.0,4,0.0,0,Medium
5.0,4.0,2.0,3.0,0.0,44.0,72.0,4.0,-0.57,3,5.0,5.0,5.0,5.0,1.0,1.0,1.0,1.0,1.0,1.0,2,2,3,3.0,3.0,2.0,3.0,6.0,3.0,3.0,3.0,6,0.0,1,High
4.0,5.0,3.0,3.0,1.0,51.0,47.0,3.0,-0.57,0,3.0,5.0,5.0,3.0,2.0,2.0,3.0,3.0,2.0,3.0,3,3,1,4.0,4.0,3.0,5.0,4.0,4.0,2.0,3.0,3,6.0,0,Medium
4.0,4.0,3.0,8.0,0.0,52.0,65.0,3.0,0.242,2,4.0,3.0,3.0,4.0,1.0,1.0,1.0,1.0,1.0,1.0,3,2,7,4.0,4.0,4.0,4.0,5.0,2.0,2.0,3.0,7,0.0,1,High
3.0,3.0,2.0,2.0,0.0,41.0,45.0,3.0,-1.713,2,5.0,4.0,4.0,4.0,1.0,1.0,1.0,1.0,1.0,1.0,1,4,1,2.0,2.0,2.0,2.0,4.0,1.0,3.0,3.0,3,0.0,0,Medium
5.0,4.0,4.0,2.0,1.0,54.0,33.0,4.0,0.712,3,5.0,4.0,5.0,5.0,2.0,1.0,1.0,2.0,1.0,1.0,3,4,4,5.0,4.0,3.0,4.0,4.0,3.0,3.0,4.0,4,2.0,0,Low
3.0,3.0,5.0,2.0,0.0,44.0,41.0,3.0,-1.215,2,2.0,3.0,3.0,3.0,1.0,1.0,1.0,1.0,1.0,1.0,3,4,5,3.0,4.0,3.0,3.0,3.0,2.0,3.0,3.0,2,0.0,0,Low
3.0,3.0,4.0,2.0,1.0,38.0,32.0,2.0,0.712,3,4.0,2.0,1.0,5.0,2.0,2.0,1.0,2.0,2.0,1.0,3,3,7,2.0,3.0,4.0,3.0,5.0,2.0,3.0,3.0,4,4.0,0,Low
5.0,5.0,4.0,2.0,1.0,55.0,61.0,4.0,1.267,3,5.0,5.0,4.0,5.0,1.0,1.0,1.0,1.0,1.0,1.0,5,2,7,4.0,4.0,4.0,5.0,6.0,1.0,3.0,4.0,2,0.0,1,High
5.0,5.0,3.0,3.0,1.0,67.0,62.0,4.0,0.712,3,5.0,4.0,4.0,5.0,1.0,1.0,1.0,1.0,1.0,1.0,4,4,9,4.0,4.0,4.0,4.0,5.0,2.0,3.0,4.0,2,0.0,1,High
3.0,3.0,2.0,2.0,1.0,56.0,49.0,3.0,-0.57,3,5.0,5.0,2.0,5.0,1.0,1.0,1.0,1.0,1.0,1.0,3,2,3,4.0,4.0,4.0,4.0,4.0,1.0,3.0,3.0,1,0.0,0,Medium
5.0,4.0,1.0,8.0,1.0,55.0,67.0,4.0,1.267,3,5.0,4.0,1.0,5.0,1.0,1.0,1.0,1.0,2.0,1.0,4,2,7,5.0,4.0,5.0,4.0,4.0,3.0,3.0,3.0,6,1.0,1,High
5.0,4.0,3.0,2.0,1.0,49.0,62.0,4.0,1.267,3,5.0,1.0,5.0,5.0,1.0,1.0,1.0,1.0,1.0,1.0,4,2,8,2.0,3.0,5.0,4.0,5.0,2.0,3.0,3.0,5,0.0,1,High
5.0,3.0,5.0,3.0,1.0,55.0,39.0,3.0,-0.57,3,4.0,5.0,1.0,5.0,2.0,2.0,3.0,1.0,2.0,1.0,2,3,5,5.0,4.0,4.0,3.0,5.0,2.0,3.0,3.0,1,4.0,0,Low
5.0,5.0,4.0,2.0,1.0,53.0,68.0,4.0,0.242,3,5.0,5.0,5.0,5.0,1.0,1.0,1.0,1.0,1.0,1.0,5,1,7,4.0,4.0,4.0,4.0,6.0,1.0,3.0,1.0,2,0.0,1,High
5.0,3.0,4.0,2.0,1.0,45.0,42.0,3.0,0.242,3,5.0,2.0,3.0,3.0,1.0,1.0,1.0,1.0,1.0,1.0,4,4,9,3.0,3.0,3.0,2.0,5.0,2.0,2.0,3.0,3,0.0,0,Low
5.0,5.0,2.0,8.0,1.0,69.0,74.0,4.0,1.267,3,5.0,5.0,5.0,5.0,1.0,1.0,1.0,1.0,1.0,1.0,5,3,8,5.0,5.0,5.0,5.0,5.0,1.0,4.0,4.0,6,0.0,1,High
5.0,5.0,2.0,8.0,1.0,82.0,76.0,3.0,0.712,3,5.0,5.0,5.0,5.0,1.0,1.0,1.0,1.0,1.0,1.0,5,2,9,4.0,4.0,5.0,5.0,6.0,1.0,3.0,3.0,7,0.0,1,High
5.0,3.0,2.0,2.0,1.0,56.0,67.0,3.0,1.267,3,5.0,5.0,5.0,5.0,1.0,1.0,1.0,1.0,1.0,1.0,4,3,8,5.0,4.0,3.0,2.0,4.0,1.0,3.0,3.0,3,0.0,1,High
4.0,4.0,3.0,2.0,1.0,53.0,61.0,3.0,1.267,3,5.0,4.0,5.0,3.0,1.0,1.0,1.0,1.0,1.0,1.0,2,1,3,4.0,4.0,4.0,4.0,5.0,2.0,3.0,3.0,5,0.0,1,High
3.0,3.0,3.0,2.0,1.0,42.0,49.0,4.0,-1.215,1,3.0,3.0,3.0,3.0,2.0,2.0,2.0,2.0,2.0,2.0,2,3,3,3.0,3.0,3.0,3.0,4.0,3.0,3.0,3.0,4,6.0,0,Medium
5.0,5.0,4.0,2.0,0.0,56.0,66.0,3.0,-0.188,3,5.0,5.0,3.0,5.0,1.0,1.0,1.0,1.0,1.0,1.0,3,4,7,4.0,4.0,4.0,4.0,5.0,2.0,3.0,3.0,3,0.0,1,High
5.0,4.0,4.0,2.0,1.0,50.0,56.0,4.0,-0.188,3,5.0,4.0,5.0,4.0,1.0,1.0,1.0,1.0,1.0,1.0,5,3,8,2.0,4.0,4.0,2.0,6.0,2.0,3.0,4.0,2,0.0,1,Medium
5.0,2.0,2.0,,0.0,49.0,45.0,2.0,0.712,3,5.0,2.0,2.0,3.0,1.0,1.0,1.0,1.0,1.0,1.0,5,5,9,2.0,2.0,4.0,1.0,1.0,2.0,2.0,3.0,4,0.0,0,Medium
4.0,3.0,3.0,1.0,1.0,39.0,50.0,4.0,-1.215,2,5.0,5.0,5.0,5.0,1.0,1.0,1.0,1.0,1.0,1.0,2,2,1,4.0,4.0,4.0,4.0,4.0,1.0,1.0,1.0,3,0.0,0,Medium
4.0,3.0,5.0,4.0,0.0,43.0,50.0,3.0,0.712,3,5.0,4.0,1.0,3.0,1.0,1.0,1.0,1.0,1.0,1.0,2,3,7,4.0,4.0,3.0,2.0,3.0,3.0,3.0,2.0,4,0.0,0,Medium
4.0,4.0,4.0,2.0,1.0,53.0,56.0,3.0,0.242,3,3.0,3.0,1.0,5.0,1.0,1.0,1.0,1.0,1.0,1.0,5,4,9,2.0,2.0,4.0,2.0,5.0,2.0,2.0,3.0,4,0.0,1,Medium
5.0,4.0,4.0,2.0,1.0,50.0,59.0,4.0,0.712,3,5.0,3.0,5.0,5.0,1.0,1.0,1.0,1.0,1.0,1.0,3,2,8,3.0,3.0,3.0,3.0,5.0,3.0,3.0,3.0,4,0.0,1,Medium
4.0,5.0,3.0,8.0,1.0,69.0,71.0,4.0,0.242,3,5.0,5.0,5.0,5.0,1.0,1.0,1.0,1.0,1.0,1.0,3,1,4,5.0,4.0,5.0,4.0,6.0,2.0,4.0,4.0,6,0.0,1,High
5.0,4.0,4.0,2.0,1.0,51.0,63.0,3.0,0.242,3,5.0,5.0,5.0,5.0,1.0,1.0,1.0,1.0,1.0,1.0,2,2,8,3.0,4.0,4.0,3.0,5.0,2.0,4.0,3.0,5,0.0,1,High
5.0,5.0,1.0,8.0,1.0,63.0,68.0,4.0,1.267,3,5.0,5.0,5.0,4.0,1.0,1.0,1.0,1.0,1.0,1.0,5,1,9,4.0,5.0,5.0,5.0,6.0,1.0,3.0,3.0,8,0.0,1,High
5.0,3.0,5.0,2.0,1.0,34.0,50.0,3.0,-0.57,2,5.0,3.0,5.0,5.0,1.0,1.0,1.0,1.0,1.0,1.0,5,1,8,2.0,2.0,3.0,2.0,6.0,2.0,3.0,2.0,5,0.0,0,Medium
2.0,2.0,3.0,7.0,1.0,29.0,47.0,3.0,-0.909,1,5.0,5.0,5.0,5.0,3.0,2.0,2.0,2.0,2.0,2.0,2,5,1,4.0,4.0,4.0,4.0,5.0,3.0,3.0,3.0,1,6.0,0,Medium
4.0,3.0,4.0,2.0,0.0,34.0,50.0,3.0,-0.909,1,2.0,1.0,2.0,3.0,2.0,1.0,2.0,2.0,1.0,1.0,4,4,7,4.0,4.0,3.0,3.0,3.0,3.0,3.0,3.0,4,3.0,0,Medium
2.0,3.0,1.0,5.0,0.0,45.0,30.0,3.0,-0.909,1,4.0,3.0,2.0,4.0,2.0,3.0,1.0,1.0,1.0,1.0,3,2,5,4.0,4.0,4.0,4.0,1.0,1.0,3.0,1.0,5,2.0,0,Low
4.0,4.0,1.0,2.0,1.0,53.0,65.0,4.0,-1.485,2,5.0,5.0,1.0,5.0,2.0,2.0,1.0,1.0,1.0,1.0,2,4,3,5.0,4.0,4.0,4.0,6.0,1.0,4.0,3.0,4,2.0,1,High
3.0,3.0,5.0,4.0,1.0,33.0,38.0,2.0,-0.909,1,3.0,2.0,1.0,4.0,3.0,3.0,2.0,3.0,3.0,1.0,1,4,3,3.0,5.0,4.0,4.0,3.0,4.0,1.0,2.0,3,5.0,0,Low
5.0,4.0,5.0,1.0,0.0,51.0,62.0,3.0,0.712,3,4.0,4.0,5.0,4.0,1.0,1.0,1.0,1.0,1.0,1.0,4,1,6,4.0,2.0,3.0,1.0,5.0,1.0,3.0,3.0,4,0.0,1,High
4.0,4.0,2.0,8.0,1.0,48.0,59.0,3.0,0.712,3,5.0,4.0,5.0,5.0,1.0,1.0,1.0,1.0,1.0,1.0,2,2,5,4.0,4.0,4.0,3.0,4.0,2.0,3.0,3.0,8,0.0,1,Medium
2.0,2.0,,,1.0,42.0,50.0,3.0,-1.9,0,5.0,4.0,4.0,4.0,,,,,,,2,4,2,4.0,4.0,4.0,4.0,6.0,,,,3,,0,Medium
3.0,4.0,2.0,8.0,,50.0,61.0,4.0,0.242,3,5.0,4.0,5.0,5.0,1.0,1.0,1.0,1.0,1.0,1.0,4,2,6,4.0,4.0,4.0,4.0,5.0,1.0,3.0,3.0,8,0.0,1,High
5.0,4.0,2.0,8.0,0.0,69.0,95.0,4.0,1.267,3,5.0,3.0,5.0,3.0,1.0,1.0,1.0,1.0,1.0,1.0,5,2,9,1.0,3.0,3.0,4.0,6.0,2.0,3.0,4.0,6,0.0,1,High
4.0,4.0,4.0,6.0,0.0,50.0,39.0,3.0,-0.909,0,5.0,3.0,1.0,3.0,1.0,1.0,1.0,2.0,2.0,1.0,2,2,1,4.0,4.0,4.0,4.0,5.0,3.0,3.0,3.0,3,2.0,0,Low
4.0,5.0,3.0,2.0,1.0,48.0,60.0,3.0,0.242,2,3.0,4.0,3.0,3.0,1.0,1.0,1.0,1.0,1.0,1.0,4,2,8,4.0,4.0,4.0,3.0,5.0,2.0,3.0,3.0,2,0.0,1,Medium
3.0,2.0,4.0,3.0,0.0,44.0,47.0,3.0,-1.713,0,3.0,2.0,2.0,3.0,3.0,1.0,2.0,1.0,2.0,2.0,2,4,2,2.0,2.0,3.0,3.0,3.0,1.0,2.0,2.0,2,4.0,0,Medium
4.0,4.0,2.0,2.0,1.0,52.0,56.0,4.0,-0.188,3,4.0,4.0,4.0,4.0,1.0,1.0,1.0,1.0,1.0,1.0,4,2,2,4.0,4.0,4.0,4.0,4.0,2.0,3.0,3.0,2,0.0,1,Medium
4.0,4.0,3.0,7.0,0.0,49.0,55.0,3.0,-1.485,3,5.0,3.0,1.0,1.0,2.0,2.0,1.0,1.0,1.0,1.0,1,2,1,3.0,4.0,3.0,4.0,5.0,1.0,4.0,3.0,3,2.0,1,Medium
4.0,4.0,3.0,2.0,1.0,47.0,68.0,4.0,0.712,3,5.0,1.0,4.0,2.0,1.0,1.0,1.0,1.0,1.0,1.0,4,2,7,3.0,3.0,4.0,2.0,6.0,1.0,4.0,4.0,6,0.0,1,High
3.0,4.0,4.0,6.0,1.0,36.0,72.0,4.0,-0.57,2,1.0,4.0,1.0,1.0,1.0,1.0,1.0,1.0,1.0,1.0,1,4,4,4.0,5.0,5.0,4.0,3.0,3.0,3.0,2.0,4,0.0,1,High
4.0,4.0,3.0,3.0,1.0,57.0,62.0,3.0,0.242,3,5.0,5.0,5.0,5.0,1.0,1.0,1.0,1.0,1.0,1.0,4,4,9,4.0,4.0,4.0,4.0,6.0,1.0,3.0,3.0,6,0.0,1,High
5.0,5.0,2.0,2.0,0.0,50.0,66.0,4.0,1.267,3,5.0,5.0,5.0,5.0,1.0,1.0,1.0,1.0,1.0,1.0,5,2,9,5.0,3.0,3.0,2.0,5.0,2.0,3.0,3.0,5,0.0,1,High
5.0,4.0,2.0,8.0,1.0,54.0,63.0,3.0,-0.188,2,5.0,4.0,2.0,4.0,1.0,1.0,1.0,1.0,1.0,1.0,5,2,8,4.0,5.0,4.0,4.0,6.0,2.0,3.0,3.0,6,0.0,1,High
5.0,5.0,4.0,2.0,1.0,54.0,78.0,4.0,0.712,3,5.0,5.0,5.0,5.0,1.0,1.0,1.0,1.0,1.0,1.0,5,2,9,4.0,5.0,4.0,4.0,6.0,2.0,2.0,4.0,4,0.0,1,High
4.0,3.0,3.0,4.0,1.0,42.0,53.0,3.0,-0.909,2,5.0,5.0,3.0,3.0,1.0,1.0,1.0,1.0,1.0,1.0,2,4,7,3.0,2.0,3.0,2.0,4.0,3.0,2.0,2.0,4,0.0,0,Medium
4.0,4.0,5.0,2.0,1.0,58.0,52.0,4.0,1.267,3,5.0,4.0,5.0,4.0,1.0,1.0,1.0,1.0,1.0,1.0,4,5,8,4.0,4.0,4.0,4.0,5.0,2.0,3.0,4.0,4,0.0,0,Medium
3.0,3.0,4.0,2.0,1.0,45.0,44.0,3.0,-0.188,2,2.0,2.0,2.0,2.0,1.0,1.0,1.0,1.0,2.0,1.0,4,2,7,5.0,5.0,5.0,4.0,3.0,1.0,3.0,3.0,3,1.0,0,Medium
4.0,5.0,3.0,2.0,1.0,60.0,68.0,4.0,0.712,3,5.0,5.0,5.0,5.0,1.0,1.0,1.0,1.0,1.0,1.0,4,1,8,5.0,5.0,5.0,5.0,6.0,2.0,3.0,4.0,5,0.0,1,High
2.0,2.0,4.0,6.0,0.0,35.0,52.0,2.0,-0.909,2,5.0,4.0,4.0,5.0,1.0,1.0,1.0,1.0,1.0,1.0,2,2,2,4.0,2.0,4.0,2.0,3.0,3.0,2.0,2.0,4,0.0,0,Medium
5.0,5.0,3.0,8.0,0.0,60.0,82.0,4.0,1.267,3,5.0,5.0,5.0,5.0,1.0,1.0,1.0,1.0,1.0,1.0,5,2,9,5.0,5.0,5.0,5.0,6.0,1.0,3.0,4.0,6,0.0,1,High
5.0,4.0,4.0,8.0,0.0,45.0,35.0,3.0,0.242,3,5.0,5.0,2.0,4.0,1.0,1.0,1.0,2.0,2.0,1.0,2,2,3,5.0,4.0,2.0,2.0,2.0,3.0,2.0,3.0,8,2.0,0,Low
3.0,3.0,4.0,4.0,1.0,47.0,57.0,3.0,-0.909,2,4.0,4.0,4.0,5.0,1.0,1.0,1.0,1.0,1.0,1.0,4,4,9,4.0,4.0,4.0,4.0,5.0,3.0,3.0,3.0,3,0.0,1,Medium
5.0,5.0,1.0,8.0,1.0,51.0,79.0,4.0,0.712,3,5.0,5.0,5.0,5.0,1.0,1.0,1.0,1.0,1.0,1.0,2,2,2,3.0,3.0,3.0,2.0,4.0,2.0,3.0,3.0,8,0.0,1,High
4.0,4.0,3.0,2.0,1.0,52.0,60.0,4.0,1.267,3,5.0,4.0,5.0,4.0,1.0,1.0,1.0,1.0,1.0,1.0,4,1,8,2.0,4.0,4.0,3.0,3.0,2.0,3.0,3.0,4,0.0,1,Medium
5.0,5.0,5.0,2.0,1.0,60.0,32.0,3.0,-1.215,1,4.0,3.0,4.0,4.0,2.0,2.0,3.0,2.0,2.0,2.0,2,4,2,4.0,5.0,4.0,5.0,6.0,3.0,4.0,4.0,2,6.0,0,Low
5.0,3.0,3.0,2.0,0.0,25.0,48.0,3.0,0.242,3,5.0,2.0,1.0,5.0,1.0,1.0,1.0,1.0,1.0,1.0,3,2,4,4.0,4.0,2.0,2.0,2.0,3.0,2.0,2.0,5,0.0,0,Medium
5.0,4.0,1.0,8.0,1.0,42.0,58.0,4.0,0.712,3,5.0,5.0,4.0,5.0,1.0,1.0,1.0,1.0,1.0,1.0,4,2,3,4.0,4.0,4.0,2.0,6.0,1.0,3.0,3.0,6,0.0,1,Medium
4.0,3.0,3.0,8.0,0.0,44.0,43.0,3.0,0.242,2,5.0,4.0,3.0,4.0,1.0,1.0,1.0,1.0,1.0,1.0,1,2,2,4.0,4.0,3.0,2.0,3.0,1.0,2.0,2.0,7,0.0,0,Low
5.0,4.0,5.0,1.0,1.0,62.0,70.0,4.0,0.242,3,5.0,5.0,5.0,5.0,1.0,1.0,1.0,1.0,2.0,1.0,2,2,3,1.0,4.0,4.0,2.0,6.0,1.0,4.0,4.0,7,1.0,1,High
4.0,3.0,2.0,8.0,0.0,21.0,51.0,3.0,-0.57,2,5.0,3.0,3.0,3.0,1.0,1.0,1.0,1.0,1.0,1.0,3,3,7,4.0,4.0,2.0,2.0,4.0,2.0,2.0,2.0,7,0.0,0,Medium
5.0,4.0,1.0,8.0,0.0,48.0,63.0,4.0,0.712,3,5.0,4.0,5.0,5.0,1.0,1.0,1.0,1.0,1.0,1.0,5,2,6,4.0,4.0,3.0,3.0,4.0,1.0,2.0,3.0,7,0.0,1,High
4.0,3.0,3.0,2.0,1.0,48.0,33.0,3.0,-0.909,1,4.0,4.0,1.0,5.0,2.0,2.0,1.0,1.0,1.0,1.0,3,2,4,4.0,5.0,4.0,4.0,5.0,2.0,3.0,4.0,3,2.0,0,Low
5.0,2.0,4.0,2.0,1.0,38.0,53.0,3.0,-0.188,3,4.0,1.0,3.0,4.0,1.0,1.0,1.0,1.0,1.0,1.0,2,2,7,1.0,3.0,3.0,2.0,2.0,2.0,2.0,3.0,6,0.0,0,Medium
4.0,3.0,5.0,7.0,0.0,37.0,29.0,1.0,-1.485,1,5.0,3.0,2.0,5.0,3.0,3.0,1.0,1.0,2.0,1.0,2,1,2,4.0,4.0,3.0,4.0,2.0,3.0,3.0,3.0,6,3.0,0,Low
4.0,3.0,4.0,4.0,0.0,42.0,45.0,3.0,-1.215,2,5.0,3.0,1.0,3.0,2.0,2.0,1.0,1.0,1.0,1.0,2,4,3,4.0,4.0,3.0,3.0,2.0,3.0,2.0,3.0,2,2.0,0,Medium
4.0,3.0,4.0,2.0,1.0,51.0,57.0,4.0,0.242,3,4.0,4.0,1.0,5.0,1.0,1.0,1.0,1.0,1.0,1.0,3,2,7,4.0,4.0,4.0,3.0,4.0,2.0,3.0,3.0,3,0.0,1,Medium
5.0,5.0,3.0,8.0,1.0,52.0,69.0,4.0,0.712,3,5.0,5.0,4.0,5.0,1.0,1.0,1.0,1.0,1.0,1.0,5,2,9,4.0,4.0,4.0,3.0,5.0,1.0,4.0,3.0,7,0.0,1,High
5.0,4.0,3.0,8.0,1.0,56.0,37.0,4.0,-1.713,2,5.0,5.0,1.0,5.0,2.0,1.0,1.0,2.0,1.0,1.0,3,1,1,5.0,5.0,4.0,4.0,6.0,1.0,3.0,3.0,8,2.0,0,Low
5.0,5.0,3.0,8.0,1.0,51.0,56.0,4.0,0.712,3,4.0,4.0,4.0,2.0,1.0,1.0,1.0,1.0,1.0,1.0,5,2,7,4.0,4.0,4.0,4.0,5.0,3.0,4.0,4.0,6,0.0,1,Medium
4.0,3.0,2.0,8.0,1.0,41.0,55.0,3.0,0.712,3,5.0,3.0,3.0,4.0,1.0,1.0,1.0,1.0,1.0,1.0,4,3,7,4.0,4.0,4.0,2.0,3.0,2.0,3.0,3.0,8,0.0,1,Medium
3.0,3.0,3.0,2.0,0.0,46.0,49.0,2.0,-1.713,2,3.0,3.0,3.0,3.0,2.0,2.0,2.0,2.0,2.0,2.0,4,4,9,3.0,3.0,3.0,3.0,4.0,3.0,3.0,3.0,3,6.0,0,Medium
4.0,3.0,4.0,3.0,1.0,41.0,44.0,3.0,-0.188,3,4.0,3.0,2.0,4.0,1.0,1.0,1.0,1.0,1.0,1.0,2,4,4,3.0,3.0,3.0,3.0,2.0,2.0,2.0,3.0,2,0.0,0,Medium
5.0,5.0,2.0,2.0,1.0,60.0,63.0,4.0,-0.188,3,5.0,5.0,5.0,5.0,1.0,1.0,1.0,1.0,1.0,1.0,3,2,3,4.0,4.0,4.0,4.0,5.0,1.0,4.0,4.0,6,0.0,1,High
5.0,5.0,2.0,4.0,1.0,67.0,51.0,4.0,-0.57,3,5.0,5.0,4.0,5.0,1.0,1.0,1.0,1.0,1.0,1.0,2,3,8,4.0,4.0,4.0,4.0,4.0,2.0,3.0,3.0,4,0.0,0,Medium
3.0,3.0,3.0,2.0,0.0,19.0,47.0,3.0,0.242,3,5.0,3.0,5.0,3.0,1.0,1.0,1.0,1.0,1.0,1.0,2,1,3,3.0,2.0,3.0,3.0,5.0,3.0,3.0,3.0,4,0.0,0,Medium
4.0,3.0,4.0,2.0,1.0,48.0,50.0,3.0,-0.188,3,4.0,3.0,2.0,4.0,1.0,1.0,1.0,1.0,1.0,1.0,5,1,9,4.0,3.0,4.0,3.0,4.0,2.0,2.0,4.0,4,0.0,0,Medium
4.0,4.0,3.0,4.0,0.0,53.0,69.0,3.0,-0.188,3,5.0,5.0,5.0,5.0,1.0,1.0,1.0,1.0,1.0,1.0,2,2,3,4.0,4.0,4.0,4.0,5.0,3.0,3.0,3.0,8,0.0,1,High
4.0,4.0,4.0,4.0,0.0,45.0,44.0,3.0,-0.188,2,5.0,4.0,2.0,5.0,1.0,1.0,1.0,2.0,1.0,1.0,2,5,2,5.0,5.0,3.0,3.0,3.0,1.0,3.0,3.0,4,1.0,0,Medium
5.0,4.0,2.0,8.0,1.0,59.0,81.0,4.0,-0.188,3,5.0,5.0,5.0,4.0,1.0,1.0,1.0,1.0,1.0,1.0,4,1,4,4.0,2.0,4.0,3.0,3.0,2.0,3.0,3.0,8,0.0,1,High
5.0,5.0,5.0,2.0,1.0,69.0,52.0,4.0,0.712,3,5.0,3.0,5.0,5.0,1.0,1.0,1.0,1.0,1.0,1.0,4,2,8,4.0,4.0,4.0,2.0,6.0,1.0,4.0,3.0,2,0.0,0,Medium
5.0,4.0,3.0,8.0,0.0,70.0,67.0,3.0,0.242,2,5.0,4.0,5.0,5.0,1.0,1.0,1.0,1.0,1.0,1.0,4,2,4,4.0,4.0,5.0,4.0,5.0,2.0,3.0,3.0,7,0.0,1,High
5.0,3.0,3.0,2.0,1.0,51.0,60.0,4.0,1.267,3,5.0,4.0,5.0,5.0,1.0,1.0,1.0,1.0,1.0,1.0,4,1,7,4.0,4.0,4.0,4.0,6.0,2.0,3.0,3.0,2,0.0,1,Medium
5.0,4.0,2.0,8.0,0.0,55.0,69.0,4.0,0.712,3,5.0,4.0,5.0,5.0,1.0,1.0,1.0,1.0,1.0,1.0,3,4,9,3.0,3.0,3.0,3.0,4.0,2.0,3.0,3.0,6,0.0,1,High
5.0,5.0,2.0,8.0,1.0,64.0,59.0,4.0,0.242,2,5.0,5.0,5.0,5.0,1.0,1.0,1.0,1.0,1.0,1.0,5,2,8,5.0,5.0,5.0,5.0,6.0,2.0,3.0,4.0,8,0.0,1,Medium
4.0,4.0,3.0,,1.0,55.0,48.0,4.0,0.242,2,5.0,5.0,4.0,5.0,1.0,1.0,1.0,1.0,1.0,1.0,5,1,8,4.0,4.0,4.0,4.0,5.0,3.0,3.0,3.0,5,0.0,0,Medium
4.0,4.0,4.0,2.0,1.0,43.0,45.0,4.0,-0.188,3,5.0,5.0,5.0,3.0,1.0,1.0,1.0,1.0,1.0,1.0,4,4,8,4.0,3.0,4.0,3.0,6.0,2.0,4.0,3.0,4,0.0,0,Medium
5.0,5.0,1.0,8.0,1.0,80.0,77.0,4.0,0.242,3,5.0,5.0,5.0,5.0,1.0,1.0,1.0,1.0,1.0,1.0,2,2,5,4.0,4.0,3.0,3.0,5.0,1.0,4.0,3.0,8,0.0,1,High
5.0,4.0,3.0,8.0,1.0,46.0,62.0,3.0,1.267,3,5.0,4.0,4.0,5.0,1.0,1.0,1.0,1.0,1.0,1.0,4,2,8,4.0,4.0,4.0,4.0,4.0,2.0,3.0,3.0,7,0.0,1,High
4.0,3.0,5.0,6.0,1.0,44.0,35.0,2.0,-0.909,1,3.0,2.0,1.0,2.0,3.0,3.0,1.0,1.0,1.0,2.0,2,3,3,4.0,4.0,4.0,3.0,3.0,1.0,1.0,3.0,2,3.0,0,Low
3.0,4.0,3.0,2.0,0.0,45.0,63.0,3.0,0.242,3,5.0,4.0,5.0,4.0,1.0,1.0,1.0,1.0,1.0,1.0,3,5,8,3.0,4.0,4.0,4.0,6.0,2.0,2.0,3.0,5,0.0,1,High
5.0,5.0,3.0,2.0,1.0,63.0,61.0,3.0,0.242,2,5.0,4.0,4.0,5.0,1.0,1.0,1.0,2.0,1.0,1.0,3,5,6,5.0,5.0,5.0,5.0,6.0,1.0,3.0,3.0,2,1.0,1,High
4.0,3.0,4.0,8.0,0.0,51.0,55.0,3.0,0.712,3,5.0,3.0,5.0,5.0,1.0,1.0,1.0,1.0,1.0,1.0,5,2,7,3.0,4.0,4.0,3.0,5.0,2.0,3.0,3.0,6,0.0,1,Medium
5.0,3.0,2.0,8.0,0.0,47.0,63.0,3.0,0.242,3,4.0,4.0,4.0,3.0,1.0,1.0,1.0,1.0,1.0,1.0,5,2,9,4.0,3.0,4.0,3.0,4.0,2.0,1.0,2.0,6,0.0,1,High
4.0,3.0,4.0,2.0,1.0,47.0,36.0,2.0,-0.188,3,5.0,3.0,5.0,5.0,1.0,1.0,1.0,3.0,2.0,1.0,4,2,6,3.0,4.0,4.0,2.0,5.0,2.0,3.0,3.0,2,2.0,0,Low
5.0,4.0,2.0,8.0,0.0,58.0,69.0,3.0,-0.909,3,5.0,4.0,5.0,5.0,1.0,1.0,1.0,1.0,1.0,1.0,2,2,7,2.0,4.0,3.0,3.0,5.0,2.0,3.0,3.0,8,0.0,1,High
4.0,4.0,5.0,2.0,1.0,56.0,29.0,3.0,-0.57,2,4.0,3.0,3.0,5.0,3.0,3.0,1.0,2.0,1.0,1.0,2,3,6,5.0,5.0,5.0,5.0,2.0,3.0,2.0,3.0,3,3.0,0,Low
4.0,2.0,2.0,2.0,1.0,37.0,38.0,2.0,0.242,3,4.0,4.0,2.0,5.0,1.0,1.0,1.0,1.0,1.0,1.0,4,2,5,2.0,1.0,4.0,1.0,5.0,3.0,2.0,2.0,5,0.0,0,Low
5.0,5.0,5.0,2.0,1.0,85.0,69.0,4.0,0.712,3,5.0,3.0,5.0,5.0,1.0,1.0,1.0,1.0,1.0,1.0,5,5,9,5.0,4.0,3.0,2.0,2.0,2.0,4.0,4.0,3,0.0,1,High
5.0,3.0,4.0,2.0,1.0,34.0,34.0,3.0,0.712,3,5.0,3.0,3.0,3.0,1.0,1.0,1.0,2.0,1.0,1.0,5,2,7,4.0,2.0,4.0,2.0,5.0,2.0,3.0,3.0,4,1.0,0,Low
5.0,4.0,2.0,8.0,1.0,53.0,82.0,4.0,0.712,2,5.0,5.0,5.0,4.0,1.0,1.0,1.0,1.0,1.0,1.0,2,2,8,4.0,4.0,4.0,4.0,6.0,1.0,3.0,4.0,7,0.0,1,High
5.0,4.0,2.0,2.0,1.0,61.0,66.0,4.0,1.267,3,5.0,4.0,5.0,4.0,1.0,1.0,1.0,1.0,1.0,1.0,4,3,9,4.0,4.0,4.0,3.0,6.0,1.0,3.0,3.0,4,0.0,1,High
5.0,4.0,3.0,8.0,0.0,48.0,58.0,3.0,-0.188,2,5.0,5.0,5.0,5.0,1.0,1.0,1.0,1.0,1.0,1.0,2,3,2,4.0,4.0,3.0,3.0,6.0,3.0,3.0,3.0,8,0.0,1,Medium
5.0,4.0,3.0,2.0,1.0,47.0,57.0,4.0,0.712,3,5.0,4.0,5.0,4.0,1.0,1.0,1.0,1.0,1.0,1.0,4,3,9,4.0,4.0,4.0,2.0,2.0,1.0,2.0,3.0,4,0.0,1,Medium
5.0,5.0,2.0,8.0,0.0,78.0,73.0,3.0,0.242,3,5.0,5.0,4.0,5.0,1.0,1.0,1.0,1.0,1.0,1.0,4,2,8,4.0,5.0,5.0,5.0,5.0,2.0,3.0,3.0,7,0.0,1,High
3.0,3.0,4.0,2.0,0.0,43.0,68.0,4.0,-0.188,3,5.0,4.0,5.0,5.0,1.0,1.0,1.0,1.0,1.0,1.0,4,2,9,4.0,4.0,4.0,4.0,6.0,1.0,3.0,3.0,5,0.0,1,High
4.0,2.0,4.0,2.0,0.0,23.0,53.0,2.0,1.267,3,5.0,1.0,5.0,4.0,1.0,1.0,1.0,1.0,1.0,1.0,2,2,6,2.0,2.0,2.0,2.0,2.0,3.0,2.0,2.0,4,0.0,0,Medium
5.0,1.0,3.0,7.0,0.0,36.0,55.0,1.0,1.267,3,5.0,1.0,5.0,5.0,1.0,1.0,1.0,1.0,1.0,1.0,4,1,1,1.0,2.0,2.0,1.0,1.0,2.0,3.0,2.0,4,0.0,1,Medium
5.0,4.0,3.0,8.0,1.0,56.0,60.0,4.0,0.712,3,5.0,5.0,5.0,5.0,1.0,1.0,1.0,1.0,1.0,1.0,2,2,6,4.0,3.0,4.0,4.0,2.0,2.0,3.0,3.0,6,0.0,1,Medium
5.0,5.0,4.0,2.0,1.0,46.0,37.0,2.0,-1.713,2,5.0,5.0,5.0,5.0,1.0,2.0,2.0,3.0,1.0,1.0,3,1,2,4.0,5.0,4.0,3.0,4.0,3.0,1.0,3.0,5,3.0,0,Low
5.0,4.0,3.0,8.0,1.0,41.0,56.0,3.0,0.712,3,5.0,5.0,5.0,5.0,1.0,1.0,1.0,1.0,1.0,1.0,3,1,2,4.0,4.0,4.0,2.0,5.0,2.0,3.0,3.0,8,0.0,1,Medium
5.0,4.0,2.0,2.0,1.0,49.0,55.0,4.0,0.242,3,5.0,4.0,2.0,5.0,1.0,1.0,1.0,1.0,1.0,1.0,3,2,8,2.0,4.0,4.0,2.0,6.0,1.0,3.0,3.0,4,0.0,1,Medium
5.0,4.0,4.0,2.0,1.0,69.0,62.0,4.0,0.242,3,5.0,5.0,5.0,4.0,1.0,1.0,1.0,1.0,1.0,1.0,3,2,9,5.0,4.0,5.0,4.0,6.0,3.0,2.0,4.0,3,0.0,1,High
3.0,4.0,4.0,2.0,1.0,45.0,48.0,,-1.215,0,3.0,3.0,4.0,4.0,2.0,2.0,2.0,2.0,2.0,2.0,3,4,8,3.0,3.0,4.0,4.0,5.0,3.0,3.0,3.0,2,6.0,0,Medium
4.0,4.0,3.0,3.0,1.0,43.0,75.0,4.0,-0.188,3,4.0,2.0,5.0,3.0,1.0,1.0,1.0,1.0,1.0,1.0,4,4,9,2.0,2.0,4.0,2.0,5.0,1.0,3.0,2.0,3,0.0,1,High
4.0,3.0,1.0,2.0,1.0,50.0,58.0,3.0,-0.57,2,5.0,4.0,3.0,4.0,1.0,1.0,1.0,1.0,1.0,1.0,3,2,8,4.0,4.0,4.0,4.0,2.0,1.0,3.0,3.0,3,0.0,1,Medium
4.0,4.0,3.0,8.0,0.0,60.0,74.0,4.0,0.242,3,5.0,4.0,5.0,5.0,1.0,1.0,1.0,1.0,1.0,1.0,3,2,8,3.0,3.0,2.0,3.0,5.0,3.0,3.0,3.0,5,0.0,1,High
5.0,3.0,3.0,2.0,1.0,42.0,64.0,3.0,1.267,3,5.0,5.0,5.0,3.0,1.0,1.0,1.0,1.0,1.0,1.0,5,3,9,4.0,3.0,4.0,2.0,5.0,2.0,3.0,3.0,6,0.0,1,High
4.0,4.0,5.0,2.0,1.0,63.0,66.0,4.0,0.242,3,5.0,4.0,5.0,5.0,1.0,1.0,1.0,1.0,1.0,1.0,4,5,8,4.0,4.0,5.0,5.0,5.0,3.0,3.0,3.0,4,0.0,1,High
4.0,2.0,3.0,2.0,1.0,48.0,44.0,3.0,0.712,3,5.0,3.0,2.0,3.0,1.0,1.0,1.0,1.0,1.0,1.0,5,3,8,3.0,2.0,3.0,2.0,2.0,3.0,3.0,3.0,2,0.0,0,Medium
4.0,3.0,2.0,7.0,0.0,43.0,61.0,3.0,0.712,3,5.0,4.0,5.0,5.0,1.0,1.0,1.0,1.0,1.0,1.0,2,2,7,4.0,3.0,3.0,2.0,4.0,2.0,3.0,3.0,6,0.0,1,High
3.0,3.0,3.0,6.0,0.0,42.0,49.0,3.0,-0.57,3,3.0,3.0,3.0,3.0,2.0,2.0,1.0,1.0,1.0,1.0,2,2,1,3.0,3.0,3.0,3.0,4.0,3.0,2.0,3.0,2,2.0,0,Medium
4.0,3.0,2.0,8.0,1.0,50.0,61.0,4.0,0.712,3,5.0,4.0,5.0,5.0,1.0,1.0,1.0,1.0,1.0,1.0,4,2,6,2.0,3.0,4.0,2.0,5.0,3.0,2.0,2.0,7,0.0,1,High
4.0,4.0,3.0,2.0,1.0,40.0,39.0,3.0,-0.188,2,4.0,4.0,1.0,5.0,1.0,1.0,1.0,2.0,1.0,1.0,2,1,3,4.0,4.0,3.0,4.0,6.0,1.0,3.0,3.0,6,1.0,0,Low
4.0,4.0,4.0,2.0,1.0,45.0,55.0,3.0,-0.188,3,5.0,4.0,5.0,5.0,1.0,1.0,1.0,1.0,1.0,1.0,5,3,7,3.0,4.0,3.0,4.0,5.0,3.0,3.0,3.0,2,0.0,1,Medium
5.0,4.0,4.0,8.0,1.0,63.0,63.0,3.0,-0.57,3,5.0,5.0,5.0,5.0,1.0,1.0,1.0,1.0,1.0,1.0,2,2,6,5.0,4.0,4.0,3.0,4.0,2.0,3.0,3.0,8,0.0,1,High
4.0,3.0,4.0,1.0,0.0,53.0,38.0,2.0,1.267,3,3.0,1.0,1.0,4.0,2.0,1.0,1.0,1.0,1.0,2.0,3,2,3,1.0,1.0,1.0,2.0,3.0,1.0,2.0,3.0,2,2.0,0,Low
3.0,3.0,4.0,2.0,1.0,48.0,31.0,3.0,0.712,3,3.0,2.0,1.0,4.0,2.0,1.0,1.0,2.0,1.0,2.0,3,3,2,2.0,2.0,2.0,1.0,2.0,4.0,2.0,2.0,2,3.0,0,Low
2.0,2.0,5.0,2.0,0.0,42.0,43.0,3.0,-0.188,3,5.0,1.0,5.0,5.0,2.0,1.0,2.0,3.0,1.0,2.0,3,2,3,1.0,1.0,1.0,1.0,4.0,4.0,2.0,2.0,2,4.0,0,Low
3.0,3.0,,,0.0,38.0,50.0,3.0,-1.215,3,3.0,3.0,3.0,3.0,2.0,2.0,2.0,2.0,2.0,2.0,4,2,8,3.0,3.0,3.0,3.0,4.0,,,,2,6.0,0,Medium
3.0,2.0,5.0,2.0,1.0,28.0,28.0,1.0,0.712,3,3.0,2.0,2.0,4.0,1.0,1.0,1.0,1.0,1.0,1.0,3,1,3,2.0,2.0,2.0,2.0,1.0,2.0,2.0,3.0,6,0.0,0,Low
4.0,3.0,2.0,8.0,0.0,53.0,52.0,2.0,-0.909,3,5.0,4.0,1.0,5.0,1.0,1.0,1.0,1.0,1.0,1.0,2,1,2,4.0,4.0,3.0,3.0,2.0,1.0,3.0,3.0,8,0.0,0,Medium
5.0,4.0,3.0,2.0,0.0,55.0,66.0,3.0,0.712,3,5.0,4.0,3.0,5.0,1.0,1.0,1.0,1.0,1.0,1.0,4,2,7,3.0,3.0,3.0,3.0,4.0,2.0,3.0,3.0,3,0.0,1,High
5.0,4.0,3.0,8.0,1.0,42.0,57.0,3.0,0.242,3,5.0,4.0,4.0,5.0,1.0,1.0,1.0,1.0,1.0,1.0,5,2,6,5.0,4.0,5.0,3.0,5.0,2.0,3.0,4.0,6,0.0,1,Medium
4.0,4.0,3.0,1.0,1.0,45.0,53.0,3.0,-0.909,3,5.0,4.0,2.0,4.0,1.0,1.0,2.0,2.0,2.0,1.0,4,3,8,4.0,4.0,4.0,4.0,4.0,3.0,3.0,3.0,2,3.0,0,Medium
4.0,3.0,2.0,8.0,1.0,40.0,60.0,3.0,-0.188,3,5.0,3.0,3.0,2.0,1.0,1.0,1.0,1.0,1.0,1.0,3,2,6,4.0,4.0,4.0,3.0,5.0,2.0,2.0,3.0,6,0.0,1,Medium
3.0,3.0,3.0,2.0,1.0,35.0,48.0,2.0,-0.57,3,4.0,4.0,4.0,2.0,1.0,1.0,1.0,1.0,1.0,1.0,2,4,2,4.0,4.0,4.0,4.0,3.0,2.0,2.0,2.0,4,0.0,0,Medium
4.0,4.0,4.0,,1.0,55.0,57.0,4.0,1.267,3,5.0,4.0,5.0,5.0,1.0,1.0,1.0,1.0,1.0,1.0,5,4,9,4.0,4.0,4.0,4.0,6.0,1.0,3.0,3.0,4,0.0,1,Medium
4.0,4.0,3.0,2.0,1.0,51.0,59.0,3.0,1.267,3,5.0,4.0,4.0,5.0,1.0,1.0,1.0,1.0,1.0,1.0,3,1,7,3.0,4.0,4.0,4.0,6.0,2.0,2.0,3.0,5,0.0,1,Medium
5.0,4.0,2.0,2.0,0.0,58.0,70.0,4.0,0.242,3,5.0,4.0,5.0,5.0,1.0,1.0,1.0,1.0,1.0,1.0,4,2,8,1.0,4.0,4.0,1.0,5.0,1.0,3.0,3.0,2,0.0,1,High
5.0,4.0,4.0,2.0,0.0,44.0,68.0,4.0,-0.57,3,5.0,1.0,5.0,5.0,1.0,1.0,1.0,1.0,1.0,1.0,5,2,6,3.0,4.0,3.0,3.0,6.0,1.0,2.0,4.0,4,0.0,1,High
5.0,5.0,2.0,5.0,1.0,85.0,36.0,3.0,-0.909,3,5.0,5.0,2.0,5.0,2.0,2.0,1.0,1.0,1.0,1.0,2,4,1,4.0,4.0,4.0,4.0,5.0,1.0,3.0,3.0,2,2.0,0,Low
5.0,4.0,3.0,2.0,1.0,53.0,66.0,3.0,-0.909,2,5.0,4.0,3.0,5.0,1.0,1.0,1.0,1.0,1.0,1.0,3,3,8,4.0,4.0,4.0,4.0,4.0,2.0,2.0,3.0,4,0.0,1,High
5.0,5.0,3.0,2.0,1.0,57.0,52.0,4.0,0.712,3,5.0,3.0,5.0,5.0,1.0,1.0,1.0,1.0,1.0,1.0,5,2,9,2.0,3.0,4.0,2.0,4.0,3.0,2.0,3.0,5,0.0,0,Medium
5.0,5.0,4.0,2.0,0.0,72.0,75.0,3.0,0.242,3,5.0,5.0,5.0,3.0,1.0,1.0,1.0,1.0,1.0,1.0,5,2,9,2.0,4.0,2.0,3.0,5.0,1.0,3.0,3.0,5,0.0,1,High
5.0,4.0,1.0,8.0,1.0,60.0,61.0,4.0,-0.188,3,5.0,3.0,5.0,5.0,1.0,1.0,1.0,1.0,1.0,1.0,2,2,3,4.0,4.0,4.0,4.0,4.0,1.0,3.0,4.0,7,0.0,1,High
2.0,1.0,2.0,1.0,1.0,34.0,34.0,2.0,0.242,3,3.0,2.0,3.0,2.0,1.0,1.0,1.0,1.0,1.0,1.0,1,2,1,4.0,4.0,4.0,3.0,4.0,3.0,2.0,2.0,4,0.0,0,Low
5.0,4.0,2.0,7.0,1.0,55.0,75.0,4.0,0.712,2,4.0,4.0,1.0,2.0,1.0,1.0,1.0,1.0,1.0,1.0,2,1,9,4.0,4.0,4.0,3.0,4.0,2.0,3.0,3.0,4,0.0,1,High
4.0,4.0,2.0,2.0,0.0,44.0,60.0,4.0,0.712,3,5.0,1.0,5.0,3.0,1.0,1.0,1.0,1.0,1.0,1.0,4,4,9,2.0,2.0,2.0,2.0,5.0,2.0,3.0,3.0,5,0.0,1,Medium
5.0,4.0,3.0,,1.0,61.0,71.0,4.0,1.267,3,5.0,4.0,5.0,5.0,1.0,1.0,1.0,1.0,1.0,1.0,4,3,8,4.0,3.0,5.0,3.0,6.0,3.0,2.0,3.0,3,0.0,1,High
4.0,3.0,3.0,8.0,1.0,39.0,41.0,3.0,-0.57,3,5.0,3.0,1.0,5.0,1.0,1.0,1.0,1.0,1.0,1.0,2,1,4,4.0,4.0,4.0,3.0,2.0,2.0,3.0,3.0,6,0.0,0,Low
5.0,4.0,3.0,2.0,1.0,59.0,71.0,3.0,0.242,3,5.0,5.0,5.0,4.0,1.0,1.0,1.0,1.0,1.0,1.0,3,1,4,3.0,3.0,4.0,3.0,6.0,2.0,3.0,3.0,4,0.0,1,High
4.0,4.0,2.0,8.0,1.0,60.0,75.0,4.0,1.267,3,5.0,5.0,5.0,5.0,1.0,1.0,1.0,1.0,1.0,1.0,4,2,7,3.0,3.0,4.0,4.0,5.0,2.0,3.0,3.0,8,0.0,1,High
4.0,4.0,3.0,8.0,1.0,42.0,54.0,3.0,0.242,2,5.0,4.0,2.0,4.0,2.0,2.0,1.0,1.0,3.0,1.0,2,2,4,4.0,4.0,3.0,4.0,3.0,1.0,2.0,2.0,8,3.0,0,Medium
4.0,3.0,4.0,2.0,1.0,49.0,42.0,2.0,0.242,3,4.0,2.0,1.0,4.0,2.0,1.0,1.0,3.0,3.0,1.0,3,1,2,3.0,2.0,3.0,4.0,6.0,3.0,2.0,3.0,4,3.0,0,Low
5.0,3.0,2.0,8.0,1.0,45.0,73.0,3.0,0.242,3,5.0,4.0,5.0,5.0,1.0,1.0,1.0,1.0,1.0,1.0,3,2,5,4.0,4.0,3.0,4.0,6.0,2.0,3.0,3.0,7,0.0,1,High
5.0,4.0,2.0,5.0,0.0,52.0,57.0,4.0,1.267,3,5.0,4.0,5.0,4.0,1.0,1.0,1.0,1.0,1.0,1.0,5,1,3,4.0,3.0,4.0,2.0,5.0,1.0,3.0,3.0,2,0.0,1,Medium
3.0,3.0,4.0,2.0,1.0,42.0,48.0,3.0,-1.485,3,3.0,3.0,3.0,3.0,2.0,2.0,2.0,2.0,2.0,2.0,3,1,6,4.0,4.0,4.0,4.0,4.0,3.0,3.0,3.0,2,6.0,0,Medium
4.0,4.0,1.0,8.0,1.0,61.0,77.0,4.0,0.712,3,5.0,5.0,5.0,5.0,1.0,1.0,1.0,1.0,1.0,1.0,5,2,8,3.0,3.0,4.0,3.0,6.0,1.0,4.0,4.0,6,0.0,1,High
5.0,3.0,3.0,1.0,1.0,47.0,41.0,3.0,-1.215,2,5.0,5.0,3.0,5.0,2.0,2.0,1.0,2.0,1.0,1.0,1,2,1,5.0,5.0,4.0,4.0,5.0,4.0,3.0,4.0,4,3.0,0,Low
5.0,3.0,4.0,2.0,0.0,44.0,44.0,2.0,-0.188,3,4.0,3.0,2.0,3.0,1.0,1.0,1.0,1.0,1.0,1.0,2,1,5,4.0,4.0,4.0,2.0,5.0,2.0,3.0,3.0,5,0.0,0,Medium
4.0,4.0,4.0,2.0,1.0,53.0,57.0,4.0,0.242,3,5.0,4.0,5.0,4.0,1.0,1.0,1.0,1.0,1.0,1.0,4,2,6,4.0,4.0,4.0,3.0,4.0,2.0,3.0,4.0,2,0.0,1,Medium
3.0,3.0,4.0,7.0,1.0,46.0,49.0,3.0,-1.485,3,5.0,5.0,5.0,5.0,1.0,1.0,1.0,1.0,1.0,1.0,2,2,8,4.0,4.0,4.0,4.0,4.0,3.0,2.0,3.0,4,0.0,0,Medium
3.0,3.0,3.0,2.0,1.0,51.0,46.0,3.0,-0.188,2,5.0,5.0,5.0,5.0,2.0,1.0,1.0,2.0,1.0,1.0,5,2,2,4.0,4.0,4.0,3.0,6.0,1.0,4.0,4.0,2,2.0,0,Medium
1.0,1.0,5.0,8.0,0.0,31.0,48.0,2.0,-1.215,1,3.0,3.0,3.0,3.0,1.0,1.0,1.0,1.0,1.0,1.0,2,2,5,3.0,3.0,3.0,3.0,4.0,3.0,3.0,3.0,6,0.0,0,Medium
5.0,4.0,3.0,2.0,1.0,50.0,55.0,3.0,-0.909,2,3.0,3.0,3.0,3.0,1.0,1.0,1.0,1.0,1.0,1.0,2,3,6,3.0,3.0,4.0,3.0,4.0,2.0,3.0,3.0,1,0.0,1,Medium
5.0,5.0,2.0,8.0,0.0,85.0,95.0,4.0,0.242,3,5.0,5.0,5.0,4.0,1.0,1.0,1.0,1.0,1.0,1.0,5,1,7,3.0,5.0,5.0,4.0,6.0,2.0,4.0,3.0,6,0.0,1,High
5.0,3.0,4.0,5.0,0.0,50.0,44.0,3.0,-0.57,3,5.0,4.0,5.0,4.0,1.0,1.0,1.0,1.0,1.0,1.0,3,5,4,4.0,5.0,5.0,4.0,6.0,1.0,4.0,4.0,1,0.0,0,Medium
4.0,2.0,4.0,2.0,1.0,46.0,41.0,3.0,-0.909,2,5.0,1.0,1.0,1.0,1.0,1.0,1.0,1.0,1.0,1.0,3,5,9,2.0,2.0,2.0,2.0,4.0,1.0,4.0,4.0,4,0.0,0,Low
5.0,4.0,4.0,8.0,0.0,49.0,60.0,3.0,-0.57,2,5.0,4.0,3.0,4.0,1.0,1.0,1.0,1.0,1.0,1.0,4,3,7,4.0,2.0,2.0,1.0,2.0,2.0,2.0,2.0,6,0.0,1,Medium
5.0,3.0,3.0,2.0,1.0,45.0,51.0,4.0,0.712,3,5.0,5.0,2.0,5.0,1.0,1.0,1.0,1.0,1.0,1.0,4,2,8,4.0,4.0,4.0,3.0,5.0,2.0,2.0,4.0,5,0.0,0,Medium
4.0,3.0,4.0,3.0,1.0,42.0,48.0,2.0,-1.485,2,5.0,3.0,1.0,4.0,1.0,1.0,1.0,2.0,1.0,1.0,2,1,2,3.0,3.0,4.0,2.0,4.0,1.0,3.0,2.0,4,1.0,0,Medium
5.0,4.0,5.0,2.0,1.0,48.0,57.0,4.0,-0.57,2,5.0,5.0,5.0,4.0,1.0,1.0,1.0,1.0,1.0,1.0,2,1,8,4.0,5.0,4.0,2.0,6.0,1.0,1.0,1.0,4,0.0,1,Medium
5.0,4.0,4.0,3.0,1.0,51.0,58.0,3.0,1.267,3,5.0,5.0,5.0,3.0,1.0,1.0,1.0,1.0,1.0,1.0,4,3,7,3.0,5.0,4.0,3.0,6.0,2.0,3.0,4.0,6,0.0,1,Medium
4.0,3.0,5.0,2.0,1.0,39.0,36.0,2.0,0.242,3,5.0,2.0,1.0,5.0,2.0,1.0,1.0,2.0,1.0,1.0,4,4,8,2.0,3.0,2.0,2.0,4.0,2.0,3.0,3.0,4,2.0,0,Low
4.0,4.0,2.0,8.0,1.0,42.0,64.0,3.0,1.267,3,5.0,5.0,5.0,5.0,1.0,1.0,1.0,1.0,1.0,1.0,5,2,8,4.0,4.0,4.0,4.0,5.0,2.0,3.0,3.0,8,0.0,1,High
5.0,5.0,2.0,2.0,1.0,66.0,55.0,4.0,0.242,3,5.0,5.0,5.0,5.0,1.0,1.0,1.0,1.0,1.0,1.0,4,4,8,3.0,4.0,4.0,3.0,5.0,1.0,4.0,4.0,3,0.0,1,Medium
5.0,5.0,2.0,8.0,0.0,67.0,95.0,4.0,1.267,3,4.0,5.0,5.0,4.0,1.0,1.0,1.0,1.0,1.0,1.0,5,1,9,3.0,3.0,3.0,2.0,6.0,2.0,3.0,3.0,8,0.0,1,High
4.0,4.0,2.0,3.0,0.0,42.0,53.0,3.0,-1.485,0,3.0,3.0,3.0,3.0,1.0,1.0,1.0,1.0,1.0,1.0,2,2,1,3.0,3.0,3.0,3.0,4.0,2.0,2.0,2.0,2,0.0,0,Medium
5.0,4.0,3.0,2.0,1.0,56.0,75.0,4.0,0.712,3,5.0,5.0,5.0,5.0,1.0,1.0,1.0,1.0,1.0,1.0,5,1,6,4.0,4.0,4.0,4.0,6.0,2.0,4.0,4.0,3,0.0,1,High
5.0,4.0,4.0,3.0,1.0,44.0,58.0,4.0,-0.188,2,5.0,5.0,5.0,5.0,1.0,1.0,2.0,1.0,1.0,1.0,3,5,9,5.0,4.0,5.0,3.0,6.0,2.0,2.0,4.0,1,1.0,1,Medium
5.0,5.0,1.0,6.0,0.0,82.0,59.0,4.0,0.242,3,5.0,5.0,5.0,5.0,1.0,1.0,1.0,1.0,1.0,1.0,2,1,4,5.0,5.0,5.0,5.0,6.0,1.0,4.0,4.0,3,0.0,1,Medium
5.0,4.0,3.0,8.0,1.0,59.0,73.0,4.0,0.712,3,5.0,5.0,5.0,5.0,1.0,1.0,1.0,1.0,1.0,1.0,3,2,7,4.0,5.0,4.0,4.0,5.0,1.0,3.0,3.0,6,0.0,1,High
4.0,4.0,4.0,2.0,1.0,56.0,40.0,3.0,0.242,3,5.0,4.0,2.0,3.0,1.0,1.0,1.0,1.0,1.0,1.0,3,2,7,5.0,4.0,2.0,2.0,2.0,2.0,3.0,2.0,3,0.0,0,Low
5.0,3.0,4.0,2.0,1.0,47.0,54.0,3.0,-0.57,3,5.0,4.0,5.0,2.0,1.0,1.0,1.0,1.0,1.0,1.0,4,5,9,3.0,4.0,3.0,2.0,4.0,1.0,3.0,3.0,1,0.0,0,Medium
4.0,3.0,2.0,8.0,0.0,39.0,22.0,3.0,-1.485,1,1.0,1.0,1.0,5.0,3.0,2.0,1.0,2.0,2.0,2.0,2,3,3,2.0,2.0,2.0,2.0,1.0,3.0,3.0,3.0,7,5.0,0,Low
3.0,3.0,3.0,2.0,0.0,42.0,49.0,2.0,-1.215,3,1.0,1.0,1.0,1.0,1.0,1.0,1.0,1.0,1.0,1.0,4,1,2,3.0,3.0,3.0,3.0,3.0,2.0,2.0,2.0,2,0.0,0,Medium
5.0,4.0,4.0,2.0,1.0,50.0,55.0,3.0,-0.188,3,5.0,4.0,5.0,5.0,1.0,1.0,1.0,1.0,1.0,1.0,5,2,9,4.0,4.0,4.0,4.0,5.0,2.0,2.0,3.0,2,0.0,1,Medium
4.0,3.0,3.0,8.0,1.0,22.0,36.0,1.0,-0.188,2,5.0,3.0,2.0,5.0,2.0,2.0,1.0,3.0,1.0,1.0,2,3,4,2.0,4.0,3.0,2.0,2.0,3.0,2.0,2.0,6,3.0,0,Low
5.0,4.0,4.0,8.0,1.0,57.0,53.0,4.0,0.712,3,5.0,4.0,5.0,5.0,1.0,1.0,1.0,1.0,2.0,1.0,3,1,7,4.0,4.0,4.0,4.0,6.0,2.0,3.0,4.0,7,1.0,0,Medium
5.0,3.0,2.0,4.0,1.0,56.0,44.0,3.0,-0.188,3,5.0,2.0,5.0,5.0,2.0,2.0,1.0,1.0,1.0,1.0,2,4,2,4.0,4.0,4.0,4.0,2.0,3.0,3.0,2.0,2,2.0,0,Medium
4.0,2.0,3.0,2.0,1.0,38.0,63.0,4.0,0.242,2,4.0,3.0,1.0,2.0,1.0,1.0,1.0,1.0,1.0,1.0,3,4,9,4.0,3.0,4.0,3.0,6.0,1.0,3.0,4.0,2,0.0,1,High
4.0,4.0,3.0,8.0,1.0,46.0,68.0,3.0,0.712,3,4.0,4.0,4.0,4.0,1.0,1.0,1.0,1.0,1.0,1.0,4,2,9,4.0,4.0,4.0,3.0,5.0,2.0,2.0,3.0,6,0.0,1,High
4.0,3.0,3.0,3.0,0.0,43.0,42.0,3.0,-1.485,2,4.0,3.0,1.0,3.0,2.0,2.0,2.0,2.0,2.0,2.0,2,4,8,3.0,3.0,3.0,3.0,2.0,3.0,3.0,3.0,1,6.0,0,Low
5.0,4.0,2.0,6.0,1.0,73.0,89.0,4.0,-0.57,3,5.0,5.0,3.0,5.0,1.0,1.0,2.0,1.0,1.0,1.0,3,1,8,5.0,5.0,5.0,4.0,6.0,1.0,3.0,4.0,6,1.0,1,High
4.0,3.0,3.0,2.0,1.0,49.0,45.0,2.0,0.712,3,5.0,4.0,2.0,3.0,2.0,1.0,1.0,1.0,1.0,1.0,4,4,8,3.0,4.0,3.0,3.0,4.0,2.0,3.0,3.0,5,1.0,0,Medium
5.0,3.0,3.0,1.0,1.0,52.0,39.0,3.0,-0.909,2,5.0,5.0,3.0,4.0,1.0,1.0,1.0,1.0,1.0,1.0,2,2,5,4.0,4.0,4.0,3.0,3.0,2.0,3.0,3.0,4,0.0,0,Low
5.0,4.0,2.0,1.0,1.0,54.0,49.0,4.0,1.267,3,4.0,5.0,5.0,3.0,1.0,1.0,1.0,1.0,1.0,1.0,2,5,6,4.0,4.0,5.0,2.0,3.0,3.0,3.0,2.0,2,0.0,0,Medium
5.0,3.0,3.0,2.0,1.0,43.0,51.0,3.0,0.242,3,5.0,4.0,2.0,5.0,1.0,1.0,1.0,1.0,1.0,1.0,4,4,8,4.0,4.0,4.0,3.0,4.0,2.0,3.0,3.0,4,0.0,0,Medium
5.0,5.0,3.0,2.0,1.0,53.0,59.0,3.0,-0.57,2,5.0,4.0,4.0,5.0,1.0,1.0,1.0,1.0,1.0,1.0,2,1,4,3.0,3.0,3.0,3.0,5.0,3.0,3.0,3.0,6,0.0,1,Medium
4.0,4.0,4.0,2.0,1.0,48.0,63.0,4.0,-0.57,1,3.0,4.0,5.0,4.0,1.0,1.0,1.0,1.0,1.0,1.0,2,2,7,3.0,3.0,3.0,3.0,5.0,3.0,3.0,3.0,3,0.0,1,High
5.0,3.0,4.0,3.0,0.0,34.0,64.0,3.0,-0.909,1,4.0,3.0,1.0,3.0,1.0,1.0,1.0,1.0,1.0,1.0,3,4,7,2.0,2.0,2.0,2.0,4.0,2.0,3.0,3.0,1,0.0,1,High
5.0,3.0,2.0,2.0,1.0,64.0,70.0,3.0,0.712,3,5.0,5.0,3.0,3.0,1.0,1.0,1.0,1.0,1.0,1.0,5,3,8,3.0,2.0,4.0,2.0,4.0,1.0,4.0,3.0,5,0.0,1,High
5.0,4.0,3.0,8.0,,44.0,56.0,3.0,0.712,3,5.0,4.0,5.0,5.0,1.0,1.0,1.0,1.0,1.0,1.0,4,2,7,4.0,3.0,3.0,3.0,5.0,3.0,3.0,2.0,8,0.0,1,Medium
4.0,3.0,4.0,2.0,1.0,44.0,68.0,3.0,0.242,3,5.0,5.0,5.0,4.0,1.0,1.0,1.0,1.0,1.0,1.0,2,2,9,1.0,2.0,4.0,2.0,4.0,2.0,3.0,3.0,6,0.0,1,High
5.0,5.0,2.0,8.0,0.0,56.0,62.0,4.0,-0.188,3,5.0,5.0,5.0,5.0,1.0,1.0,1.0,1.0,1.0,1.0,5,2,8,4.0,4.0,4.0,3.0,6.0,2.0,4.0,4.0,8,0.0,1,High
5.0,4.0,1.0,8.0,1.0,78.0,95.0,4.0,0.712,3,5.0,5.0,5.0,5.0,1.0,1.0,1.0,1.0,1.0,1.0,4,3,8,5.0,4.0,4.0,5.0,5.0,1.0,4.0,4.0,6,0.0,1,High
5.0,4.0,2.0,8.0,1.0,63.0,42.0,4.0,1.267,3,5.0,5.0,1.0,5.0,1.0,1.0,1.0,1.0,1.0,1.0,4,1,2,4.0,4.0,4.0,4.0,5.0,3.0,3.0,3.0,8,0.0,0,Low
4.0,4.0,2.0,4.0,0.0,51.0,62.0,3.0,-0.188,3,5.0,4.0,4.0,5.0,1.0,1.0,1.0,1.0,1.0,1.0,3,5,1,4.0,4.0,4.0,3.0,5.0,1.0,3.0,3.0,4,0.0,1,High
3.0,3.0,4.0,4.0,1.0,39.0,44.0,3.0,-0.57,2,2.0,4.0,1.0,4.0,2.0,2.0,1.0,2.0,2.0,1.0,2,4,2,4.0,4.0,4.0,4.0,4.0,1.0,3.0,3.0,3,4.0,0,Medium
5.0,4.0,1.0,2.0,1.0,54.0,67.0,4.0,1.267,3,5.0,3.0,5.0,4.0,1.0,1.0,1.0,1.0,1.0,1.0,5,3,9,2.0,2.0,4.0,2.0,6.0,2.0,3.0,3.0,4,0.0,1,High
3.0,3.0,3.0,2.0,0.0,45.0,57.0,3.0,1.267,3,4.0,4.0,5.0,4.0,1.0,1.0,1.0,1.0,1.0,1.0,4,5,9,3.0,2.0,2.0,2.0,5.0,2.0,2.0,2.0,3,0.0,1,Medium
4.0,2.0,5.0,2.0,0.0,39.0,49.0,3.0,-0.909,2,4.0,2.0,1.0,3.0,2.0,1.0,1.0,2.0,1.0,1.0,2,1,4,4.0,3.0,2.0,4.0,1.0,3.0,3.0,2.0,2,2.0,0,Medium
4.0,3.0,2.0,3.0,1.0,37.0,50.0,3.0,-0.909,3,5.0,3.0,1.0,4.0,1.0,1.0,1.0,1.0,1.0,1.0,3,2,2,4.0,3.0,3.0,2.0,3.0,1.0,3.0,3.0,6,0.0,0,Medium
4.0,4.0,4.0,2.0,1.0,53.0,56.0,3.0,0.712,3,5.0,4.0,5.0,4.0,1.0,1.0,1.0,1.0,1.0,1.0,4,5,4,4.0,4.0,4.0,2.0,5.0,3.0,3.0,3.0,2,0.0,1,Medium
4.0,3.0,4.0,2.0,1.0,50.0,36.0,3.0,0.242,3,5.0,3.0,1.0,4.0,1.0,1.0,1.0,2.0,1.0,1.0,5,4,7,5.0,4.0,5.0,3.0,4.0,2.0,2.0,3.0,3,1.0,0,Low
2.0,2.0,3.0,3.0,0.0,40.0,73.0,3.0,-0.909,1,1.0,1.0,1.0,1.0,1.0,1.0,1.0,1.0,1.0,1.0,3,3,7,3.0,3.0,3.0,3.0,4.0,2.0,2.0,2.0,1,0.0,1,High
4.0,4.0,3.0,2.0,0.0,49.0,41.0,3.0,-0.57,2,4.0,3.0,3.0,3.0,2.0,2.0,1.0,2.0,1.0,1.0,1,2,1,4.0,4.0,4.0,4.0,4.0,2.0,2.0,2.0,3,3.0,0,Low
4.0,3.0,2.0,8.0,0.0,48.0,51.0,2.0,0.242,2,4.0,4.0,3.0,4.0,1.0,1.0,1.0,1.0,1.0,1.0,5,2,6,4.0,4.0,3.0,2.0,2.0,1.0,3.0,3.0,8,0.0,0,Medium
5.0,4.0,3.0,4.0,0.0,57.0,62.0,4.0,0.712,3,5.0,5.0,5.0,4.0,1.0,1.0,1.0,1.0,1.0,1.0,4,4,8,5.0,4.0,4.0,3.0,6.0,2.0,3.0,4.0,3,0.0,1,High
3.0,3.0,5.0,6.0,1.0,32.0,34.0,2.0,-0.57,3,4.0,3.0,1.0,4.0,3.0,2.0,1.0,3.0,2.0,1.0,2,4,2,4.0,3.0,3.0,2.0,1.0,3.0,2.0,2.0,1,4.0,0,Low
5.0,3.0,3.0,4.0,0.0,37.0,55.0,3.0,0.242,3,5.0,2.0,1.0,3.0,1.0,1.0,1.0,1.0,1.0,1.0,3,5,9,2.0,2.0,2.0,2.0,3.0,3.0,2.0,3.0,3,0.0,1,Medium
5.0,3.0,4.0,1.0,0.0,52.0,48.0,3.0,0.242,3,4.0,3.0,5.0,4.0,1.0,1.0,1.0,1.0,1.0,1.0,4,2,5,2.0,3.0,3.0,2.0,2.0,2.0,3.0,3.0,6,0.0,0,Medium
5.0,4.0,4.0,1.0,0.0,47.0,53.0,4.0,0.242,3,5.0,4.0,2.0,4.0,1.0,1.0,1.0,1.0,1.0,1.0,2,1,1,4.0,5.0,4.0,3.0,4.0,2.0,2.0,3.0,4,0.0,0,Medium
4.0,2.0,5.0,2.0,1.0,25.0,24.0,3.0,-0.909,1,4.0,2.0,1.0,4.0,3.0,3.0,1.0,1.0,1.0,1.0,4,5,9,4.0,2.0,4.0,2.0,2.0,3.0,2.0,3.0,1,2.0,0,Low
5.0,4.0,2.0,2.0,1.0,52.0,65.0,4.0,1.267,3,5.0,4.0,5.0,4.0,1.0,1.0,1.0,1.0,1.0,1.0,5,3,7,4.0,2.0,3.0,1.0,6.0,2.0,3.0,4.0,2,0.0,1,High
4.0,4.0,4.0,2.0,1.0,52.0,47.0,3.0,0.712,3,5.0,4.0,2.0,4.0,1.0,1.0,1.0,1.0,1.0,1.0,3,4,6,2.0,4.0,4.0,3.0,2.0,1.0,4.0,3.0,2,0.0,0,Medium
5.0,3.0,3.0,8.0,1.0,47.0,48.0,3.0,0.712,3,4.0,4.0,3.0,5.0,1.0,1.0,1.0,1.0,1.0,1.0,2,3,4,5.0,4.0,4.0,4.0,3.0,2.0,3.0,3.0,7,0.0,0,Medium
4.0,5.0,4.0,8.0,1.0,55.0,28.0,2.0,0.712,3,3.0,3.0,1.0,5.0,3.0,2.0,1.0,1.0,1.0,1.0,2,4,4,5.0,4.0,3.0,5.0,2.0,3.0,2.0,2.0,6,2.0,0,Low
5.0,5.0,2.0,8.0,1.0,64.0,37.0,3.0,-0.188,2,5.0,4.0,4.0,5.0,2.0,1.0,1.0,1.0,1.0,1.0,1,1,1,5.0,5.0,5.0,4.0,5.0,1.0,3.0,3.0,8,1.0,0,Low
4.0,4.0,3.0,2.0,1.0,66.0,42.0,3.0,1.267,3,5.0,5.0,3.0,4.0,1.0,1.0,1.0,1.0,1.0,1.0,3,3,8,5.0,4.0,5.0,3.0,5.0,1.0,3.0,4.0,6,0.0,0,Low
3.0,5.0,2.0,8.0,0.0,47.0,52.0,3.0,-0.909,0,3.0,3.0,4.0,3.0,2.0,2.0,1.0,2.0,1.0,2.0,5,2,6,3.0,3.0,3.0,4.0,4.0,1.0,3.0,2.0,8,4.0,0,Medium
5.0,3.0,4.0,8.0,1.0,47.0,42.0,3.0,0.712,3,5.0,3.0,3.0,5.0,1.0,1.0,1.0,1.0,1.0,1.0,2,3,6,4.0,4.0,4.0,4.0,4.0,3.0,3.0,3.0,7,0.0,0,Low
5.0,5.0,3.0,2.0,1.0,62.0,86.0,4.0,0.242,3,5.0,5.0,5.0,4.0,1.0,1.0,1.0,1.0,1.0,1.0,5,2,9,4.0,4.0,4.0,4.0,6.0,2.0,3.0,4.0,6,0.0,1,High
5.0,4.0,2.0,8.0,1.0,52.0,65.0,3.0,1.267,3,5.0,4.0,5.0,3.0,1.0,1.0,1.0,1.0,1.0,1.0,5,2,8,3.0,4.0,3.0,4.0,5.0,2.0,3.0,3.0,8,0.0,1,High
4.0,4.0,4.0,7.0,1.0,53.0,68.0,3.0,0.712,3,5.0,4.0,5.0,5.0,1.0,1.0,1.0,1.0,1.0,1.0,4,4,8,3.0,3.0,4.0,3.0,5.0,2.0,3.0,3.0,6,0.0,1,High
5.0,3.0,4.0,8.0,1.0,62.0,56.0,4.0,-1.215,2,5.0,5.0,5.0,5.0,1.0,1.0,1.0,2.0,2.0,1.0,2,2,4,5.0,5.0,5.0,5.0,4.0,1.0,3.0,3.0,6,2.0,1,Medium
5.0,4.0,2.0,2.0,,58.0,74.0,4.0,1.267,3,5.0,5.0,5.0,5.0,1.0,1.0,1.0,1.0,1.0,1.0,4,2,9,4.0,4.0,4.0,4.0,6.0,1.0,3.0,3.0,4,0.0,1,High
5.0,4.0,5.0,2.0,1.0,62.0,37.0,3.0,-0.188,3,5.0,3.0,5.0,5.0,1.0,1.0,1.0,1.0,1.0,1.0,1,3,7,4.0,4.0,4.0,3.0,5.0,2.0,4.0,4.0,1,0.0,0,Low
5.0,4.0,4.0,2.0,1.0,49.0,54.0,3.0,1.267,3,5.0,5.0,5.0,5.0,1.0,1.0,1.0,1.0,1.0,1.0,4,4,8,4.0,4.0,5.0,3.0,6.0,2.0,3.0,3.0,3,0.0,0,Medium
3.0,3.0,3.0,2.0,1.0,36.0,57.0,3.0,-1.485,2,5.0,4.0,4.0,4.0,2.0,2.0,2.0,2.0,2.0,1.0,2,2,4,4.0,4.0,4.0,3.0,5.0,2.0,2.0,2.0,2,5.0,1,Medium
5.0,5.0,3.0,8.0,1.0,70.0,71.0,4.0,-0.57,2,5.0,5.0,5.0,5.0,1.0,1.0,1.0,1.0,1.0,1.0,2,2,4,5.0,5.0,5.0,5.0,6.0,1.0,4.0,4.0,7,0.0,1,High
5.0,2.0,2.0,4.0,1.0,31.0,66.0,4.0,-1.215,1,5.0,5.0,4.0,5.0,1.0,1.0,1.0,2.0,2.0,1.0,1,5,1,5.0,5.0,4.0,5.0,6.0,1.0,1.0,3.0,4,2.0,1,High
5.0,4.0,2.0,8.0,0.0,56.0,54.0,4.0,1.267,3,5.0,5.0,5.0,5.0,1.0,1.0,1.0,1.0,1.0,1.0,2,1,2,4.0,5.0,4.0,4.0,3.0,3.0,4.0,4.0,8,0.0,0,Medium
3.0,3.0,4.0,3.0,0.0,41.0,58.0,3.0,-0.188,1,5.0,4.0,1.0,4.0,2.0,1.0,1.0,1.0,1.0,1.0,2,5,2,4.0,3.0,3.0,3.0,1.0,2.0,3.0,3.0,3,1.0,1,Medium
5.0,5.0,5.0,2.0,1.0,79.0,26.0,4.0,-1.485,1,5.0,5.0,5.0,5.0,3.0,2.0,2.0,2.0,3.0,1.0,4,3,8,5.0,5.0,5.0,5.0,6.0,4.0,4.0,4.0,4,5.0,0,Low
3.0,3.0,2.0,8.0,0.0,29.0,52.0,2.0,-0.188,3,3.0,3.0,2.0,3.0,2.0,1.0,1.0,1.0,2.0,1.0,1,2,3,3.0,4.0,2.0,2.0,1.0,4.0,2.0,3.0,7,2.0,0,Medium
4.0,3.0,3.0,8.0,0.0,53.0,52.0,3.0,0.242,3,5.0,4.0,5.0,2.0,1.0,1.0,1.0,1.0,1.0,1.0,5,2,8,4.0,2.0,4.0,3.0,4.0,2.0,3.0,3.0,6,0.0,0,Medium
3.0,3.0,4.0,7.0,1.0,52.0,47.0,3.0,-1.713,0,3.0,4.0,4.0,4.0,2.0,2.0,2.0,2.0,3.0,3.0,3,5,2,3.0,3.0,3.0,4.0,3.0,3.0,2.0,2.0,2,6.0,0,Medium
3.0,3.0,,6.0,0.0,36.0,50.0,2.0,-1.713,0,4.0,3.0,3.0,2.0,2.0,2.0,2.0,3.0,1.0,3.0,1,2,1,3.0,3.0,3.0,2.0,4.0,2.0,2.0,2.0,4,5.0,0,Medium
4.0,4.0,5.0,4.0,0.0,53.0,81.0,4.0,0.242,3,5.0,4.0,5.0,5.0,1.0,1.0,1.0,1.0,1.0,1.0,3,2,8,4.0,4.0,4.0,2.0,3.0,2.0,2.0,3.0,8,0.0,1,High
5.0,5.0,2.0,2.0,0.0,60.0,86.0,4.0,0.712,2,5.0,5.0,5.0,3.0,1.0,1.0,1.0,1.0,1.0,1.0,3,2,7,3.0,3.0,5.0,3.0,6.0,1.0,4.0,3.0,6,0.0,1,High
4.0,3.0,5.0,2.0,1.0,38.0,41.0,3.0,0.242,3,5.0,3.0,1.0,3.0,2.0,2.0,1.0,2.0,1.0,1.0,2,1,4,4.0,4.0,4.0,3.0,3.0,2.0,2.0,4.0,4,3.0,0,Low
3.0,2.0,4.0,2.0,1.0,37.0,17.0,1.0,0.242,3,2.0,3.0,1.0,5.0,2.0,2.0,1.0,2.0,2.0,2.0,3,3,2,3.0,5.0,5.0,3.0,1.0,1.0,1.0,2.0,2,5.0,0,Low
4.0,4.0,3.0,4.0,1.0,54.0,50.0,4.0,0.712,3,5.0,4.0,5.0,5.0,1.0,1.0,1.0,1.0,1.0,1.0,3,3,7,3.0,4.0,4.0,3.0,6.0,2.0,3.0,3.0,6,0.0,0,Medium
5.0,3.0,4.0,1.0,0.0,49.0,51.0,3.0,-0.188,2,5.0,3.0,4.0,4.0,1.0,1.0,1.0,1.0,1.0,1.0,5,4,9,2.0,3.0,4.0,3.0,3.0,3.0,3.0,3.0,4,0.0,0,Medium
5.0,5.0,2.0,8.0,0.0,62.0,65.0,4.0,0.712,3,5.0,5.0,5.0,5.0,1.0,1.0,1.0,1.0,1.0,1.0,5,2,9,4.0,3.0,4.0,4.0,6.0,4.0,3.0,4.0,8,0.0,1,High
5.0,4.0,3.0,3.0,1.0,54.0,61.0,4.0,0.712,3,5.0,5.0,5.0,5.0,1.0,1.0,1.0,1.0,1.0,1.0,5,2,8,5.0,4.0,5.0,5.0,6.0,2.0,3.0,3.0,7,0.0,1,High
5.0,3.0,1.0,8.0,1.0,56.0,65.0,3.0,1.267,3,5.0,4.0,5.0,5.0,1.0,1.0,1.0,1.0,1.0,1.0,4,2,8,4.0,4.0,4.0,4.0,4.0,2.0,3.0,3.0,7,0.0,1,High
4.0,3.0,3.0,8.0,0.0,44.0,64.0,4.0,0.242,3,5.0,3.0,1.0,5.0,1.0,1.0,1.0,1.0,1.0,1.0,3,2,5,5.0,5.0,4.0,3.0,4.0,3.0,3.0,3.0,6,0.0,1,High
4.0,4.0,3.0,8.0,0.0,53.0,65.0,3.0,0.242,3,4.0,5.0,5.0,4.0,1.0,1.0,1.0,1.0,1.0,1.0,4,1,6,4.0,4.0,3.0,3.0,5.0,2.0,3.0,3.0,8,0.0,1,High
5.0,4.0,2.0,8.0,1.0,54.0,66.0,3.0,0.712,3,5.0,5.0,5.0,3.0,1.0,1.0,1.0,1.0,1.0,1.0,5,2,8,1.0,3.0,4.0,2.0,5.0,1.0,3.0,3.0,4,0.0,1,High
4.0,4.0,3.0,2.0,1.0,54.0,75.0,4.0,-0.188,3,5.0,4.0,3.0,5.0,1.0,1.0,1.0,1.0,1.0,1.0,5,3,7,4.0,4.0,4.0,4.0,5.0,2.0,3.0,4.0,2,0.0,1,High
4.0,4.0,2.0,8.0,1.0,57.0,54.0,4.0,1.267,3,5.0,4.0,5.0,5.0,1.0,1.0,1.0,1.0,1.0,1.0,2,2,9,2.0,4.0,4.0,3.0,5.0,2.0,3.0,3.0,5,0.0,0,Medium
3.0,3.0,4.0,3.0,1.0,50.0,58.0,3.0,-0.188,3,5.0,5.0,4.0,5.0,1.0,1.0,1.0,1.0,1.0,1.0,3,5,4,4.0,3.0,4.0,3.0,5.0,1.0,3.0,3.0,2,0.0,1,Medium
4.0,3.0,5.0,6.0,0.0,56.0,43.0,3.0,0.242,3,5.0,3.0,5.0,4.0,1.0,1.0,1.0,3.0,3.0,1.0,3,2,7,1.0,3.0,5.0,2.0,4.0,1.0,2.0,3.0,3,2.0,0,Low
1.0,1.0,3.0,8.0,0.0,15.0,49.0,2.0,-1.215,3,5.0,3.0,5.0,2.0,1.0,1.0,1.0,1.0,2.0,1.0,1,3,2,1.0,1.0,3.0,1.0,1.0,3.0,1.0,1.0,8,1.0,0,Medium
5.0,4.0,2.0,2.0,1.0,55.0,51.0,4.0,1.267,3,5.0,4.0,1.0,5.0,1.0,1.0,1.0,1.0,1.0,1.0,4,2,6,5.0,5.0,5.0,4.0,4.0,2.0,3.0,4.0,2,0.0,0,Medium
4.0,3.0,3.0,4.0,1.0,45.0,59.0,3.0,0.242,3,5.0,4.0,4.0,5.0,1.0,1.0,1.0,1.0,1.0,1.0,3,3,9,4.0,4.0,4.0,4.0,5.0,2.0,3.0,3.0,4,0.0,1,Medium
4.0,3.0,4.0,2.0,1.0,47.0,68.0,3.0,0.712,3,5.0,3.0,5.0,5.0,1.0,1.0,1.0,1.0,1.0,1.0,3,2,8,2.0,2.0,4.0,3.0,5.0,2.0,3.0,3.0,5,0.0,1,High
3.0,3.0,5.0,2.0,0.0,39.0,43.0,3.0,-1.215,2,3.0,3.0,1.0,2.0,2.0,1.0,1.0,2.0,2.0,1.0,3,4,3,3.0,2.0,2.0,2.0,1.0,1.0,3.0,3.0,2,3.0,0,Low
4.0,3.0,4.0,3.0,0.0,36.0,43.0,3.0,-0.188,2,5.0,3.0,2.0,4.0,1.0,1.0,1.0,1.0,1.0,1.0,3,2,4,4.0,3.0,3.0,3.0,4.0,3.0,3.0,3.0,2,0.0,0,Low
4.0,4.0,1.0,2.0,1.0,75.0,56.0,3.0,-1.215,1,5.0,5.0,5.0,5.0,1.0,1.0,1.0,1.0,1.0,1.0,3,5,5,5.0,5.0,5.0,5.0,6.0,4.0,4.0,4.0,3,0.0,1,Medium
3.0,3.0,4.0,2.0,0.0,49.0,42.0,3.0,-1.485,3,4.0,4.0,2.0,3.0,1.0,1.0,1.0,1.0,1.0,1.0,3,3,8,4.0,4.0,3.0,2.0,5.0,2.0,3.0,3.0,2,0.0,0,Low
5.0,4.0,2.0,8.0,1.0,47.0,70.0,4.0,0.242,3,5.0,4.0,3.0,3.0,1.0,1.0,1.0,1.0,1.0,1.0,3,2,9,2.0,3.0,4.0,4.0,4.0,2.0,3.0,3.0,5,0.0,1,High
4.0,4.0,3.0,6.0,1.0,50.0,57.0,3.0,-0.188,2,5.0,4.0,3.0,4.0,1.0,1.0,1.0,1.0,1.0,1.0,2,2,7,4.0,4.0,4.0,4.0,4.0,2.0,3.0,3.0,6,0.0,1,Medium
3.0,3.0,4.0,8.0,1.0,39.0,48.0,2.0,-0.909,1,5.0,4.0,2.0,5.0,1.0,1.0,2.0,1.0,1.0,1.0,3,2,4,4.0,4.0,4.0,4.0,4.0,3.0,2.0,2.0,6,1.0,0,Medium
5.0,5.0,2.0,3.0,1.0,62.0,67.0,4.0,1.267,3,5.0,5.0,5.0,5.0,1.0,1.0,1.0,1.0,1.0,1.0,4,4,9,3.0,4.0,4.0,3.0,5.0,1.0,3.0,3.0,4,0.0,1,High
5.0,4.0,4.0,2.0,1.0,53.0,64.0,4.0,0.242,3,4.0,4.0,2.0,5.0,2.0,1.0,1.0,1.0,1.0,1.0,4,2,8,3.0,5.0,4.0,4.0,5.0,1.0,3.0,3.0,5,1.0,1,High
4.0,4.0,3.0,2.0,0.0,42.0,51.0,3.0,-0.909,2,5.0,4.0,5.0,5.0,1.0,1.0,1.0,1.0,1.0,1.0,3,1,7,3.0,3.0,3.0,3.0,5.0,2.0,3.0,3.0,5,0.0,0,Medium
3.0,3.0,3.0,7.0,0.0,41.0,54.0,3.0,-1.713,0,1.0,1.0,1.0,1.0,1.0,1.0,1.0,1.0,1.0,1.0,2,5,6,3.0,3.0,3.0,3.0,4.0,2.0,3.0,2.0,1,0.0,0,Medium
4.0,3.0,3.0,6.0,0.0,34.0,32.0,3.0,-1.215,2,4.0,4.0,5.0,3.0,2.0,2.0,1.0,1.0,2.0,1.0,2,3,1,4.0,3.0,2.0,3.0,2.0,3.0,2.0,2.0,4,3.0,0,Low
5.0,4.0,1.0,8.0,1.0,55.0,84.0,4.0,0.712,3,5.0,4.0,5.0,5.0,1.0,1.0,1.0,1.0,1.0,1.0,2,2,7,4.0,4.0,4.0,5.0,5.0,1.0,3.0,4.0,8,0.0,1,High
4.0,4.0,1.0,,1.0,67.0,75.0,3.0,-1.215,2,5.0,5.0,5.0,5.0,1.0,1.0,1.0,1.0,1.0,1.0,2,4,8,5.0,5.0,5.0,5.0,6.0,1.0,4.0,3.0,4,0.0,1,High
4.0,3.0,5.0,2.0,1.0,43.0,39.0,3.0,-0.188,3,5.0,4.0,2.0,5.0,2.0,2.0,1.0,2.0,1.0,1.0,3,4,6,5.0,4.0,4.0,4.0,5.0,2.0,3.0,3.0,1,3.0,0,Low
4.0,4.0,4.0,,0.0,48.0,51.0,3.0,-1.713,2,5.0,4.0,4.0,5.0,1.0,2.0,2.0,2.0,2.0,3.0,3,5,2,2.0,2.0,2.0,2.0,5.0,2.0,3.0,3.0,4,5.0,0,Medium
5.0,4.0,4.0,8.0,1.0,54.0,69.0,3.0,0.712,3,5.0,4.0,5.0,5.0,1.0,1.0,1.0,1.0,1.0,1.0,5,2,8,5.0,4.0,4.0,2.0,5.0,2.0,3.0,2.0,8,0.0,1,High
5.0,5.0,2.0,8.0,1.0,57.0,52.0,4.0,1.267,3,5.0,4.0,5.0,4.0,1.0,1.0,1.0,1.0,1.0,1.0,4,2,9,4.0,4.0,4.0,4.0,5.0,1.0,3.0,3.0,5,0.0,0,Medium
4.0,4.0,2.0,3.0,0.0,51.0,56.0,3.0,-0.57,3,5.0,3.0,3.0,5.0,2.0,2.0,1.0,2.0,2.0,1.0,2,3,6,4.0,5.0,4.0,4.0,6.0,2.0,3.0,4.0,1,4.0,1,Medium
5.0,5.0,3.0,2.0,1.0,58.0,76.0,4.0,0.712,3,4.0,4.0,5.0,5.0,1.0,1.0,1.0,1.0,1.0,1.0,5,2,8,2.0,3.0,4.0,2.0,6.0,1.0,4.0,4.0,5,0.0,1,High
2.0,1.0,4.0,8.0,0.0,14.0,29.0,1.0,-1.215,2,3.0,1.0,1.0,2.0,2.0,2.0,3.0,1.0,1.0,1.0,2,3,1,2.0,3.0,3.0,2.0,6.0,3.0,2.0,1.0,8,3.0,0,Low
4.0,4.0,3.0,2.0,1.0,50.0,61.0,4.0,-0.188,3,5.0,4.0,5.0,4.0,1.0,1.0,1.0,1.0,1.0,1.0,2,3,4,4.0,4.0,4.0,4.0,5.0,1.0,3.0,4.0,2,0.0,1,High
5.0,5.0,2.0,8.0,0.0,65.0,87.0,4.0,-0.57,3,5.0,5.0,5.0,5.0,1.0,1.0,1.0,1.0,1.0,1.0,5,1,7,4.0,4.0,4.0,4.0,6.0,1.0,3.0,4.0,8,0.0,1,High
5.0,3.0,3.0,4.0,1.0,47.0,69.0,4.0,0.712,3,5.0,4.0,5.0,5.0,1.0,1.0,1.0,1.0,1.0,1.0,4,2,9,3.0,4.0,4.0,4.0,4.0,2.0,2.0,3.0,7,0.0,1,High
4.0,4.0,3.0,3.0,1.0,46.0,58.0,4.0,-0.57,3,5.0,3.0,3.0,4.0,1.0,1.0,1.0,1.0,1.0,1.0,3,1,7,4.0,5.0,5.0,4.0,5.0,2.0,3.0,3.0,2,0.0,1,Medium
3.0,2.0,4.0,2.0,0.0,37.0,45.0,3.0,0.242,3,5.0,3.0,4.0,5.0,1.0,1.0,2.0,1.0,1.0,1.0,1,1,2,4.0,3.0,4.0,3.0,3.0,3.0,2.0,2.0,4,1.0,0,Medium
5.0,3.0,2.0,6.0,0.0,47.0,52.0,3.0,-0.188,2,4.0,4.0,1.0,3.0,1.0,1.0,1.0,1.0,1.0,1.0,2,5,8,5.0,3.0,5.0,2.0,5.0,3.0,3.0,2.0,3,0.0,0,Medium
4.0,3.0,3.0,6.0,1.0,37.0,50.0,2.0,-0.188,3,4.0,4.0,3.0,5.0,1.0,1.0,1.0,2.0,1.0,1.0,4,2,3,4.0,4.0,4.0,3.0,5.0,2.0,3.0,4.0,4,1.0,0,Medium
5.0,5.0,3.0,1.0,1.0,77.0,70.0,4.0,0.712,3,5.0,5.0,5.0,5.0,1.0,1.0,1.0,1.0,1.0,1.0,2,1,7,5.0,5.0,5.0,4.0,6.0,2.0,3.0,4.0,4,0.0,1,High
5.0,5.0,2.0,2.0,1.0,85.0,78.0,4.0,-0.909,2,5.0,5.0,5.0,5.0,1.0,1.0,1.0,1.0,1.0,1.0,3,3,7,5.0,5.0,5.0,5.0,6.0,1.0,3.0,3.0,3,0.0,1,High
5.0,3.0,3.0,2.0,1.0,42.0,56.0,3.0,1.267,3,5.0,4.0,5.0,5.0,1.0,1.0,1.0,1.0,1.0,1.0,5,5,9,5.0,4.0,4.0,4.0,5.0,1.0,3.0,3.0,4,0.0,1,Medium
4.0,4.0,2.0,1.0,1.0,66.0,86.0,4.0,0.712,3,5.0,5.0,5.0,5.0,1.0,1.0,1.0,1.0,1.0,1.0,5,2,8,4.0,5.0,5.0,5.0,6.0,1.0,2.0,3.0,2,0.0,1,High
3.0,3.0,4.0,2.0,0.0,44.0,40.0,4.0,-0.909,2,3.0,3.0,4.0,5.0,2.0,1.0,1.0,2.0,1.0,2.0,1,4,3,5.0,4.0,5.0,3.0,5.0,3.0,4.0,3.0,4,3.0,0,Low
4.0,3.0,4.0,1.0,1.0,51.0,58.0,3.0,0.712,2,5.0,4.0,3.0,5.0,1.0,1.0,1.0,2.0,1.0,1.0,3,3,7,4.0,4.0,4.0,4.0,4.0,2.0,2.0,3.0,7,1.0,1,Medium
4.0,3.0,5.0,4.0,1.0,32.0,52.0,2.0,-0.57,3,4.0,3.0,1.0,4.0,2.0,2.0,1.0,1.0,1.0,1.0,3,5,3,5.0,2.0,2.0,3.0,2.0,3.0,2.0,3.0,3,2.0,0,Medium
5.0,5.0,4.0,2.0,0.0,74.0,81.0,4.0,0.712,3,5.0,5.0,5.0,5.0,1.0,1.0,1.0,1.0,1.0,1.0,5,2,9,2.0,2.0,5.0,2.0,6.0,2.0,3.0,3.0,2,0.0,1,High
5.0,4.0,2.0,8.0,1.0,55.0,50.0,3.0,-0.188,3,5.0,4.0,5.0,5.0,1.0,1.0,1.0,1.0,1.0,1.0,3,2,7,5.0,5.0,4.0,5.0,6.0,1.0,3.0,4.0,6,0.0,0,Medium
5.0,4.0,3.0,8.0,0.0,52.0,73.0,3.0,0.712,3,5.0,1.0,5.0,5.0,1.0,1.0,1.0,1.0,1.0,1.0,2,1,3,4.0,4.0,4.0,3.0,5.0,2.0,3.0,3.0,8,0.0,1,High
5.0,4.0,4.0,2.0,0.0,36.0,57.0,2.0,1.267,3,5.0,4.0,4.0,4.0,1.0,1.0,1.0,1.0,1.0,1.0,4,2,8,2.0,3.0,3.0,2.0,4.0,2.0,3.0,2.0,5,0.0,1,Medium
4.0,3.0,5.0,4.0,1.0,32.0,31.0,3.0,-1.485,0,3.0,3.0,2.0,1.0,2.0,2.0,1.0,1.0,1.0,2.0,1,5,1,4.0,3.0,4.0,2.0,3.0,3.0,2.0,3.0,2,3.0,0,Low
4.0,3.0,4.0,3.0,1.0,39.0,50.0,3.0,0.242,3,4.0,3.0,2.0,4.0,1.0,1.0,1.0,1.0,1.0,1.0,4,2,9,4.0,2.0,2.0,3.0,5.0,2.0,3.0,3.0,6,0.0,0,Medium
4.0,4.0,2.0,8.0,1.0,47.0,60.0,4.0,0.712,3,5.0,4.0,5.0,4.0,1.0,1.0,1.0,1.0,1.0,1.0,4,2,8,4.0,4.0,4.0,4.0,5.0,2.0,3.0,3.0,6,0.0,1,Medium
5.0,4.0,2.0,8.0,0.0,56.0,57.0,3.0,1.267,3,5.0,3.0,5.0,5.0,1.0,1.0,1.0,1.0,1.0,1.0,5,1,2,2.0,4.0,4.0,4.0,1.0,2.0,4.0,3.0,7,0.0,1,Medium
4.0,4.0,4.0,1.0,1.0,61.0,60.0,4.0,1.267,3,5.0,4.0,3.0,4.0,1.0,1.0,1.0,1.0,1.0,1.0,5,5,8,4.0,4.0,4.0,4.0,4.0,2.0,3.0,3.0,4,0.0,1,Medium
5.0,4.0,3.0,2.0,1.0,45.0,54.0,3.0,0.712,3,5.0,1.0,1.0,4.0,1.0,1.0,1.0,1.0,1.0,1.0,2,4,7,3.0,3.0,4.0,2.0,6.0,2.0,3.0,3.0,4,0.0,0,Medium
5.0,3.0,4.0,8.0,1.0,35.0,42.0,4.0,-0.909,1,5.0,3.0,5.0,5.0,2.0,2.0,1.0,2.0,2.0,2.0,2,2,1,4.0,4.0,4.0,4.0,4.0,2.0,2.0,2.0,8,5.0,0,Low
5.0,3.0,4.0,2.0,1.0,51.0,61.0,3.0,0.242,3,5.0,3.0,5.0,3.0,1.0,1.0,1.0,1.0,1.0,1.0,5,1,6,2.0,2.0,4.0,2.0,4.0,2.0,3.0,3.0,2,0.0,1,High
4.0,3.0,2.0,3.0,1.0,55.0,59.0,3.0,-0.57,3,5.0,1.0,4.0,5.0,1.0,1.0,1.0,1.0,1.0,1.0,1,2,2,1.0,1.0,1.0,1.0,1.0,3.0,2.0,4.0,7,0.0,1,Medium
5.0,5.0,2.0,8.0,0.0,59.0,95.0,4.0,1.267,3,5.0,1.0,5.0,3.0,1.0,1.0,1.0,1.0,1.0,1.0,5,1,7,3.0,2.0,2.0,2.0,6.0,3.0,3.0,3.0,7,0.0,1,High
5.0,4.0,2.0,2.0,1.0,53.0,64.0,4.0,0.242,3,5.0,5.0,5.0,5.0,1.0,1.0,1.0,1.0,1.0,1.0,5,2,7,3.0,4.0,4.0,4.0,6.0,1.0,3.0,3.0,2,0.0,1,High
4.0,4.0,3.0,2.0,1.0,52.0,57.0,4.0,-0.57,2,5.0,5.0,5.0,5.0,1.0,1.0,1.0,1.0,1.0,1.0,3,1,2,4.0,4.0,4.0,4.0,3.0,1.0,3.0,3.0,3,0.0,1,Medium
5.0,2.0,3.0,6.0,1.0,38.0,41.0,3.0,0.242,3,5.0,4.0,1.0,5.0,1.0,1.0,1.0,1.0,1.0,1.0,1,1,2,4.0,4.0,3.0,2.0,2.0,1.0,2.0,2.0,5,0.0,0,Low
4.0,3.0,3.0,8.0,0.0,52.0,58.0,3.0,0.712,3,5.0,4.0,5.0,4.0,1.0,1.0,1.0,1.0,2.0,1.0,3,2,8,3.0,3.0,4.0,3.0,4.0,2.0,2.0,3.0,6,1.0,1,Medium
3.0,3.0,1.0,2.0,1.0,29.0,60.0,2.0,-0.909,3,3.0,3.0,2.0,4.0,1.0,1.0,1.0,1.0,1.0,1.0,2,3,1,4.0,3.0,3.0,3.0,4.0,2.0,3.0,2.0,5,0.0,1,Medium
5.0,5.0,4.0,2.0,1.0,58.0,59.0,4.0,-1.485,2,5.0,4.0,4.0,5.0,1.0,1.0,1.0,1.0,1.0,1.0,4,2,8,5.0,5.0,5.0,5.0,6.0,3.0,3.0,3.0,3,0.0,1,Medium
5.0,5.0,1.0,8.0,0.0,65.0,95.0,3.0,1.267,3,5.0,5.0,5.0,5.0,1.0,1.0,1.0,1.0,1.0,1.0,3,2,9,3.0,3.0,4.0,4.0,6.0,1.0,4.0,4.0,8,0.0,1,High
3.0,3.0,4.0,4.0,1.0,42.0,49.0,4.0,-1.485,1,3.0,3.0,3.0,3.0,2.0,2.0,2.0,2.0,2.0,2.0,2,5,1,3.0,3.0,3.0,3.0,3.0,3.0,2.0,2.0,2,6.0,0,Medium
5.0,5.0,2.0,8.0,1.0,74.0,95.0,4.0,1.267,3,5.0,5.0,5.0,5.0,1.0,1.0,1.0,1.0,1.0,1.0,5,2,8,5.0,5.0,5.0,5.0,6.0,1.0,4.0,4.0,6,0.0,1,High
5.0,5.0,1.0,2.0,1.0,74.0,61.0,4.0,-0.909,3,5.0,5.0,5.0,5.0,1.0,1.0,1.0,1.0,1.0,1.0,1,3,2,5.0,5.0,5.0,5.0,6.0,1.0,4.0,4.0,4,0.0,1,High
4.0,4.0,3.0,2.0,0.0,51.0,67.0,4.0,0.712,3,4.0,4.0,4.0,4.0,1.0,1.0,1.0,1.0,1.0,1.0,5,3,9,4.0,4.0,3.0,3.0,5.0,2.0,3.0,3.0,3,0.0,1,High
5.0,3.0,3.0,2.0,1.0,48.0,47.0,3.0,1.267,3,5.0,3.0,2.0,4.0,1.0,1.0,1.0,1.0,1.0,1.0,5,3,9,5.0,4.0,4.0,4.0,4.0,2.0,3.0,3.0,2,0.0,0,Medium
5.0,4.0,3.0,2.0,1.0,50.0,60.0,3.0,-0.188,3,5.0,4.0,5.0,3.0,1.0,1.0,1.0,1.0,1.0,1.0,4,3,8,5.0,4.0,4.0,2.0,6.0,2.0,2.0,4.0,1,0.0,1,Medium
4.0,3.0,4.0,3.0,1.0,38.0,41.0,3.0,-0.909,1,1.0,3.0,5.0,4.0,2.0,3.0,3.0,1.0,1.0,2.0,4,5,1,2.0,1.0,3.0,4.0,3.0,4.0,3.0,3.0,2,4.0,0,Low
4.0,2.0,3.0,8.0,0.0,40.0,48.0,2.0,-0.57,2,3.0,4.0,3.0,5.0,2.0,2.0,1.0,1.0,2.0,1.0,4,1,6,4.0,4.0,4.0,4.0,3.0,2.0,3.0,3.0,8,3.0,0,Medium
4.0,3.0,3.0,5.0,1.0,43.0,53.0,3.0,-0.188,2,5.0,4.0,1.0,3.0,1.0,1.0,1.0,1.0,1.0,1.0,3,3,5,3.0,3.0,2.0,3.0,5.0,2.0,3.0,3.0,2,0.0,0,Medium
5.0,4.0,5.0,3.0,1.0,56.0,39.0,2.0,-1.485,2,3.0,4.0,5.0,3.0,1.0,2.0,2.0,2.0,3.0,1.0,3,5,8,4.0,5.0,4.0,3.0,4.0,3.0,2.0,4.0,2,4.0,0,Low
4.0,4.0,2.0,1.0,1.0,46.0,53.0,4.0,1.267,2,5.0,5.0,4.0,3.0,1.0,1.0,1.0,2.0,1.0,1.0,2,5,7,4.0,4.0,4.0,4.0,5.0,3.0,3.0,3.0,2,1.0,0,Medium
4.0,1.0,2.0,8.0,1.0,34.0,53.0,4.0,0.712,3,5.0,5.0,1.0,4.0,1.0,1.0,1.0,1.0,1.0,1.0,4,2,1,4.0,4.0,4.0,1.0,2.0,3.0,2.0,2.0,7,0.0,0,Medium
4.0,4.0,1.0,4.0,0.0,40.0,95.0,4.0,0.242,3,5.0,5.0,5.0,5.0,1.0,1.0,1.0,1.0,1.0,1.0,5,2,8,3.0,3.0,3.0,3.0,5.0,2.0,3.0,3.0,8,0.0,1,High
4.0,,4.0,2.0,1.0,62.0,48.0,3.0,-0.188,2,4.0,5.0,5.0,4.0,2.0,1.0,2.0,3.0,2.0,2.0,3,2,4,5.0,4.0,4.0,4.0,6.0,3.0,4.0,4.0,2,5.0,0,Medium
5.0,4.0,4.0,2.0,1.0,53.0,62.0,4.0,0.242,3,5.0,4.0,4.0,3.0,1.0,1.0,1.0,1.0,1.0,1.0,3,4,6,3.0,5.0,4.0,4.0,5.0,1.0,2.0,3.0,3,0.0,1,High
4.0,3.0,5.0,1.0,0.0,43.0,46.0,3.0,-0.188,3,4.0,2.0,3.0,5.0,1.0,1.0,1.0,1.0,1.0,1.0,5,2,4,4.0,3.0,3.0,3.0,4.0,2.0,3.0,3.0,2,0.0,0,Medium
5.0,2.0,5.0,2.0,0.0,61.0,17.0,1.0,1.267,3,5.0,1.0,1.0,1.0,2.0,2.0,1.0,2.0,1.0,1.0,2,2,2,3.0,3.0,3.0,3.0,1.0,1.0,4.0,4.0,3,3.0,0,Low
3.0,3.0,3.0,7.0,0.0,42.0,49.0,2.0,-1.485,2,3.0,3.0,3.0,3.0,1.0,1.0,1.0,1.0,1.0,1.0,2,5,1,3.0,3.0,3.0,3.0,3.0,3.0,3.0,3.0,2,0.0,0,Medium
4.0,3.0,4.0,2.0,1.0,44.0,54.0,3.0,0.242,3,5.0,4.0,5.0,4.0,1.0,1.0,1.0,1.0,1.0,1.0,4,5,7,2.0,3.0,4.0,4.0,5.0,2.0,3.0,3.0,3,0.0,0,Medium
3.0,3.0,2.0,4.0,1.0,43.0,54.0,3.0,0.242,2,5.0,4.0,4.0,5.0,1.0,1.0,1.0,1.0,1.0,1.0,3,4,8,3.0,3.0,4.0,2.0,4.0,2.0,3.0,2.0,4,0.0,0,Medium
5.0,5.0,1.0,1.0,0.0,54.0,43.0,,-0.57,2,4.0,4.0,1.0,1.0,1.0,2.0,1.0,1.0,1.0,1.0,3,2,1,3.0,3.0,3.0,3.0,6.0,3.0,4.0,4.0,6,1.0,0,Low
3.0,3.0,3.0,2.0,1.0,42.0,47.0,3.0,-0.909,2,5.0,4.0,4.0,4.0,2.0,2.0,1.0,1.0,1.0,1.0,2,2,3,4.0,4.0,4.0,4.0,5.0,2.0,3.0,3.0,2,2.0,0,Medium
5.0,4.0,1.0,8.0,1.0,44.0,62.0,3.0,0.242,3,5.0,5.0,5.0,5.0,1.0,1.0,1.0,2.0,2.0,1.0,3,3,1,4.0,4.0,4.0,4.0,5.0,2.0,3.0,4.0,8,2.0,1,High
3.0,4.0,3.0,8.0,0.0,56.0,95.0,4.0,0.242,3,5.0,5.0,5.0,5.0,1.0,1.0,1.0,1.0,1.0,1.0,4,2,8,5.0,4.0,4.0,3.0,5.0,2.0,3.0,3.0,8,0.0,1,High
3.0,3.0,3.0,3.0,1.0,42.0,46.0,2.0,-0.188,3,4.0,3.0,4.0,5.0,2.0,2.0,1.0,2.0,1.0,1.0,2,3,2,5.0,4.0,3.0,4.0,6.0,2.0,3.0,3.0,4,3.0,0,Medium
3.0,3.0,4.0,2.0,1.0,34.0,60.0,2.0,-0.909,3,5.0,4.0,1.0,2.0,1.0,1.0,1.0,1.0,1.0,1.0,2,1,2,4.0,4.0,4.0,3.0,4.0,3.0,1.0,2.0,2,0.0,1,Medium
2.0,4.0,1.0,,1.0,43.0,54.0,3.0,-1.9,1,3.0,3.0,2.0,2.0,2.0,3.0,1.0,2.0,1.0,1.0,4,1,8,4.0,3.0,5.0,3.0,4.0,2.0,2.0,3.0,1,3.0,0,Medium
5.0,4.0,3.0,2.0,0.0,46.0,52.0,3.0,-0.188,3,5.0,4.0,5.0,4.0,1.0,1.0,1.0,1.0,1.0,1.0,5,5,4,4.0,4.0,3.0,4.0,5.0,3.0,3.0,3.0,2,0.0,0,Medium
4.0,3.0,5.0,7.0,1.0,46.0,39.0,2.0,-0.909,1,4.0,4.0,2.0,4.0,1.0,1.0,1.0,2.0,2.0,1.0,3,4,6,4.0,4.0,4.0,3.0,3.0,2.0,3.0,3.0,2,2.0,0,Low
5.0,1.0,3.0,4.0,0.0,42.0,52.0,1.0,0.712,3,5.0,4.0,3.0,5.0,1.0,1.0,1.0,2.0,2.0,1.0,4,2,6,5.0,4.0,2.0,1.0,2.0,2.0,1.0,2.0,6,2.0,0,Medium
5.0,5.0,2.0,8.0,0.0,64.0,86.0,4.0,1.267,3,5.0,5.0,5.0,4.0,1.0,1.0,1.0,1.0,1.0,1.0,3,1,8,1.0,2.0,4.0,2.0,6.0,2.0,4.0,4.0,5,0.0,1,High
5.0,4.0,2.0,8.0,1.0,60.0,62.0,3.0,-1.215,2,5.0,4.0,1.0,4.0,1.0,1.0,1.0,1.0,1.0,1.0,3,2,2,5.0,5.0,5.0,5.0,4.0,2.0,3.0,3.0,6,0.0,1,High
3.0,4.0,3.0,2.0,1.0,40.0,63.0,3.0,0.712,3,5.0,4.0,5.0,4.0,1.0,1.0,1.0,1.0,1.0,1.0,5,3,8,3.0,4.0,4.0,3.0,6.0,2.0,3.0,3.0,2,0.0,1,High
3.0,3.0,4.0,6.0,1.0,57.0,48.0,3.0,-0.909,1,5.0,3.0,1.0,3.0,1.0,1.0,1.0,1.0,1.0,1.0,4,1,1,3.0,3.0,3.0,3.0,4.0,2.0,1.0,2.0,4,0.0,0,Medium
2.0,2.0,2.0,8.0,1.0,41.0,60.0,3.0,-0.57,1,5.0,4.0,4.0,5.0,1.0,1.0,1.0,1.0,1.0,1.0,2,3,6,3.0,3.0,3.0,3.0,3.0,3.0,3.0,3.0,7,0.0,1,Medium
5.0,3.0,5.0,2.0,1.0,39.0,42.0,2.0,0.242,3,4.0,2.0,2.0,3.0,1.0,1.0,1.0,1.0,1.0,1.0,5,3,7,4.0,4.0,4.0,2.0,3.0,2.0,2.0,3.0,4,0.0,0,Low
3.0,4.0,1.0,8.0,0.0,53.0,59.0,4.0,-0.909,2,5.0,3.0,2.0,5.0,1.0,1.0,1.0,1.0,2.0,1.0,2,1,1,5.0,5.0,3.0,3.0,2.0,1.0,3.0,3.0,6,1.0,1,Medium
4.0,2.0,4.0,2.0,1.0,47.0,37.0,2.0,1.267,3,5.0,3.0,1.0,5.0,1.0,1.0,1.0,1.0,1.0,1.0,3,5,8,5.0,4.0,4.0,3.0,3.0,2.0,3.0,3.0,3,0.0,0,Low
5.0,4.0,4.0,2.0,1.0,74.0,57.0,3.0,1.267,3,5.0,4.0,5.0,5.0,1.0,1.0,1.0,1.0,1.0,1.0,5,4,9,3.0,3.0,4.0,4.0,5.0,1.0,3.0,3.0,4,0.0,1,Medium
5.0,3.0,2.0,5.0,1.0,42.0,53.0,3.0,0.712,1,5.0,3.0,5.0,2.0,1.0,1.0,1.0,1.0,1.0,1.0,3,3,8,4.0,4.0,3.0,2.0,5.0,2.0,2.0,3.0,1,0.0,0,Medium
2.0,2.0,3.0,2.0,0.0,18.0,54.0,2.0,-0.188,3,5.0,2.0,3.0,5.0,1.0,1.0,1.0,1.0,1.0,1.0,5,4,9,2.0,2.0,2.0,2.0,4.0,3.0,3.0,3.0,4,0.0,0,Medium
3.0,2.0,4.0,1.0,0.0,18.0,36.0,1.0,-1.215,3,2.0,1.0,1.0,5.0,2.0,1.0,1.0,3.0,3.0,1.0,2,3,2,3.0,2.0,2.0,3.0,1.0,3.0,1.0,3.0,4,3.0,0,Low
5.0,5.0,4.0,2.0,1.0,60.0,66.0,4.0,0.712,3,5.0,5.0,5.0,5.0,1.0,1.0,1.0,1.0,1.0,1.0,4,1,8,5.0,3.0,5.0,4.0,6.0,2.0,4.0,4.0,5,0.0,1,High
4.0,4.0,4.0,7.0,0.0,58.0,39.0,3.0,-1.713,2,4.0,4.0,3.0,5.0,3.0,2.0,3.0,2.0,2.0,3.0,1,5,4,4.0,4.0,4.0,4.0,5.0,3.0,3.0,3.0,3,6.0,0,Low
5.0,4.0,2.0,8.0,1.0,80.0,84.0,4.0,0.712,3,5.0,5.0,4.0,5.0,1.0,1.0,1.0,1.0,1.0,1.0,5,2,9,4.0,4.0,4.0,4.0,3.0,2.0,3.0,4.0,6,0.0,1,High
4.0,4.0,3.0,8.0,0.0,41.0,48.0,3.0,-0.57,3,5.0,4.0,5.0,5.0,1.0,1.0,1.0,1.0,2.0,1.0,4,1,2,5.0,4.0,4.0,4.0,6.0,3.0,3.0,3.0,8,1.0,0,Medium
5.0,4.0,3.0,8.0,1.0,49.0,49.0,3.0,0.242,3,5.0,1.0,5.0,5.0,1.0,1.0,1.0,2.0,2.0,1.0,5,1,2,2.0,2.0,2.0,2.0,3.0,2.0,3.0,3.0,6,2.0,0,Medium
4.0,4.0,2.0,2.0,0.0,47.0,70.0,3.0,0.242,3,5.0,1.0,5.0,3.0,1.0,1.0,1.0,1.0,1.0,1.0,5,2,9,2.0,2.0,2.0,2.0,6.0,2.0,3.0,4.0,2,0.0,1,High
4.0,3.0,4.0,8.0,1.0,46.0,50.0,3.0,0.242,2,4.0,4.0,5.0,4.0,1.0,1.0,1.0,1.0,1.0,1.0,5,4,8,3.0,4.0,4.0,3.0,4.0,2.0,3.0,3.0,6,0.0,0,Medium
4.0,3.0,3.0,5.0,1.0,48.0,42.0,3.0,-1.215,2,4.0,3.0,4.0,3.0,2.0,1.0,1.0,1.0,2.0,1.0,3,4,1,4.0,4.0,4.0,3.0,3.0,2.0,3.0,3.0,1,2.0,0,Low
1.0,1.0,1.0,6.0,0.0,29.0,73.0,3.0,-1.485,1,5.0,5.0,5.0,5.0,2.0,2.0,2.0,2.0,1.0,2.0,2,1,1,5.0,5.0,5.0,5.0,3.0,2.0,2.0,2.0,3,5.0,1,High
5.0,4.0,4.0,8.0,0.0,51.0,78.0,4.0,1.267,3,5.0,5.0,5.0,5.0,1.0,1.0,1.0,1.0,1.0,1.0,4,2,7,1.0,2.0,3.0,2.0,5.0,2.0,2.0,2.0,6,0.0,1,High
5.0,3.0,5.0,5.0,1.0,50.0,39.0,4.0,-0.909,1,5.0,4.0,3.0,5.0,1.0,1.0,1.0,2.0,1.0,1.0,3,5,8,5.0,2.0,4.0,3.0,4.0,2.0,3.0,4.0,1,1.0,0,Low
5.0,5.0,2.0,8.0,1.0,54.0,67.0,3.0,-0.909,2,5.0,4.0,4.0,5.0,1.0,1.0,1.0,3.0,1.0,1.0,1,3,6,5.0,4.0,2.0,2.0,2.0,1.0,4.0,3.0,6,1.0,1,High
5.0,5.0,2.0,2.0,1.0,73.0,69.0,4.0,0.712,3,5.0,3.0,5.0,2.0,1.0,1.0,1.0,1.0,1.0,1.0,3,2,9,3.0,2.0,4.0,4.0,6.0,1.0,3.0,4.0,4,0.0,1,High
4.0,4.0,3.0,2.0,1.0,61.0,50.0,3.0,-0.188,3,4.0,5.0,1.0,3.0,1.0,1.0,1.0,1.0,1.0,1.0,4,5,7,5.0,4.0,5.0,3.0,5.0,1.0,3.0,3.0,1,0.0,0,Medium
5.0,3.0,3.0,8.0,1.0,45.0,51.0,3.0,0.242,3,5.0,4.0,5.0,5.0,1.0,1.0,1.0,1.0,1.0,1.0,3,2,3,2.0,3.0,4.0,2.0,4.0,3.0,2.0,3.0,8,0.0,0,Medium
4.0,3.0,2.0,1.0,1.0,43.0,40.0,3.0,-0.188,2,4.0,3.0,2.0,3.0,3.0,3.0,1.0,3.0,3.0,1.0,4,2,4,4.0,4.0,4.0,3.0,3.0,4.0,4.0,4.0,3,4.0,0,Low
5.0,4.0,2.0,8.0,1.0,41.0,47.0,3.0,0.242,1,5.0,4.0,5.0,4.0,1.0,1.0,1.0,1.0,1.0,1.0,1,1,2,3.0,3.0,4.0,4.0,6.0,2.0,4.0,1.0,8,0.0,0,Medium
4.0,3.0,4.0,4.0,0.0,38.0,38.0,3.0,-0.909,1,2.0,4.0,1.0,3.0,2.0,2.0,1.0,2.0,3.0,1.0,2,5,2,4.0,3.0,4.0,3.0,4.0,3.0,2.0,3.0,2,4.0,0,Low
5.0,4.0,4.0,5.0,1.0,56.0,60.0,4.0,0.712,3,5.0,4.0,5.0,3.0,1.0,1.0,1.0,1.0,1.0,1.0,4,2,1,5.0,5.0,5.0,5.0,6.0,2.0,3.0,3.0,2,0.0,1,Medium
2.0,2.0,5.0,1.0,1.0,76.0,23.0,1.0,-0.188,3,2.0,2.0,2.0,2.0,2.0,2.0,2.0,2.0,1.0,1.0,1,2,4,2.0,2.0,2.0,2.0,3.0,4.0,4.0,4.0,3,4.0,0,Low
5.0,4.0,3.0,8.0,1.0,61.0,61.0,3.0,-0.188,2,5.0,5.0,4.0,5.0,1.0,1.0,1.0,1.0,1.0,1.0,1,2,5,4.0,4.0,4.0,5.0,3.0,3.0,4.0,3.0,6,0.0,1,High
4.0,3.0,4.0,3.0,0.0,40.0,47.0,2.0,-0.909,3,5.0,3.0,5.0,4.0,1.0,1.0,1.0,2.0,1.0,1.0,4,1,3,4.0,4.0,3.0,3.0,4.0,2.0,2.0,3.0,6,1.0,0,Medium
5.0,5.0,4.0,2.0,1.0,68.0,63.0,4.0,0.242,3,5.0,5.0,5.0,5.0,1.0,1.0,1.0,1.0,1.0,1.0,5,2,9,5.0,5.0,5.0,5.0,6.0,2.0,3.0,4.0,2,0.0,1,High
5.0,4.0,2.0,8.0,1.0,51.0,70.0,4.0,0.242,3,5.0,5.0,5.0,5.0,1.0,1.0,1.0,1.0,1.0,1.0,4,3,7,4.0,3.0,4.0,3.0,5.0,1.0,3.0,3.0,8,0.0,1,High
4.0,4.0,3.0,2.0,1.0,62.0,73.0,4.0,-1.215,2,5.0,4.0,5.0,5.0,1.0,1.0,1.0,1.0,1.0,1.0,2,3,6,4.0,4.0,4.0,4.0,6.0,4.0,4.0,4.0,4,0.0,1,High
4.0,3.0,2.0,8.0,1.0,61.0,62.0,3.0,-0.909,2,5.0,4.0,5.0,5.0,1.0,1.0,1.0,1.0,1.0,1.0,5,1,2,4.0,4.0,3.0,3.0,5.0,1.0,3.0,3.0,6,0.0,1,High
3.0,2.0,3.0,5.0,0.0,39.0,47.0,3.0,-0.188,2,4.0,3.0,4.0,3.0,1.0,1.0,1.0,2.0,2.0,1.0,3,2,6,2.0,3.0,3.0,3.0,2.0,2.0,2.0,3.0,2,2.0,0,Medium
4.0,3.0,2.0,7.0,0.0,54.0,60.0,4.0,1.267,3,5.0,5.0,5.0,5.0,1.0,1.0,1.0,1.0,1.0,1.0,5,3,8,2.0,4.0,2.0,2.0,6.0,2.0,2.0,2.0,4,0.0,1,Medium
4.0,2.0,5.0,4.0,0.0,34.0,36.0,2.0,-0.188,3,4.0,2.0,1.0,4.0,1.0,1.0,1.0,3.0,2.0,1.0,2,2,3,5.0,3.0,3.0,3.0,1.0,1.0,4.0,3.0,4,2.0,0,Low
5.0,4.0,1.0,8.0,1.0,51.0,61.0,3.0,1.267,3,5.0,5.0,5.0,5.0,1.0,1.0,1.0,1.0,1.0,1.0,4,2,4,4.0,4.0,4.0,3.0,5.0,3.0,3.0,3.0,7,0.0,1,High
5.0,4.0,3.0,3.0,1.0,51.0,76.0,3.0,1.267,3,5.0,5.0,5.0,5.0,1.0,1.0,1.0,1.0,1.0,1.0,4,2,8,2.0,3.0,3.0,2.0,6.0,2.0,3.0,3.0,6,0.0,1,High
3.0,3.0,4.0,2.0,1.0,32.0,45.0,2.0,-0.188,1,3.0,2.0,1.0,3.0,2.0,2.0,1.0,2.0,1.0,1.0,2,3,3,4.0,4.0,4.0,4.0,2.0,3.0,1.0,2.0,3,3.0,0,Medium
4.0,4.0,3.0,6.0,0.0,43.0,58.0,4.0,-0.909,1,4.0,4.0,1.0,4.0,2.0,1.0,1.0,1.0,1.0,1.0,2,2,1,4.0,3.0,3.0,4.0,5.0,1.0,4.0,3.0,4,1.0,1,Medium
1.0,1.0,4.0,6.0,1.0,28.0,32.0,1.0,-1.485,1,5.0,5.0,1.0,4.0,3.0,3.0,3.0,1.0,1.0,1.0,1,1,1,5.0,3.0,1.0,1.0,6.0,3.0,3.0,1.0,4,3.0,0,Low
3.0,2.0,4.0,4.0,0.0,33.0,23.0,2.0,0.242,2,3.0,2.0,1.0,5.0,2.0,2.0,1.0,3.0,2.0,1.0,3,5,4,4.0,3.0,2.0,2.0,2.0,2.0,2.0,2.0,4,4.0,0,Low
5.0,3.0,3.0,3.0,1.0,48.0,52.0,4.0,-0.57,2,5.0,3.0,1.0,3.0,1.0,1.0,1.0,1.0,1.0,1.0,4,3,8,3.0,4.0,4.0,4.0,3.0,3.0,2.0,3.0,2,0.0,0,Medium
4.0,3.0,3.0,7.0,1.0,46.0,50.0,3.0,-0.909,1,5.0,3.0,5.0,4.0,1.0,1.0,1.0,1.0,1.0,1.0,1,1,4,4.0,2.0,3.0,2.0,5.0,3.0,3.0,2.0,2,0.0,0,Medium
4.0,4.0,4.0,1.0,1.0,54.0,58.0,4.0,-0.909,1,5.0,4.0,3.0,4.0,1.0,1.0,1.0,2.0,1.0,1.0,3,1,8,4.0,4.0,4.0,3.0,2.0,2.0,4.0,3.0,2,1.0,1,Medium
5.0,4.0,5.0,5.0,1.0,58.0,61.0,3.0,-0.909,1,5.0,4.0,1.0,3.0,1.0,1.0,1.0,1.0,1.0,1.0,3,1,4,5.0,4.0,4.0,3.0,5.0,1.0,2.0,3.0,1,0.0,1,High
4.0,2.0,4.0,2.0,1.0,44.0,35.0,3.0,0.712,3,5.0,3.0,3.0,4.0,1.0,1.0,1.0,1.0,1.0,1.0,4,2,8,4.0,3.0,2.0,3.0,2.0,4.0,2.0,3.0,5,0.0,0,Low
5.0,5.0,1.0,2.0,1.0,61.0,86.0,4.0,1.267,3,5.0,5.0,5.0,5.0,1.0,1.0,1.0,1.0,1.0,1.0,4,5,9,2.0,4.0,4.0,2.0,6.0,1.0,3.0,4.0,4,0.0,1,High
4.0,4.0,2.0,5.0,1.0,52.0,56.0,3.0,-1.215,2,5.0,4.0,5.0,4.0,1.0,1.0,1.0,1.0,1.0,1.0,2,5,8,4.0,4.0,4.0,4.0,5.0,2.0,3.0,3.0,1,0.0,1,Medium
4.0,3.0,4.0,,0.0,42.0,46.0,3.0,-0.57,3,5.0,5.0,5.0,5.0,2.0,1.0,1.0,1.0,1.0,1.0,1,5,3,4.0,4.0,3.0,3.0,5.0,3.0,2.0,3.0,3,1.0,0,Medium
4.0,4.0,3.0,2.0,1.0,51.0,64.0,4.0,0.712,3,5.0,5.0,5.0,4.0,1.0,1.0,1.0,1.0,1.0,1.0,3,2,7,2.0,3.0,4.0,1.0,5.0,1.0,3.0,3.0,4,0.0,1,High
5.0,5.0,3.0,2.0,1.0,62.0,59.0,4.0,0.242,3,5.0,5.0,4.0,5.0,1.0,1.0,1.0,1.0,1.0,1.0,4,2,9,4.0,4.0,4.0,3.0,5.0,2.0,3.0,3.0,6,0.0,1,Medium
5.0,4.0,4.0,2.0,1.0,49.0,55.0,4.0,-0.57,3,5.0,4.0,5.0,5.0,1.0,1.0,1.0,1.0,1.0,1.0,3,2,4,4.0,4.0,4.0,4.0,5.0,3.0,3.0,3.0,5,0.0,1,Medium
5.0,4.0,3.0,8.0,1.0,48.0,61.0,4.0,-0.188,3,5.0,4.0,5.0,4.0,1.0,1.0,1.0,1.0,1.0,1.0,3,3,8,4.0,4.0,4.0,4.0,6.0,2.0,3.0,3.0,5,0.0,1,High
4.0,3.0,2.0,6.0,0.0,37.0,47.0,2.0,-0.57,2,4.0,4.0,1.0,4.0,2.0,1.0,1.0,1.0,1.0,1.0,1,4,2,4.0,3.0,3.0,3.0,3.0,1.0,3.0,4.0,4,1.0,0,Medium
4.0,3.0,3.0,3.0,1.0,42.0,58.0,3.0,-0.188,3,5.0,4.0,5.0,2.0,1.0,1.0,1.0,1.0,1.0,1.0,4,2,9,3.0,3.0,4.0,3.0,5.0,2.0,3.0,3.0,2,0.0,1,Medium
5.0,4.0,2.0,8.0,1.0,57.0,77.0,4.0,0.242,3,5.0,5.0,5.0,4.0,1.0,1.0,1.0,1.0,1.0,1.0,5,2,8,5.0,5.0,4.0,4.0,5.0,2.0,3.0,3.0,8,0.0,1,High
4.0,4.0,4.0,2.0,0.0,67.0,60.0,4.0,-1.485,2,5.0,5.0,4.0,5.0,1.0,1.0,1.0,1.0,1.0,1.0,3,3,2,5.0,3.0,5.0,3.0,6.0,1.0,3.0,3.0,2,0.0,1,Medium
5.0,3.0,2.0,1.0,0.0,41.0,55.0,3.0,0.712,3,5.0,4.0,5.0,5.0,1.0,1.0,1.0,1.0,1.0,1.0,4,2,7,3.0,3.0,3.0,3.0,5.0,2.0,2.0,3.0,7,0.0,1,Medium
5.0,4.0,4.0,2.0,1.0,49.0,59.0,3.0,0.712,3,5.0,4.0,5.0,3.0,1.0,1.0,1.0,1.0,1.0,1.0,3,3,7,3.0,3.0,5.0,4.0,4.0,1.0,2.0,3.0,2,0.0,1,Medium
4.0,4.0,3.0,8.0,1.0,54.0,72.0,3.0,0.242,3,5.0,4.0,5.0,5.0,1.0,1.0,1.0,1.0,1.0,1.0,4,2,6,3.0,4.0,4.0,2.0,6.0,2.0,3.0,3.0,8,0.0,1,High
5.0,4.0,4.0,2.0,1.0,34.0,54.0,4.0,-0.188,3,5.0,4.0,5.0,5.0,1.0,1.0,1.0,1.0,1.0,1.0,4,2,8,4.0,4.0,3.0,2.0,6.0,2.0,2.0,3.0,1,0.0,0,Medium
5.0,5.0,3.0,1.0,0.0,57.0,57.0,3.0,-0.57,3,5.0,4.0,5.0,5.0,2.0,1.0,1.0,1.0,1.0,1.0,2,5,1,4.0,4.0,4.0,4.0,4.0,1.0,3.0,3.0,3,1.0,1,Medium
5.0,2.0,4.0,4.0,1.0,43.0,44.0,3.0,0.242,3,5.0,4.0,1.0,4.0,1.0,2.0,1.0,1.0,1.0,1.0,2,2,2,4.0,4.0,4.0,2.0,4.0,2.0,2.0,2.0,5,1.0,0,Medium
4.0,4.0,4.0,8.0,1.0,53.0,62.0,3.0,0.712,3,5.0,4.0,5.0,5.0,1.0,1.0,1.0,1.0,1.0,1.0,4,1,6,4.0,3.0,4.0,3.0,3.0,2.0,2.0,3.0,6,0.0,1,High
3.0,2.0,4.0,2.0,0.0,40.0,53.0,2.0,0.712,3,4.0,4.0,5.0,2.0,1.0,1.0,1.0,1.0,1.0,1.0,5,3,9,1.0,3.0,2.0,2.0,4.0,1.0,3.0,2.0,5,0.0,0,Medium
5.0,4.0,,2.0,1.0,54.0,66.0,4.0,0.242,3,5.0,4.0,5.0,4.0,1.0,1.0,1.0,1.0,1.0,1.0,4,1,7,4.0,4.0,5.0,4.0,6.0,,,,6,0.0,1,High
4.0,4.0,2.0,8.0,1.0,52.0,56.0,4.0,0.712,3,5.0,4.0,4.0,5.0,1.0,1.0,1.0,1.0,1.0,1.0,3,2,6,4.0,4.0,4.0,4.0,5.0,1.0,3.0,3.0,7,0.0,1,Medium
4.0,4.0,5.0,6.0,1.0,53.0,29.0,3.0,-0.188,3,4.0,2.0,1.0,5.0,3.0,3.0,1.0,1.0,1.0,1.0,2,3,1,5.0,5.0,2.0,3.0,4.0,3.0,3.0,3.0,2,2.0,0,Low
5.0,4.0,2.0,8.0,0.0,59.0,72.0,3.0,0.712,3,5.0,1.0,5.0,5.0,1.0,1.0,1.0,1.0,1.0,1.0,5,1,4,3.0,3.0,4.0,3.0,6.0,1.0,2.0,3.0,7,0.0,1,High
4.0,4.0,2.0,2.0,0.0,72.0,51.0,4.0,-0.188,3,5.0,5.0,5.0,5.0,1.0,1.0,1.0,1.0,1.0,1.0,3,1,7,4.0,4.0,3.0,3.0,6.0,3.0,4.0,3.0,3,0.0,0,Medium
3.0,3.0,1.0,7.0,0.0,42.0,49.0,2.0,-0.909,1,1.0,2.0,1.0,1.0,3.0,3.0,3.0,3.0,3.0,3.0,1,3,1,2.0,2.0,2.0,2.0,2.0,4.0,4.0,4.0,3,6.0,0,Medium
5.0,4.0,4.0,8.0,1.0,50.0,59.0,3.0,-0.57,2,5.0,4.0,3.0,4.0,1.0,1.0,1.0,1.0,1.0,1.0,1,3,3,4.0,4.0,4.0,4.0,5.0,2.0,3.0,3.0,5,0.0,1,Medium
5.0,4.0,2.0,8.0,1.0,71.0,86.0,4.0,0.242,3,4.0,5.0,5.0,5.0,1.0,1.0,1.0,1.0,1.0,1.0,4,3,7,2.0,3.0,3.0,4.0,6.0,1.0,4.0,4.0,5,0.0,1,High
5.0,4.0,2.0,8.0,0.0,53.0,67.0,4.0,0.712,3,5.0,4.0,5.0,5.0,1.0,1.0,1.0,1.0,1.0,1.0,4,2,8,3.0,2.0,3.0,2.0,4.0,2.0,3.0,3.0,7,0.0,1,High
3.0,5.0,1.0,1.0,1.0,75.0,86.0,4.0,0.712,2,5.0,5.0,5.0,5.0,1.0,1.0,1.0,1.0,1.0,1.0,4,1,8,5.0,5.0,5.0,5.0,4.0,1.0,4.0,4.0,2,0.0,1,High
5.0,3.0,4.0,2.0,1.0,43.0,43.0,3.0,0.712,3,5.0,4.0,5.0,3.0,2.0,2.0,1.0,2.0,1.0,1.0,3,1,3,4.0,4.0,2.0,2.0,4.0,2.0,2.0,3.0,3,3.0,0,Low
4.0,4.0,3.0,2.0,1.0,54.0,59.0,4.0,0.712,3,5.0,4.0,4.0,5.0,1.0,1.0,1.0,1.0,1.0,1.0,4,1,7,4.0,5.0,4.0,4.0,5.0,2.0,3.0,4.0,4,0.0,1,Medium
4.0,4.0,2.0,2.0,0.0,44.0,72.0,4.0,-1.215,2,5.0,4.0,5.0,4.0,1.0,1.0,1.0,1.0,1.0,1.0,4,2,8,3.0,3.0,3.0,1.0,4.0,1.0,3.0,3.0,4,0.0,1,High
5.0,4.0,4.0,2.0,1.0,56.0,54.0,3.0,-0.188,3,5.0,4.0,3.0,4.0,1.0,1.0,1.0,1.0,1.0,1.0,3,3,7,4.0,4.0,4.0,3.0,6.0,2.0,4.0,3.0,6,0.0,0,Medium
5.0,4.0,3.0,2.0,1.0,51.0,60.0,4.0,1.267,3,5.0,4.0,5.0,5.0,1.0,1.0,1.0,1.0,1.0,1.0,4,5,8,3.0,3.0,4.0,3.0,6.0,2.0,3.0,4.0,3,0.0,1,Medium
5.0,2.0,4.0,3.0,1.0,30.0,36.0,2.0,0.242,2,5.0,2.0,1.0,4.0,2.0,2.0,1.0,1.0,1.0,1.0,2,2,3,4.0,3.0,3.0,3.0,2.0,3.0,2.0,2.0,6,2.0,0,Low
4.0,4.0,4.0,8.0,0.0,48.0,65.0,4.0,0.242,3,5.0,4.0,5.0,4.0,1.0,1.0,1.0,1.0,1.0,1.0,3,2,9,3.0,3.0,3.0,3.0,3.0,3.0,2.0,3.0,7,0.0,1,High
5.0,4.0,2.0,2.0,0.0,85.0,89.0,4.0,0.242,3,5.0,1.0,5.0,4.0,1.0,1.0,1.0,1.0,1.0,1.0,2,1,7,2.0,3.0,5.0,5.0,5.0,1.0,3.0,4.0,7,0.0,1,High
5.0,5.0,1.0,1.0,1.0,54.0,82.0,4.0,0.712,3,5.0,5.0,5.0,5.0,1.0,1.0,1.0,1.0,1.0,1.0,3,2,9,4.0,4.0,4.0,3.0,6.0,3.0,3.0,3.0,7,0.0,1,High
4.0,4.0,2.0,2.0,0.0,54.0,75.0,4.0,1.267,3,5.0,1.0,5.0,5.0,1.0,1.0,1.0,1.0,1.0,1.0,5,1,9,2.0,2.0,2.0,2.0,6.0,1.0,4.0,4.0,5,0.0,1,High
2.0,2.0,5.0,2.0,0.0,42.0,25.0,3.0,0.242,0,3.0,2.0,2.0,3.0,3.0,2.0,3.0,2.0,2.0,2.0,1,5,2,3.0,3.0,3.0,3.0,3.0,2.0,2.0,2.0,3,6.0,0,Low
3.0,2.0,3.0,7.0,1.0,26.0,45.0,2.0,-0.57,2,1.0,2.0,1.0,2.0,1.0,2.0,1.0,1.0,3.0,2.0,1,4,1,4.0,2.0,4.0,2.0,3.0,2.0,3.0,2.0,1,3.0,0,Medium
4.0,2.0,4.0,2.0,0.0,39.0,50.0,3.0,-0.909,2,5.0,3.0,2.0,4.0,1.0,1.0,1.0,1.0,1.0,1.0,2,5,5,4.0,4.0,3.0,3.0,4.0,2.0,3.0,3.0,4,0.0,0,Medium
5.0,5.0,1.0,8.0,0.0,51.0,75.0,4.0,1.267,3,5.0,5.0,5.0,5.0,1.0,1.0,1.0,1.0,1.0,1.0,2,1,6,1.0,3.0,2.0,2.0,6.0,1.0,4.0,4.0,8,0.0,1,High
4.0,3.0,3.0,2.0,1.0,48.0,63.0,3.0,0.712,2,5.0,4.0,1.0,5.0,1.0,1.0,1.0,1.0,1.0,1.0,2,2,7,4.0,4.0,3.0,3.0,5.0,2.0,3.0,4.0,5,0.0,1,High
4.0,3.0,3.0,8.0,0.0,49.0,50.0,3.0,-0.188,3,5.0,4.0,5.0,5.0,1.0,1.0,1.0,1.0,1.0,1.0,3,1,5,5.0,5.0,3.0,3.0,3.0,1.0,3.0,2.0,8,0.0,0,Medium
5.0,4.0,4.0,2.0,1.0,50.0,65.0,4.0,0.712,3,5.0,4.0,5.0,5.0,1.0,1.0,1.0,1.0,1.0,1.0,5,2,9,3.0,4.0,3.0,2.0,6.0,2.0,2.0,3.0,7,0.0,1,High
5.0,4.0,4.0,2.0,1.0,62.0,61.0,4.0,-0.57,3,5.0,4.0,5.0,5.0,1.0,1.0,1.0,1.0,1.0,1.0,5,2,3,5.0,5.0,5.0,5.0,4.0,1.0,4.0,4.0,2,0.0,1,High
5.0,5.0,3.0,2.0,1.0,69.0,72.0,4.0,1.267,3,5.0,4.0,5.0,5.0,1.0,1.0,1.0,1.0,1.0,1.0,4,3,9,3.0,3.0,5.0,3.0,6.0,2.0,3.0,4.0,4,0.0,1,High
4.0,3.0,3.0,2.0,0.0,40.0,35.0,3.0,-0.188,2,5.0,4.0,5.0,4.0,1.0,1.0,1.0,1.0,1.0,1.0,5,1,8,3.0,3.0,3.0,4.0,3.0,3.0,3.0,3.0,4,0.0,0,Low
4.0,4.0,3.0,8.0,0.0,57.0,53.0,3.0,-0.188,2,4.0,4.0,4.0,5.0,1.0,1.0,1.0,1.0,1.0,1.0,3,1,3,5.0,3.0,3.0,3.0,2.0,1.0,1.0,1.0,8,0.0,0,Medium
5.0,4.0,2.0,3.0,1.0,60.0,40.0,4.0,0.712,3,5.0,4.0,1.0,5.0,1.0,1.0,1.0,1.0,1.0,1.0,2,1,1,5.0,3.0,5.0,4.0,1.0,2.0,3.0,3.0,4,0.0,0,Low
5.0,5.0,2.0,2.0,1.0,44.0,78.0,4.0,0.712,3,5.0,4.0,5.0,5.0,1.0,1.0,1.0,1.0,1.0,1.0,4,2,9,3.0,3.0,3.0,3.0,6.0,1.0,4.0,4.0,5,0.0,1,High
3.0,3.0,3.0,6.0,0.0,42.0,49.0,3.0,-1.713,1,3.0,3.0,3.0,3.0,2.0,2.0,2.0,2.0,2.0,2.0,1,2,1,3.0,3.0,3.0,3.0,4.0,4.0,4.0,1.0,2,6.0,0,Medium
2.0,2.0,3.0,7.0,,56.0,37.0,1.0,-0.909,2,3.0,2.0,3.0,3.0,1.0,1.0,1.0,3.0,1.0,2.0,2,2,1,2.0,2.0,2.0,2.0,3.0,4.0,4.0,3.0,2,2.0,0,Low
5.0,4.0,4.0,2.0,1.0,58.0,64.0,4.0,1.267,3,5.0,5.0,5.0,5.0,1.0,1.0,1.0,1.0,1.0,1.0,5,1,7,5.0,5.0,5.0,5.0,6.0,1.0,4.0,4.0,4,0.0,1,High
,5.0,4.0,8.0,1.0,85.0,95.0,4.0,0.712,2,5.0,5.0,4.0,5.0,1.0,1.0,1.0,1.0,1.0,1.0,4,2,8,4.0,5.0,5.0,5.0,6.0,1.0,4.0,4.0,6,0.0,1,High
5.0,3.0,5.0,2.0,,44.0,33.0,2.0,0.242,3,5.0,3.0,1.0,5.0,1.0,1.0,1.0,1.0,1.0,1.0,3,2,8,2.0,2.0,2.0,2.0,3.0,1.0,3.0,3.0,4,0.0,0,Low
4.0,3.0,3.0,2.0,1.0,48.0,50.0,4.0,-0.188,2,5.0,4.0,3.0,5.0,1.0,1.0,1.0,1.0,1.0,1.0,2,2,7,4.0,4.0,4.0,3.0,5.0,2.0,2.0,3.0,4,0.0,0,Medium
4.0,4.0,3.0,8.0,1.0,49.0,61.0,3.0,0.242,2,5.0,4.0,5.0,4.0,1.0,1.0,1.0,1.0,1.0,1.0,2,2,1,3.0,4.0,4.0,4.0,5.0,3.0,3.0,3.0,8,0.0,1,High
5.0,4.0,3.0,4.0,0.0,44.0,50.0,3.0,-1.9,1,4.0,4.0,1.0,4.0,1.0,1.0,1.0,1.0,1.0,1.0,2,3,2,3.0,4.0,3.0,3.0,5.0,3.0,3.0,3.0,4,0.0,0,Medium
5.0,4.0,3.0,2.0,1.0,58.0,65.0,3.0,-0.188,3,5.0,4.0,4.0,4.0,1.0,1.0,1.0,1.0,1.0,1.0,4,2,9,4.0,4.0,4.0,4.0,6.0,2.0,3.0,3.0,5,0.0,1,High
4.0,3.0,3.0,2.0,1.0,46.0,47.0,4.0,-0.188,3,5.0,4.0,1.0,4.0,1.0,1.0,1.0,1.0,1.0,1.0,5,4,7,2.0,2.0,4.0,1.0,6.0,2.0,2.0,3.0,2,0.0,0,Medium
4.0,2.0,1.0,8.0,0.0,44.0,52.0,3.0,-0.188,3,5.0,3.0,1.0,5.0,1.0,1.0,1.0,1.0,1.0,1.0,3,2,7,4.0,3.0,3.0,2.0,3.0,2.0,3.0,3.0,6,0.0,0,Medium
4.0,3.0,3.0,2.0,1.0,49.0,44.0,3.0,-0.188,2,5.0,4.0,3.0,5.0,1.0,1.0,1.0,1.0,1.0,1.0,2,3,5,4.0,4.0,4.0,2.0,3.0,1.0,2.0,3.0,4,0.0,0,Medium
4.0,4.0,3.0,3.0,1.0,56.0,59.0,4.0,0.242,3,5.0,4.0,5.0,5.0,1.0,1.0,1.0,1.0,1.0,1.0,2,4,7,4.0,4.0,4.0,3.0,5.0,2.0,3.0,3.0,4,0.0,1,Medium
4.0,3.0,2.0,8.0,0.0,42.0,49.0,2.0,0.712,3,5.0,4.0,1.0,5.0,2.0,1.0,1.0,1.0,1.0,1.0,1,1,1,4.0,4.0,2.0,1.0,1.0,2.0,3.0,2.0,6,1.0,0,Medium
4.0,3.0,4.0,8.0,1.0,55.0,39.0,2.0,-1.215,2,5.0,5.0,5.0,5.0,1.0,1.0,1.0,1.0,1.0,1.0,2,1,1,3.0,3.0,3.0,3.0,1.0,1.0,1.0,3.0,8,0.0,0,Low
5.0,4.0,4.0,3.0,1.0,50.0,53.0,4.0,-0.909,3,5.0,5.0,4.0,5.0,1.0,1.0,1.0,2.0,1.0,1.0,3,1,4,4.0,4.0,4.0,4.0,5.0,3.0,3.0,3.0,8,1.0,0,Medium
5.0,5.0,2.0,8.0,1.0,46.0,55.0,4.0,0.712,3,5.0,5.0,5.0,5.0,1.0,1.0,1.0,1.0,1.0,1.0,3,1,3,5.0,4.0,5.0,4.0,5.0,1.0,4.0,4.0,8,0.0,1,Medium
3.0,3.0,3.0,8.0,1.0,45.0,55.0,3.0,-0.909,2,5.0,4.0,3.0,5.0,1.0,1.0,1.0,1.0,1.0,1.0,2,1,3,4.0,4.0,4.0,4.0,3.0,2.0,3.0,3.0,6,0.0,1,Medium
5.0,4.0,3.0,3.0,1.0,49.0,53.0,3.0,0.242,2,5.0,5.0,5.0,2.0,1.0,1.0,3.0,1.0,1.0,1.0,2,1,8,4.0,4.0,3.0,3.0,6.0,2.0,2.0,3.0,2,1.0,0,Medium
5.0,4.0,4.0,2.0,0.0,54.0,52.0,3.0,0.712,3,5.0,4.0,4.0,5.0,1.0,1.0,1.0,1.0,1.0,1.0,3,2,9,4.0,4.0,2.0,2.0,3.0,1.0,3.0,2.0,5,0.0,0,Medium
4.0,4.0,2.0,8.0,0.0,56.0,68.0,4.0,0.712,3,5.0,5.0,5.0,5.0,1.0,1.0,1.0,1.0,1.0,1.0,2,2,4,2.0,2.0,3.0,3.0,5.0,2.0,3.0,3.0,6,0.0,1,High
5.0,4.0,4.0,6.0,1.0,64.0,59.0,4.0,1.267,3,5.0,5.0,2.0,5.0,1.0,1.0,1.0,1.0,1.0,1.0,2,5,7,4.0,4.0,4.0,4.0,5.0,1.0,3.0,3.0,4,0.0,1,Medium
3.0,3.0,5.0,1.0,0.0,61.0,42.0,3.0,-1.215,3,4.0,4.0,3.0,4.0,3.0,1.0,3.0,2.0,1.0,3.0,2,1,1,5.0,3.0,5.0,3.0,6.0,4.0,3.0,4.0,2,4.0,0,Low
3.0,2.0,3.0,2.0,1.0,32.0,49.0,2.0,0.242,3,5.0,4.0,3.0,5.0,1.0,2.0,1.0,1.0,1.0,1.0,2,3,4,5.0,4.0,3.0,4.0,4.0,2.0,3.0,3.0,5,1.0,0,Medium
4.0,4.0,2.0,8.0,0.0,60.0,72.0,4.0,-0.57,3,5.0,5.0,5.0,5.0,1.0,1.0,1.0,1.0,1.0,1.0,2,1,1,4.0,4.0,4.0,4.0,5.0,1.0,3.0,1.0,8,0.0,1,High
4.0,4.0,3.0,2.0,1.0,54.0,55.0,3.0,-0.909,1,5.0,4.0,1.0,4.0,1.0,1.0,1.0,1.0,1.0,1.0,4,2,9,3.0,3.0,4.0,3.0,4.0,2.0,3.0,4.0,2,0.0,1,Medium
4.0,3.0,4.0,2.0,1.0,35.0,50.0,2.0,0.242,3,5.0,4.0,1.0,4.0,1.0,1.0,1.0,1.0,1.0,1.0,1,4,5,4.0,3.0,4.0,3.0,5.0,2.0,3.0,2.0,4,0.0,0,Medium
4.0,4.0,4.0,2.0,1.0,42.0,60.0,3.0,-1.485,1,5.0,4.0,2.0,5.0,2.0,2.0,2.0,2.0,2.0,2.0,2,2,7,4.0,4.0,4.0,4.0,5.0,3.0,3.0,3.0,4,6.0,1,Medium
4.0,4.0,2.0,1.0,1.0,40.0,41.0,3.0,0.242,3,4.0,3.0,1.0,5.0,2.0,2.0,1.0,1.0,2.0,1.0,3,1,1,4.0,4.0,4.0,3.0,2.0,1.0,2.0,3.0,6,3.0,0,Low
2.0,1.0,4.0,7.0,0.0,17.0,33.0,2.0,-0.57,2,1.0,1.0,1.0,1.0,2.0,2.0,3.0,1.0,1.0,1.0,1,3,7,1.0,1.0,1.0,1.0,2.0,4.0,1.0,2.0,1,3.0,0,Low
5.0,5.0,4.0,2.0,1.0,73.0,41.0,4.0,-0.57,2,5.0,4.0,5.0,5.0,1.0,1.0,1.0,1.0,1.0,1.0,5,2,6,5.0,5.0,5.0,5.0,6.0,2.0,4.0,4.0,2,0.0,0,Low
5.0,4.0,2.0,2.0,1.0,59.0,70.0,4.0,1.267,3,5.0,4.0,5.0,5.0,1.0,1.0,1.0,1.0,1.0,1.0,3,1,8,5.0,4.0,4.0,4.0,6.0,2.0,3.0,3.0,4,0.0,1,High
5.0,3.0,5.0,8.0,1.0,43.0,66.0,4.0,0.242,3,5.0,4.0,1.0,4.0,1.0,1.0,1.0,1.0,1.0,1.0,3,2,9,4.0,4.0,3.0,3.0,2.0,2.0,4.0,3.0,7,0.0,1,High
4.0,2.0,2.0,2.0,1.0,40.0,52.0,2.0,-1.215,2,4.0,2.0,1.0,2.0,1.0,1.0,1.0,1.0,1.0,1.0,3,1,3,2.0,3.0,3.0,3.0,2.0,2.0,3.0,3.0,6,0.0,0,Medium
5.0,5.0,3.0,8.0,1.0,51.0,76.0,4.0,1.267,3,5.0,4.0,5.0,5.0,1.0,1.0,1.0,1.0,1.0,1.0,4,2,8,5.0,4.0,4.0,3.0,6.0,2.0,3.0,3.0,8,0.0,1,High
5.0,3.0,5.0,3.0,0.0,43.0,29.0,2.0,-0.909,2,5.0,4.0,4.0,5.0,1.0,1.0,1.0,1.0,1.0,1.0,2,2,2,3.0,3.0,3.0,3.0,2.0,1.0,3.0,3.0,5,0.0,0,Low
4.0,4.0,4.0,7.0,1.0,56.0,49.0,3.0,-0.188,3,4.0,4.0,5.0,3.0,1.0,1.0,1.0,2.0,1.0,1.0,4,2,6,3.0,3.0,4.0,4.0,5.0,1.0,3.0,3.0,2,1.0,0,Medium
4.0,3.0,4.0,2.0,1.0,48.0,42.0,2.0,-0.188,3,4.0,3.0,1.0,2.0,2.0,2.0,1.0,2.0,1.0,1.0,4,5,7,3.0,3.0,4.0,3.0,2.0,2.0,2.0,3.0,5,3.0,0,Low
5.0,5.0,1.0,8.0,0.0,69.0,78.0,4.0,-0.188,3,5.0,5.0,5.0,5.0,1.0,1.0,1.0,1.0,1.0,1.0,5,2,8,4.0,3.0,3.0,3.0,6.0,1.0,4.0,4.0,8,0.0,1,High
5.0,4.0,2.0,2.0,1.0,49.0,64.0,4.0,-0.57,2,5.0,3.0,2.0,4.0,1.0,1.0,1.0,1.0,1.0,1.0,3,2,7,3.0,3.0,4.0,2.0,4.0,1.0,3.0,3.0,2,0.0,1,High
5.0,3.0,4.0,3.0,0.0,59.0,70.0,4.0,-0.188,2,5.0,5.0,5.0,4.0,1.0,1.0,1.0,1.0,1.0,1.0,2,2,4,4.0,2.0,3.0,3.0,5.0,2.0,4.0,4.0,7,0.0,1,High
4.0,4.0,2.0,8.0,0.0,55.0,69.0,4.0,0.242,3,5.0,5.0,5.0,5.0,1.0,1.0,1.0,1.0,1.0,1.0,2,2,8,4.0,3.0,4.0,4.0,4.0,3.0,3.0,3.0,6,0.0,1,High
5.0,5.0,3.0,8.0,1.0,73.0,85.0,4.0,-0.188,3,5.0,5.0,5.0,5.0,1.0,1.0,1.0,1.0,1.0,1.0,5,2,7,5.0,5.0,4.0,5.0,6.0,1.0,4.0,3.0,8,0.0,1,High
3.0,3.0,5.0,2.0,0.0,30.0,53.0,2.0,-0.909,2,1.0,2.0,2.0,2.0,2.0,2.0,1.0,1.0,1.0,1.0,3,1,2,2.0,2.0,2.0,2.0,2.0,2.0,3.0,3.0,5,2.0,0,Medium
5.0,3.0,3.0,8.0,0.0,48.0,54.0,3.0,0.242,2,5.0,5.0,2.0,5.0,1.0,1.0,1.0,1.0,1.0,1.0,3,2,5,5.0,3.0,3.0,4.0,3.0,1.0,3.0,3.0,7,0.0,0,Medium
4.0,4.0,4.0,2.0,0.0,72.0,53.0,4.0,1.267,3,5.0,4.0,5.0,5.0,1.0,1.0,1.0,1.0,1.0,1.0,5,2,8,4.0,5.0,4.0,4.0,6.0,1.0,4.0,3.0,4,0.0,0,Medium
4.0,4.0,3.0,3.0,0.0,51.0,54.0,4.0,1.267,3,5.0,4.0,5.0,5.0,1.0,1.0,1.0,1.0,1.0,1.0,2,1,4,4.0,4.0,4.0,3.0,4.0,2.0,3.0,3.0,6,0.0,0,Medium
4.0,4.0,2.0,8.0,1.0,45.0,58.0,3.0,-0.188,2,4.0,4.0,5.0,4.0,1.0,1.0,1.0,1.0,1.0,1.0,5,2,4,3.0,3.0,3.0,3.0,4.0,2.0,3.0,3.0,8,0.0,1,Medium
5.0,4.0,2.0,8.0,1.0,68.0,66.0,4.0,0.712,3,5.0,4.0,3.0,5.0,1.0,1.0,1.0,1.0,1.0,1.0,5,2,6,4.0,4.0,4.0,4.0,4.0,2.0,3.0,3.0,6,0.0,1,High
4.0,3.0,4.0,4.0,1.0,51.0,67.0,3.0,0.712,3,5.0,4.0,5.0,5.0,1.0,1.0,1.0,1.0,1.0,1.0,5,2,7,4.0,4.0,3.0,2.0,5.0,2.0,3.0,3.0,6,0.0,1,High
4.0,2.0,5.0,2.0,0.0,47.0,14.0,2.0,-0.188,2,2.0,3.0,1.0,5.0,3.0,2.0,1.0,2.0,2.0,2.0,1,4,2,5.0,4.0,3.0,3.0,1.0,2.0,3.0,2.0,3,5.0,0,Low
4.0,3.0,4.0,2.0,1.0,46.0,43.0,3.0,0.242,3,5.0,4.0,5.0,2.0,1.0,1.0,1.0,1.0,1.0,1.0,5,3,2,3.0,4.0,4.0,4.0,6.0,2.0,3.0,3.0,2,0.0,0,Low
5.0,3.0,4.0,2.0,1.0,56.0,62.0,4.0,-0.188,3,4.0,4.0,4.0,4.0,1.0,1.0,1.0,1.0,1.0,1.0,5,3,7,4.0,4.0,4.0,4.0,3.0,1.0,2.0,4.0,3,0.0,1,High
4.0,3.0,3.0,2.0,1.0,43.0,54.0,3.0,-0.57,3,4.0,4.0,4.0,2.0,1.0,1.0,1.0,1.0,1.0,1.0,2,2,6,3.0,3.0,3.0,2.0,4.0,2.0,2.0,3.0,5,0.0,0,Medium
5.0,3.0,4.0,2.0,1.0,50.0,46.0,3.0,-0.57,2,5.0,3.0,3.0,5.0,1.0,1.0,1.0,2.0,2.0,1.0,2,1,6,4.0,4.0,4.0,2.0,6.0,2.0,3.0,4.0,4,2.0,0,Medium
3.0,4.0,1.0,8.0,0.0,54.0,72.0,4.0,0.712,3,5.0,5.0,5.0,5.0,1.0,1.0,1.0,1.0,1.0,1.0,3,2,8,3.0,3.0,4.0,4.0,5.0,,3.0,3.0,7,0.0,1,High
5.0,4.0,2.0,2.0,1.0,41.0,67.0,3.0,-0.188,3,5.0,5.0,5.0,3.0,1.0,1.0,1.0,1.0,1.0,1.0,3,2,7,3.0,4.0,4.0,2.0,5.0,2.0,3.0,3.0,4,0.0,1,High
5.0,5.0,2.0,2.0,1.0,82.0,65.0,4.0,0.712,3,5.0,5.0,5.0,4.0,1.0,1.0,1.0,1.0,1.0,1.0,4,2,8,4.0,4.0,4.0,4.0,6.0,2.0,3.0,3.0,2,0.0,1,High
4.0,3.0,2.0,2.0,1.0,51.0,55.0,3.0,-0.188,3,4.0,4.0,4.0,5.0,1.0,1.0,1.0,1.0,1.0,1.0,3,4,7,4.0,4.0,4.0,4.0,5.0,2.0,3.0,3.0,3,0.0,1,Medium
5.0,4.0,2.0,2.0,0.0,50.0,37.0,3.0,-1.485,0,4.0,5.0,4.0,3.0,3.0,1.0,2.0,2.0,3.0,2.0,3,1,8,5.0,4.0,3.0,4.0,5.0,4.0,4.0,4.0,2,5.0,0,Low
5.0,4.0,4.0,,1.0,50.0,53.0,2.0,0.712,2,5.0,5.0,5.0,5.0,1.0,1.0,1.0,1.0,2.0,1.0,3,3,9,5.0,4.0,5.0,4.0,4.0,1.0,3.0,4.0,5,1.0,0,Medium
4.0,4.0,4.0,1.0,1.0,48.0,58.0,4.0,0.242,2,5.0,4.0,2.0,4.0,1.0,1.0,1.0,1.0,1.0,1.0,2,4,7,5.0,5.0,5.0,5.0,4.0,2.0,3.0,4.0,4,0.0,1,Medium
4.0,4.0,2.0,1.0,1.0,59.0,58.0,4.0,0.242,3,5.0,4.0,3.0,4.0,1.0,1.0,1.0,1.0,1.0,1.0,3,2,5,3.0,4.0,4.0,4.0,5.0,1.0,4.0,3.0,4,0.0,1,Medium
3.0,2.0,4.0,2.0,1.0,26.0,40.0,1.0,0.242,3,4.0,3.0,1.0,5.0,3.0,2.0,1.0,3.0,2.0,1.0,4,2,2,2.0,4.0,4.0,3.0,4.0,2.0,2.0,3.0,3,4.0,0,Low
4.0,2.0,4.0,2.0,0.0,35.0,52.0,3.0,-0.188,3,4.0,3.0,1.0,1.0,1.0,1.0,1.0,1.0,1.0,1.0,3,4,7,2.0,2.0,2.0,2.0,2.0,2.0,3.0,2.0,3,0.0,0,Medium
5.0,4.0,2.0,7.0,1.0,60.0,27.0,3.0,-0.57,2,5.0,5.0,1.0,5.0,2.0,2.0,1.0,3.0,1.0,3.0,1,3,3,5.0,4.0,5.0,2.0,6.0,4.0,4.0,3.0,3,4.0,0,Low
3.0,3.0,3.0,2.0,1.0,39.0,57.0,3.0,0.712,3,4.0,4.0,1.0,5.0,1.0,1.0,1.0,1.0,1.0,1.0,3,3,4,3.0,3.0,4.0,2.0,6.0,2.0,2.0,3.0,1,0.0,1,Medium
5.0,3.0,3.0,1.0,0.0,44.0,53.0,3.0,0.712,3,5.0,5.0,4.0,4.0,1.0,1.0,1.0,1.0,1.0,1.0,3,1,9,4.0,3.0,3.0,3.0,3.0,2.0,3.0,3.0,6,0.0,0,Medium
4.0,3.0,4.0,2.0,1.0,44.0,48.0,3.0,0.712,3,5.0,4.0,5.0,4.0,1.0,1.0,1.0,1.0,1.0,1.0,4,2,8,4.0,4.0,4.0,3.0,4.0,2.0,3.0,3.0,2,0.0,0,Medium
5.0,4.0,2.0,7.0,0.0,44.0,53.0,3.0,0.242,3,5.0,3.0,4.0,5.0,1.0,1.0,1.0,1.0,1.0,1.0,3,2,6,5.0,3.0,3.0,2.0,4.0,3.0,2.0,3.0,4,0.0,0,Medium
5.0,2.0,2.0,2.0,0.0,32.0,31.0,2.0,-0.188,1,3.0,1.0,1.0,1.0,3.0,1.0,1.0,2.0,1.0,1.0,2,5,7,3.0,3.0,2.0,2.0,1.0,2.0,2.0,2.0,3,2.0,0,Low
5.0,4.0,3.0,8.0,1.0,54.0,71.0,3.0,0.242,3,5.0,4.0,5.0,5.0,1.0,1.0,1.0,1.0,2.0,1.0,3,2,7,4.0,4.0,4.0,4.0,4.0,2.0,3.0,4.0,6,1.0,1,High
5.0,4.0,3.0,2.0,0.0,58.0,74.0,4.0,0.712,3,5.0,5.0,5.0,4.0,1.0,1.0,1.0,1.0,1.0,1.0,4,2,9,3.0,3.0,3.0,2.0,6.0,1.0,3.0,3.0,2,0.0,1,High
3.0,3.0,5.0,1.0,0.0,48.0,64.0,4.0,-0.57,3,5.0,4.0,5.0,4.0,1.0,1.0,1.0,1.0,1.0,1.0,3,2,6,3.0,3.0,4.0,4.0,5.0,2.0,3.0,4.0,4,0.0,1,High
4.0,3.0,4.0,2.0,1.0,56.0,57.0,3.0,1.267,3,5.0,4.0,3.0,4.0,1.0,1.0,1.0,1.0,1.0,1.0,4,1,9,4.0,4.0,4.0,2.0,5.0,2.0,3.0,3.0,4,0.0,1,Medium
5.0,5.0,4.0,8.0,0.0,54.0,84.0,4.0,-0.188,3,5.0,5.0,5.0,5.0,1.0,1.0,1.0,1.0,1.0,1.0,1,1,5,3.0,4.0,5.0,5.0,6.0,1.0,4.0,3.0,8,0.0,1,High
5.0,3.0,4.0,6.0,1.0,55.0,42.0,3.0,0.242,3,5.0,3.0,4.0,4.0,1.0,1.0,1.0,1.0,1.0,1.0,4,2,8,3.0,4.0,4.0,4.0,4.0,2.0,3.0,3.0,6,0.0,0,Low
4.0,4.0,4.0,7.0,1.0,42.0,41.0,2.0,0.242,3,5.0,4.0,5.0,4.0,1.0,1.0,1.0,1.0,1.0,1.0,4,3,8,4.0,4.0,3.0,3.0,6.0,3.0,3.0,2.0,2,0.0,0,Low
4.0,5.0,2.0,8.0,0.0,51.0,72.0,4.0,0.242,3,5.0,4.0,5.0,4.0,1.0,1.0,1.0,1.0,1.0,1.0,2,1,5,4.0,3.0,3.0,2.0,4.0,1.0,3.0,3.0,7,0.0,1,High
5.0,4.0,3.0,8.0,1.0,49.0,59.0,3.0,0.712,3,5.0,4.0,5.0,5.0,1.0,1.0,1.0,1.0,1.0,1.0,2,2,8,2.0,3.0,4.0,3.0,5.0,2.0,2.0,3.0,7,0.0,1,Medium
3.0,3.0,4.0,1.0,1.0,42.0,47.0,2.0,-0.188,3,4.0,4.0,4.0,4.0,2.0,1.0,1.0,2.0,1.0,1.0,2,2,1,4.0,4.0,3.0,3.0,5.0,3.0,3.0,3.0,3,2.0,0,Medium
4.0,4.0,3.0,2.0,1.0,57.0,61.0,3.0,0.242,3,5.0,4.0,5.0,5.0,1.0,1.0,1.0,2.0,1.0,1.0,3,2,6,4.0,2.0,4.0,2.0,5.0,2.0,3.0,3.0,2,1.0,1,High
5.0,5.0,4.0,2.0,1.0,79.0,74.0,4.0,0.242,3,5.0,5.0,5.0,5.0,1.0,1.0,1.0,2.0,2.0,1.0,3,4,8,5.0,5.0,5.0,5.0,6.0,1.0,4.0,4.0,3,2.0,1,High
5.0,4.0,4.0,2.0,1.0,62.0,65.0,4.0,0.712,3,5.0,5.0,5.0,5.0,1.0,1.0,1.0,1.0,1.0,1.0,3,2,9,5.0,5.0,5.0,5.0,5.0,1.0,3.0,4.0,5,0.0,1,High
4.0,4.0,2.0,2.0,1.0,52.0,59.0,4.0,-0.909,0,5.0,4.0,4.0,5.0,1.0,1.0,1.0,1.0,1.0,1.0,3,1,5,4.0,4.0,4.0,4.0,6.0,2.0,3.0,3.0,3,0.0,1,Medium
5.0,4.0,4.0,4.0,1.0,52.0,60.0,4.0,1.267,3,5.0,4.0,4.0,4.0,1.0,1.0,1.0,1.0,1.0,1.0,5,3,8,4.0,3.0,3.0,3.0,3.0,1.0,3.0,3.0,4,0.0,1,Medium
5.0,4.0,4.0,2.0,1.0,48.0,65.0,3.0,-0.909,3,5.0,4.0,5.0,3.0,1.0,1.0,1.0,1.0,1.0,1.0,2,2,9,2.0,4.0,3.0,2.0,4.0,1.0,3.0,3.0,4,0.0,1,High
4.0,4.0,1.0,8.0,1.0,56.0,62.0,4.0,-1.215,2,5.0,4.0,5.0,4.0,1.0,1.0,1.0,1.0,1.0,1.0,4,1,3,3.0,4.0,3.0,3.0,6.0,1.0,3.0,3.0,7,0.0,1,High
5.0,5.0,2.0,2.0,1.0,85.0,86.0,4.0,-0.188,3,5.0,4.0,4.0,4.0,1.0,1.0,1.0,1.0,1.0,1.0,5,4,9,5.0,5.0,5.0,5.0,6.0,1.0,4.0,4.0,4,0.0,1,High
5.0,3.0,4.0,8.0,0.0,39.0,59.0,2.0,0.712,3,5.0,3.0,1.0,4.0,1.0,1.0,1.0,1.0,1.0,1.0,4,2,7,2.0,2.0,2.0,2.0,2.0,3.0,2.0,2.0,6,0.0,1,Medium
5.0,4.0,3.0,8.0,1.0,66.0,59.0,4.0,1.267,3,5.0,4.0,2.0,5.0,1.0,1.0,1.0,1.0,1.0,1.0,4,2,5,4.0,4.0,4.0,4.0,4.0,2.0,3.0,3.0,6,0.0,1,Medium
5.0,4.0,3.0,2.0,0.0,42.0,56.0,3.0,1.267,3,5.0,4.0,5.0,5.0,1.0,1.0,1.0,1.0,1.0,1.0,4,3,7,4.0,4.0,3.0,3.0,5.0,3.0,3.0,3.0,3,0.0,1,Medium
5.0,4.0,4.0,2.0,1.0,66.0,71.0,4.0,0.712,3,5.0,5.0,5.0,4.0,1.0,1.0,1.0,1.0,1.0,1.0,4,2,8,3.0,3.0,4.0,4.0,6.0,2.0,3.0,3.0,6,0.0,1,High
5.0,5.0,4.0,8.0,1.0,45.0,62.0,3.0,0.712,3,5.0,5.0,5.0,5.0,1.0,1.0,1.0,1.0,1.0,1.0,4,2,7,2.0,3.0,4.0,2.0,6.0,1.0,3.0,3.0,5,0.0,1,High
5.0,3.0,4.0,2.0,0.0,61.0,33.0,2.0,1.267,3,5.0,4.0,4.0,5.0,1.0,1.0,1.0,1.0,1.0,1.0,5,4,9,5.0,5.0,2.0,2.0,3.0,3.0,3.0,3.0,5,0.0,0,Low
4.0,3.0,3.0,2.0,1.0,48.0,45.0,4.0,0.242,3,4.0,2.0,1.0,5.0,1.0,1.0,1.0,2.0,1.0,1.0,3,2,3,4.0,4.0,4.0,4.0,6.0,2.0,2.0,3.0,6,1.0,0,Medium
5.0,3.0,,8.0,0.0,41.0,62.0,3.0,0.242,3,5.0,4.0,5.0,3.0,1.0,1.0,1.0,1.0,1.0,1.0,5,4,7,2.0,3.0,3.0,3.0,4.0,2.0,3.0,3.0,8,0.0,1,High
5.0,5.0,4.0,2.0,1.0,55.0,63.0,4.0,-0.188,3,5.0,4.0,5.0,5.0,1.0,1.0,1.0,1.0,1.0,1.0,3,2,7,3.0,4.0,4.0,3.0,6.0,1.0,3.0,3.0,5,0.0,1,High
5.0,5.0,2.0,2.0,1.0,60.0,65.0,4.0,0.242,3,5.0,5.0,5.0,5.0,1.0,1.0,1.0,1.0,1.0,1.0,3,4,7,5.0,4.0,4.0,5.0,6.0,1.0,4.0,4.0,5,0.0,1,High
5.0,4.0,3.0,7.0,1.0,45.0,37.0,4.0,-0.909,2,1.0,4.0,3.0,4.0,1.0,1.0,2.0,1.0,1.0,1.0,3,4,1,4.0,5.0,5.0,5.0,3.0,1.0,2.0,4.0,1,1.0,0,Low
4.0,3.0,5.0,3.0,1.0,42.0,66.0,3.0,1.267,3,5.0,4.0,5.0,5.0,1.0,1.0,1.0,1.0,1.0,1.0,3,3,9,3.0,4.0,3.0,2.0,6.0,2.0,2.0,3.0,6,0.0,1,High
5.0,3.0,2.0,8.0,0.0,38.0,54.0,3.0,0.712,2,5.0,5.0,5.0,5.0,1.0,1.0,1.0,1.0,1.0,1.0,2,2,3,4.0,4.0,4.0,3.0,6.0,2.0,2.0,3.0,8,0.0,0,Medium
5.0,3.0,3.0,2.0,0.0,40.0,61.0,3.0,0.712,3,5.0,4.0,2.0,2.0,1.0,1.0,1.0,1.0,1.0,1.0,4,1,7,2.0,3.0,4.0,2.0,6.0,2.0,2.0,3.0,4,0.0,1,High
5.0,4.0,3.0,8.0,1.0,55.0,79.0,3.0,1.267,3,5.0,5.0,5.0,5.0,1.0,1.0,1.0,1.0,1.0,1.0,2,2,9,4.0,4.0,4.0,4.0,6.0,2.0,3.0,3.0,8,0.0,1,High
5.0,4.0,2.0,8.0,1.0,44.0,57.0,3.0,0.712,3,5.0,4.0,4.0,5.0,1.0,2.0,1.0,1.0,1.0,1.0,4,2,2,4.0,4.0,4.0,5.0,6.0,1.0,3.0,3.0,8,1.0,1,Medium
4.0,4.0,4.0,7.0,0.0,50.0,41.0,3.0,0.712,3,5.0,4.0,5.0,4.0,1.0,1.0,1.0,2.0,2.0,1.0,2,4,3,5.0,4.0,4.0,4.0,3.0,1.0,3.0,2.0,2,2.0,0,Low
5.0,5.0,2.0,8.0,1.0,55.0,69.0,4.0,0.242,3,5.0,4.0,5.0,5.0,1.0,1.0,1.0,1.0,1.0,1.0,4,2,4,4.0,4.0,4.0,4.0,5.0,1.0,2.0,2.0,8,0.0,1,High
5.0,5.0,2.0,,1.0,47.0,59.0,3.0,0.712,3,5.0,3.0,5.0,4.0,1.0,1.0,1.0,1.0,1.0,1.0,3,5,7,3.0,3.0,3.0,3.0,6.0,2.0,3.0,3.0,3,0.0,1,Medium
4.0,4.0,3.0,2.0,1.0,58.0,68.0,3.0,-1.215,2,5.0,3.0,2.0,4.0,1.0,1.0,1.0,1.0,2.0,1.0,4,5,8,4.0,4.0,4.0,4.0,5.0,2.0,2.0,3.0,2,1.0,1,High
5.0,5.0,4.0,2.0,1.0,58.0,76.0,4.0,0.242,3,5.0,5.0,5.0,5.0,1.0,1.0,1.0,1.0,1.0,1.0,4,2,9,5.0,5.0,5.0,5.0,6.0,2.0,3.0,3.0,4,0.0,1,High
4.0,4.0,4.0,3.0,1.0,52.0,52.0,3.0,-0.57,1,5.0,4.0,1.0,4.0,1.0,1.0,1.0,1.0,1.0,1.0,2,1,1,4.0,4.0,4.0,4.0,5.0,3.0,3.0,3.0,5,0.0,0,Medium
5.0,4.0,4.0,2.0,1.0,56.0,76.0,4.0,0.712,1,5.0,4.0,5.0,5.0,1.0,1.0,1.0,1.0,1.0,1.0,3,1,7,4.0,4.0,4.0,4.0,5.0,3.0,3.0,4.0,6,0.0,1,High
4.0,4.0,4.0,8.0,0.0,46.0,59.0,4.0,-1.713,2,5.0,5.0,1.0,2.0,1.0,1.0,1.0,1.0,1.0,1.0,2,1,4,3.0,2.0,2.0,3.0,5.0,2.0,2.0,1.0,8,0.0,1,Medium
5.0,4.0,1.0,8.0,1.0,60.0,81.0,4.0,-0.188,2,5.0,5.0,5.0,4.0,1.0,1.0,1.0,1.0,1.0,1.0,2,2,8,2.0,2.0,3.0,4.0,6.0,2.0,4.0,4.0,7,0.0,1,High
4.0,4.0,4.0,5.0,1.0,42.0,56.0,3.0,-0.188,3,1.0,3.0,1.0,3.0,2.0,2.0,1.0,1.0,1.0,1.0,1,5,1,3.0,2.0,3.0,1.0,5.0,3.0,2.0,2.0,1,2.0,1,Medium
5.0,3.0,3.0,1.0,1.0,67.0,46.0,3.0,-1.215,3,3.0,4.0,1.0,3.0,1.0,1.0,1.0,1.0,1.0,1.0,3,1,2,4.0,5.0,5.0,3.0,4.0,2.0,4.0,3.0,6,0.0,0,Medium
3.0,3.0,3.0,8.0,0.0,36.0,56.0,2.0,0.242,2,5.0,4.0,5.0,5.0,1.0,1.0,1.0,1.0,1.0,1.0,4,2,7,4.0,4.0,3.0,3.0,3.0,2.0,3.0,3.0,8,0.0,1,Medium
5.0,5.0,3.0,8.0,0.0,60.0,73.0,4.0,-0.57,2,5.0,5.0,5.0,5.0,1.0,1.0,1.0,1.0,1.0,1.0,2,2,3,4.0,4.0,4.0,4.0,6.0,1.0,3.0,3.0,8,0.0,1,High
4.0,3.0,2.0,2.0,0.0,43.0,61.0,4.0,0.242,2,5.0,4.0,4.0,2.0,1.0,1.0,1.0,1.0,1.0,1.0,5,5,8,2.0,2.0,2.0,4.0,4.0,3.0,2.0,4.0,3,0.0,1,High
4.0,3.0,3.0,2.0,1.0,55.0,45.0,3.0,-0.188,3,5.0,4.0,5.0,5.0,1.0,1.0,1.0,2.0,1.0,1.0,5,4,7,3.0,4.0,4.0,2.0,5.0,1.0,3.0,4.0,4,1.0,0,Medium
5.0,3.0,3.0,4.0,1.0,37.0,52.0,3.0,0.242,2,5.0,4.0,4.0,5.0,1.0,1.0,1.0,1.0,1.0,1.0,2,4,8,3.0,4.0,4.0,3.0,4.0,1.0,3.0,3.0,4,0.0,0,Medium
4.0,4.0,3.0,8.0,1.0,56.0,60.0,3.0,0.242,3,5.0,4.0,5.0,5.0,1.0,1.0,1.0,1.0,1.0,1.0,4,2,9,3.0,3.0,4.0,3.0,4.0,2.0,2.0,3.0,6,0.0,1,Medium
4.0,3.0,3.0,2.0,0.0,49.0,51.0,3.0,-0.909,3,3.0,4.0,2.0,3.0,1.0,1.0,2.0,1.0,1.0,1.0,4,3,9,4.0,3.0,3.0,3.0,4.0,2.0,3.0,3.0,2,1.0,0,Medium
4.0,2.0,5.0,2.0,0.0,45.0,17.0,1.0,-0.188,3,2.0,2.0,1.0,5.0,3.0,3.0,1.0,3.0,3.0,1.0,3,5,8,4.0,4.0,2.0,2.0,2.0,2.0,2.0,2.0,3,4.0,0,Low
5.0,4.0,4.0,2.0,1.0,60.0,55.0,4.0,1.267,3,5.0,4.0,5.0,5.0,1.0,1.0,1.0,1.0,1.0,1.0,4,2,9,5.0,5.0,5.0,5.0,6.0,1.0,3.0,4.0,3,0.0,1,Medium
5.0,5.0,5.0,6.0,0.0,66.0,50.0,4.0,-1.485,2,5.0,5.0,5.0,3.0,1.0,1.0,1.0,1.0,1.0,2.0,1,5,1,5.0,4.0,5.0,5.0,6.0,2.0,3.0,4.0,2,1.0,0,Medium
5.0,3.0,5.0,2.0,1.0,37.0,34.0,2.0,-0.188,3,5.0,4.0,5.0,3.0,1.0,1.0,1.0,1.0,2.0,1.0,3,1,1,4.0,4.0,3.0,2.0,1.0,2.0,4.0,4.0,5,1.0,0,Low
5.0,5.0,5.0,6.0,1.0,85.0,22.0,1.0,-1.215,2,5.0,1.0,2.0,5.0,3.0,3.0,3.0,3.0,3.0,2.0,2,1,1,5.0,5.0,5.0,5.0,5.0,1.0,4.0,3.0,1,6.0,0,Low
5.0,4.0,3.0,1.0,1.0,54.0,50.0,3.0,0.712,3,5.0,5.0,5.0,5.0,1.0,1.0,1.0,1.0,1.0,1.0,5,2,8,4.0,4.0,4.0,4.0,6.0,2.0,3.0,3.0,4,0.0,0,Medium
4.0,4.0,3.0,8.0,1.0,55.0,66.0,3.0,0.242,3,5.0,5.0,5.0,5.0,1.0,1.0,1.0,1.0,1.0,1.0,4,2,6,4.0,4.0,4.0,3.0,5.0,3.0,3.0,3.0,8,0.0,1,High
4.0,2.0,2.0,8.0,0.0,38.0,43.0,4.0,-0.909,1,5.0,5.0,1.0,4.0,2.0,2.0,1.0,1.0,1.0,1.0,1,2,1,4.0,4.0,4.0,3.0,2.0,1.0,3.0,3.0,6,2.0,0,Low
5.0,4.0,2.0,8.0,1.0,52.0,61.0,3.0,-0.188,3,5.0,4.0,2.0,5.0,1.0,1.0,1.0,1.0,1.0,1.0,3,2,7,4.0,4.0,4.0,4.0,5.0,2.0,3.0,3.0,6,0.0,1,High
5.0,4.0,2.0,8.0,0.0,73.0,60.0,4.0,-0.188,2,5.0,3.0,5.0,5.0,1.0,1.0,1.0,1.0,1.0,1.0,3,2,5,4.0,3.0,3.0,3.0,6.0,1.0,3.0,3.0,7,0.0,1,Medium
5.0,5.0,2.0,8.0,1.0,77.0,85.0,4.0,1.267,3,5.0,5.0,5.0,5.0,1.0,1.0,1.0,1.0,1.0,1.0,4,1,8,5.0,5.0,5.0,5.0,6.0,2.0,4.0,4.0,8,0.0,1,High
5.0,3.0,3.0,6.0,1.0,42.0,43.0,3.0,-0.188,2,5.0,3.0,1.0,4.0,2.0,1.0,1.0,1.0,2.0,1.0,2,1,1,2.0,3.0,3.0,3.0,4.0,2.0,2.0,3.0,4,2.0,0,Low
5.0,4.0,2.0,8.0,1.0,48.0,71.0,4.0,0.712,3,5.0,5.0,5.0,4.0,1.0,1.0,1.0,1.0,1.0,1.0,2,1,4,4.0,4.0,4.0,4.0,5.0,3.0,3.0,3.0,8,0.0,1,High
5.0,5.0,2.0,2.0,1.0,85.0,64.0,4.0,0.242,1,5.0,5.0,5.0,5.0,1.0,1.0,1.0,1.0,1.0,1.0,2,2,8,1.0,2.0,5.0,4.0,6.0,2.0,4.0,4.0,4,0.0,1,High
5.0,5.0,1.0,5.0,1.0,85.0,66.0,3.0,-1.485,3,5.0,5.0,5.0,5.0,1.0,1.0,1.0,1.0,1.0,1.0,2,5,7,5.0,5.0,5.0,5.0,6.0,1.0,4.0,4.0,1,0.0,1,High
3.0,3.0,3.0,8.0,1.0,44.0,56.0,3.0,-0.188,3,5.0,5.0,5.0,4.0,1.0,1.0,1.0,1.0,1.0,1.0,1,2,3,4.0,4.0,4.0,4.0,4.0,2.0,2.0,3.0,7,0.0,1,Medium
4.0,3.0,2.0,8.0,1.0,43.0,60.0,3.0,0.712,3,5.0,4.0,1.0,4.0,1.0,1.0,1.0,1.0,1.0,1.0,4,2,9,4.0,3.0,4.0,2.0,5.0,2.0,3.0,3.0,5,0.0,1,Medium
4.0,3.0,3.0,8.0,1.0,53.0,54.0,3.0,-0.188,1,3.0,3.0,3.0,3.0,1.0,1.0,1.0,1.0,1.0,1.0,2,2,4,3.0,3.0,4.0,3.0,5.0,3.0,3.0,3.0,8,0.0,0,Medium
4.0,3.0,3.0,8.0,0.0,49.0,36.0,3.0,-1.215,0,4.0,2.0,2.0,4.0,1.0,1.0,2.0,1.0,1.0,1.0,1,2,2,4.0,3.0,3.0,3.0,5.0,2.0,3.0,2.0,4,1.0,0,Low
5.0,5.0,5.0,4.0,1.0,79.0,22.0,4.0,-0.909,2,3.0,4.0,1.0,5.0,3.0,2.0,1.0,1.0,1.0,1.0,2,5,2,5.0,5.0,5.0,5.0,1.0,1.0,4.0,4.0,2,2.0,0,Low
4.0,4.0,2.0,8.0,0.0,44.0,47.0,2.0,0.712,2,5.0,4.0,2.0,3.0,1.0,1.0,1.0,1.0,1.0,1.0,1,2,1,4.0,4.0,3.0,2.0,2.0,1.0,4.0,4.0,7,0.0,0,Medium
4.0,3.0,2.0,7.0,0.0,54.0,58.0,4.0,-0.57,3,5.0,5.0,5.0,5.0,1.0,1.0,1.0,1.0,1.0,1.0,3,3,7,4.0,4.0,3.0,3.0,3.0,3.0,4.0,3.0,2,0.0,1,Medium
2.0,1.0,5.0,4.0,0.0,17.0,14.0,1.0,-0.909,2,4.0,1.0,1.0,1.0,3.0,3.0,3.0,3.0,3.0,1.0,3,5,1,1.0,1.0,1.0,1.0,1.0,3.0,2.0,1.0,2,5.0,0,Low
5.0,3.0,2.0,2.0,0.0,50.0,57.0,3.0,0.242,3,5.0,3.0,5.0,5.0,1.0,1.0,1.0,1.0,1.0,1.0,2,2,6,3.0,2.0,2.0,2.0,4.0,2.0,3.0,3.0,6,0.0,1,Medium
4.0,4.0,3.0,8.0,1.0,55.0,65.0,3.0,0.712,3,5.0,5.0,5.0,5.0,1.0,1.0,1.0,1.0,1.0,1.0,3,2,5,5.0,5.0,4.0,4.0,5.0,2.0,4.0,3.0,8,0.0,1,High
5.0,5.0,2.0,8.0,1.0,48.0,70.0,4.0,0.242,2,5.0,1.0,5.0,5.0,1.0,1.0,1.0,1.0,1.0,1.0,3,2,4,5.0,2.0,4.0,2.0,6.0,3.0,2.0,3.0,6,0.0,1,High
3.0,3.0,3.0,8.0,0.0,42.0,49.0,3.0,-1.713,2,5.0,3.0,3.0,3.0,1.0,1.0,1.0,1.0,1.0,1.0,3,2,5,3.0,3.0,3.0,3.0,4.0,2.0,2.0,2.0,4,0.0,0,Medium
4.0,4.0,4.0,2.0,1.0,53.0,48.0,3.0,-0.57,3,5.0,5.0,5.0,4.0,1.0,1.0,2.0,1.0,1.0,1.0,4,2,2,5.0,5.0,4.0,4.0,6.0,2.0,3.0,3.0,4,1.0,0,Medium
5.0,5.0,2.0,8.0,0.0,71.0,82.0,4.0,0.712,3,5.0,5.0,5.0,5.0,1.0,1.0,1.0,1.0,1.0,1.0,2,1,7,3.0,4.0,3.0,3.0,6.0,1.0,4.0,4.0,8,0.0,1,High
5.0,3.0,4.0,5.0,1.0,35.0,45.0,3.0,0.712,3,5.0,3.0,5.0,3.0,1.0,1.0,1.0,1.0,1.0,1.0,3,1,8,2.0,2.0,4.0,2.0,2.0,3.0,2.0,3.0,1,0.0,0,Medium
5.0,3.0,3.0,8.0,1.0,39.0,54.0,3.0,0.712,3,4.0,4.0,1.0,5.0,1.0,1.0,1.0,1.0,2.0,1.0,3,2,2,4.0,4.0,4.0,3.0,4.0,1.0,3.0,2.0,8,1.0,0,Medium
2.0,2.0,4.0,6.0,0.0,34.0,47.0,3.0,0.242,3,5.0,3.0,1.0,5.0,2.0,2.0,1.0,1.0,2.0,1.0,1,1,1,3.0,3.0,3.0,3.0,4.0,2.0,3.0,2.0,3,3.0,0,Medium
4.0,3.0,4.0,2.0,1.0,45.0,52.0,3.0,-0.188,3,5.0,4.0,1.0,3.0,2.0,2.0,1.0,2.0,2.0,1.0,2,1,4,4.0,4.0,4.0,3.0,3.0,2.0,3.0,3.0,2,4.0,0,Medium
4.0,3.0,3.0,2.0,1.0,36.0,61.0,3.0,-0.57,3,4.0,3.0,1.0,2.0,1.0,1.0,1.0,1.0,1.0,1.0,1,2,6,4.0,4.0,4.0,3.0,5.0,2.0,3.0,3.0,7,0.0,1,High
3.0,2.0,4.0,5.0,1.0,29.0,38.0,2.0,0.712,2,3.0,3.0,1.0,4.0,2.0,2.0,1.0,1.0,1.0,1.0,3,2,1,2.0,4.0,2.0,2.0,2.0,3.0,2.0,3.0,1,2.0,0,Low
5.0,4.0,3.0,2.0,1.0,55.0,68.0,4.0,0.242,3,5.0,4.0,5.0,5.0,1.0,1.0,1.0,1.0,1.0,1.0,5,3,9,4.0,4.0,4.0,4.0,6.0,2.0,3.0,4.0,3,0.0,1,High
3.0,3.0,5.0,6.0,0.0,33.0,14.0,1.0,-0.909,2,1.0,3.0,1.0,5.0,2.0,2.0,1.0,2.0,2.0,1.0,2,2,3,4.0,3.0,3.0,2.0,2.0,1.0,4.0,1.0,5,4.0,0,Low
5.0,3.0,3.0,8.0,1.0,49.0,63.0,3.0,1.267,3,5.0,4.0,5.0,5.0,1.0,1.0,1.0,1.0,1.0,1.0,4,4,3,3.0,3.0,3.0,3.0,6.0,2.0,3.0,3.0,7,0.0,1,High
5.0,5.0,2.0,8.0,1.0,64.0,54.0,3.0,-0.909,3,5.0,4.0,5.0,5.0,1.0,1.0,1.0,1.0,1.0,1.0,3,2,7,3.0,4.0,4.0,3.0,6.0,1.0,2.0,3.0,5,0.0,0,Medium
5.0,5.0,4.0,2.0,1.0,82.0,59.0,4.0,-0.57,3,5.0,5.0,5.0,5.0,1.0,1.0,1.0,1.0,1.0,1.0,3,4,4,5.0,5.0,5.0,5.0,6.0,4.0,4.0,4.0,2,0.0,1,Medium
3.0,4.0,3.0,2.0,1.0,53.0,73.0,4.0,1.267,3,5.0,4.0,5.0,4.0,1.0,1.0,1.0,1.0,1.0,1.0,5,3,9,4.0,4.0,4.0,4.0,5.0,1.0,3.0,3.0,5,0.0,1,High
5.0,4.0,4.0,2.0,1.0,60.0,71.0,4.0,0.242,3,4.0,4.0,5.0,5.0,1.0,1.0,1.0,1.0,1.0,1.0,5,2,8,3.0,4.0,4.0,3.0,4.0,3.0,3.0,3.0,3,0.0,1,High
4.0,2.0,3.0,2.0,0.0,50.0,45.0,3.0,0.242,3,4.0,3.0,3.0,5.0,2.0,1.0,2.0,2.0,2.0,1.0,4,2,8,2.0,4.0,3.0,2.0,4.0,1.0,3.0,2.0,5,4.0,0,Medium
5.0,4.0,2.0,6.0,0.0,55.0,60.0,3.0,-0.909,3,4.0,4.0,5.0,4.0,2.0,1.0,2.0,2.0,2.0,2.0,1,1,1,4.0,4.0,4.0,4.0,5.0,2.0,3.0,3.0,7,5.0,1,Medium
5.0,4.0,4.0,2.0,0.0,43.0,56.0,3.0,-0.57,3,5.0,4.0,5.0,4.0,1.0,1.0,1.0,1.0,1.0,1.0,2,2,4,4.0,3.0,4.0,1.0,2.0,1.0,3.0,3.0,5,0.0,1,Medium
4.0,3.0,4.0,2.0,1.0,55.0,53.0,3.0,0.712,3,5.0,3.0,5.0,3.0,1.0,1.0,1.0,1.0,1.0,1.0,4,2,9,2.0,3.0,3.0,2.0,6.0,2.0,2.0,3.0,2,0.0,0,Medium
5.0,3.0,4.0,3.0,1.0,39.0,45.0,3.0,-0.188,3,5.0,2.0,3.0,1.0,1.0,1.0,1.0,1.0,1.0,1.0,4,2,8,3.0,1.0,3.0,2.0,5.0,2.0,2.0,2.0,1,0.0,0,Medium
5.0,5.0,1.0,2.0,1.0,79.0,60.0,4.0,-0.909,2,5.0,5.0,3.0,5.0,1.0,1.0,1.0,1.0,1.0,1.0,3,5,9,5.0,5.0,5.0,5.0,6.0,1.0,4.0,4.0,1,0.0,1,Medium
5.0,5.0,2.0,2.0,1.0,59.0,44.0,3.0,-0.909,2,5.0,5.0,5.0,5.0,1.0,1.0,1.0,1.0,1.0,1.0,3,1,1,5.0,5.0,5.0,5.0,6.0,1.0,3.0,4.0,5,0.0,0,Medium
4.0,2.0,4.0,2.0,1.0,38.0,51.0,3.0,0.242,3,5.0,4.0,1.0,5.0,1.0,1.0,1.0,1.0,1.0,1.0,5,3,5,5.0,3.0,4.0,2.0,4.0,2.0,2.0,3.0,2,0.0,0,Medium
5.0,4.0,2.0,2.0,1.0,77.0,67.0,4.0,0.712,3,5.0,4.0,5.0,5.0,1.0,1.0,1.0,1.0,1.0,1.0,3,4,8,5.0,5.0,5.0,5.0,6.0,1.0,3.0,4.0,3,0.0,1,High
5.0,4.0,4.0,2.0,1.0,54.0,58.0,4.0,-0.909,2,5.0,4.0,3.0,5.0,1.0,1.0,1.0,1.0,1.0,1.0,5,4,9,4.0,3.0,4.0,4.0,5.0,1.0,3.0,4.0,2,0.0,1,Medium
4.0,5.0,3.0,2.0,1.0,54.0,59.0,4.0,-0.57,3,5.0,5.0,3.0,5.0,1.0,1.0,1.0,1.0,1.0,1.0,3,3,5,4.0,4.0,4.0,4.0,4.0,1.0,3.0,4.0,3,0.0,1,Medium
5.0,3.0,4.0,2.0,1.0,42.0,52.0,3.0,0.242,3,5.0,3.0,2.0,5.0,1.0,1.0,1.0,2.0,1.0,1.0,2,3,8,4.0,4.0,4.0,3.0,4.0,1.0,2.0,2.0,4,1.0,0,Medium
4.0,4.0,4.0,3.0,1.0,54.0,33.0,3.0,-0.188,1,2.0,3.0,1.0,4.0,3.0,2.0,2.0,3.0,3.0,1.0,3,2,3,4.0,4.0,3.0,2.0,2.0,1.0,2.0,2.0,4,5.0,0,Low
5.0,4.0,2.0,8.0,0.0,45.0,50.0,3.0,-0.188,3,5.0,1.0,2.0,1.0,1.0,1.0,1.0,1.0,1.0,1.0,2,2,5,4.0,2.0,2.0,1.0,2.0,2.0,3.0,2.0,7,0.0,0,Medium
5.0,4.0,3.0,8.0,1.0,59.0,75.0,4.0,0.712,3,5.0,5.0,5.0,5.0,1.0,1.0,1.0,1.0,1.0,1.0,3,2,7,4.0,4.0,4.0,3.0,6.0,1.0,4.0,4.0,8,0.0,1,High
5.0,3.0,4.0,4.0,1.0,58.0,48.0,3.0,0.242,3,5.0,4.0,1.0,3.0,1.0,1.0,1.0,1.0,1.0,1.0,4,3,6,5.0,4.0,4.0,2.0,5.0,2.0,3.0,3.0,3,0.0,0,Medium
3.0,4.0,5.0,5.0,0.0,28.0,28.0,2.0,-0.57,1,3.0,3.0,1.0,2.0,3.0,2.0,2.0,2.0,2.0,2.0,3,5,7,4.0,2.0,2.0,2.0,3.0,2.0,4.0,3.0,2,6.0,0,Low
5.0,4.0,4.0,6.0,1.0,56.0,59.0,4.0,0.242,3,5.0,4.0,4.0,4.0,1.0,1.0,1.0,1.0,1.0,1.0,3,2,7,4.0,4.0,4.0,4.0,5.0,2.0,3.0,3.0,5,0.0,1,Medium
3.0,3.0,3.0,8.0,0.0,39.0,52.0,3.0,-0.909,1,5.0,4.0,4.0,3.0,1.0,1.0,1.0,1.0,1.0,1.0,2,2,3,3.0,4.0,3.0,3.0,5.0,2.0,2.0,2.0,6,0.0,0,Medium
4.0,3.0,4.0,8.0,0.0,43.0,56.0,3.0,0.712,3,5.0,4.0,4.0,4.0,2.0,1.0,1.0,1.0,1.0,1.0,2,2,4,4.0,4.0,4.0,3.0,4.0,1.0,3.0,3.0,6,1.0,1,Medium
5.0,4.0,2.0,8.0,1.0,47.0,76.0,4.0,0.712,3,5.0,4.0,5.0,4.0,1.0,1.0,1.0,1.0,1.0,1.0,2,2,7,4.0,3.0,5.0,3.0,6.0,2.0,3.0,4.0,8,0.0,1,High
3.0,3.0,5.0,7.0,0.0,42.0,17.0,3.0,-0.909,1,1.0,1.0,1.0,1.0,3.0,3.0,2.0,3.0,3.0,3.0,3,5,4,3.0,3.0,3.0,3.0,2.0,3.0,3.0,3.0,3,6.0,0,Low
5.0,3.0,2.0,8.0,1.0,51.0,64.0,4.0,0.712,3,5.0,4.0,5.0,3.0,1.0,1.0,1.0,1.0,1.0,1.0,2,3,8,4.0,2.0,4.0,2.0,5.0,2.0,3.0,3.0,5,0.0,1,High
4.0,3.0,2.0,2.0,1.0,52.0,50.0,4.0,0.242,3,4.0,4.0,2.0,4.0,1.0,1.0,1.0,1.0,1.0,1.0,4,2,9,4.0,4.0,4.0,4.0,4.0,1.0,4.0,4.0,4,0.0,0,Medium
3.0,3.0,3.0,7.0,0.0,47.0,25.0,3.0,-1.485,2,5.0,2.0,2.0,5.0,3.0,3.0,3.0,3.0,3.0,3.0,1,3,1,2.0,3.0,2.0,4.0,3.0,2.0,1.0,1.0,1,6.0,0,Low
5.0,4.0,2.0,8.0,1.0,51.0,71.0,3.0,-0.188,3,5.0,4.0,5.0,5.0,1.0,1.0,1.0,1.0,1.0,1.0,4,2,7,2.0,4.0,4.0,3.0,3.0,1.0,3.0,3.0,8,0.0,1,High
5.0,4.0,2.0,8.0,0.0,56.0,89.0,4.0,0.712,3,5.0,5.0,5.0,5.0,1.0,1.0,1.0,1.0,1.0,1.0,5,2,9,4.0,4.0,2.0,2.0,5.0,1.0,3.0,3.0,6,0.0,1,High
5.0,3.0,3.0,3.0,0.0,47.0,51.0,3.0,-0.57,3,5.0,4.0,4.0,2.0,2.0,1.0,1.0,1.0,1.0,1.0,3,1,1,4.0,4.0,4.0,4.0,2.0,1.0,3.0,3.0,1,1.0,0,Medium
4.0,3.0,4.0,4.0,1.0,38.0,26.0,3.0,0.242,3,3.0,4.0,1.0,4.0,2.0,2.0,1.0,2.0,2.0,1.0,3,4,6,4.0,4.0,4.0,3.0,2.0,2.0,3.0,3.0,3,4.0,0,Low
5.0,3.0,2.0,8.0,0.0,51.0,51.0,4.0,0.242,3,5.0,5.0,5.0,5.0,1.0,1.0,1.0,1.0,1.0,1.0,3,2,3,4.0,4.0,4.0,4.0,2.0,2.0,4.0,4.0,8,0.0,0,Medium
3.0,3.0,4.0,,1.0,42.0,49.0,4.0,-1.713,2,3.0,3.0,3.0,3.0,2.0,2.0,2.0,2.0,2.0,2.0,5,1,6,3.0,3.0,3.0,3.0,4.0,2.0,2.0,4.0,4,6.0,0,Medium
4.0,2.0,3.0,6.0,0.0,39.0,31.0,1.0,-1.215,2,5.0,2.0,3.0,5.0,1.0,1.0,1.0,2.0,1.0,1.0,2,2,1,3.0,3.0,3.0,3.0,1.0,3.0,3.0,1.0,6,1.0,0,Low
4.0,4.0,3.0,8.0,1.0,54.0,72.0,4.0,0.712,3,5.0,4.0,5.0,5.0,1.0,1.0,1.0,1.0,1.0,1.0,4,2,8,3.0,4.0,3.0,3.0,5.0,2.0,3.0,3.0,6,0.0,1,High
4.0,4.0,2.0,8.0,0.0,80.0,88.0,4.0,0.712,3,5.0,5.0,5.0,5.0,1.0,1.0,1.0,1.0,1.0,1.0,4,4,6,4.0,4.0,5.0,2.0,6.0,1.0,3.0,3.0,6,0.0,1,High
4.0,4.0,2.0,2.0,1.0,53.0,61.0,3.0,0.712,3,5.0,4.0,5.0,5.0,1.0,1.0,1.0,1.0,1.0,1.0,4,2,7,3.0,3.0,4.0,3.0,6.0,2.0,3.0,3.0,6,0.0,1,High
4.0,4.0,2.0,8.0,1.0,42.0,71.0,3.0,1.267,3,4.0,1.0,5.0,2.0,1.0,1.0,1.0,1.0,1.0,1.0,5,1,9,2.0,3.0,3.0,3.0,5.0,3.0,3.0,2.0,7,0.0,1,High
5.0,4.0,4.0,2.0,0.0,56.0,66.0,3.0,-0.188,2,4.0,3.0,1.0,5.0,1.0,1.0,1.0,1.0,1.0,1.0,4,2,9,4.0,4.0,4.0,4.0,4.0,1.0,3.0,3.0,2,0.0,1,High
3.0,3.0,3.0,3.0,0.0,45.0,61.0,3.0,0.712,3,5.0,3.0,3.0,5.0,1.0,1.0,1.0,1.0,1.0,1.0,2,2,7,4.0,4.0,3.0,3.0,6.0,3.0,1.0,3.0,6,0.0,1,High
5.0,4.0,4.0,8.0,1.0,49.0,69.0,3.0,1.267,3,5.0,3.0,5.0,5.0,1.0,1.0,1.0,1.0,1.0,1.0,4,2,5,3.0,4.0,4.0,3.0,6.0,2.0,3.0,3.0,7,0.0,1,High
5.0,3.0,5.0,2.0,0.0,59.0,44.0,3.0,0.242,2,4.0,4.0,1.0,5.0,1.0,1.0,1.0,1.0,1.0,1.0,4,3,6,4.0,4.0,4.0,4.0,4.0,2.0,2.0,3.0,3,0.0,0,Medium
4.0,4.0,2.0,8.0,1.0,52.0,60.0,3.0,0.242,3,5.0,4.0,5.0,5.0,1.0,1.0,1.0,1.0,1.0,1.0,3,3,7,4.0,4.0,4.0,4.0,5.0,1.0,3.0,3.0,7,0.0,1,Medium
4.0,3.0,3.0,2.0,1.0,55.0,57.0,3.0,0.712,3,5.0,4.0,5.0,4.0,1.0,1.0,1.0,1.0,1.0,1.0,3,4,7,3.0,3.0,4.0,4.0,5.0,3.0,4.0,3.0,4,0.0,1,Medium
5.0,4.0,2.0,8.0,1.0,55.0,62.0,3.0,0.242,3,5.0,4.0,5.0,4.0,1.0,1.0,1.0,1.0,1.0,1.0,4,2,5,5.0,3.0,3.0,3.0,6.0,2.0,3.0,3.0,6,0.0,1,High
4.0,4.0,2.0,8.0,1.0,43.0,49.0,3.0,0.242,3,4.0,4.0,5.0,4.0,1.0,1.0,1.0,1.0,2.0,1.0,4,2,4,5.0,4.0,5.0,4.0,3.0,3.0,3.0,3.0,7,1.0,0,Medium
4.0,4.0,3.0,8.0,1.0,46.0,55.0,4.0,-0.57,2,5.0,5.0,1.0,5.0,1.0,1.0,1.0,1.0,1.0,1.0,2,1,1,4.0,4.0,4.0,2.0,5.0,2.0,3.0,3.0,8,0.0,1,Medium
4.0,4.0,2.0,8.0,1.0,61.0,67.0,4.0,-0.909,3,5.0,5.0,5.0,5.0,1.0,1.0,1.0,1.0,1.0,1.0,3,3,7,4.0,4.0,4.0,4.0,6.0,2.0,3.0,4.0,8,0.0,1,High
4.0,3.0,5.0,5.0,1.0,66.0,27.0,3.0,-0.57,2,1.0,3.0,1.0,5.0,3.0,2.0,3.0,1.0,2.0,1.0,3,4,4,3.0,3.0,3.0,3.0,2.0,3.0,3.0,3.0,1,4.0,0,Low
4.0,4.0,5.0,2.0,1.0,56.0,47.0,4.0,-1.215,0,4.0,4.0,4.0,4.0,2.0,2.0,1.0,1.0,1.0,1.0,1,3,2,4.0,4.0,4.0,4.0,4.0,2.0,3.0,3.0,3,2.0,0,Medium
5.0,4.0,3.0,8.0,1.0,58.0,77.0,4.0,1.267,3,5.0,5.0,5.0,5.0,1.0,1.0,1.0,1.0,1.0,1.0,3,2,6,3.0,4.0,4.0,3.0,5.0,2.0,3.0,4.0,8,0.0,1,High
5.0,4.0,3.0,8.0,0.0,47.0,63.0,4.0,0.712,3,5.0,5.0,5.0,3.0,1.0,1.0,1.0,1.0,1.0,1.0,2,2,5,2.0,2.0,3.0,3.0,6.0,2.0,3.0,3.0,7,0.0,1,High
5.0,5.0,2.0,8.0,1.0,75.0,80.0,4.0,0.242,3,5.0,5.0,5.0,5.0,1.0,1.0,1.0,1.0,1.0,1.0,3,1,5,4.0,4.0,4.0,4.0,6.0,2.0,3.0,3.0,6,0.0,1,High
4.0,3.0,5.0,8.0,0.0,44.0,56.0,2.0,1.267,3,5.0,1.0,5.0,5.0,1.0,1.0,1.0,1.0,1.0,1.0,5,2,9,2.0,2.0,4.0,2.0,5.0,4.0,4.0,4.0,7,0.0,1,Medium
3.0,3.0,3.0,2.0,0.0,49.0,63.0,3.0,-0.57,3,5.0,4.0,4.0,4.0,1.0,1.0,1.0,1.0,1.0,1.0,4,1,9,4.0,4.0,4.0,4.0,5.0,3.0,3.0,3.0,2,0.0,1,High
4.0,4.0,2.0,2.0,1.0,53.0,61.0,3.0,1.267,3,4.0,4.0,4.0,4.0,1.0,1.0,1.0,1.0,1.0,1.0,3,2,6,4.0,4.0,4.0,4.0,6.0,2.0,3.0,3.0,6,0.0,1,High
3.0,3.0,2.0,8.0,0.0,36.0,48.0,3.0,-0.57,3,4.0,3.0,2.0,3.0,2.0,2.0,1.0,1.0,1.0,1.0,2,5,7,3.0,2.0,3.0,2.0,3.0,2.0,2.0,3.0,6,2.0,0,Medium
5.0,5.0,4.0,2.0,1.0,85.0,65.0,4.0,1.267,2,5.0,5.0,5.0,5.0,1.0,1.0,1.0,1.0,1.0,1.0,5,4,9,5.0,5.0,5.0,5.0,6.0,2.0,4.0,3.0,4,0.0,1,High
4.0,4.0,3.0,2.0,1.0,53.0,61.0,4.0,1.267,3,5.0,3.0,5.0,4.0,1.0,1.0,1.0,1.0,1.0,1.0,5,2,9,3.0,3.0,4.0,4.0,6.0,2.0,3.0,2.0,2,0.0,1,High
4.0,4.0,2.0,8.0,1.0,54.0,75.0,3.0,0.712,3,5.0,4.0,5.0,4.0,1.0,1.0,1.0,1.0,1.0,1.0,4,2,8,5.0,5.0,5.0,5.0,6.0,2.0,3.0,3.0,6,0.0,1,High
2.0,2.0,5.0,2.0,0.0,37.0,28.0,2.0,-0.57,2,2.0,2.0,1.0,2.0,3.0,3.0,2.0,3.0,3.0,2.0,3,2,6,3.0,3.0,3.0,3.0,2.0,2.0,3.0,2.0,2,6.0,0,Low
4.0,4.0,2.0,8.0,1.0,49.0,62.0,3.0,0.712,3,5.0,4.0,5.0,5.0,1.0,1.0,1.0,1.0,1.0,1.0,4,1,6,4.0,4.0,4.0,4.0,5.0,2.0,4.0,3.0,6,0.0,1,High
4.0,3.0,3.0,2.0,1.0,56.0,61.0,3.0,0.242,3,5.0,4.0,5.0,5.0,1.0,1.0,1.0,1.0,1.0,1.0,4,2,7,4.0,4.0,4.0,4.0,5.0,2.0,3.0,4.0,2,0.0,1,High
5.0,3.0,4.0,2.0,0.0,35.0,46.0,3.0,-0.188,3,4.0,4.0,5.0,1.0,1.0,1.0,1.0,1.0,1.0,1.0,4,4,6,4.0,4.0,2.0,2.0,5.0,1.0,3.0,3.0,2,0.0,0,Medium
5.0,5.0,2.0,8.0,0.0,79.0,57.0,4.0,-0.57,3,5.0,5.0,2.0,4.0,1.0,1.0,1.0,1.0,1.0,1.0,3,4,9,5.0,3.0,3.0,3.0,3.0,3.0,3.0,3.0,8,0.0,1,Medium
5.0,4.0,2.0,2.0,1.0,55.0,72.0,4.0,1.267,3,5.0,4.0,4.0,5.0,1.0,1.0,1.0,1.0,1.0,1.0,5,4,9,5.0,4.0,5.0,4.0,6.0,2.0,3.0,3.0,3,0.0,1,High
4.0,3.0,4.0,8.0,0.0,42.0,55.0,3.0,0.242,3,4.0,3.0,3.0,4.0,1.0,1.0,1.0,1.0,1.0,1.0,5,2,7,4.0,4.0,4.0,3.0,3.0,1.0,3.0,3.0,8,0.0,1,Medium
3.0,3.0,4.0,1.0,0.0,42.0,39.0,3.0,-1.215,1,3.0,3.0,3.0,3.0,2.0,2.0,2.0,2.0,2.0,2.0,2,1,1,3.0,3.0,3.0,3.0,4.0,3.0,2.0,3.0,4,6.0,0,Low
5.0,4.0,3.0,8.0,1.0,52.0,58.0,4.0,0.712,3,5.0,4.0,5.0,5.0,1.0,1.0,1.0,1.0,1.0,1.0,2,2,4,5.0,4.0,4.0,3.0,4.0,2.0,3.0,3.0,6,0.0,1,Medium
4.0,4.0,4.0,2.0,1.0,58.0,52.0,4.0,0.712,3,5.0,5.0,5.0,5.0,1.0,1.0,1.0,1.0,1.0,1.0,5,2,8,4.0,4.0,4.0,4.0,6.0,2.0,3.0,4.0,3,0.0,0,Medium
5.0,4.0,1.0,8.0,0.0,56.0,73.0,4.0,-0.188,3,5.0,5.0,5.0,5.0,1.0,1.0,1.0,1.0,1.0,1.0,2,1,3,5.0,5.0,5.0,5.0,6.0,3.0,4.0,3.0,8,0.0,1,High
5.0,5.0,3.0,8.0,1.0,40.0,74.0,4.0,0.712,3,5.0,5.0,5.0,3.0,1.0,1.0,1.0,1.0,1.0,1.0,3,2,6,5.0,5.0,5.0,5.0,6.0,1.0,4.0,3.0,6,0.0,1,High
1.0,1.0,5.0,2.0,1.0,14.0,21.0,1.0,-0.188,3,1.0,1.0,1.0,1.0,3.0,3.0,1.0,1.0,1.0,1.0,2,4,1,5.0,1.0,5.0,1.0,2.0,4.0,4.0,1.0,2,2.0,0,Low
,,,,,,68.0,,-2.053,0,,,,,,,,,,,4,1,4,,,,,,,,,2,,1,High
5.0,4.0,2.0,8.0,1.0,48.0,65.0,4.0,0.712,3,5.0,5.0,5.0,5.0,1.0,1.0,1.0,1.0,1.0,1.0,4,2,9,4.0,4.0,4.0,4.0,6.0,1.0,3.0,3.0,6,0.0,1,High
5.0,4.0,4.0,8.0,0.0,62.0,58.0,3.0,0.242,3,5.0,4.0,5.0,5.0,1.0,1.0,1.0,1.0,1.0,1.0,3,1,5,4.0,4.0,4.0,4.0,4.0,1.0,3.0,4.0,8,0.0,1,Medium
5.0,4.0,2.0,8.0,0.0,68.0,95.0,4.0,0.712,3,5.0,1.0,5.0,5.0,1.0,1.0,1.0,1.0,1.0,1.0,2,1,7,1.0,2.0,2.0,2.0,6.0,1.0,4.0,4.0,8,0.0,1,High
4.0,4.0,3.0,8.0,1.0,47.0,47.0,3.0,-0.188,3,5.0,4.0,3.0,5.0,2.0,2.0,1.0,2.0,2.0,1.0,2,2,1,4.0,4.0,5.0,4.0,5.0,1.0,3.0,3.0,6,4.0,0,Medium
4.0,4.0,4.0,2.0,1.0,54.0,73.0,4.0,0.242,3,5.0,4.0,5.0,4.0,1.0,1.0,1.0,1.0,1.0,1.0,5,2,9,4.0,4.0,4.0,3.0,5.0,2.0,3.0,3.0,2,0.0,1,High
3.0,3.0,5.0,7.0,0.0,45.0,23.0,1.0,-0.909,2,1.0,1.0,1.0,1.0,3.0,3.0,3.0,3.0,3.0,1.0,3,2,1,3.0,3.0,3.0,3.0,2.0,1.0,3.0,1.0,2,5.0,0,Low
5.0,3.0,1.0,3.0,1.0,52.0,71.0,4.0,-1.485,2,5.0,5.0,1.0,4.0,1.0,1.0,1.0,1.0,1.0,1.0,4,1,2,4.0,2.0,4.0,3.0,5.0,1.0,4.0,4.0,6,0.0,1,High
3.0,3.0,3.0,3.0,1.0,42.0,56.0,3.0,-1.485,0,3.0,3.0,3.0,3.0,2.0,2.0,2.0,2.0,2.0,2.0,3,2,7,4.0,4.0,4.0,4.0,3.0,3.0,3.0,3.0,3,6.0,1,Medium
5.0,4.0,1.0,8.0,1.0,64.0,64.0,4.0,0.712,3,5.0,5.0,5.0,5.0,1.0,1.0,1.0,1.0,1.0,1.0,3,2,8,4.0,4.0,4.0,4.0,5.0,2.0,3.0,3.0,7,0.0,1,High
3.0,3.0,3.0,3.0,1.0,46.0,53.0,3.0,-0.909,2,5.0,5.0,1.0,5.0,1.0,1.0,1.0,3.0,3.0,1.0,3,5,4,4.0,3.0,4.0,3.0,2.0,2.0,3.0,3.0,2,2.0,0,Medium
4.0,4.0,1.0,6.0,0.0,49.0,66.0,3.0,-1.215,2,5.0,4.0,3.0,4.0,1.0,1.0,1.0,1.0,1.0,1.0,2,2,8,3.0,3.0,3.0,3.0,5.0,2.0,3.0,3.0,2,0.0,1,High
5.0,4.0,4.0,1.0,1.0,46.0,48.0,3.0,-0.188,3,5.0,4.0,5.0,2.0,1.0,1.0,1.0,2.0,2.0,1.0,4,5,9,4.0,4.0,4.0,3.0,4.0,2.0,3.0,3.0,4,2.0,0,Medium
5.0,4.0,2.0,8.0,1.0,55.0,58.0,3.0,-0.188,3,5.0,4.0,3.0,5.0,1.0,1.0,1.0,1.0,1.0,1.0,5,2,8,5.0,5.0,4.0,4.0,5.0,3.0,3.0,3.0,6,0.0,1,Medium
3.0,3.0,4.0,5.0,0.0,48.0,59.0,3.0,0.712,3,5.0,4.0,5.0,3.0,1.0,1.0,1.0,1.0,1.0,1.0,3,2,9,3.0,4.0,4.0,4.0,5.0,2.0,3.0,3.0,1,0.0,1,Medium
4.0,3.0,2.0,8.0,0.0,52.0,63.0,4.0,0.242,3,5.0,5.0,5.0,5.0,1.0,1.0,1.0,1.0,1.0,1.0,4,2,9,3.0,4.0,3.0,2.0,4.0,1.0,3.0,3.0,6,0.0,1,High
4.0,3.0,1.0,8.0,0.0,39.0,63.0,3.0,0.712,3,5.0,4.0,5.0,5.0,1.0,1.0,1.0,1.0,1.0,1.0,4,3,4,2.0,3.0,3.0,3.0,4.0,1.0,4.0,3.0,8,0.0,1,High
5.0,4.0,1.0,8.0,1.0,43.0,95.0,4.0,-0.57,3,5.0,5.0,5.0,5.0,1.0,1.0,1.0,1.0,1.0,1.0,2,2,6,4.0,5.0,4.0,4.0,5.0,2.0,3.0,4.0,6,0.0,1,High
5.0,4.0,3.0,8.0,0.0,48.0,61.0,3.0,0.712,3,5.0,3.0,4.0,3.0,1.0,1.0,1.0,1.0,1.0,1.0,4,2,8,4.0,4.0,4.0,4.0,5.0,3.0,2.0,2.0,7,0.0,1,High
5.0,4.0,4.0,2.0,1.0,57.0,59.0,4.0,0.712,3,5.0,4.0,5.0,5.0,1.0,1.0,1.0,1.0,1.0,1.0,4,1,8,3.0,4.0,4.0,3.0,6.0,2.0,3.0,4.0,4,0.0,1,Medium
5.0,5.0,3.0,8.0,1.0,61.0,68.0,3.0,1.267,3,5.0,5.0,5.0,5.0,1.0,1.0,1.0,1.0,1.0,1.0,2,2,8,3.0,3.0,5.0,3.0,6.0,1.0,4.0,4.0,8,0.0,1,High
5.0,4.0,2.0,1.0,0.0,57.0,61.0,4.0,1.267,3,4.0,3.0,4.0,4.0,1.0,1.0,1.0,1.0,1.0,1.0,5,2,8,2.0,2.0,4.0,2.0,6.0,3.0,2.0,4.0,4,0.0,1,High
3.0,2.0,4.0,6.0,0.0,18.0,24.0,1.0,-0.57,3,3.0,3.0,1.0,3.0,1.0,1.0,1.0,1.0,1.0,1.0,2,2,1,2.0,2.0,1.0,1.0,1.0,4.0,1.0,1.0,4,0.0,0,Low
3.0,2.0,4.0,2.0,1.0,38.0,50.0,2.0,-1.485,1,4.0,3.0,1.0,4.0,2.0,2.0,1.0,1.0,1.0,1.0,2,5,2,4.0,3.0,3.0,4.0,5.0,2.0,2.0,2.0,2,2.0,0,Medium
5.0,3.0,2.0,4.0,1.0,48.0,64.0,3.0,-0.909,1,5.0,4.0,2.0,4.0,1.0,1.0,1.0,1.0,1.0,1.0,2,2,3,5.0,3.0,4.0,4.0,5.0,2.0,3.0,3.0,6,0.0,1,High
4.0,3.0,4.0,2.0,1.0,43.0,48.0,3.0,1.267,3,5.0,3.0,2.0,4.0,1.0,1.0,1.0,2.0,2.0,1.0,4,5,8,4.0,4.0,3.0,3.0,5.0,2.0,2.0,3.0,4,2.0,0,Medium
4.0,4.0,2.0,8.0,0.0,51.0,81.0,4.0,1.267,3,5.0,3.0,5.0,5.0,1.0,1.0,1.0,1.0,1.0,1.0,4,2,7,2.0,3.0,3.0,3.0,6.0,2.0,3.0,3.0,8,0.0,1,High
4.0,4.0,4.0,4.0,1.0,40.0,53.0,3.0,-0.188,3,5.0,4.0,5.0,4.0,1.0,1.0,1.0,1.0,1.0,1.0,2,3,3,4.0,5.0,4.0,4.0,6.0,3.0,2.0,4.0,1,0.0,0,Medium
5.0,4.0,4.0,2.0,1.0,48.0,50.0,3.0,-0.57,3,4.0,4.0,2.0,4.0,1.0,1.0,1.0,1.0,2.0,1.0,3,2,4,5.0,4.0,4.0,4.0,5.0,2.0,2.0,3.0,2,1.0,0,Medium
5.0,5.0,3.0,2.0,1.0,61.0,55.0,4.0,-1.215,0,5.0,5.0,5.0,1.0,1.0,1.0,1.0,1.0,1.0,1.0,2,2,8,4.0,4.0,4.0,4.0,3.0,1.0,3.0,3.0,4,0.0,1,Medium
5.0,4.0,4.0,8.0,0.0,61.0,80.0,4.0,0.712,3,5.0,5.0,5.0,5.0,1.0,1.0,1.0,1.0,1.0,1.0,5,2,9,5.0,4.0,3.0,4.0,5.0,2.0,3.0,3.0,6,0.0,1,High
4.0,3.0,4.0,5.0,0.0,40.0,51.0,4.0,0.242,3,1.0,4.0,1.0,3.0,1.0,1.0,1.0,1.0,1.0,1.0,2,4,6,4.0,3.0,3.0,3.0,4.0,3.0,2.0,2.0,1,0.0,0,Medium
3.0,2.0,2.0,8.0,0.0,52.0,50.0,2.0,-0.909,2,1.0,3.0,1.0,1.0,1.0,1.0,1.0,1.0,1.0,1.0,2,1,3,1.0,1.0,3.0,1.0,1.0,4.0,4.0,4.0,6,0.0,0,Medium
3.0,3.0,2.0,2.0,0.0,42.0,52.0,3.0,-0.57,3,4.0,4.0,4.0,4.0,1.0,1.0,1.0,1.0,1.0,1.0,2,1,3,2.0,2.0,4.0,4.0,5.0,2.0,2.0,3.0,5,0.0,0,Medium
5.0,5.0,2.0,2.0,1.0,73.0,88.0,4.0,1.267,3,5.0,5.0,5.0,5.0,1.0,1.0,1.0,1.0,1.0,1.0,5,2,9,5.0,4.0,4.0,3.0,6.0,1.0,4.0,4.0,6,0.0,1,High
5.0,5.0,3.0,8.0,1.0,70.0,89.0,4.0,-0.909,3,5.0,4.0,3.0,5.0,1.0,1.0,1.0,1.0,1.0,1.0,3,2,9,5.0,4.0,5.0,4.0,5.0,2.0,3.0,3.0,6,0.0,1,High
5.0,4.0,2.0,8.0,0.0,51.0,75.0,4.0,0.242,3,5.0,4.0,5.0,5.0,1.0,1.0,1.0,1.0,1.0,1.0,3,2,7,5.0,3.0,4.0,3.0,5.0,2.0,3.0,3.0,7,0.0,1,High
5.0,4.0,4.0,2.0,1.0,56.0,68.0,4.0,0.712,3,5.0,4.0,5.0,5.0,1.0,1.0,1.0,1.0,1.0,1.0,4,2,8,5.0,4.0,4.0,4.0,6.0,2.0,3.0,3.0,2,0.0,1,High
4.0,1.0,3.0,1.0,1.0,29.0,53.0,2.0,0.242,2,5.0,3.0,1.0,5.0,1.0,1.0,1.0,1.0,1.0,1.0,2,1,1,5.0,4.0,2.0,1.0,1.0,1.0,2.0,2.0,6,0.0,0,Medium
4.0,4.0,4.0,2.0,1.0,56.0,50.0,4.0,-0.57,3,3.0,3.0,3.0,3.0,1.0,1.0,1.0,1.0,1.0,1.0,5,2,6,3.0,3.0,3.0,3.0,4.0,3.0,3.0,3.0,5,0.0,0,Medium
5.0,4.0,4.0,2.0,1.0,63.0,60.0,4.0,0.712,3,5.0,5.0,5.0,5.0,1.0,1.0,1.0,1.0,1.0,1.0,3,3,9,5.0,5.0,5.0,5.0,5.0,1.0,3.0,3.0,5,0.0,1,Medium
5.0,4.0,2.0,8.0,1.0,64.0,73.0,4.0,1.267,3,5.0,5.0,5.0,2.0,1.0,1.0,1.0,1.0,1.0,1.0,5,2,9,2.0,5.0,5.0,3.0,5.0,2.0,3.0,3.0,6,0.0,1,High
2.0,2.0,5.0,6.0,1.0,28.0,14.0,1.0,-0.57,3,1.0,5.0,1.0,5.0,3.0,3.0,1.0,3.0,3.0,1.0,3,4,1,5.0,4.0,5.0,3.0,1.0,4.0,2.0,2.0,2,4.0,0,Low
4.0,3.0,3.0,2.0,1.0,41.0,44.0,3.0,0.712,3,5.0,4.0,1.0,4.0,1.0,1.0,1.0,1.0,1.0,2.0,3,3,7,4.0,5.0,1.0,1.0,5.0,1.0,3.0,3.0,4,1.0,0,Medium
5.0,5.0,4.0,2.0,1.0,51.0,51.0,3.0,-0.188,3,5.0,5.0,5.0,4.0,2.0,2.0,2.0,2.0,1.0,1.0,4,4,9,5.0,4.0,5.0,4.0,6.0,2.0,3.0,3.0,1,4.0,0,Medium
3.0,5.0,3.0,8.0,0.0,51.0,47.0,4.0,-0.909,2,5.0,4.0,1.0,5.0,1.0,1.0,1.0,1.0,1.0,1.0,3,2,6,5.0,5.0,3.0,4.0,3.0,1.0,3.0,3.0,6,0.0,0,Medium
4.0,3.0,5.0,8.0,0.0,39.0,37.0,2.0,0.242,3,5.0,4.0,5.0,5.0,1.0,1.0,1.0,1.0,1.0,1.0,1,1,1,4.0,3.0,3.0,3.0,4.0,1.0,3.0,2.0,8,0.0,0,Low
5.0,3.0,3.0,8.0,0.0,41.0,51.0,3.0,0.712,3,5.0,4.0,5.0,5.0,1.0,1.0,1.0,1.0,1.0,1.0,3,2,4,4.0,4.0,2.0,2.0,5.0,1.0,3.0,3.0,8,0.0,0,Medium
5.0,4.0,2.0,8.0,0.0,58.0,63.0,4.0,0.712,3,5.0,4.0,3.0,3.0,1.0,1.0,1.0,1.0,1.0,1.0,3,5,7,4.0,5.0,4.0,4.0,5.0,1.0,3.0,3.0,7,0.0,1,High
4.0,4.0,3.0,2.0,1.0,75.0,76.0,4.0,0.242,3,5.0,5.0,5.0,5.0,1.0,1.0,1.0,1.0,1.0,1.0,3,2,5,4.0,4.0,5.0,3.0,6.0,1.0,4.0,4.0,2,0.0,1,High
3.0,3.0,4.0,6.0,0.0,42.0,50.0,3.0,-1.215,0,4.0,2.0,3.0,3.0,2.0,2.0,1.0,1.0,1.0,1.0,2,1,1,4.0,3.0,4.0,3.0,2.0,3.0,2.0,2.0,4,2.0,0,Medium
5.0,3.0,5.0,3.0,0.0,41.0,53.0,3.0,-0.188,3,5.0,4.0,5.0,5.0,1.0,1.0,1.0,1.0,1.0,1.0,4,1,2,4.0,4.0,3.0,3.0,3.0,2.0,2.0,3.0,2,0.0,0,Medium
2.0,2.0,5.0,6.0,,38.0,42.0,2.0,-0.909,2,5.0,3.0,1.0,5.0,2.0,2.0,2.0,2.0,2.0,1.0,2,1,2,2.0,4.0,4.0,3.0,2.0,1.0,2.0,2.0,6,5.0,0,Low
3.0,2.0,5.0,7.0,1.0,41.0,35.0,2.0,0.712,3,5.0,2.0,1.0,5.0,2.0,1.0,1.0,1.0,1.0,1.0,5,4,8,3.0,2.0,2.0,3.0,2.0,3.0,2.0,2.0,4,1.0,0,Low
5.0,4.0,4.0,5.0,1.0,58.0,45.0,4.0,-0.57,3,5.0,3.0,1.0,4.0,1.0,1.0,1.0,2.0,3.0,1.0,3,5,6,4.0,4.0,4.0,4.0,2.0,3.0,3.0,2.0,2,2.0,0,Medium
4.0,3.0,3.0,2.0,1.0,43.0,53.0,3.0,0.712,2,4.0,4.0,1.0,3.0,1.0,1.0,1.0,1.0,1.0,1.0,2,2,4,5.0,3.0,3.0,2.0,4.0,3.0,2.0,3.0,5,0.0,0,Medium
4.0,4.0,3.0,2.0,1.0,52.0,54.0,3.0,-1.215,1,5.0,5.0,1.0,5.0,1.0,1.0,1.0,1.0,1.0,1.0,2,4,8,4.0,3.0,4.0,2.0,5.0,2.0,3.0,3.0,1,0.0,0,Medium
4.0,4.0,4.0,8.0,1.0,51.0,60.0,4.0,0.242,3,5.0,5.0,5.0,5.0,1.0,1.0,1.0,1.0,1.0,1.0,3,2,7,4.0,3.0,4.0,4.0,4.0,3.0,3.0,3.0,8,0.0,1,Medium
3.0,3.0,5.0,3.0,1.0,34.0,34.0,3.0,-0.188,2,5.0,4.0,1.0,5.0,2.0,2.0,1.0,3.0,2.0,1.0,3,2,1,5.0,4.0,2.0,1.0,1.0,4.0,2.0,2.0,2,4.0,0,Low
5.0,5.0,2.0,8.0,0.0,52.0,79.0,4.0,0.242,3,5.0,5.0,5.0,5.0,1.0,1.0,1.0,1.0,1.0,1.0,2,2,6,4.0,3.0,4.0,3.0,5.0,1.0,1.0,1.0,8,0.0,1,High
5.0,3.0,3.0,8.0,0.0,41.0,53.0,2.0,-0.57,3,5.0,4.0,5.0,5.0,1.0,1.0,1.0,1.0,1.0,1.0,2,2,2,4.0,3.0,3.0,3.0,3.0,3.0,3.0,2.0,7,0.0,0,Medium
4.0,4.0,3.0,8.0,0.0,53.0,67.0,3.0,-0.188,3,5.0,5.0,5.0,5.0,1.0,1.0,1.0,1.0,1.0,1.0,3,2,6,4.0,3.0,4.0,3.0,5.0,3.0,3.0,2.0,6,0.0,1,High
3.0,4.0,5.0,2.0,1.0,57.0,60.0,3.0,-0.188,3,5.0,4.0,5.0,4.0,1.0,1.0,1.0,1.0,1.0,1.0,4,1,7,5.0,4.0,4.0,3.0,6.0,1.0,4.0,4.0,5,0.0,1,Medium
5.0,4.0,3.0,8.0,0.0,58.0,77.0,4.0,0.242,2,5.0,4.0,5.0,5.0,1.0,1.0,1.0,1.0,1.0,1.0,2,2,3,5.0,3.0,4.0,3.0,6.0,2.0,3.0,3.0,8,0.0,1,High
5.0,4.0,2.0,8.0,1.0,58.0,69.0,4.0,0.712,3,5.0,5.0,5.0,5.0,1.0,1.0,1.0,1.0,1.0,1.0,2,2,5,5.0,5.0,3.0,3.0,6.0,2.0,3.0,3.0,8,0.0,1,High
3.0,3.0,3.0,2.0,0.0,51.0,44.0,3.0,-1.485,2,4.0,3.0,5.0,4.0,2.0,2.0,2.0,3.0,2.0,2.0,4,3,7,4.0,3.0,3.0,3.0,4.0,3.0,2.0,2.0,2,6.0,0,Medium
5.0,4.0,3.0,2.0,1.0,55.0,58.0,4.0,0.712,3,5.0,4.0,5.0,4.0,1.0,1.0,1.0,1.0,1.0,1.0,4,4,9,3.0,4.0,5.0,4.0,5.0,1.0,4.0,3.0,3,0.0,1,Medium
5.0,3.0,5.0,2.0,1.0,43.0,28.0,2.0,0.242,3,5.0,2.0,1.0,5.0,2.0,2.0,2.0,2.0,2.0,1.0,3,3,8,5.0,5.0,4.0,4.0,3.0,2.0,2.0,2.0,3,5.0,0,Low
4.0,3.0,4.0,2.0,1.0,43.0,35.0,3.0,-0.188,3,4.0,4.0,1.0,3.0,1.0,1.0,1.0,1.0,1.0,1.0,4,3,5,3.0,4.0,3.0,2.0,2.0,1.0,3.0,3.0,2,0.0,0,Low
4.0,4.0,2.0,2.0,1.0,44.0,56.0,4.0,1.267,3,5.0,4.0,4.0,4.0,1.0,1.0,1.0,2.0,1.0,1.0,2,1,2,4.0,4.0,4.0,3.0,5.0,2.0,2.0,3.0,5,1.0,1,Medium
3.0,3.0,2.0,8.0,0.0,39.0,54.0,3.0,-0.57,1,4.0,4.0,4.0,4.0,1.0,1.0,1.0,1.0,1.0,1.0,2,1,2,4.0,3.0,3.0,3.0,5.0,2.0,3.0,3.0,7,0.0,0,Medium
5.0,3.0,2.0,2.0,1.0,51.0,58.0,4.0,1.267,3,5.0,4.0,5.0,5.0,1.0,1.0,1.0,1.0,2.0,1.0,5,2,7,3.0,4.0,3.0,3.0,6.0,2.0,2.0,3.0,4,1.0,1,Medium
5.0,5.0,5.0,5.0,1.0,69.0,53.0,4.0,0.242,3,5.0,5.0,5.0,5.0,1.0,1.0,1.0,1.0,1.0,1.0,3,3,2,5.0,5.0,5.0,5.0,6.0,2.0,4.0,4.0,1,0.0,0,Medium
5.0,3.0,3.0,8.0,0.0,50.0,48.0,3.0,0.242,3,5.0,2.0,2.0,4.0,1.0,1.0,1.0,1.0,1.0,1.0,3,3,4,3.0,3.0,3.0,3.0,3.0,1.0,3.0,3.0,8,0.0,0,Medium
5.0,4.0,3.0,2.0,1.0,53.0,70.0,4.0,0.712,3,5.0,4.0,5.0,5.0,1.0,1.0,1.0,1.0,1.0,1.0,4,4,9,4.0,4.0,4.0,4.0,5.0,2.0,3.0,3.0,5,0.0,1,High
3.0,3.0,4.0,3.0,0.0,39.0,48.0,2.0,1.267,3,3.0,2.0,2.0,2.0,2.0,1.0,1.0,1.0,1.0,1.0,4,3,7,4.0,2.0,2.0,2.0,2.0,2.0,2.0,2.0,4,1.0,0,Medium
4.0,4.0,2.0,2.0,1.0,51.0,62.0,3.0,-0.57,1,5.0,3.0,5.0,4.0,1.0,1.0,1.0,1.0,1.0,1.0,2,2,2,4.0,4.0,4.0,4.0,5.0,2.0,2.0,3.0,6,0.0,1,High
5.0,5.0,4.0,2.0,1.0,52.0,71.0,3.0,-1.215,3,5.0,5.0,5.0,5.0,1.0,1.0,1.0,1.0,1.0,1.0,5,4,8,5.0,5.0,5.0,5.0,6.0,3.0,3.0,3.0,3,0.0,1,High
5.0,4.0,2.0,2.0,1.0,60.0,61.0,4.0,1.267,3,5.0,5.0,5.0,5.0,1.0,1.0,1.0,1.0,1.0,1.0,4,4,5,5.0,5.0,5.0,5.0,6.0,2.0,4.0,4.0,3,0.0,1,High
5.0,5.0,1.0,1.0,1.0,76.0,53.0,4.0,-0.909,1,5.0,5.0,5.0,5.0,1.0,1.0,3.0,1.0,1.0,1.0,4,1,1,5.0,5.0,5.0,5.0,6.0,1.0,3.0,3.0,2,1.0,0,Medium
4.0,4.0,3.0,2.0,1.0,58.0,76.0,4.0,-0.57,2,5.0,5.0,5.0,5.0,1.0,1.0,1.0,1.0,1.0,1.0,5,1,7,4.0,4.0,4.0,4.0,5.0,2.0,3.0,3.0,2,0.0,1,High
4.0,1.0,5.0,2.0,0.0,16.0,41.0,2.0,-0.188,3,4.0,2.0,3.0,2.0,1.0,1.0,1.0,2.0,2.0,1.0,3,3,8,4.0,4.0,3.0,2.0,1.0,3.0,2.0,2.0,5,2.0,0,Low
4.0,4.0,4.0,2.0,1.0,58.0,59.0,4.0,0.712,3,5.0,5.0,5.0,5.0,1.0,1.0,1.0,1.0,1.0,1.0,4,1,7,2.0,4.0,4.0,4.0,6.0,3.0,3.0,3.0,3,0.0,1,Medium
3.0,2.0,3.0,4.0,0.0,42.0,53.0,2.0,-1.485,2,5.0,4.0,3.0,3.0,2.0,1.0,2.0,2.0,1.0,1.0,2,4,3,4.0,4.0,3.0,3.0,5.0,3.0,3.0,2.0,4,3.0,0,Medium
5.0,5.0,3.0,8.0,1.0,70.0,95.0,4.0,0.712,3,5.0,4.0,5.0,5.0,1.0,1.0,1.0,1.0,1.0,1.0,5,1,6,4.0,4.0,4.0,4.0,5.0,1.0,3.0,4.0,6,0.0,1,High
4.0,4.0,4.0,5.0,1.0,52.0,55.0,3.0,0.712,3,5.0,5.0,5.0,4.0,1.0,1.0,1.0,1.0,1.0,1.0,5,5,8,5.0,5.0,5.0,5.0,6.0,3.0,2.0,4.0,1,0.0,1,Medium
3.0,2.0,2.0,2.0,0.0,41.0,41.0,2.0,0.242,3,4.0,4.0,1.0,5.0,1.0,2.0,1.0,1.0,1.0,1.0,3,4,5,5.0,5.0,2.0,4.0,2.0,1.0,3.0,4.0,5,1.0,0,Low
3.0,3.0,4.0,5.0,1.0,47.0,41.0,1.0,-0.57,0,1.0,2.0,1.0,4.0,1.0,1.0,1.0,1.0,1.0,1.0,2,4,5,4.0,2.0,4.0,2.0,5.0,2.0,3.0,3.0,1,0.0,0,Low
5.0,4.0,2.0,8.0,0.0,63.0,83.0,4.0,1.267,3,5.0,5.0,5.0,5.0,1.0,1.0,1.0,1.0,1.0,1.0,4,1,9,5.0,4.0,4.0,4.0,5.0,1.0,3.0,3.0,8,0.0,1,High
4.0,2.0,3.0,2.0,0.0,39.0,47.0,2.0,-0.57,3,5.0,1.0,1.0,2.0,1.0,1.0,1.0,1.0,1.0,1.0,5,4,8,1.0,1.0,1.0,1.0,2.0,4.0,3.0,3.0,2,0.0,0,Medium
4.0,3.0,5.0,2.0,0.0,49.0,62.0,3.0,0.712,3,4.0,4.0,1.0,3.0,1.0,1.0,1.0,1.0,1.0,1.0,5,3,8,2.0,4.0,3.0,2.0,5.0,2.0,2.0,3.0,3,0.0,1,High
4.0,3.0,3.0,8.0,0.0,41.0,50.0,2.0,-0.909,3,5.0,4.0,1.0,4.0,1.0,1.0,1.0,2.0,1.0,1.0,1,2,2,5.0,4.0,3.0,3.0,4.0,3.0,3.0,2.0,7,1.0,0,Medium
3.0,3.0,4.0,2.0,0.0,41.0,37.0,3.0,-0.909,1,4.0,3.0,3.0,4.0,3.0,2.0,1.0,2.0,1.0,1.0,2,5,6,2.0,2.0,2.0,2.0,3.0,3.0,2.0,2.0,3,3.0,0,Low
4.0,4.0,2.0,8.0,0.0,54.0,65.0,4.0,1.267,3,5.0,5.0,5.0,5.0,1.0,1.0,1.0,1.0,1.0,1.0,4,2,8,4.0,4.0,4.0,4.0,5.0,2.0,3.0,3.0,6,0.0,1,High
5.0,3.0,3.0,2.0,1.0,48.0,52.0,3.0,0.242,3,5.0,4.0,5.0,2.0,1.0,1.0,1.0,1.0,1.0,1.0,4,2,6,5.0,4.0,3.0,2.0,3.0,2.0,2.0,3.0,1,0.0,0,Medium
1.0,1.0,5.0,6.0,0.0,55.0,39.0,1.0,-0.188,3,5.0,1.0,1.0,3.0,2.0,2.0,1.0,1.0,1.0,2.0,2,5,2,2.0,4.0,3.0,3.0,1.0,3.0,3.0,3.0,4,3.0,0,Low
5.0,4.0,2.0,8.0,1.0,52.0,60.0,4.0,0.242,3,5.0,5.0,5.0,5.0,1.0,1.0,1.0,1.0,1.0,1.0,5,1,5,5.0,4.0,5.0,4.0,6.0,2.0,3.0,3.0,8,0.0,1,Medium
3.0,3.0,5.0,2.0,0.0,42.0,39.0,3.0,-0.909,3,5.0,3.0,5.0,4.0,2.0,2.0,2.0,2.0,2.0,2.0,4,2,3,4.0,4.0,4.0,4.0,3.0,3.0,3.0,3.0,1,6.0,0,Low
5.0,5.0,1.0,8.0,1.0,82.0,75.0,4.0,-0.188,3,5.0,5.0,5.0,5.0,1.0,1.0,1.0,1.0,1.0,1.0,2,2,4,5.0,5.0,5.0,5.0,6.0,3.0,3.0,3.0,6,0.0,1,High
5.0,4.0,3.0,1.0,1.0,57.0,54.0,4.0,-0.188,1,5.0,4.0,3.0,4.0,1.0,1.0,1.0,1.0,1.0,1.0,3,1,6,3.0,4.0,3.0,3.0,5.0,2.0,2.0,3.0,5,0.0,0,Medium
3.0,4.0,3.0,3.0,1.0,50.0,52.0,4.0,-0.188,3,1.0,4.0,1.0,5.0,1.0,1.0,1.0,1.0,1.0,1.0,3,3,9,5.0,5.0,4.0,4.0,6.0,2.0,3.0,3.0,1,0.0,0,Medium
4.0,5.0,3.0,1.0,0.0,52.0,47.0,3.0,-1.485,1,5.0,3.0,4.0,4.0,1.0,1.0,1.0,1.0,1.0,1.0,1,2,8,3.0,3.0,3.0,3.0,,,,,2,0.0,0,Medium
4.0,3.0,4.0,2.0,1.0,41.0,43.0,3.0,-1.215,2,5.0,4.0,3.0,5.0,1.0,1.0,1.0,1.0,1.0,1.0,2,5,1,4.0,5.0,2.0,2.0,3.0,1.0,4.0,2.0,3,0.0,0,Low
4.0,3.0,5.0,4.0,0.0,56.0,39.0,2.0,0.242,3,3.0,3.0,1.0,5.0,2.0,2.0,1.0,2.0,2.0,1.0,1,4,1,2.0,5.0,3.0,2.0,1.0,1.0,3.0,4.0,4,4.0,0,Low
5.0,4.0,2.0,8.0,1.0,51.0,71.0,4.0,0.712,3,5.0,5.0,5.0,5.0,1.0,1.0,1.0,1.0,2.0,1.0,3,2,7,4.0,4.0,5.0,4.0,5.0,2.0,3.0,3.0,6,1.0,1,High
4.0,4.0,2.0,8.0,1.0,48.0,63.0,3.0,1.267,3,5.0,5.0,5.0,5.0,1.0,1.0,1.0,1.0,1.0,1.0,5,2,8,4.0,4.0,4.0,4.0,5.0,1.0,3.0,3.0,7,0.0,1,High
3.0,3.0,3.0,2.0,1.0,46.0,49.0,3.0,0.712,3,5.0,4.0,3.0,4.0,1.0,1.0,1.0,1.0,1.0,1.0,5,4,8,3.0,4.0,4.0,3.0,5.0,2.0,3.0,3.0,2,0.0,0,Medium
5.0,4.0,2.0,8.0,1.0,51.0,75.0,4.0,0.242,2,5.0,4.0,5.0,5.0,1.0,1.0,1.0,1.0,1.0,1.0,3,2,8,3.0,5.0,5.0,5.0,6.0,1.0,3.0,3.0,7,0.0,1,High
2.0,2.0,4.0,6.0,0.0,30.0,22.0,1.0,0.242,3,2.0,1.0,1.0,1.0,2.0,1.0,1.0,1.0,1.0,1.0,3,3,8,1.0,1.0,1.0,2.0,2.0,4.0,2.0,2.0,1,1.0,0,Low
5.0,5.0,3.0,8.0,1.0,60.0,86.0,4.0,0.712,3,5.0,5.0,5.0,5.0,1.0,1.0,1.0,1.0,1.0,1.0,5,1,8,3.0,4.0,4.0,3.0,6.0,1.0,3.0,3.0,7,0.0,1,High
5.0,4.0,3.0,2.0,0.0,45.0,57.0,3.0,0.712,2,5.0,5.0,5.0,2.0,1.0,1.0,1.0,1.0,1.0,1.0,4,2,7,2.0,2.0,2.0,2.0,4.0,1.0,3.0,2.0,5,0.0,1,Medium
3.0,3.0,2.0,5.0,0.0,50.0,56.0,3.0,-0.57,2,5.0,4.0,3.0,5.0,1.0,1.0,1.0,1.0,1.0,1.0,4,2,1,2.0,3.0,3.0,2.0,3.0,1.0,3.0,4.0,1,0.0,1,Medium
4.0,4.0,2.0,2.0,1.0,56.0,63.0,4.0,-0.57,3,5.0,4.0,5.0,4.0,1.0,1.0,1.0,1.0,1.0,1.0,4,1,5,3.0,4.0,4.0,4.0,5.0,2.0,3.0,3.0,4,0.0,1,High
3.0,3.0,3.0,3.0,1.0,37.0,43.0,2.0,-0.188,3,4.0,3.0,1.0,4.0,2.0,1.0,1.0,1.0,1.0,1.0,1,2,4,3.0,2.0,3.0,2.0,2.0,2.0,2.0,2.0,6,1.0,0,Low
4.0,4.0,2.0,3.0,1.0,67.0,78.0,4.0,0.712,3,5.0,5.0,5.0,5.0,1.0,1.0,1.0,1.0,1.0,1.0,5,2,8,5.0,5.0,5.0,5.0,6.0,1.0,3.0,4.0,6,0.0,1,High
3.0,3.0,4.0,2.0,1.0,47.0,37.0,3.0,-0.188,3,3.0,2.0,2.0,4.0,1.0,1.0,1.0,1.0,1.0,1.0,4,2,6,4.0,4.0,4.0,4.0,5.0,2.0,1.0,2.0,3,0.0,0,Low
5.0,4.0,2.0,8.0,1.0,57.0,60.0,3.0,0.712,3,5.0,4.0,4.0,5.0,1.0,1.0,1.0,1.0,1.0,1.0,5,2,3,5.0,4.0,4.0,4.0,5.0,4.0,3.0,2.0,8,0.0,1,Medium
5.0,4.0,2.0,8.0,1.0,54.0,58.0,3.0,0.242,2,5.0,4.0,3.0,4.0,1.0,1.0,1.0,1.0,1.0,1.0,5,4,8,4.0,3.0,4.0,3.0,4.0,1.0,3.0,3.0,7,0.0,1,Medium
5.0,4.0,3.0,8.0,0.0,65.0,61.0,4.0,-0.188,2,5.0,4.0,1.0,5.0,1.0,1.0,1.0,1.0,1.0,1.0,3,2,6,4.0,4.0,4.0,3.0,4.0,2.0,3.0,3.0,6,0.0,1,High
5.0,4.0,4.0,2.0,0.0,56.0,41.0,4.0,-1.215,2,2.0,4.0,1.0,5.0,1.0,1.0,1.0,1.0,2.0,1.0,2,4,4,5.0,5.0,4.0,4.0,2.0,1.0,3.0,2.0,2,1.0,0,Low
3.0,3.0,1.0,1.0,0.0,10.0,80.0,2.0,0.712,3,5.0,1.0,1.0,4.0,1.0,1.0,1.0,1.0,1.0,1.0,4,2,9,1.0,2.0,1.0,2.0,1.0,3.0,1.0,1.0,4,0.0,1,High
5.0,3.0,4.0,2.0,1.0,42.0,57.0,3.0,-0.188,3,5.0,4.0,5.0,4.0,1.0,1.0,1.0,1.0,1.0,1.0,3,3,8,3.0,3.0,3.0,3.0,5.0,2.0,3.0,3.0,3,0.0,1,Medium
4.0,4.0,2.0,8.0,0.0,52.0,80.0,4.0,-0.57,2,5.0,1.0,5.0,5.0,1.0,1.0,1.0,1.0,1.0,1.0,4,1,6,4.0,3.0,3.0,3.0,6.0,2.0,3.0,3.0,6,0.0,1,High
5.0,4.0,2.0,8.0,1.0,53.0,77.0,4.0,0.712,3,5.0,4.0,5.0,4.0,1.0,1.0,1.0,1.0,1.0,1.0,5,2,8,1.0,3.0,3.0,2.0,5.0,1.0,3.0,3.0,8,0.0,1,High
4.0,4.0,2.0,8.0,1.0,52.0,73.0,3.0,0.242,3,4.0,4.0,3.0,5.0,1.0,1.0,1.0,1.0,1.0,1.0,3,2,7,4.0,4.0,4.0,3.0,5.0,2.0,3.0,4.0,6,0.0,1,High
4.0,3.0,3.0,8.0,0.0,40.0,49.0,2.0,0.242,3,3.0,3.0,3.0,4.0,1.0,1.0,1.0,1.0,1.0,1.0,2,2,2,3.0,3.0,2.0,2.0,3.0,2.0,3.0,2.0,8,0.0,0,Medium
5.0,2.0,3.0,1.0,0.0,26.0,58.0,2.0,-1.215,3,5.0,5.0,5.0,3.0,1.0,1.0,1.0,1.0,1.0,1.0,1,5,3,4.0,3.0,2.0,2.0,2.0,3.0,1.0,3.0,3,0.0,1,Medium
5.0,4.0,3.0,4.0,1.0,59.0,72.0,4.0,0.242,3,5.0,5.0,5.0,5.0,1.0,1.0,1.0,1.0,1.0,1.0,4,5,9,4.0,3.0,4.0,3.0,5.0,2.0,3.0,3.0,4,0.0,1,High
5.0,3.0,2.0,8.0,0.0,61.0,41.0,3.0,-1.713,2,5.0,4.0,1.0,5.0,2.0,1.0,1.0,1.0,1.0,1.0,3,1,1,5.0,5.0,4.0,3.0,2.0,1.0,4.0,2.0,7,1.0,0,Low
3.0,3.0,4.0,2.0,1.0,41.0,55.0,3.0,-0.909,3,4.0,4.0,4.0,4.0,1.0,1.0,1.0,1.0,1.0,1.0,4,2,6,4.0,5.0,4.0,5.0,4.0,2.0,2.0,2.0,2,0.0,1,Medium
5.0,4.0,4.0,2.0,1.0,58.0,44.0,3.0,0.242,3,5.0,5.0,5.0,5.0,2.0,1.0,1.0,2.0,2.0,1.0,4,2,9,4.0,4.0,4.0,3.0,4.0,2.0,4.0,4.0,2,3.0,0,Medium
5.0,4.0,2.0,8.0,1.0,58.0,77.0,4.0,0.712,3,5.0,5.0,5.0,5.0,1.0,1.0,1.0,1.0,1.0,1.0,2,2,3,5.0,4.0,4.0,4.0,5.0,1.0,3.0,3.0,6,0.0,1,High
4.0,3.0,3.0,6.0,1.0,39.0,50.0,3.0,-0.188,3,1.0,4.0,1.0,5.0,1.0,1.0,1.0,1.0,1.0,1.0,2,2,5,4.0,4.0,4.0,4.0,5.0,2.0,2.0,3.0,2,0.0,0,Medium
5.0,3.0,3.0,2.0,0.0,43.0,50.0,3.0,-0.909,3,5.0,3.0,1.0,2.0,1.0,1.0,1.0,1.0,1.0,1.0,4,1,6,4.0,3.0,2.0,2.0,1.0,2.0,3.0,3.0,3,0.0,0,Medium
4.0,4.0,3.0,8.0,0.0,44.0,63.0,3.0,-1.215,1,4.0,4.0,5.0,5.0,1.0,1.0,1.0,1.0,1.0,1.0,3,2,9,4.0,4.0,4.0,3.0,5.0,3.0,3.0,2.0,6,0.0,1,High
5.0,4.0,5.0,5.0,1.0,58.0,57.0,4.0,-0.909,3,5.0,5.0,5.0,5.0,1.0,1.0,1.0,1.0,1.0,1.0,3,3,6,5.0,4.0,5.0,3.0,2.0,1.0,3.0,4.0,1,0.0,1,Medium
5.0,3.0,3.0,4.0,1.0,41.0,51.0,3.0,-0.188,2,5.0,2.0,5.0,3.0,1.0,1.0,1.0,1.0,1.0,1.0,5,4,8,2.0,2.0,3.0,2.0,4.0,1.0,2.0,2.0,2,0.0,0,Medium
4.0,4.0,,8.0,1.0,58.0,30.0,3.0,-1.485,1,5.0,5.0,1.0,5.0,1.0,1.0,2.0,1.0,1.0,1.0,3,1,3,5.0,4.0,4.0,5.0,6.0,2.0,3.0,3.0,8,1.0,0,Low
4.0,4.0,1.0,4.0,0.0,46.0,66.0,4.0,0.242,3,5.0,1.0,5.0,5.0,1.0,1.0,1.0,1.0,1.0,1.0,5,2,8,2.0,2.0,2.0,2.0,5.0,1.0,4.0,3.0,2,0.0,1,High
5.0,2.0,3.0,2.0,0.0,48.0,60.0,3.0,0.242,3,5.0,2.0,1.0,4.0,1.0,1.0,1.0,1.0,1.0,1.0,4,4,8,2.0,2.0,3.0,2.0,6.0,3.0,2.0,3.0,3,0.0,1,Medium
5.0,3.0,4.0,6.0,0.0,61.0,61.0,4.0,-0.188,3,5.0,5.0,5.0,5.0,2.0,2.0,1.0,1.0,1.0,1.0,2,1,1,3.0,3.0,5.0,3.0,4.0,2.0,3.0,1.0,4,2.0,1,High
4.0,3.0,2.0,2.0,1.0,38.0,50.0,3.0,0.242,2,5.0,5.0,3.0,5.0,1.0,1.0,1.0,1.0,1.0,1.0,2,2,6,5.0,4.0,4.0,3.0,4.0,1.0,2.0,3.0,5,0.0,0,Medium
5.0,3.0,4.0,8.0,1.0,55.0,73.0,4.0,0.712,3,5.0,4.0,5.0,5.0,1.0,1.0,1.0,1.0,1.0,1.0,4,2,8,2.0,5.0,4.0,4.0,1.0,3.0,2.0,2.0,6,0.0,1,High
5.0,3.0,4.0,8.0,1.0,43.0,46.0,4.0,0.712,3,5.0,4.0,3.0,5.0,1.0,1.0,1.0,2.0,2.0,1.0,4,2,3,5.0,4.0,4.0,2.0,4.0,1.0,3.0,3.0,6,2.0,0,Medium
5.0,4.0,2.0,8.0,1.0,52.0,63.0,4.0,0.712,3,5.0,5.0,5.0,4.0,1.0,1.0,1.0,1.0,1.0,1.0,3,2,6,5.0,4.0,4.0,4.0,6.0,1.0,4.0,3.0,7,0.0,1,High
3.0,3.0,3.0,8.0,1.0,43.0,42.0,3.0,0.712,3,5.0,3.0,5.0,2.0,1.0,1.0,1.0,1.0,2.0,1.0,3,1,3,3.0,3.0,3.0,2.0,4.0,2.0,2.0,3.0,5,1.0,0,Low
5.0,4.0,2.0,8.0,0.0,56.0,68.0,4.0,-0.909,3,5.0,5.0,5.0,5.0,1.0,1.0,1.0,1.0,1.0,1.0,3,1,1,3.0,4.0,4.0,3.0,4.0,3.0,3.0,2.0,8,0.0,1,High
5.0,5.0,2.0,8.0,1.0,55.0,54.0,3.0,1.267,3,5.0,4.0,5.0,5.0,1.0,1.0,1.0,1.0,1.0,1.0,2,1,3,4.0,4.0,4.0,4.0,4.0,2.0,4.0,3.0,8,0.0,0,Medium
5.0,3.0,2.0,2.0,0.0,51.0,64.0,3.0,-0.57,2,5.0,4.0,5.0,4.0,1.0,1.0,1.0,1.0,1.0,1.0,4,3,2,4.0,2.0,4.0,1.0,5.0,2.0,3.0,3.0,1,0.0,1,High
5.0,5.0,1.0,4.0,1.0,58.0,76.0,4.0,-0.188,3,5.0,5.0,5.0,5.0,1.0,1.0,1.0,1.0,1.0,1.0,2,2,6,4.0,5.0,5.0,5.0,6.0,2.0,4.0,4.0,4,0.0,1,High
4.0,3.0,3.0,1.0,0.0,43.0,49.0,3.0,-1.215,2,2.0,3.0,3.0,3.0,1.0,1.0,1.0,1.0,1.0,1.0,3,1,3,4.0,4.0,3.0,3.0,3.0,4.0,4.0,4.0,4,0.0,0,Medium
5.0,5.0,4.0,8.0,1.0,72.0,84.0,4.0,1.267,3,5.0,4.0,5.0,5.0,1.0,1.0,1.0,2.0,3.0,1.0,3,4,4,3.0,4.0,4.0,3.0,6.0,3.0,3.0,3.0,8,2.0,1,High
3.0,3.0,1.0,8.0,0.0,42.0,74.0,3.0,-0.188,2,5.0,5.0,5.0,5.0,1.0,1.0,1.0,1.0,1.0,1.0,2,2,5,3.0,3.0,3.0,3.0,5.0,1.0,3.0,3.0,8,0.0,1,High
5.0,5.0,1.0,2.0,1.0,65.0,51.0,3.0,-0.909,1,5.0,4.0,3.0,5.0,1.0,1.0,1.0,2.0,1.0,1.0,3,4,5,4.0,5.0,4.0,4.0,6.0,1.0,2.0,4.0,3,1.0,0,Medium
5.0,4.0,4.0,1.0,1.0,49.0,66.0,4.0,0.242,3,5.0,5.0,5.0,5.0,1.0,1.0,1.0,1.0,1.0,1.0,3,2,8,5.0,5.0,5.0,4.0,5.0,1.0,3.0,4.0,7,0.0,1,High
4.0,4.0,2.0,8.0,0.0,55.0,73.0,3.0,-0.57,3,5.0,4.0,5.0,5.0,1.0,1.0,1.0,1.0,1.0,1.0,3,2,6,3.0,4.0,4.0,3.0,6.0,3.0,2.0,3.0,8,0.0,1,High
2.0,2.0,4.0,1.0,1.0,34.0,47.0,2.0,0.712,2,3.0,2.0,2.0,3.0,1.0,1.0,1.0,1.0,1.0,1.0,1,5,8,2.0,4.0,2.0,2.0,5.0,3.0,2.0,2.0,5,0.0,0,Medium
5.0,5.0,5.0,1.0,1.0,58.0,63.0,4.0,0.712,3,5.0,4.0,5.0,4.0,1.0,1.0,1.0,1.0,1.0,1.0,5,1,9,2.0,3.0,4.0,2.0,5.0,1.0,4.0,4.0,2,0.0,1,High
5.0,3.0,3.0,2.0,0.0,43.0,60.0,3.0,-1.215,2,4.0,4.0,1.0,3.0,1.0,1.0,1.0,1.0,1.0,1.0,5,1,5,5.0,4.0,4.0,4.0,3.0,1.0,3.0,3.0,3,0.0,1,Medium
4.0,4.0,2.0,8.0,1.0,52.0,67.0,3.0,1.267,3,5.0,5.0,5.0,5.0,1.0,1.0,1.0,1.0,1.0,1.0,2,3,7,2.0,4.0,4.0,3.0,5.0,2.0,3.0,3.0,8,0.0,1,High
4.0,4.0,4.0,1.0,0.0,51.0,64.0,4.0,0.242,3,5.0,4.0,5.0,4.0,1.0,1.0,1.0,1.0,1.0,1.0,4,2,7,2.0,4.0,3.0,3.0,3.0,2.0,3.0,3.0,2,0.0,1,High
5.0,4.0,3.0,3.0,1.0,51.0,66.0,3.0,1.267,3,5.0,4.0,4.0,5.0,1.0,1.0,1.0,1.0,1.0,1.0,4,2,8,5.0,4.0,4.0,4.0,6.0,1.0,3.0,3.0,6,0.0,1,High
5.0,3.0,4.0,3.0,1.0,58.0,45.0,2.0,-0.909,2,4.0,4.0,3.0,5.0,2.0,2.0,1.0,3.0,1.0,1.0,4,3,4,5.0,4.0,3.0,3.0,2.0,1.0,4.0,3.0,4,3.0,0,Medium
5.0,4.0,2.0,8.0,0.0,57.0,78.0,4.0,-0.57,2,5.0,5.0,5.0,5.0,1.0,1.0,1.0,1.0,1.0,1.0,2,2,5,4.0,3.0,4.0,4.0,5.0,2.0,3.0,3.0,8,0.0,1,High
5.0,4.0,3.0,8.0,1.0,52.0,64.0,3.0,-0.57,3,5.0,4.0,2.0,5.0,1.0,1.0,1.0,1.0,1.0,1.0,3,1,3,5.0,5.0,5.0,5.0,2.0,1.0,3.0,3.0,6,0.0,1,High
4.0,4.0,3.0,5.0,1.0,58.0,39.0,3.0,0.242,2,4.0,4.0,1.0,4.0,1.0,1.0,1.0,1.0,1.0,2.0,3,2,2,4.0,4.0,3.0,3.0,3.0,2.0,3.0,3.0,2,1.0,0,Low
5.0,3.0,3.0,8.0,1.0,47.0,56.0,3.0,0.712,2,5.0,5.0,5.0,5.0,1.0,1.0,1.0,1.0,1.0,1.0,3,5,8,4.0,4.0,4.0,4.0,4.0,2.0,3.0,3.0,5,0.0,1,Medium
4.0,3.0,4.0,1.0,1.0,42.0,37.0,3.0,-0.57,2,5.0,3.0,1.0,3.0,1.0,1.0,1.0,1.0,1.0,1.0,3,1,3,4.0,2.0,4.0,2.0,6.0,1.0,3.0,3.0,3,0.0,0,Low
5.0,4.0,3.0,2.0,1.0,52.0,71.0,3.0,0.242,3,5.0,4.0,4.0,4.0,1.0,1.0,1.0,1.0,1.0,1.0,4,4,9,4.0,4.0,3.0,3.0,4.0,2.0,3.0,3.0,3,0.0,1,High
5.0,4.0,5.0,1.0,1.0,58.0,59.0,4.0,1.267,3,5.0,5.0,5.0,5.0,1.0,1.0,1.0,1.0,1.0,1.0,3,3,7,4.0,4.0,4.0,3.0,6.0,2.0,3.0,3.0,3,0.0,1,Medium
5.0,3.0,3.0,8.0,1.0,43.0,62.0,3.0,-0.188,3,5.0,5.0,5.0,5.0,1.0,1.0,1.0,1.0,1.0,1.0,2,2,3,4.0,4.0,4.0,3.0,5.0,1.0,3.0,3.0,8,0.0,1,High
5.0,4.0,3.0,8.0,0.0,51.0,63.0,4.0,0.712,3,5.0,5.0,5.0,5.0,1.0,1.0,1.0,1.0,1.0,1.0,3,2,2,5.0,3.0,4.0,3.0,5.0,3.0,2.0,3.0,8,0.0,1,High
5.0,4.0,2.0,2.0,1.0,50.0,70.0,3.0,-0.57,3,5.0,4.0,3.0,5.0,1.0,1.0,1.0,1.0,1.0,1.0,2,1,5,3.0,4.0,4.0,3.0,5.0,1.0,3.0,3.0,4,0.0,1,High
5.0,4.0,2.0,8.0,0.0,46.0,58.0,3.0,0.712,3,5.0,4.0,2.0,4.0,1.0,1.0,1.0,1.0,1.0,1.0,4,2,8,4.0,4.0,4.0,4.0,5.0,1.0,3.0,3.0,6,0.0,1,Medium
4.0,3.0,1.0,2.0,1.0,40.0,67.0,2.0,-0.909,1,5.0,3.0,2.0,5.0,1.0,1.0,1.0,1.0,1.0,1.0,4,5,9,3.0,4.0,3.0,3.0,3.0,1.0,3.0,3.0,5,0.0,1,High
5.0,5.0,1.0,2.0,1.0,82.0,66.0,4.0,-0.188,2,5.0,5.0,5.0,5.0,1.0,1.0,1.0,1.0,1.0,1.0,3,3,2,4.0,4.0,4.0,4.0,6.0,1.0,3.0,3.0,4,0.0,1,High
5.0,3.0,3.0,8.0,1.0,42.0,58.0,3.0,0.242,3,5.0,5.0,3.0,5.0,1.0,1.0,1.0,1.0,1.0,1.0,3,2,8,2.0,3.0,2.0,3.0,1.0,2.0,3.0,3.0,7,0.0,1,Medium
4.0,3.0,1.0,8.0,1.0,37.0,57.0,3.0,0.712,3,5.0,3.0,4.0,4.0,1.0,1.0,1.0,1.0,1.0,1.0,3,2,6,3.0,3.0,3.0,3.0,5.0,2.0,3.0,3.0,7,0.0,1,Medium
5.0,2.0,3.0,7.0,1.0,30.0,50.0,4.0,-0.909,2,1.0,1.0,1.0,1.0,3.0,3.0,1.0,2.0,3.0,2.0,3,1,3,4.0,3.0,2.0,1.0,2.0,2.0,2.0,2.0,1,5.0,0,Medium
5.0,4.0,2.0,2.0,1.0,58.0,61.0,4.0,0.242,3,5.0,4.0,5.0,3.0,1.0,1.0,1.0,1.0,1.0,1.0,5,3,7,3.0,4.0,4.0,4.0,4.0,2.0,3.0,3.0,2,0.0,1,High
5.0,4.0,3.0,8.0,1.0,48.0,59.0,4.0,0.712,3,5.0,4.0,3.0,4.0,1.0,2.0,2.0,1.0,1.0,1.0,5,2,2,2.0,2.0,4.0,4.0,4.0,2.0,3.0,3.0,7,2.0,1,Medium
5.0,5.0,5.0,5.0,0.0,68.0,51.0,3.0,-0.188,3,5.0,4.0,5.0,5.0,1.0,1.0,1.0,1.0,1.0,1.0,4,4,7,4.0,4.0,4.0,4.0,6.0,2.0,3.0,4.0,1,0.0,0,Medium
4.0,2.0,4.0,1.0,0.0,32.0,46.0,2.0,0.242,3,5.0,3.0,5.0,4.0,1.0,1.0,1.0,1.0,1.0,1.0,4,1,2,2.0,3.0,2.0,2.0,4.0,2.0,2.0,2.0,5,0.0,0,Medium
4.0,3.0,2.0,,0.0,43.0,52.0,3.0,-0.188,3,4.0,3.0,1.0,2.0,1.0,1.0,1.0,1.0,1.0,1.0,3,2,4,2.0,3.0,3.0,2.0,3.0,2.0,2.0,3.0,3,0.0,0,Medium
5.0,4.0,1.0,8.0,0.0,57.0,62.0,3.0,0.712,3,5.0,3.0,5.0,4.0,1.0,1.0,1.0,1.0,1.0,1.0,3,1,5,2.0,3.0,4.0,2.0,5.0,1.0,4.0,3.0,7,0.0,1,High
5.0,4.0,2.0,4.0,0.0,52.0,68.0,3.0,-0.57,1,5.0,5.0,5.0,5.0,1.0,1.0,1.0,1.0,1.0,1.0,2,2,3,3.0,3.0,3.0,3.0,5.0,1.0,3.0,3.0,8,0.0,1,High
5.0,5.0,2.0,8.0,1.0,73.0,62.0,4.0,1.267,3,5.0,5.0,5.0,4.0,1.0,1.0,1.0,1.0,1.0,1.0,5,2,8,5.0,5.0,5.0,4.0,6.0,1.0,3.0,3.0,8,0.0,1,High
5.0,1.0,2.0,8.0,0.0,30.0,34.0,1.0,0.242,3,5.0,5.0,4.0,5.0,1.0,1.0,1.0,1.0,1.0,1.0,3,2,2,5.0,2.0,2.0,2.0,2.0,3.0,1.0,2.0,8,0.0,0,Low
5.0,5.0,3.0,8.0,1.0,85.0,87.0,4.0,-0.57,3,5.0,5.0,5.0,5.0,1.0,1.0,1.0,1.0,1.0,1.0,3,4,3,5.0,5.0,5.0,5.0,6.0,1.0,4.0,4.0,8,0.0,1,High
5.0,4.0,4.0,3.0,1.0,52.0,43.0,3.0,0.242,2,5.0,4.0,5.0,5.0,1.0,1.0,1.0,1.0,1.0,1.0,4,3,3,2.0,3.0,2.0,2.0,2.0,2.0,3.0,3.0,2,0.0,0,Low
4.0,4.0,3.0,1.0,1.0,54.0,64.0,3.0,0.242,2,5.0,4.0,1.0,5.0,1.0,1.0,1.0,1.0,1.0,1.0,2,5,1,5.0,4.0,3.0,3.0,3.0,2.0,3.0,3.0,2,0.0,1,High
4.0,3.0,4.0,8.0,1.0,35.0,41.0,2.0,0.712,2,5.0,2.0,5.0,5.0,2.0,1.0,1.0,1.0,2.0,1.0,2,1,3,3.0,4.0,4.0,2.0,2.0,2.0,2.0,1.0,8,2.0,0,Low
5.0,4.0,4.0,1.0,1.0,60.0,62.0,3.0,0.242,3,5.0,5.0,5.0,4.0,1.0,1.0,1.0,1.0,1.0,1.0,3,3,8,4.0,4.0,5.0,4.0,6.0,1.0,3.0,3.0,2,0.0,1,High
5.0,4.0,4.0,2.0,1.0,47.0,72.0,3.0,0.242,2,4.0,4.0,3.0,4.0,1.0,1.0,1.0,1.0,1.0,1.0,2,1,6,4.0,4.0,4.0,4.0,5.0,3.0,2.0,3.0,2,0.0,1,High
5.0,3.0,2.0,7.0,1.0,45.0,35.0,3.0,0.242,3,5.0,2.0,1.0,4.0,1.0,1.0,3.0,1.0,1.0,1.0,4,3,6,2.0,2.0,3.0,2.0,2.0,2.0,3.0,4.0,3,1.0,0,Low
3.0,3.0,3.0,2.0,1.0,50.0,57.0,3.0,0.242,3,5.0,5.0,5.0,5.0,1.0,1.0,1.0,1.0,1.0,1.0,4,2,7,2.0,3.0,4.0,3.0,6.0,2.0,3.0,4.0,1,0.0,1,Medium
5.0,4.0,2.0,8.0,0.0,58.0,73.0,4.0,0.712,3,5.0,4.0,5.0,5.0,1.0,1.0,1.0,1.0,1.0,1.0,3,2,9,3.0,4.0,4.0,4.0,6.0,1.0,4.0,4.0,8,0.0,1,High
5.0,3.0,4.0,2.0,1.0,40.0,45.0,3.0,-0.57,2,5.0,4.0,1.0,3.0,1.0,1.0,1.0,1.0,1.0,1.0,2,3,7,4.0,4.0,4.0,4.0,2.0,2.0,3.0,3.0,5,0.0,0,Medium
4.0,3.0,4.0,7.0,1.0,53.0,42.0,3.0,0.242,3,5.0,4.0,3.0,4.0,2.0,2.0,2.0,2.0,2.0,1.0,4,2,1,4.0,4.0,4.0,2.0,3.0,1.0,3.0,3.0,1,5.0,0,Low
3.0,3.0,5.0,6.0,0.0,40.0,36.0,3.0,-0.57,1,5.0,3.0,1.0,1.0,2.0,1.0,1.0,1.0,1.0,1.0,1,1,1,4.0,4.0,4.0,3.0,2.0,2.0,3.0,3.0,3,1.0,0,Low
4.0,3.0,,,,42.0,40.0,3.0,-0.909,2,4.0,3.0,1.0,3.0,,,,,,,3,5,4,3.0,3.0,3.0,3.0,4.0,,,,2,,0,Low
5.0,5.0,4.0,2.0,1.0,58.0,68.0,3.0,0.712,3,5.0,3.0,5.0,5.0,1.0,1.0,1.0,1.0,1.0,1.0,5,2,9,4.0,4.0,4.0,3.0,5.0,2.0,3.0,3.0,5,0.0,1,High
4.0,3.0,3.0,8.0,1.0,42.0,50.0,4.0,-0.57,3,5.0,3.0,3.0,5.0,1.0,2.0,1.0,1.0,2.0,1.0,3,2,2,3.0,3.0,3.0,3.0,5.0,3.0,4.0,3.0,8,2.0,0,Medium
5.0,2.0,4.0,2.0,1.0,39.0,43.0,2.0,0.712,3,5.0,3.0,2.0,5.0,2.0,1.0,2.0,1.0,1.0,1.0,3,2,5,4.0,4.0,3.0,2.0,4.0,2.0,3.0,3.0,4,2.0,0,Low
4.0,1.0,4.0,2.0,1.0,42.0,51.0,3.0,0.712,3,5.0,4.0,5.0,5.0,1.0,1.0,1.0,1.0,1.0,1.0,4,2,6,3.0,3.0,4.0,4.0,5.0,1.0,3.0,3.0,3,0.0,0,Medium
5.0,4.0,2.0,2.0,1.0,51.0,64.0,3.0,0.712,3,5.0,2.0,5.0,5.0,1.0,1.0,1.0,1.0,1.0,1.0,3,5,9,2.0,5.0,5.0,5.0,5.0,1.0,4.0,4.0,4,0.0,1,High
4.0,3.0,5.0,8.0,0.0,61.0,88.0,3.0,-0.188,3,5.0,4.0,5.0,3.0,1.0,1.0,1.0,1.0,1.0,1.0,4,2,8,1.0,1.0,1.0,1.0,5.0,2.0,3.0,4.0,6,0.0,1,High
5.0,5.0,2.0,5.0,0.0,82.0,52.0,4.0,0.712,3,5.0,5.0,5.0,5.0,1.0,1.0,1.0,1.0,1.0,1.0,4,3,8,5.0,5.0,5.0,5.0,5.0,4.0,4.0,4.0,2,0.0,0,Medium
5.0,5.0,3.0,4.0,1.0,64.0,72.0,4.0,-0.188,1,5.0,5.0,5.0,5.0,1.0,1.0,1.0,1.0,1.0,1.0,3,5,8,5.0,4.0,4.0,4.0,6.0,2.0,3.0,3.0,5,0.0,1,High
5.0,5.0,1.0,2.0,1.0,49.0,48.0,4.0,-0.188,3,5.0,5.0,5.0,5.0,1.0,1.0,1.0,1.0,1.0,1.0,5,4,9,3.0,3.0,3.0,3.0,6.0,1.0,4.0,4.0,2,0.0,0,Medium
4.0,3.0,4.0,2.0,0.0,50.0,50.0,3.0,-0.57,2,3.0,2.0,2.0,3.0,1.0,1.0,1.0,1.0,1.0,1.0,3,5,8,3.0,3.0,2.0,2.0,3.0,2.0,3.0,3.0,4,0.0,0,Medium
5.0,4.0,3.0,8.0,1.0,55.0,63.0,4.0,1.267,3,5.0,5.0,5.0,5.0,1.0,1.0,1.0,1.0,1.0,1.0,5,2,7,4.0,4.0,4.0,4.0,5.0,2.0,3.0,3.0,7,0.0,1,High
5.0,5.0,4.0,2.0,1.0,45.0,58.0,3.0,-0.909,2,5.0,5.0,5.0,4.0,1.0,1.0,1.0,1.0,1.0,1.0,4,4,3,4.0,4.0,4.0,3.0,5.0,2.0,3.0,3.0,1,0.0,1,Medium
5.0,5.0,3.0,3.0,1.0,65.0,69.0,4.0,0.712,3,5.0,5.0,4.0,5.0,1.0,1.0,1.0,1.0,1.0,1.0,2,2,2,4.0,3.0,4.0,3.0,5.0,1.0,4.0,4.0,2,0.0,1,High
5.0,4.0,4.0,2.0,1.0,55.0,73.0,4.0,0.712,3,5.0,4.0,5.0,5.0,1.0,1.0,1.0,1.0,1.0,1.0,4,1,6,4.0,4.0,4.0,4.0,6.0,1.0,3.0,4.0,3,0.0,1,High
3.0,3.0,3.0,2.0,1.0,42.0,49.0,3.0,-1.485,1,3.0,3.0,3.0,3.0,1.0,1.0,1.0,1.0,1.0,1.0,1,3,1,3.0,3.0,3.0,3.0,4.0,3.0,4.0,4.0,3,0.0,0,Medium
5.0,5.0,1.0,2.0,1.0,85.0,66.0,4.0,0.242,3,5.0,5.0,5.0,5.0,1.0,1.0,1.0,1.0,1.0,1.0,4,3,8,5.0,5.0,5.0,5.0,6.0,1.0,4.0,4.0,3,0.0,1,High
4.0,4.0,3.0,8.0,1.0,44.0,66.0,3.0,0.712,3,5.0,4.0,5.0,5.0,1.0,1.0,1.0,1.0,1.0,1.0,3,1,5,4.0,4.0,4.0,4.0,5.0,1.0,3.0,3.0,7,0.0,1,High
3.0,4.0,5.0,3.0,,79.0,45.0,4.0,-0.57,1,3.0,5.0,2.0,5.0,1.0,1.0,1.0,1.0,1.0,1.0,1,2,1,5.0,5.0,5.0,5.0,6.0,1.0,4.0,4.0,3,0.0,0,Medium
5.0,4.0,2.0,2.0,1.0,45.0,55.0,3.0,-0.188,3,5.0,3.0,2.0,5.0,1.0,1.0,1.0,1.0,1.0,1.0,5,2,8,4.0,4.0,4.0,4.0,5.0,2.0,3.0,3.0,3,0.0,1,Medium
4.0,3.0,4.0,2.0,0.0,40.0,51.0,3.0,0.242,3,5.0,3.0,5.0,4.0,1.0,1.0,1.0,1.0,1.0,1.0,3,1,6,3.0,3.0,4.0,2.0,3.0,2.0,3.0,2.0,4,0.0,0,Medium
3.0,3.0,5.0,3.0,0.0,42.0,64.0,3.0,-1.9,2,3.0,3.0,3.0,3.0,2.0,1.0,1.0,1.0,1.0,1.0,2,4,1,2.0,3.0,4.0,4.0,4.0,2.0,2.0,3.0,3,1.0,1,High
3.0,3.0,3.0,3.0,1.0,49.0,51.0,4.0,-0.57,2,5.0,5.0,5.0,3.0,1.0,1.0,1.0,1.0,1.0,1.0,3,1,3,4.0,4.0,4.0,4.0,5.0,1.0,3.0,3.0,8,0.0,0,Medium
5.0,4.0,4.0,2.0,0.0,54.0,56.0,3.0,0.712,3,5.0,4.0,5.0,3.0,1.0,1.0,1.0,2.0,1.0,1.0,4,3,6,3.0,4.0,3.0,3.0,6.0,2.0,2.0,3.0,2,1.0,1,Medium
5.0,5.0,1.0,8.0,0.0,85.0,95.0,4.0,0.712,3,5.0,5.0,5.0,5.0,1.0,1.0,1.0,1.0,1.0,1.0,3,2,7,5.0,5.0,5.0,5.0,6.0,1.0,4.0,4.0,7,0.0,1,High
5.0,4.0,3.0,8.0,0.0,45.0,45.0,3.0,-1.215,3,5.0,4.0,3.0,5.0,1.0,1.0,1.0,2.0,2.0,1.0,2,1,1,4.0,4.0,3.0,4.0,5.0,1.0,3.0,3.0,6,2.0,0,Medium
5.0,4.0,4.0,6.0,0.0,50.0,55.0,3.0,0.712,2,5.0,4.0,4.0,5.0,1.0,1.0,1.0,1.0,1.0,1.0,2,3,5,4.0,3.0,3.0,2.0,5.0,2.0,3.0,3.0,5,0.0,1,Medium
5.0,3.0,3.0,8.0,0.0,40.0,37.0,3.0,-0.57,2,4.0,3.0,3.0,5.0,1.0,1.0,1.0,1.0,1.0,1.0,2,1,1,4.0,4.0,4.0,4.0,2.0,2.0,3.0,3.0,6,0.0,0,Low
3.0,3.0,3.0,6.0,0.0,36.0,40.0,2.0,0.242,3,3.0,2.0,2.0,4.0,2.0,2.0,2.0,1.0,1.0,2.0,2,2,6,4.0,3.0,3.0,3.0,3.0,3.0,2.0,2.0,6,4.0,0,Low
4.0,4.0,2.0,2.0,1.0,55.0,65.0,3.0,1.267,3,5.0,4.0,5.0,4.0,1.0,1.0,1.0,1.0,1.0,1.0,5,2,9,4.0,4.0,4.0,3.0,5.0,1.0,2.0,3.0,4,0.0,1,High
4.0,4.0,4.0,5.0,1.0,58.0,49.0,3.0,-1.215,3,5.0,4.0,4.0,4.0,1.0,1.0,1.0,1.0,1.0,1.0,3,4,3,4.0,5.0,4.0,4.0,6.0,3.0,3.0,4.0,1,0.0,0,Medium
4.0,4.0,3.0,8.0,1.0,49.0,53.0,3.0,0.242,2,5.0,4.0,3.0,5.0,1.0,1.0,1.0,1.0,1.0,1.0,3,3,6,3.0,4.0,4.0,2.0,4.0,1.0,4.0,4.0,6,0.0,0,Medium
5.0,4.0,2.0,2.0,1.0,55.0,61.0,4.0,-0.57,3,5.0,4.0,5.0,3.0,2.0,1.0,1.0,1.0,1.0,1.0,3,1,2,5.0,4.0,5.0,5.0,6.0,2.0,3.0,3.0,1,1.0,1,High
5.0,4.0,4.0,2.0,1.0,39.0,64.0,3.0,1.267,3,4.0,3.0,3.0,5.0,1.0,1.0,1.0,1.0,1.0,1.0,3,2,8,2.0,2.0,4.0,4.0,6.0,3.0,2.0,4.0,5,0.0,1,High
4.0,3.0,2.0,3.0,0.0,46.0,59.0,3.0,-0.188,2,5.0,1.0,5.0,3.0,1.0,1.0,1.0,1.0,1.0,1.0,3,5,1,3.0,3.0,3.0,2.0,6.0,1.0,4.0,4.0,3,0.0,1,Medium
5.0,4.0,4.0,2.0,0.0,49.0,62.0,4.0,0.712,3,5.0,5.0,5.0,5.0,1.0,1.0,1.0,1.0,1.0,1.0,4,4,8,2.0,3.0,4.0,1.0,5.0,2.0,3.0,3.0,2,0.0,1,High
3.0,3.0,4.0,3.0,0.0,47.0,54.0,3.0,0.712,3,4.0,3.0,3.0,4.0,1.0,1.0,1.0,1.0,1.0,1.0,3,5,7,2.0,4.0,2.0,2.0,4.0,1.0,2.0,2.0,2,0.0,0,Medium
3.0,3.0,3.0,2.0,1.0,42.0,47.0,3.0,-0.909,2,4.0,4.0,3.0,4.0,1.0,1.0,1.0,1.0,1.0,1.0,4,2,7,3.0,4.0,4.0,3.0,5.0,1.0,4.0,4.0,2,0.0,0,Medium
5.0,3.0,2.0,8.0,0.0,46.0,74.0,3.0,0.712,3,5.0,4.0,5.0,5.0,1.0,1.0,1.0,1.0,1.0,1.0,3,2,2,2.0,3.0,2.0,2.0,4.0,3.0,3.0,3.0,8,0.0,1,High
5.0,4.0,3.0,1.0,0.0,70.0,64.0,4.0,0.242,3,4.0,3.0,2.0,4.0,1.0,1.0,1.0,1.0,1.0,1.0,5,2,8,1.0,1.0,2.0,4.0,5.0,2.0,3.0,4.0,8,0.0,1,High
4.0,4.0,3.0,8.0,0.0,58.0,78.0,4.0,1.267,3,5.0,4.0,5.0,5.0,1.0,1.0,1.0,1.0,1.0,1.0,4,2,3,2.0,2.0,2.0,2.0,6.0,1.0,3.0,3.0,8,0.0,1,High
3.0,2.0,4.0,3.0,0.0,42.0,49.0,3.0,-0.909,3,3.0,2.0,2.0,3.0,2.0,2.0,1.0,1.0,2.0,1.0,2,2,8,3.0,3.0,3.0,3.0,3.0,2.0,2.0,3.0,4,3.0,0,Medium
3.0,3.0,3.0,8.0,0.0,38.0,49.0,3.0,0.242,3,5.0,4.0,1.0,3.0,1.0,1.0,1.0,2.0,1.0,1.0,2,1,1,4.0,4.0,3.0,3.0,4.0,2.0,3.0,3.0,5,1.0,0,Medium
5.0,4.0,4.0,2.0,1.0,52.0,54.0,4.0,-0.57,0,5.0,4.0,4.0,3.0,1.0,1.0,1.0,1.0,1.0,1.0,5,3,9,5.0,4.0,4.0,3.0,6.0,2.0,2.0,4.0,2,0.0,0,Medium
5.0,5.0,2.0,3.0,1.0,85.0,78.0,4.0,-0.57,1,5.0,5.0,5.0,5.0,1.0,1.0,1.0,1.0,1.0,1.0,4,1,4,5.0,5.0,5.0,5.0,6.0,1.0,4.0,4.0,2,0.0,1,High
5.0,4.0,2.0,2.0,1.0,55.0,64.0,4.0,-0.188,3,5.0,5.0,5.0,5.0,1.0,1.0,1.0,1.0,1.0,1.0,5,2,8,4.0,4.0,4.0,4.0,6.0,2.0,3.0,3.0,2,0.0,1,High
4.0,4.0,3.0,2.0,1.0,54.0,51.0,3.0,0.712,3,4.0,4.0,1.0,4.0,1.0,1.0,1.0,1.0,1.0,1.0,5,2,2,4.0,4.0,4.0,3.0,2.0,2.0,3.0,3.0,6,0.0,0,Medium
4.0,4.0,3.0,2.0,1.0,79.0,53.0,4.0,-1.713,2,5.0,3.0,5.0,5.0,1.0,1.0,1.0,1.0,1.0,1.0,2,2,1,4.0,4.0,4.0,4.0,6.0,4.0,4.0,4.0,2,0.0,0,Medium
3.0,2.0,3.0,8.0,0.0,34.0,49.0,2.0,-0.909,1,3.0,2.0,1.0,4.0,2.0,2.0,1.0,1.0,1.0,1.0,1,1,1,3.0,3.0,3.0,2.0,2.0,2.0,2.0,2.0,7,2.0,0,Medium
4.0,4.0,2.0,8.0,0.0,54.0,54.0,3.0,-0.57,1,5.0,5.0,5.0,5.0,1.0,1.0,1.0,1.0,1.0,1.0,2,1,6,2.0,2.0,2.0,3.0,4.0,1.0,3.0,3.0,8,0.0,0,Medium
4.0,3.0,5.0,2.0,1.0,54.0,28.0,2.0,0.712,3,5.0,4.0,2.0,5.0,2.0,2.0,1.0,2.0,1.0,1.0,5,4,7,5.0,4.0,4.0,3.0,5.0,2.0,3.0,3.0,4,3.0,0,Low
5.0,4.0,3.0,4.0,1.0,53.0,75.0,3.0,-0.909,2,5.0,5.0,1.0,5.0,1.0,1.0,1.0,1.0,1.0,1.0,4,3,3,5.0,5.0,5.0,3.0,6.0,2.0,3.0,4.0,2,0.0,1,High
4.0,4.0,3.0,2.0,0.0,54.0,59.0,3.0,-0.57,3,4.0,4.0,3.0,4.0,1.0,1.0,1.0,1.0,1.0,1.0,4,2,8,3.0,4.0,4.0,3.0,4.0,2.0,3.0,4.0,3,0.0,1,Medium
4.0,4.0,4.0,8.0,0.0,63.0,81.0,4.0,1.267,3,5.0,5.0,5.0,5.0,1.0,1.0,1.0,1.0,1.0,1.0,4,1,9,3.0,3.0,4.0,4.0,6.0,1.0,4.0,4.0,7,0.0,1,High
4.0,4.0,4.0,8.0,1.0,51.0,56.0,4.0,-0.188,3,5.0,4.0,5.0,5.0,1.0,1.0,1.0,1.0,1.0,1.0,4,2,6,4.0,4.0,4.0,4.0,5.0,3.0,3.0,4.0,6,0.0,1,Medium
5.0,5.0,2.0,2.0,1.0,60.0,60.0,4.0,-0.188,3,5.0,5.0,5.0,5.0,1.0,1.0,1.0,1.0,1.0,1.0,4,1,6,5.0,5.0,5.0,5.0,6.0,2.0,4.0,4.0,1,0.0,1,Medium
5.0,4.0,2.0,8.0,0.0,50.0,59.0,3.0,-0.57,2,5.0,5.0,5.0,5.0,1.0,1.0,1.0,1.0,1.0,1.0,1,1,1,4.0,4.0,3.0,4.0,5.0,3.0,3.0,3.0,8,0.0,1,Medium
4.0,4.0,3.0,8.0,1.0,52.0,48.0,3.0,-1.215,3,5.0,4.0,4.0,5.0,1.0,1.0,1.0,1.0,1.0,1.0,3,1,4,4.0,4.0,4.0,4.0,5.0,2.0,3.0,3.0,7,0.0,0,Medium
4.0,4.0,2.0,,,45.0,52.0,3.0,0.712,3,4.0,4.0,3.0,3.0,1.0,1.0,1.0,1.0,1.0,1.0,3,5,6,4.0,4.0,4.0,4.0,4.0,2.0,3.0,3.0,3,0.0,0,Medium
5.0,4.0,2.0,2.0,1.0,60.0,52.0,4.0,-0.188,3,5.0,4.0,4.0,5.0,1.0,1.0,1.0,1.0,1.0,1.0,2,2,6,4.0,5.0,5.0,4.0,6.0,2.0,3.0,3.0,3,0.0,0,Medium
5.0,4.0,3.0,8.0,1.0,50.0,66.0,3.0,1.267,3,5.0,4.0,5.0,5.0,1.0,1.0,1.0,1.0,1.0,1.0,4,2,8,4.0,4.0,4.0,3.0,5.0,2.0,3.0,4.0,8,0.0,1,High
5.0,4.0,2.0,8.0,1.0,52.0,72.0,3.0,0.712,3,5.0,4.0,5.0,4.0,1.0,1.0,1.0,1.0,1.0,1.0,3,2,6,4.0,3.0,4.0,3.0,5.0,2.0,3.0,3.0,6,0.0,1,High
5.0,5.0,2.0,8.0,0.0,66.0,85.0,4.0,-0.57,2,5.0,5.0,5.0,5.0,1.0,1.0,1.0,1.0,1.0,1.0,3,2,5,3.0,3.0,3.0,3.0,6.0,1.0,4.0,4.0,8,0.0,1,High
5.0,4.0,2.0,4.0,1.0,51.0,53.0,4.0,0.712,3,5.0,3.0,5.0,4.0,1.0,1.0,1.0,1.0,1.0,1.0,3,5,6,5.0,4.0,4.0,4.0,6.0,2.0,3.0,3.0,3,0.0,0,Medium
5.0,5.0,2.0,8.0,0.0,78.0,76.0,4.0,-0.188,3,5.0,5.0,5.0,5.0,1.0,1.0,1.0,1.0,1.0,1.0,5,5,9,4.0,4.0,4.0,4.0,5.0,1.0,3.0,4.0,6,0.0,1,High
4.0,4.0,2.0,4.0,1.0,48.0,70.0,4.0,-0.909,2,5.0,4.0,2.0,4.0,1.0,1.0,1.0,1.0,1.0,1.0,3,4,3,4.0,4.0,4.0,4.0,3.0,4.0,2.0,2.0,3,0.0,1,High
3.0,3.0,5.0,6.0,1.0,43.0,34.0,3.0,-1.485,2,5.0,4.0,2.0,5.0,2.0,2.0,1.0,1.0,1.0,1.0,2,1,1,4.0,4.0,4.0,4.0,1.0,4.0,2.0,2.0,4,2.0,0,Low
4.0,3.0,3.0,8.0,0.0,43.0,54.0,3.0,-0.57,2,4.0,4.0,5.0,4.0,1.0,2.0,1.0,1.0,1.0,1.0,2,1,1,3.0,3.0,3.0,3.0,4.0,3.0,3.0,2.0,7,1.0,0,Medium
5.0,5.0,2.0,2.0,1.0,79.0,75.0,4.0,0.712,3,5.0,5.0,5.0,5.0,1.0,1.0,1.0,1.0,1.0,1.0,4,1,5,3.0,3.0,5.0,3.0,6.0,2.0,2.0,4.0,4,0.0,1,High
5.0,3.0,3.0,4.0,1.0,56.0,33.0,2.0,0.242,3,4.0,4.0,1.0,4.0,1.0,1.0,1.0,3.0,1.0,1.0,2,3,4,5.0,4.0,3.0,4.0,3.0,1.0,3.0,3.0,4,1.0,0,Low
4.0,4.0,4.0,2.0,0.0,49.0,68.0,3.0,0.712,3,5.0,3.0,5.0,4.0,1.0,1.0,1.0,1.0,1.0,1.0,2,3,8,2.0,3.0,3.0,2.0,5.0,2.0,2.0,3.0,5,0.0,1,High
4.0,3.0,2.0,2.0,1.0,48.0,57.0,4.0,0.712,3,5.0,4.0,5.0,4.0,1.0,1.0,1.0,1.0,1.0,1.0,4,2,8,4.0,4.0,4.0,4.0,5.0,2.0,3.0,3.0,2,0.0,1,Medium
5.0,4.0,3.0,8.0,0.0,61.0,78.0,3.0,0.712,3,5.0,5.0,5.0,5.0,1.0,1.0,1.0,1.0,1.0,1.0,2,2,8,3.0,3.0,3.0,3.0,5.0,1.0,3.0,1.0,8,0.0,1,High
5.0,3.0,5.0,2.0,1.0,38.0,30.0,3.0,0.242,3,5.0,3.0,1.0,5.0,1.0,1.0,1.0,1.0,2.0,1.0,3,3,7,4.0,4.0,2.0,3.0,3.0,1.0,3.0,3.0,4,1.0,0,Low
3.0,2.0,4.0,,0.0,53.0,43.0,2.0,0.242,2,4.0,3.0,2.0,4.0,2.0,1.0,1.0,1.0,1.0,1.0,3,2,6,2.0,4.0,3.0,3.0,3.0,3.0,2.0,2.0,5,1.0,0,Low
4.0,5.0,4.0,7.0,0.0,60.0,38.0,4.0,-1.485,2,4.0,3.0,4.0,5.0,1.0,2.0,2.0,3.0,2.0,3.0,1,5,1,5.0,3.0,4.0,4.0,6.0,3.0,4.0,4.0,2,5.0,0,Low
5.0,3.0,4.0,2.0,0.0,58.0,40.0,2.0,0.242,3,5.0,1.0,1.0,4.0,1.0,1.0,1.0,1.0,1.0,1.0,4,4,8,4.0,4.0,4.0,4.0,2.0,1.0,2.0,3.0,3,0.0,0,Low
3.0,3.0,3.0,2.0,1.0,44.0,58.0,4.0,-1.485,2,3.0,3.0,1.0,3.0,2.0,2.0,1.0,1.0,1.0,2.0,1,2,1,4.0,4.0,4.0,4.0,2.0,1.0,3.0,3.0,4,3.0,1,Medium
5.0,3.0,4.0,3.0,1.0,47.0,51.0,3.0,0.242,3,5.0,4.0,5.0,5.0,1.0,1.0,1.0,1.0,1.0,1.0,3,4,5,3.0,5.0,3.0,2.0,5.0,2.0,3.0,3.0,2,0.0,0,Medium
5.0,3.0,3.0,8.0,1.0,39.0,60.0,3.0,1.267,3,5.0,4.0,5.0,5.0,1.0,1.0,1.0,1.0,1.0,1.0,4,4,9,2.0,4.0,3.0,2.0,6.0,2.0,3.0,3.0,5,0.0,1,Medium
4.0,3.0,3.0,2.0,1.0,52.0,51.0,3.0,-0.188,1,5.0,4.0,2.0,5.0,1.0,1.0,1.0,1.0,1.0,1.0,3,1,6,4.0,2.0,4.0,4.0,5.0,3.0,2.0,4.0,4,0.0,0,Medium
3.0,3.0,3.0,2.0,0.0,41.0,47.0,3.0,-0.188,3,4.0,3.0,2.0,4.0,1.0,1.0,1.0,1.0,1.0,1.0,2,4,6,3.0,4.0,3.0,3.0,2.0,1.0,3.0,2.0,2,0.0,0,Medium
4.0,5.0,1.0,8.0,,54.0,51.0,4.0,-0.188,2,5.0,5.0,5.0,5.0,1.0,1.0,1.0,1.0,1.0,1.0,1,1,1,4.0,4.0,4.0,4.0,4.0,2.0,3.0,4.0,8,0.0,0,Medium
4.0,3.0,3.0,5.0,0.0,44.0,58.0,3.0,0.242,3,5.0,3.0,5.0,5.0,1.0,1.0,1.0,1.0,1.0,1.0,3,1,4,2.0,2.0,3.0,2.0,4.0,1.0,3.0,2.0,2,0.0,1,Medium
4.0,2.0,4.0,2.0,0.0,38.0,46.0,2.0,0.242,3,4.0,3.0,2.0,4.0,2.0,1.0,2.0,1.0,2.0,1.0,4,2,7,2.0,2.0,2.0,1.0,5.0,2.0,3.0,3.0,5,3.0,0,Medium
4.0,2.0,5.0,2.0,1.0,34.0,41.0,2.0,-0.909,3,4.0,3.0,1.0,3.0,1.0,1.0,1.0,2.0,2.0,1.0,4,5,4,4.0,3.0,4.0,2.0,1.0,2.0,2.0,2.0,2,2.0,0,Low
5.0,4.0,4.0,2.0,0.0,61.0,56.0,3.0,0.242,3,5.0,5.0,1.0,5.0,1.0,1.0,1.0,1.0,1.0,1.0,3,3,7,5.0,5.0,2.0,2.0,5.0,2.0,3.0,4.0,2,0.0,1,Medium
5.0,5.0,3.0,2.0,1.0,63.0,59.0,4.0,-0.57,3,5.0,5.0,4.0,5.0,1.0,1.0,1.0,1.0,1.0,1.0,4,3,9,5.0,5.0,5.0,5.0,6.0,1.0,4.0,4.0,2,0.0,1,Medium
4.0,3.0,4.0,2.0,1.0,41.0,53.0,4.0,-0.57,3,4.0,2.0,3.0,1.0,3.0,3.0,2.0,2.0,2.0,2.0,3,5,9,4.0,3.0,2.0,1.0,3.0,2.0,3.0,4.0,2,6.0,0,Medium
5.0,5.0,3.0,2.0,0.0,75.0,80.0,4.0,1.267,3,5.0,1.0,5.0,4.0,1.0,1.0,1.0,1.0,1.0,1.0,4,2,8,1.0,4.0,3.0,2.0,6.0,1.0,4.0,4.0,2,0.0,1,High
3.0,3.0,2.0,2.0,1.0,34.0,49.0,3.0,-1.485,1,3.0,3.0,3.0,3.0,2.0,3.0,2.0,1.0,3.0,2.0,4,3,9,3.0,3.0,3.0,3.0,4.0,1.0,1.0,1.0,2,5.0,0,Medium
4.0,4.0,2.0,2.0,1.0,57.0,58.0,4.0,0.242,3,5.0,4.0,5.0,5.0,1.0,1.0,1.0,1.0,1.0,1.0,4,3,8,3.0,3.0,4.0,2.0,4.0,2.0,3.0,3.0,2,0.0,1,Medium
3.0,4.0,3.0,8.0,0.0,47.0,33.0,2.0,-0.57,3,5.0,5.0,1.0,5.0,3.0,2.0,1.0,2.0,2.0,1.0,1,1,1,5.0,5.0,4.0,3.0,4.0,1.0,4.0,2.0,6,4.0,0,Low
3.0,2.0,4.0,2.0,1.0,38.0,48.0,3.0,-0.188,3,3.0,2.0,2.0,3.0,1.0,1.0,1.0,1.0,1.0,1.0,5,4,5,4.0,4.0,3.0,3.0,4.0,2.0,3.0,3.0,4,0.0,0,Medium
5.0,4.0,2.0,2.0,1.0,59.0,64.0,3.0,0.242,2,5.0,5.0,5.0,4.0,1.0,1.0,1.0,1.0,1.0,1.0,5,1,4,4.0,4.0,4.0,3.0,6.0,2.0,2.0,3.0,4,0.0,1,High
5.0,5.0,3.0,2.0,1.0,74.0,61.0,4.0,0.242,3,5.0,4.0,5.0,5.0,1.0,1.0,1.0,1.0,1.0,1.0,5,2,7,5.0,5.0,5.0,5.0,6.0,1.0,3.0,4.0,2,0.0,1,High
2.0,2.0,4.0,2.0,0.0,36.0,43.0,2.0,-1.485,2,4.0,3.0,2.0,2.0,1.0,1.0,1.0,1.0,1.0,1.0,2,1,2,2.0,2.0,2.0,2.0,4.0,3.0,2.0,3.0,2,0.0,0,Low
3.0,3.0,3.0,2.0,0.0,36.0,48.0,3.0,1.267,3,4.0,2.0,5.0,3.0,1.0,1.0,1.0,1.0,1.0,1.0,4,4,9,1.0,2.0,2.0,1.0,1.0,1.0,3.0,2.0,3,0.0,0,Medium
4.0,3.0,4.0,6.0,1.0,41.0,45.0,3.0,-0.57,2,4.0,4.0,3.0,4.0,3.0,3.0,2.0,1.0,2.0,1.0,3,3,2,5.0,4.0,5.0,3.0,4.0,1.0,3.0,3.0,5,4.0,0,Medium
5.0,3.0,5.0,2.0,1.0,54.0,43.0,3.0,0.242,3,5.0,4.0,1.0,5.0,1.0,1.0,1.0,1.0,1.0,1.0,2,2,8,5.0,4.0,4.0,3.0,5.0,2.0,4.0,3.0,3,0.0,0,Low
4.0,3.0,4.0,2.0,1.0,44.0,53.0,3.0,0.242,3,5.0,4.0,1.0,5.0,1.0,1.0,1.0,1.0,2.0,1.0,5,2,8,5.0,5.0,4.0,2.0,4.0,3.0,2.0,3.0,2,1.0,0,Medium
5.0,3.0,4.0,2.0,1.0,48.0,52.0,3.0,-0.188,3,4.0,3.0,3.0,5.0,1.0,1.0,1.0,1.0,1.0,1.0,4,4,9,4.0,4.0,4.0,2.0,5.0,1.0,2.0,3.0,4,0.0,0,Medium
4.0,3.0,1.0,3.0,0.0,32.0,40.0,3.0,-0.909,2,5.0,1.0,1.0,4.0,1.0,1.0,1.0,2.0,1.0,1.0,5,1,1,3.0,3.0,2.0,3.0,4.0,3.0,2.0,2.0,4,1.0,0,Low
5.0,5.0,2.0,2.0,1.0,82.0,69.0,4.0,1.267,3,5.0,5.0,5.0,5.0,1.0,1.0,1.0,1.0,1.0,1.0,3,2,5,4.0,4.0,5.0,4.0,6.0,2.0,3.0,4.0,6,0.0,1,High
4.0,3.0,4.0,2.0,0.0,45.0,45.0,2.0,0.712,3,4.0,3.0,1.0,5.0,1.0,1.0,1.0,1.0,1.0,1.0,3,4,7,4.0,3.0,3.0,2.0,4.0,1.0,3.0,2.0,4,0.0,0,Medium
3.0,1.0,4.0,2.0,1.0,31.0,39.0,2.0,0.712,3,1.0,3.0,1.0,2.0,2.0,2.0,1.0,2.0,2.0,1.0,4,5,7,3.0,3.0,4.0,2.0,1.0,1.0,4.0,3.0,4,4.0,0,Low
5.0,4.0,3.0,8.0,1.0,82.0,38.0,3.0,0.242,2,5.0,5.0,2.0,5.0,1.0,1.0,1.0,1.0,1.0,1.0,3,2,7,5.0,5.0,5.0,5.0,1.0,2.0,4.0,3.0,8,0.0,0,Low
5.0,3.0,3.0,2.0,1.0,60.0,57.0,4.0,-0.188,3,5.0,5.0,1.0,3.0,1.0,1.0,1.0,1.0,1.0,1.0,3,2,3,4.0,4.0,5.0,2.0,5.0,1.0,3.0,3.0,1,0.0,1,Medium
5.0,4.0,1.0,2.0,1.0,65.0,63.0,4.0,0.242,3,5.0,4.0,1.0,5.0,1.0,1.0,1.0,1.0,1.0,1.0,3,5,4,4.0,4.0,5.0,4.0,6.0,2.0,3.0,4.0,3,0.0,1,High
4.0,4.0,3.0,8.0,1.0,56.0,76.0,3.0,0.712,3,5.0,5.0,5.0,1.0,1.0,1.0,1.0,1.0,1.0,1.0,4,2,9,1.0,2.0,3.0,3.0,4.0,2.0,2.0,3.0,6,0.0,1,High
5.0,3.0,4.0,8.0,1.0,29.0,55.0,3.0,0.712,3,4.0,3.0,2.0,5.0,1.0,1.0,1.0,1.0,1.0,1.0,5,2,7,5.0,4.0,3.0,3.0,1.0,3.0,3.0,3.0,7,0.0,1,Medium
5.0,5.0,2.0,8.0,1.0,49.0,74.0,4.0,-0.188,3,5.0,5.0,5.0,5.0,1.0,1.0,1.0,1.0,1.0,1.0,3,2,5,5.0,4.0,4.0,4.0,5.0,,3.0,1.0,7,0.0,1,High
5.0,4.0,2.0,3.0,0.0,59.0,71.0,4.0,-0.188,3,5.0,5.0,5.0,5.0,1.0,1.0,1.0,1.0,1.0,1.0,2,2,7,5.0,5.0,5.0,5.0,6.0,1.0,3.0,3.0,6,0.0,1,High
4.0,4.0,3.0,8.0,1.0,44.0,54.0,4.0,0.242,3,5.0,4.0,3.0,4.0,1.0,1.0,1.0,2.0,3.0,1.0,3,4,8,4.0,4.0,4.0,3.0,5.0,3.0,3.0,2.0,6,2.0,0,Medium
4.0,3.0,2.0,8.0,0.0,49.0,58.0,4.0,-0.57,2,4.0,3.0,1.0,3.0,1.0,1.0,1.0,1.0,1.0,1.0,3,1,1,3.0,3.0,3.0,3.0,3.0,1.0,3.0,1.0,5,0.0,1,Medium
5.0,5.0,2.0,2.0,1.0,72.0,70.0,4.0,1.267,3,5.0,5.0,5.0,4.0,1.0,1.0,1.0,1.0,1.0,1.0,4,2,9,2.0,3.0,4.0,4.0,6.0,2.0,4.0,4.0,3,0.0,1,High
3.0,3.0,4.0,7.0,0.0,42.0,48.0,1.0,-1.485,2,3.0,4.0,3.0,3.0,2.0,2.0,2.0,2.0,2.0,2.0,2,2,1,3.0,3.0,3.0,3.0,4.0,2.0,2.0,2.0,3,6.0,0,Medium
4.0,3.0,4.0,2.0,1.0,45.0,43.0,2.0,0.712,3,4.0,3.0,2.0,5.0,1.0,1.0,1.0,1.0,1.0,1.0,4,4,8,2.0,4.0,3.0,3.0,4.0,1.0,3.0,3.0,6,0.0,0,Low
4.0,4.0,3.0,2.0,1.0,49.0,57.0,4.0,-0.188,3,5.0,5.0,5.0,5.0,1.0,1.0,1.0,1.0,1.0,1.0,5,2,5,4.0,4.0,4.0,4.0,6.0,2.0,3.0,4.0,2,0.0,1,Medium
5.0,4.0,2.0,8.0,1.0,65.0,84.0,4.0,0.242,3,5.0,4.0,3.0,5.0,1.0,1.0,1.0,1.0,1.0,1.0,2,4,7,5.0,5.0,5.0,5.0,6.0,2.0,3.0,3.0,6,0.0,1,High
4.0,4.0,4.0,2.0,1.0,57.0,52.0,4.0,0.712,3,5.0,4.0,5.0,5.0,1.0,1.0,1.0,1.0,2.0,1.0,4,2,9,5.0,5.0,5.0,5.0,6.0,2.0,3.0,3.0,4,1.0,0,Medium
5.0,4.0,3.0,2.0,1.0,60.0,54.0,4.0,-0.909,2,5.0,4.0,3.0,4.0,1.0,1.0,1.0,1.0,1.0,1.0,3,4,3,5.0,3.0,5.0,2.0,2.0,2.0,3.0,3.0,2,0.0,0,Medium
5.0,3.0,2.0,2.0,1.0,49.0,65.0,4.0,-0.57,3,5.0,5.0,5.0,5.0,1.0,1.0,1.0,1.0,2.0,1.0,3,2,5,4.0,4.0,4.0,3.0,5.0,3.0,3.0,3.0,2,1.0,1,High
2.0,4.0,2.0,5.0,0.0,37.0,66.0,4.0,-1.215,3,5.0,4.0,4.0,5.0,1.0,1.0,1.0,1.0,1.0,1.0,4,4,7,3.0,3.0,3.0,3.0,3.0,2.0,3.0,4.0,2,0.0,1,High
5.0,4.0,2.0,8.0,0.0,61.0,85.0,4.0,-0.57,3,5.0,4.0,5.0,5.0,1.0,1.0,1.0,1.0,1.0,1.0,3,1,6,4.0,4.0,2.0,3.0,4.0,1.0,3.0,3.0,8,0.0,1,High
5.0,4.0,2.0,2.0,0.0,54.0,69.0,4.0,1.267,3,5.0,5.0,5.0,5.0,1.0,1.0,1.0,1.0,1.0,1.0,4,1,9,2.0,2.0,2.0,2.0,5.0,2.0,2.0,3.0,4,0.0,1,High
5.0,4.0,5.0,2.0,1.0,45.0,42.0,3.0,-0.909,1,5.0,4.0,2.0,5.0,1.0,1.0,1.0,1.0,1.0,1.0,3,2,5,5.0,4.0,4.0,5.0,3.0,1.0,3.0,3.0,2,0.0,0,Low
5.0,4.0,4.0,8.0,1.0,59.0,58.0,3.0,0.242,3,5.0,4.0,5.0,5.0,1.0,1.0,1.0,1.0,1.0,1.0,2,2,4,2.0,3.0,4.0,4.0,5.0,1.0,3.0,2.0,8,0.0,1,Medium
5.0,5.0,2.0,8.0,0.0,76.0,67.0,4.0,1.267,3,5.0,5.0,5.0,5.0,1.0,1.0,1.0,1.0,1.0,1.0,3,1,8,3.0,4.0,4.0,4.0,6.0,1.0,4.0,4.0,8,0.0,1,High
1.0,1.0,5.0,3.0,0.0,16.0,59.0,2.0,1.267,2,1.0,1.0,1.0,1.0,1.0,1.0,1.0,1.0,1.0,1.0,3,5,8,1.0,1.0,1.0,1.0,1.0,4.0,1.0,1.0,1,0.0,1,Medium
3.0,1.0,2.0,2.0,0.0,14.0,34.0,2.0,-0.57,3,3.0,1.0,1.0,2.0,1.0,1.0,1.0,1.0,1.0,1.0,2,4,7,1.0,1.0,1.0,1.0,1.0,2.0,2.0,2.0,3,0.0,0,Low
5.0,4.0,3.0,2.0,1.0,52.0,56.0,3.0,-1.215,3,5.0,4.0,4.0,5.0,1.0,1.0,1.0,2.0,1.0,1.0,4,3,3,4.0,3.0,4.0,3.0,4.0,3.0,3.0,4.0,2,1.0,1,Medium
4.0,3.0,5.0,3.0,0.0,37.0,40.0,2.0,0.242,2,3.0,2.0,2.0,4.0,3.0,3.0,1.0,3.0,2.0,2.0,3,5,4,2.0,2.0,2.0,2.0,1.0,3.0,2.0,3.0,4,5.0,0,Low
4.0,4.0,3.0,8.0,0.0,55.0,51.0,3.0,0.242,2,5.0,4.0,5.0,5.0,1.0,1.0,1.0,1.0,1.0,1.0,3,1,2,4.0,4.0,4.0,3.0,4.0,1.0,4.0,3.0,8,0.0,0,Medium
4.0,1.0,5.0,2.0,0.0,30.0,34.0,2.0,-1.215,1,3.0,1.0,2.0,4.0,2.0,2.0,1.0,3.0,1.0,1.0,3,2,7,1.0,1.0,3.0,1.0,2.0,2.0,4.0,3.0,3,3.0,0,Low
2.0,2.0,3.0,2.0,0.0,36.0,49.0,3.0,-0.188,3,5.0,2.0,1.0,5.0,1.0,1.0,1.0,1.0,1.0,1.0,4,2,6,4.0,1.0,1.0,1.0,1.0,1.0,3.0,3.0,5,0.0,0,Medium
4.0,3.0,5.0,2.0,1.0,41.0,17.0,3.0,-0.909,3,5.0,3.0,3.0,5.0,2.0,1.0,1.0,3.0,2.0,2.0,3,1,6,5.0,4.0,5.0,5.0,2.0,2.0,2.0,3.0,2,4.0,0,Low
5.0,5.0,1.0,2.0,1.0,69.0,86.0,4.0,1.267,3,5.0,5.0,5.0,5.0,1.0,1.0,1.0,1.0,1.0,1.0,4,2,8,2.0,3.0,4.0,4.0,6.0,1.0,4.0,4.0,2,0.0,1,High
4.0,4.0,5.0,8.0,1.0,56.0,50.0,3.0,-0.188,3,4.0,4.0,4.0,5.0,2.0,1.0,1.0,2.0,2.0,1.0,4,2,9,4.0,4.0,4.0,4.0,6.0,2.0,3.0,3.0,4,3.0,0,Medium
4.0,3.0,3.0,2.0,0.0,54.0,49.0,3.0,0.712,3,4.0,4.0,1.0,5.0,2.0,1.0,1.0,2.0,1.0,1.0,3,5,5,4.0,3.0,2.0,3.0,2.0,2.0,4.0,3.0,3,2.0,0,Medium
5.0,4.0,2.0,8.0,1.0,49.0,62.0,4.0,-0.188,2,5.0,5.0,5.0,5.0,1.0,1.0,1.0,1.0,1.0,1.0,2,2,3,4.0,4.0,3.0,3.0,6.0,2.0,3.0,3.0,7,0.0,1,High
4.0,3.0,3.0,7.0,1.0,46.0,47.0,2.0,0.712,3,5.0,3.0,5.0,4.0,1.0,1.0,1.0,2.0,1.0,1.0,4,4,9,4.0,5.0,4.0,4.0,3.0,1.0,4.0,2.0,4,1.0,0,Medium
2.0,3.0,3.0,7.0,1.0,41.0,69.0,3.0,-0.188,1,5.0,3.0,3.0,3.0,1.0,1.0,1.0,1.0,1.0,1.0,3,2,2,4.0,4.0,3.0,3.0,3.0,2.0,2.0,3.0,4,0.0,1,High
5.0,3.0,3.0,4.0,1.0,45.0,67.0,3.0,0.242,3,5.0,3.0,5.0,3.0,1.0,1.0,1.0,1.0,1.0,1.0,3,2,9,3.0,4.0,4.0,3.0,5.0,2.0,2.0,3.0,6,0.0,1,High
4.0,4.0,3.0,2.0,1.0,49.0,54.0,3.0,-0.57,3,5.0,5.0,5.0,5.0,1.0,1.0,1.0,1.0,1.0,1.0,5,2,8,4.0,4.0,4.0,4.0,6.0,1.0,3.0,3.0,5,0.0,0,Medium
3.0,3.0,4.0,2.0,1.0,47.0,49.0,4.0,-1.713,1,5.0,4.0,4.0,4.0,2.0,2.0,1.0,1.0,1.0,1.0,2,4,5,4.0,4.0,4.0,3.0,4.0,3.0,3.0,3.0,2,2.0,0,Medium
5.0,5.0,3.0,8.0,0.0,51.0,66.0,4.0,0.712,3,5.0,5.0,5.0,5.0,1.0,1.0,1.0,1.0,1.0,1.0,3,2,7,4.0,4.0,4.0,4.0,5.0,2.0,3.0,3.0,7,0.0,1,High
4.0,4.0,1.0,1.0,1.0,63.0,86.0,4.0,0.712,3,5.0,5.0,5.0,5.0,1.0,1.0,1.0,1.0,1.0,1.0,4,3,8,5.0,5.0,5.0,5.0,6.0,1.0,4.0,4.0,4,0.0,1,High
3.0,3.0,2.0,2.0,0.0,45.0,62.0,3.0,-1.485,0,3.0,3.0,3.0,3.0,2.0,2.0,2.0,3.0,2.0,2.0,3,5,7,3.0,2.0,1.0,3.0,4.0,3.0,3.0,3.0,4,6.0,1,High
4.0,3.0,4.0,2.0,1.0,40.0,46.0,3.0,0.712,3,4.0,3.0,3.0,4.0,1.0,1.0,1.0,1.0,1.0,1.0,5,4,6,4.0,2.0,4.0,2.0,6.0,2.0,2.0,3.0,2,0.0,0,Medium
5.0,4.0,5.0,4.0,1.0,48.0,51.0,2.0,-1.215,1,5.0,5.0,1.0,5.0,2.0,2.0,1.0,2.0,2.0,1.0,1,5,3,5.0,4.0,5.0,5.0,4.0,3.0,3.0,3.0,3,4.0,0,Medium
5.0,4.0,3.0,2.0,0.0,68.0,73.0,4.0,1.267,3,5.0,4.0,4.0,4.0,1.0,1.0,1.0,1.0,1.0,1.0,5,4,9,3.0,2.0,3.0,1.0,6.0,1.0,2.0,4.0,5,0.0,1,High
4.0,1.0,5.0,5.0,0.0,28.0,47.0,1.0,0.712,3,1.0,1.0,1.0,1.0,1.0,1.0,3.0,1.0,1.0,1.0,1,5,4,1.0,1.0,1.0,1.0,1.0,3.0,2.0,3.0,1,1.0,0,Medium
4.0,5.0,3.0,2.0,1.0,59.0,84.0,4.0,-0.57,3,5.0,5.0,5.0,5.0,1.0,1.0,1.0,1.0,1.0,1.0,5,1,9,4.0,5.0,5.0,5.0,6.0,2.0,3.0,4.0,3,0.0,1,High
5.0,2.0,4.0,2.0,1.0,49.0,45.0,3.0,-0.188,2,4.0,3.0,3.0,5.0,1.0,1.0,1.0,1.0,1.0,1.0,3,3,1,5.0,4.0,5.0,2.0,2.0,1.0,3.0,2.0,3,0.0,0,Medium
5.0,5.0,2.0,8.0,1.0,59.0,81.0,4.0,0.242,3,5.0,4.0,4.0,4.0,1.0,1.0,1.0,1.0,1.0,1.0,2,2,7,5.0,5.0,5.0,5.0,5.0,2.0,3.0,3.0,6,0.0,1,High
4.0,4.0,3.0,2.0,1.0,47.0,63.0,3.0,-0.188,3,5.0,4.0,5.0,4.0,1.0,1.0,1.0,1.0,1.0,1.0,5,1,2,4.0,3.0,3.0,2.0,5.0,1.0,2.0,2.0,2,0.0,1,High
4.0,4.0,2.0,1.0,0.0,62.0,73.0,4.0,-0.57,3,5.0,5.0,1.0,5.0,1.0,1.0,1.0,1.0,1.0,1.0,3,1,2,3.0,3.0,4.0,4.0,6.0,1.0,3.0,3.0,5,0.0,1,High
5.0,5.0,1.0,2.0,1.0,85.0,75.0,4.0,-1.713,1,5.0,4.0,3.0,3.0,1.0,1.0,1.0,1.0,1.0,1.0,2,3,2,5.0,5.0,5.0,5.0,3.0,1.0,4.0,4.0,2,0.0,1,High
5.0,5.0,5.0,7.0,1.0,60.0,53.0,4.0,-0.909,2,5.0,5.0,5.0,5.0,1.0,1.0,1.0,1.0,1.0,1.0,3,4,1,5.0,4.0,2.0,2.0,3.0,3.0,4.0,2.0,2,0.0,0,Medium
4.0,3.0,5.0,2.0,1.0,42.0,22.0,3.0,1.267,3,4.0,2.0,1.0,5.0,3.0,3.0,1.0,2.0,2.0,1.0,4,5,8,5.0,5.0,4.0,5.0,3.0,1.0,1.0,1.0,4,4.0,0,Low
5.0,4.0,2.0,8.0,1.0,59.0,65.0,4.0,0.242,3,5.0,4.0,5.0,5.0,1.0,1.0,1.0,1.0,1.0,1.0,5,2,7,2.0,4.0,4.0,4.0,6.0,1.0,4.0,4.0,5,0.0,1,High
4.0,3.0,4.0,2.0,1.0,57.0,62.0,3.0,0.712,3,5.0,4.0,4.0,5.0,1.0,1.0,1.0,1.0,1.0,1.0,3,2,8,4.0,4.0,3.0,3.0,6.0,2.0,2.0,3.0,4,0.0,1,High
5.0,3.0,4.0,5.0,1.0,34.0,45.0,3.0,0.242,3,5.0,5.0,5.0,2.0,1.0,1.0,1.0,1.0,1.0,1.0,3,1,1,4.0,2.0,4.0,2.0,6.0,2.0,2.0,3.0,1,0.0,0,Medium
4.0,4.0,3.0,8.0,1.0,56.0,60.0,3.0,0.242,3,5.0,5.0,4.0,4.0,1.0,1.0,1.0,1.0,1.0,1.0,5,2,7,4.0,4.0,4.0,4.0,5.0,2.0,3.0,4.0,6,0.0,1,Medium
5.0,4.0,4.0,2.0,0.0,54.0,68.0,4.0,0.712,3,5.0,5.0,5.0,1.0,1.0,1.0,1.0,1.0,1.0,1.0,4,4,7,4.0,4.0,2.0,1.0,5.0,1.0,4.0,4.0,2,0.0,1,High
5.0,2.0,3.0,2.0,0.0,39.0,52.0,2.0,-0.909,2,5.0,1.0,2.0,3.0,2.0,2.0,2.0,2.0,2.0,2.0,3,4,8,2.0,2.0,2.0,2.0,1.0,1.0,2.0,2.0,3,6.0,0,Medium
5.0,5.0,4.0,2.0,0.0,59.0,78.0,4.0,1.267,3,5.0,5.0,5.0,1.0,1.0,1.0,1.0,1.0,1.0,1.0,5,2,9,2.0,2.0,4.0,2.0,6.0,2.0,2.0,3.0,4,0.0,1,High
4.0,4.0,3.0,8.0,1.0,51.0,67.0,3.0,1.267,3,5.0,4.0,3.0,5.0,1.0,1.0,1.0,1.0,1.0,1.0,2,2,7,3.0,4.0,4.0,2.0,6.0,2.0,3.0,3.0,7,0.0,1,High
5.0,5.0,3.0,8.0,1.0,57.0,58.0,3.0,1.267,3,5.0,4.0,4.0,4.0,1.0,1.0,1.0,1.0,1.0,1.0,3,2,8,4.0,4.0,4.0,4.0,6.0,2.0,3.0,3.0,8,0.0,1,Medium
4.0,4.0,2.0,2.0,1.0,58.0,52.0,4.0,1.267,3,5.0,3.0,3.0,4.0,1.0,1.0,1.0,1.0,1.0,1.0,4,2,6,3.0,4.0,4.0,3.0,6.0,1.0,3.0,4.0,2,0.0,0,Medium
4.0,3.0,4.0,2.0,1.0,43.0,47.0,3.0,-0.57,2,5.0,5.0,4.0,3.0,1.0,1.0,1.0,1.0,1.0,1.0,3,2,5,3.0,3.0,3.0,3.0,5.0,2.0,3.0,3.0,2,0.0,0,Medium
4.0,3.0,5.0,3.0,1.0,37.0,46.0,3.0,0.242,3,5.0,4.0,5.0,4.0,1.0,1.0,1.0,2.0,2.0,1.0,3,5,4,4.0,4.0,3.0,3.0,4.0,2.0,3.0,3.0,6,2.0,0,Medium
4.0,3.0,2.0,8.0,0.0,37.0,47.0,2.0,0.712,3,4.0,3.0,2.0,4.0,1.0,1.0,1.0,1.0,1.0,1.0,2,2,5,3.0,3.0,3.0,3.0,2.0,3.0,2.0,2.0,7,0.0,0,Medium
3.0,5.0,1.0,1.0,1.0,45.0,72.0,3.0,-1.713,1,5.0,4.0,1.0,4.0,1.0,1.0,1.0,1.0,1.0,1.0,2,4,4,3.0,3.0,3.0,3.0,6.0,1.0,3.0,3.0,4,0.0,1,High
5.0,4.0,4.0,2.0,1.0,60.0,69.0,3.0,-0.188,3,5.0,5.0,5.0,3.0,1.0,1.0,1.0,1.0,1.0,1.0,4,3,9,3.0,3.0,4.0,2.0,6.0,3.0,2.0,3.0,4,0.0,1,High
5.0,5.0,2.0,8.0,0.0,64.0,95.0,4.0,1.267,3,5.0,1.0,5.0,5.0,1.0,1.0,1.0,1.0,1.0,1.0,5,1,7,2.0,3.0,4.0,3.0,6.0,2.0,3.0,4.0,8,0.0,1,High
5.0,4.0,2.0,8.0,0.0,46.0,59.0,4.0,-0.909,3,5.0,4.0,5.0,5.0,1.0,1.0,1.0,1.0,1.0,1.0,3,2,8,3.0,3.0,3.0,3.0,5.0,2.0,3.0,3.0,7,0.0,1,Medium
4.0,3.0,5.0,8.0,0.0,45.0,65.0,3.0,-0.188,3,5.0,5.0,5.0,4.0,1.0,1.0,1.0,1.0,1.0,1.0,2,2,2,3.0,2.0,3.0,2.0,3.0,2.0,2.0,2.0,8,0.0,1,High
4.0,4.0,,1.0,1.0,56.0,60.0,3.0,-1.9,0,4.0,3.0,4.0,4.0,1.0,1.0,1.0,1.0,1.0,1.0,3,5,1,4.0,4.0,4.0,3.0,5.0,,,,1,0.0,1,Medium
5.0,4.0,2.0,2.0,1.0,65.0,67.0,3.0,1.267,3,5.0,4.0,5.0,2.0,1.0,1.0,1.0,1.0,1.0,1.0,5,5,8,3.0,3.0,4.0,2.0,6.0,1.0,3.0,3.0,3,0.0,1,High
4.0,4.0,3.0,2.0,1.0,53.0,72.0,4.0,0.242,3,5.0,4.0,5.0,5.0,1.0,1.0,1.0,1.0,1.0,1.0,2,2,7,3.0,3.0,4.0,4.0,5.0,2.0,3.0,3.0,5,0.0,1,High
5.0,4.0,3.0,8.0,1.0,51.0,67.0,4.0,1.267,3,5.0,5.0,5.0,5.0,1.0,1.0,1.0,1.0,1.0,1.0,4,1,7,3.0,3.0,4.0,3.0,5.0,2.0,3.0,3.0,8,0.0,1,High
5.0,3.0,4.0,6.0,1.0,58.0,22.0,4.0,-0.57,3,5.0,4.0,1.0,5.0,3.0,3.0,1.0,1.0,2.0,1.0,2,1,1,5.0,5.0,4.0,3.0,1.0,2.0,3.0,1.0,4,3.0,0,Low
4.0,4.0,5.0,4.0,1.0,39.0,27.0,3.0,-1.713,2,5.0,3.0,2.0,4.0,3.0,3.0,2.0,1.0,1.0,1.0,2,3,1,4.0,4.0,3.0,3.0,3.0,4.0,4.0,2.0,2,3.0,0,Low
5.0,2.0,4.0,2.0,1.0,29.0,55.0,2.0,0.242,3,5.0,2.0,4.0,5.0,1.0,1.0,1.0,1.0,1.0,1.0,5,5,9,4.0,4.0,4.0,2.0,4.0,2.0,2.0,4.0,3,0.0,1,Medium
3.0,3.0,3.0,2.0,0.0,42.0,43.0,2.0,-0.188,3,2.0,1.0,1.0,3.0,1.0,1.0,1.0,1.0,1.0,1.0,3,4,6,4.0,4.0,3.0,2.0,2.0,2.0,3.0,3.0,5,0.0,0,Low
5.0,4.0,4.0,2.0,1.0,57.0,54.0,4.0,0.712,3,5.0,4.0,4.0,5.0,1.0,1.0,1.0,1.0,2.0,1.0,5,5,4,4.0,4.0,4.0,4.0,5.0,2.0,3.0,4.0,2,1.0,0,Medium
2.0,2.0,1.0,3.0,1.0,38.0,27.0,3.0,-0.57,2,4.0,2.0,3.0,5.0,2.0,2.0,1.0,1.0,1.0,2.0,2,2,1,2.0,2.0,3.0,3.0,1.0,2.0,1.0,2.0,2,3.0,0,Low
3.0,2.0,4.0,6.0,0.0,43.0,33.0,2.0,0.712,3,2.0,3.0,1.0,5.0,1.0,1.0,1.0,1.0,1.0,1.0,3,3,2,5.0,4.0,4.0,4.0,2.0,2.0,3.0,3.0,4,0.0,0,Low
4.0,4.0,3.0,3.0,0.0,49.0,55.0,3.0,-0.188,3,5.0,4.0,5.0,5.0,1.0,1.0,1.0,1.0,1.0,1.0,4,2,7,2.0,4.0,2.0,2.0,4.0,3.0,3.0,3.0,6,0.0,1,Medium
4.0,3.0,4.0,4.0,0.0,39.0,47.0,3.0,-0.909,1,1.0,4.0,1.0,3.0,1.0,1.0,1.0,2.0,1.0,1.0,2,5,1,5.0,2.0,2.0,2.0,4.0,1.0,3.0,2.0,2,1.0,0,Medium
5.0,5.0,3.0,2.0,1.0,58.0,53.0,4.0,-0.57,0,5.0,4.0,5.0,5.0,2.0,1.0,1.0,1.0,1.0,1.0,3,5,4,5.0,4.0,4.0,3.0,6.0,1.0,4.0,4.0,3,1.0,0,Medium
5.0,3.0,2.0,7.0,1.0,45.0,63.0,3.0,-0.188,2,5.0,3.0,3.0,4.0,1.0,1.0,1.0,1.0,1.0,1.0,2,2,2,4.0,5.0,4.0,4.0,6.0,1.0,3.0,4.0,6,0.0,1,High
5.0,4.0,2.0,7.0,1.0,57.0,38.0,2.0,0.712,3,5.0,4.0,4.0,5.0,2.0,2.0,1.0,1.0,1.0,1.0,3,3,3,4.0,4.0,3.0,3.0,2.0,2.0,3.0,3.0,4,2.0,0,Low
4.0,3.0,3.0,2.0,1.0,40.0,54.0,3.0,0.242,3,5.0,4.0,3.0,3.0,1.0,1.0,1.0,1.0,2.0,1.0,4,1,4,4.0,3.0,4.0,3.0,4.0,2.0,3.0,3.0,5,1.0,0,Medium
5.0,4.0,5.0,2.0,1.0,55.0,59.0,4.0,0.242,3,5.0,3.0,5.0,5.0,1.0,1.0,1.0,1.0,1.0,1.0,4,2,8,3.0,3.0,4.0,4.0,6.0,2.0,3.0,3.0,6,0.0,1,Medium
5.0,5.0,3.0,1.0,1.0,85.0,95.0,4.0,0.242,2,5.0,3.0,5.0,5.0,1.0,1.0,1.0,1.0,1.0,1.0,4,2,9,1.0,1.0,3.0,3.0,6.0,1.0,2.0,4.0,6,0.0,1,High
4.0,4.0,3.0,8.0,1.0,43.0,51.0,3.0,0.242,2,5.0,4.0,5.0,5.0,1.0,1.0,1.0,1.0,1.0,1.0,1,2,3,4.0,3.0,4.0,4.0,4.0,3.0,3.0,2.0,7,0.0,0,Medium
4.0,4.0,3.0,2.0,0.0,42.0,39.0,3.0,-1.9,1,2.0,3.0,2.0,2.0,2.0,2.0,2.0,2.0,2.0,2.0,2,4,2,4.0,4.0,4.0,3.0,3.0,3.0,2.0,3.0,2,6.0,0,Low
5.0,5.0,3.0,2.0,1.0,76.0,56.0,4.0,0.242,3,5.0,5.0,5.0,5.0,1.0,1.0,1.0,1.0,1.0,1.0,5,3,8,4.0,3.0,4.0,3.0,6.0,1.0,4.0,4.0,2,0.0,1,Medium
3.0,3.0,4.0,7.0,0.0,35.0,42.0,3.0,-0.57,2,1.0,1.0,1.0,3.0,1.0,1.0,1.0,1.0,1.0,1.0,5,5,8,3.0,3.0,3.0,3.0,3.0,1.0,2.0,3.0,2,0.0,0,Low
3.0,3.0,3.0,1.0,1.0,42.0,49.0,4.0,0.242,2,4.0,4.0,4.0,4.0,1.0,1.0,2.0,1.0,1.0,1.0,2,1,4,3.0,4.0,4.0,4.0,5.0,1.0,4.0,3.0,4,1.0,0,Medium
4.0,3.0,5.0,4.0,1.0,42.0,53.0,3.0,0.242,3,5.0,4.0,4.0,5.0,1.0,1.0,1.0,1.0,1.0,1.0,2,3,8,2.0,2.0,4.0,2.0,5.0,1.0,3.0,3.0,5,0.0,0,Medium
1.0,5.0,1.0,8.0,1.0,70.0,86.0,4.0,1.267,3,5.0,5.0,5.0,5.0,1.0,1.0,1.0,1.0,2.0,1.0,4,1,3,4.0,5.0,4.0,5.0,6.0,1.0,3.0,4.0,6,1.0,1,High
5.0,5.0,4.0,2.0,1.0,67.0,62.0,4.0,0.712,3,5.0,5.0,5.0,5.0,1.0,1.0,1.0,1.0,1.0,1.0,3,2,6,2.0,2.0,4.0,3.0,6.0,1.0,3.0,4.0,4,0.0,1,High
5.0,4.0,4.0,6.0,1.0,66.0,42.0,3.0,-1.215,1,5.0,3.0,1.0,5.0,1.0,1.0,1.0,2.0,1.0,1.0,3,3,2,4.0,5.0,4.0,4.0,6.0,1.0,3.0,3.0,2,1.0,0,Low
4.0,4.0,1.0,8.0,1.0,42.0,76.0,3.0,-0.909,1,5.0,4.0,4.0,4.0,1.0,1.0,1.0,1.0,1.0,1.0,2,2,7,4.0,4.0,4.0,3.0,5.0,3.0,3.0,3.0,7,0.0,1,High
4.0,4.0,3.0,1.0,1.0,55.0,65.0,4.0,0.712,3,5.0,4.0,3.0,4.0,1.0,1.0,1.0,1.0,1.0,1.0,3,1,8,4.0,4.0,4.0,4.0,5.0,2.0,2.0,3.0,3,0.0,1,High
3.0,3.0,4.0,7.0,1.0,36.0,50.0,3.0,-0.57,2,1.0,2.0,1.0,3.0,2.0,2.0,3.0,1.0,1.0,1.0,3,3,1,3.0,4.0,4.0,3.0,4.0,2.0,3.0,3.0,2,3.0,0,Medium
3.0,3.0,3.0,2.0,1.0,51.0,46.0,4.0,-0.909,2,3.0,3.0,3.0,3.0,1.0,1.0,1.0,1.0,1.0,1.0,3,1,3,4.0,4.0,4.0,4.0,5.0,3.0,3.0,3.0,6,0.0,0,Medium
5.0,3.0,4.0,7.0,1.0,54.0,44.0,3.0,-1.485,1,5.0,4.0,5.0,5.0,1.0,1.0,1.0,1.0,1.0,1.0,3,3,3,4.0,5.0,4.0,3.0,4.0,2.0,4.0,3.0,1,0.0,0,Medium
3.0,3.0,3.0,1.0,0.0,43.0,51.0,3.0,-0.909,2,5.0,4.0,1.0,4.0,1.0,1.0,1.0,1.0,1.0,1.0,3,1,2,4.0,3.0,4.0,3.0,5.0,2.0,2.0,3.0,6,0.0,0,Medium
4.0,3.0,4.0,8.0,1.0,53.0,82.0,4.0,0.712,3,5.0,5.0,5.0,5.0,1.0,1.0,1.0,1.0,1.0,1.0,5,2,7,4.0,3.0,4.0,3.0,6.0,1.0,3.0,3.0,8,0.0,1,High
5.0,3.0,2.0,8.0,0.0,52.0,78.0,3.0,1.267,3,5.0,1.0,5.0,5.0,1.0,1.0,1.0,1.0,1.0,1.0,2,1,4,3.0,2.0,2.0,2.0,6.0,2.0,3.0,3.0,6,0.0,1,High
4.0,3.0,4.0,4.0,0.0,43.0,62.0,3.0,1.267,3,4.0,4.0,5.0,4.0,1.0,1.0,1.0,1.0,1.0,1.0,2,2,7,4.0,3.0,4.0,3.0,4.0,2.0,3.0,3.0,7,0.0,1,High
4.0,4.0,2.0,8.0,1.0,56.0,55.0,4.0,1.267,3,5.0,5.0,5.0,5.0,1.0,1.0,1.0,1.0,1.0,1.0,4,2,5,3.0,3.0,3.0,3.0,5.0,1.0,2.0,3.0,7,0.0,1,Medium
5.0,2.0,4.0,2.0,0.0,35.0,58.0,4.0,0.242,2,5.0,3.0,5.0,2.0,1.0,1.0,1.0,1.0,1.0,1.0,3,2,8,1.0,1.0,1.0,1.0,1.0,3.0,1.0,2.0,4,0.0,1,Medium
5.0,5.0,5.0,4.0,1.0,71.0,51.0,3.0,-0.57,2,5.0,5.0,1.0,5.0,1.0,1.0,1.0,1.0,1.0,1.0,2,5,6,4.0,4.0,4.0,1.0,6.0,1.0,3.0,4.0,2,0.0,0,Medium
5.0,4.0,3.0,2.0,1.0,50.0,66.0,3.0,0.242,3,5.0,4.0,5.0,5.0,1.0,1.0,1.0,1.0,1.0,1.0,2,1,3,5.0,4.0,4.0,4.0,5.0,2.0,3.0,3.0,5,0.0,1,High
4.0,3.0,4.0,8.0,0.0,37.0,57.0,3.0,0.712,2,5.0,4.0,1.0,4.0,1.0,1.0,1.0,1.0,1.0,1.0,3,2,3,5.0,4.0,2.0,2.0,2.0,2.0,3.0,3.0,6,0.0,1,Medium
4.0,3.0,3.0,2.0,1.0,49.0,63.0,4.0,1.267,2,5.0,4.0,5.0,5.0,1.0,1.0,1.0,1.0,1.0,1.0,2,2,7,5.0,4.0,4.0,4.0,5.0,2.0,3.0,3.0,6,0.0,1,High
4.0,3.0,3.0,2.0,1.0,40.0,48.0,4.0,-0.57,2,4.0,3.0,1.0,5.0,1.0,1.0,1.0,1.0,1.0,1.0,2,1,1,4.0,4.0,4.0,3.0,4.0,1.0,3.0,3.0,5,0.0,0,Medium
5.0,4.0,2.0,2.0,1.0,57.0,64.0,4.0,0.242,3,5.0,4.0,5.0,5.0,1.0,1.0,1.0,2.0,1.0,1.0,3,5,7,4.0,3.0,4.0,2.0,4.0,2.0,2.0,3.0,5,1.0,1,High
4.0,4.0,2.0,2.0,1.0,58.0,58.0,4.0,0.712,3,5.0,4.0,4.0,5.0,1.0,1.0,1.0,1.0,1.0,1.0,5,2,9,5.0,4.0,5.0,4.0,6.0,2.0,3.0,3.0,4,0.0,1,Medium
5.0,5.0,3.0,8.0,1.0,59.0,63.0,4.0,1.267,3,5.0,5.0,5.0,5.0,1.0,1.0,1.0,1.0,1.0,1.0,5,2,8,4.0,4.0,5.0,4.0,6.0,1.0,4.0,3.0,7,0.0,1,High
4.0,4.0,4.0,2.0,1.0,53.0,57.0,3.0,0.712,3,5.0,4.0,5.0,4.0,1.0,1.0,1.0,1.0,1.0,1.0,4,4,7,4.0,2.0,4.0,2.0,5.0,2.0,2.0,2.0,2,0.0,1,Medium
3.0,3.0,3.0,2.0,0.0,56.0,47.0,3.0,-1.215,3,2.0,2.0,2.0,2.0,1.0,1.0,1.0,1.0,1.0,1.0,3,4,8,3.0,3.0,3.0,3.0,4.0,2.0,3.0,3.0,2,0.0,0,Medium
5.0,3.0,4.0,2.0,1.0,53.0,43.0,4.0,-0.57,3,4.0,3.0,4.0,4.0,1.0,1.0,1.0,1.0,1.0,1.0,3,2,4,3.0,4.0,4.0,3.0,3.0,1.0,3.0,3.0,2,0.0,0,Low
5.0,5.0,4.0,2.0,1.0,64.0,63.0,4.0,-0.188,2,5.0,5.0,5.0,5.0,1.0,1.0,1.0,1.0,1.0,1.0,5,3,8,4.0,4.0,4.0,4.0,6.0,2.0,3.0,4.0,3,0.0,1,High
5.0,3.0,3.0,1.0,0.0,50.0,48.0,4.0,-0.57,3,5.0,3.0,2.0,4.0,2.0,1.0,1.0,1.0,1.0,1.0,2,4,4,4.0,4.0,2.0,3.0,3.0,3.0,2.0,2.0,3,1.0,0,Medium
2.0,3.0,3.0,2.0,1.0,39.0,36.0,3.0,-0.188,2,5.0,4.0,3.0,5.0,2.0,2.0,2.0,1.0,1.0,1.0,3,1,5,4.0,4.0,4.0,4.0,2.0,2.0,2.0,2.0,2,3.0,0,Low
4.0,3.0,3.0,2.0,1.0,39.0,38.0,3.0,0.242,3,4.0,4.0,1.0,3.0,2.0,2.0,1.0,2.0,2.0,1.0,3,3,3,4.0,3.0,2.0,2.0,2.0,1.0,3.0,3.0,4,4.0,0,Low
2.0,3.0,2.0,2.0,,44.0,52.0,3.0,-0.57,2,3.0,3.0,3.0,2.0,1.0,1.0,1.0,1.0,1.0,1.0,3,1,3,4.0,4.0,4.0,3.0,4.0,3.0,3.0,3.0,5,0.0,0,Medium
5.0,4.0,3.0,8.0,1.0,51.0,59.0,4.0,-0.188,3,5.0,4.0,5.0,4.0,1.0,1.0,1.0,1.0,1.0,1.0,3,2,7,4.0,3.0,4.0,3.0,4.0,2.0,3.0,3.0,6,0.0,1,Medium
4.0,4.0,3.0,3.0,1.0,56.0,58.0,4.0,0.242,3,5.0,5.0,4.0,5.0,1.0,1.0,1.0,1.0,1.0,1.0,2,2,5,4.0,4.0,4.0,3.0,6.0,1.0,3.0,4.0,5,0.0,1,Medium
5.0,5.0,1.0,8.0,1.0,56.0,74.0,3.0,1.267,3,5.0,3.0,5.0,5.0,1.0,1.0,1.0,1.0,1.0,1.0,5,3,9,4.0,4.0,4.0,4.0,6.0,3.0,2.0,4.0,6,0.0,1,High
5.0,4.0,4.0,2.0,1.0,72.0,73.0,4.0,1.267,3,5.0,5.0,5.0,5.0,1.0,1.0,1.0,1.0,1.0,1.0,4,2,8,5.0,5.0,5.0,5.0,6.0,1.0,4.0,4.0,2,0.0,1,High
4.0,3.0,4.0,2.0,1.0,37.0,48.0,3.0,-0.57,3,4.0,3.0,5.0,5.0,1.0,1.0,1.0,2.0,1.0,1.0,4,4,8,4.0,2.0,4.0,2.0,4.0,2.0,2.0,3.0,1,1.0,0,Medium
3.0,3.0,4.0,2.0,0.0,37.0,50.0,2.0,-0.188,3,1.0,2.0,1.0,3.0,1.0,1.0,1.0,1.0,1.0,1.0,2,2,4,3.0,3.0,2.0,1.0,5.0,3.0,2.0,2.0,5,0.0,0,Medium
4.0,3.0,5.0,2.0,1.0,50.0,57.0,3.0,0.242,3,5.0,4.0,4.0,3.0,1.0,1.0,1.0,1.0,1.0,1.0,4,2,8,3.0,3.0,4.0,3.0,4.0,3.0,1.0,3.0,2,0.0,1,Medium
4.0,3.0,2.0,2.0,1.0,55.0,58.0,3.0,-0.188,3,4.0,4.0,3.0,4.0,1.0,1.0,1.0,1.0,1.0,1.0,2,5,7,4.0,4.0,4.0,3.0,4.0,3.0,2.0,4.0,4,0.0,1,Medium
4.0,4.0,2.0,8.0,1.0,51.0,58.0,3.0,-0.188,3,5.0,4.0,5.0,4.0,1.0,1.0,1.0,1.0,1.0,1.0,3,2,6,4.0,4.0,4.0,3.0,5.0,3.0,3.0,3.0,8,0.0,1,Medium
4.0,3.0,4.0,8.0,1.0,42.0,29.0,3.0,0.242,3,5.0,4.0,1.0,4.0,2.0,2.0,1.0,1.0,1.0,1.0,2,3,3,5.0,4.0,3.0,3.0,2.0,3.0,3.0,2.0,6,2.0,0,Low
3.0,3.0,3.0,1.0,1.0,43.0,44.0,3.0,0.712,3,3.0,4.0,2.0,2.0,1.0,1.0,2.0,2.0,1.0,1.0,3,2,8,3.0,3.0,3.0,3.0,4.0,2.0,2.0,2.0,4,2.0,0,Medium
5.0,5.0,3.0,8.0,1.0,57.0,74.0,4.0,-0.909,3,5.0,4.0,5.0,5.0,1.0,1.0,1.0,1.0,1.0,1.0,3,2,8,3.0,3.0,4.0,3.0,5.0,2.0,3.0,3.0,5,0.0,1,High
3.0,3.0,3.0,3.0,1.0,41.0,52.0,4.0,-1.485,2,4.0,2.0,4.0,5.0,1.0,1.0,1.0,1.0,1.0,1.0,3,3,1,4.0,4.0,3.0,4.0,4.0,3.0,2.0,3.0,1,0.0,0,Medium
5.0,4.0,3.0,2.0,1.0,46.0,58.0,4.0,0.242,2,5.0,4.0,4.0,4.0,1.0,1.0,1.0,2.0,1.0,1.0,3,2,7,5.0,5.0,4.0,3.0,5.0,2.0,3.0,3.0,3,1.0,1,Medium
5.0,3.0,5.0,,1.0,34.0,24.0,1.0,-0.57,3,2.0,3.0,1.0,5.0,3.0,2.0,1.0,1.0,2.0,1.0,2,4,2,1.0,1.0,2.0,1.0,1.0,3.0,3.0,2.0,3,3.0,0,Low
5.0,5.0,3.0,2.0,1.0,63.0,95.0,4.0,0.712,3,5.0,5.0,5.0,5.0,1.0,1.0,1.0,1.0,1.0,1.0,3,2,8,2.0,4.0,3.0,2.0,4.0,1.0,4.0,4.0,6,0.0,1,High
4.0,4.0,4.0,2.0,1.0,51.0,43.0,4.0,0.712,3,5.0,4.0,3.0,5.0,1.0,1.0,1.0,1.0,1.0,1.0,4,2,8,4.0,4.0,4.0,4.0,5.0,1.0,3.0,4.0,4,0.0,0,Low
4.0,3.0,2.0,2.0,1.0,46.0,44.0,4.0,-0.188,3,3.0,4.0,2.0,4.0,2.0,2.0,1.0,1.0,2.0,2.0,3,2,3,4.0,4.0,4.0,2.0,2.0,1.0,3.0,3.0,3,4.0,0,Medium
4.0,4.0,4.0,2.0,1.0,48.0,29.0,3.0,-0.57,2,5.0,3.0,2.0,5.0,2.0,2.0,2.0,2.0,2.0,1.0,3,2,3,3.0,3.0,3.0,3.0,3.0,2.0,3.0,3.0,3,5.0,0,Low
4.0,4.0,2.0,8.0,0.0,60.0,85.0,4.0,0.242,3,5.0,5.0,5.0,5.0,1.0,1.0,1.0,1.0,1.0,1.0,5,2,9,4.0,4.0,4.0,4.0,5.0,2.0,3.0,3.0,6,0.0,1,High
5.0,3.0,3.0,2.0,1.0,38.0,52.0,3.0,0.242,3,5.0,3.0,1.0,5.0,1.0,1.0,1.0,1.0,1.0,1.0,4,3,8,4.0,4.0,4.0,4.0,6.0,2.0,3.0,4.0,6,0.0,0,Medium
4.0,2.0,4.0,2.0,0.0,41.0,48.0,3.0,-0.57,3,5.0,3.0,1.0,4.0,1.0,1.0,1.0,1.0,1.0,1.0,3,1,3,3.0,2.0,4.0,2.0,2.0,3.0,2.0,2.0,2,0.0,0,Medium
5.0,4.0,1.0,8.0,1.0,49.0,66.0,4.0,0.242,3,5.0,4.0,5.0,5.0,1.0,1.0,1.0,1.0,1.0,1.0,2,1,2,4.0,3.0,4.0,3.0,6.0,2.0,3.0,4.0,6,0.0,1,High
5.0,4.0,2.0,2.0,0.0,65.0,68.0,4.0,1.267,3,5.0,1.0,5.0,3.0,1.0,1.0,1.0,1.0,1.0,1.0,4,2,9,2.0,2.0,3.0,2.0,6.0,1.0,2.0,2.0,4,0.0,1,High
3.0,3.0,2.0,2.0,1.0,42.0,53.0,3.0,-0.57,2,5.0,4.0,1.0,4.0,1.0,1.0,1.0,1.0,1.0,1.0,2,4,1,3.0,3.0,3.0,3.0,5.0,1.0,3.0,3.0,3,0.0,0,Medium
3.0,3.0,3.0,2.0,1.0,37.0,50.0,3.0,-0.188,3,5.0,4.0,5.0,5.0,1.0,1.0,1.0,2.0,2.0,1.0,5,2,7,4.0,3.0,4.0,4.0,5.0,2.0,2.0,3.0,5,2.0,0,Medium
5.0,4.0,2.0,4.0,1.0,55.0,69.0,4.0,0.712,3,5.0,4.0,5.0,5.0,1.0,1.0,1.0,1.0,1.0,1.0,2,2,8,4.0,4.0,4.0,4.0,6.0,1.0,3.0,4.0,4,0.0,1,High
5.0,4.0,4.0,3.0,0.0,44.0,59.0,3.0,1.267,3,5.0,5.0,5.0,5.0,1.0,1.0,1.0,1.0,1.0,1.0,3,3,8,2.0,3.0,3.0,2.0,5.0,1.0,3.0,3.0,6,0.0,1,Medium
4.0,5.0,3.0,2.0,1.0,67.0,72.0,3.0,-1.485,1,3.0,2.0,2.0,2.0,1.0,2.0,2.0,2.0,2.0,2.0,3,4,3,4.0,3.0,3.0,3.0,4.0,1.0,4.0,4.0,2,5.0,1,High
4.0,4.0,4.0,2.0,0.0,56.0,61.0,4.0,0.712,3,5.0,4.0,2.0,5.0,1.0,1.0,1.0,1.0,1.0,1.0,4,3,6,2.0,2.0,3.0,2.0,2.0,3.0,2.0,3.0,2,0.0,1,High
5.0,5.0,1.0,8.0,1.0,54.0,77.0,3.0,0.712,3,5.0,5.0,5.0,4.0,1.0,1.0,1.0,1.0,1.0,1.0,5,2,9,4.0,4.0,4.0,4.0,6.0,1.0,3.0,4.0,7,0.0,1,High
5.0,4.0,3.0,8.0,1.0,52.0,69.0,3.0,0.242,3,5.0,5.0,5.0,5.0,1.0,1.0,1.0,1.0,1.0,1.0,3,2,9,3.0,4.0,4.0,4.0,6.0,3.0,4.0,3.0,6,0.0,1,High
4.0,4.0,5.0,2.0,0.0,51.0,45.0,1.0,-1.215,2,4.0,3.0,3.0,4.0,2.0,2.0,2.0,3.0,3.0,2.0,2,5,4,4.0,3.0,3.0,4.0,6.0,4.0,3.0,3.0,1,6.0,0,Medium
4.0,3.0,4.0,2.0,1.0,30.0,42.0,3.0,-0.909,3,5.0,4.0,3.0,4.0,1.0,1.0,1.0,3.0,1.0,1.0,2,1,4,4.0,4.0,4.0,4.0,2.0,2.0,2.0,2.0,4,1.0,0,Low
5.0,5.0,5.0,2.0,1.0,43.0,29.0,4.0,-0.188,3,5.0,3.0,3.0,4.0,3.0,2.0,2.0,3.0,2.0,1.0,2,1,2,5.0,5.0,5.0,5.0,6.0,4.0,3.0,2.0,5,5.0,0,Low
5.0,3.0,3.0,8.0,1.0,53.0,61.0,3.0,-0.188,3,5.0,4.0,3.0,4.0,1.0,1.0,1.0,1.0,1.0,1.0,3,2,8,4.0,4.0,4.0,3.0,5.0,1.0,3.0,3.0,6,0.0,1,High
5.0,4.0,3.0,2.0,0.0,58.0,68.0,3.0,1.267,3,5.0,4.0,5.0,5.0,1.0,1.0,1.0,1.0,1.0,1.0,5,1,8,4.0,4.0,4.0,3.0,5.0,2.0,3.0,3.0,3,0.0,1,High
4.0,3.0,3.0,8.0,0.0,44.0,48.0,3.0,-0.188,3,5.0,4.0,5.0,3.0,1.0,1.0,1.0,2.0,1.0,1.0,5,1,5,4.0,4.0,4.0,3.0,6.0,2.0,2.0,3.0,6,1.0,0,Medium
4.0,4.0,2.0,2.0,1.0,44.0,61.0,3.0,0.242,3,5.0,4.0,3.0,3.0,1.0,1.0,1.0,1.0,1.0,1.0,4,5,8,3.0,4.0,4.0,4.0,4.0,2.0,2.0,3.0,1,0.0,1,High
5.0,5.0,1.0,8.0,1.0,55.0,63.0,4.0,0.712,3,5.0,5.0,5.0,4.0,1.0,1.0,1.0,1.0,1.0,1.0,4,2,8,4.0,4.0,4.0,4.0,6.0,1.0,3.0,4.0,8,0.0,1,High
5.0,4.0,4.0,2.0,1.0,59.0,58.0,3.0,0.242,3,5.0,4.0,3.0,5.0,1.0,1.0,1.0,2.0,1.0,1.0,2,3,3,4.0,5.0,5.0,4.0,4.0,1.0,4.0,3.0,3,1.0,1,Medium
4.0,4.0,1.0,3.0,0.0,57.0,70.0,3.0,-0.909,3,5.0,5.0,3.0,5.0,1.0,1.0,1.0,1.0,1.0,1.0,2,2,7,4.0,4.0,4.0,4.0,4.0,1.0,3.0,3.0,6,0.0,1,High
5.0,4.0,2.0,2.0,1.0,46.0,69.0,4.0,-0.188,2,5.0,5.0,2.0,5.0,1.0,1.0,1.0,1.0,1.0,1.0,3,1,7,5.0,5.0,5.0,5.0,6.0,2.0,3.0,3.0,4,0.0,1,High
5.0,5.0,2.0,3.0,1.0,60.0,65.0,3.0,-0.188,2,5.0,5.0,5.0,5.0,1.0,1.0,1.0,1.0,1.0,1.0,3,4,8,5.0,5.0,5.0,4.0,6.0,1.0,4.0,4.0,3,0.0,1,High
5.0,3.0,4.0,2.0,1.0,47.0,47.0,3.0,-0.188,3,5.0,4.0,5.0,5.0,1.0,1.0,1.0,1.0,1.0,1.0,4,5,8,4.0,4.0,4.0,4.0,4.0,2.0,2.0,2.0,6,0.0,0,Medium
4.0,4.0,2.0,8.0,1.0,53.0,67.0,4.0,1.267,3,5.0,5.0,5.0,5.0,1.0,1.0,1.0,1.0,1.0,1.0,2,2,2,4.0,4.0,3.0,5.0,4.0,2.0,3.0,3.0,8,0.0,1,High
4.0,4.0,1.0,1.0,0.0,53.0,57.0,3.0,-1.215,3,5.0,4.0,5.0,5.0,1.0,1.0,1.0,1.0,1.0,1.0,2,2,4,3.0,3.0,3.0,3.0,5.0,3.0,3.0,3.0,5,0.0,1,Medium
5.0,5.0,3.0,8.0,0.0,51.0,67.0,3.0,0.712,3,5.0,4.0,5.0,5.0,1.0,1.0,1.0,1.0,1.0,1.0,5,2,7,4.0,3.0,2.0,1.0,5.0,2.0,2.0,2.0,7,0.0,1,High
5.0,4.0,2.0,3.0,1.0,50.0,52.0,4.0,0.242,3,5.0,5.0,4.0,5.0,1.0,1.0,1.0,1.0,1.0,1.0,4,2,6,4.0,2.0,2.0,4.0,5.0,3.0,2.0,2.0,4,0.0,0,Medium
5.0,5.0,2.0,2.0,1.0,52.0,62.0,4.0,0.712,2,5.0,4.0,3.0,5.0,1.0,1.0,1.0,1.0,1.0,1.0,2,5,9,5.0,5.0,5.0,5.0,6.0,2.0,3.0,3.0,4,0.0,1,High
3.0,2.0,3.0,8.0,1.0,43.0,31.0,2.0,-0.57,3,3.0,3.0,3.0,4.0,2.0,2.0,3.0,1.0,1.0,1.0,1,2,3,4.0,4.0,4.0,4.0,3.0,3.0,2.0,3.0,6,3.0,0,Low
3.0,4.0,3.0,2.0,1.0,53.0,56.0,4.0,-1.485,2,5.0,5.0,1.0,5.0,1.0,1.0,1.0,1.0,1.0,1.0,2,2,4,5.0,5.0,5.0,5.0,5.0,3.0,3.0,4.0,2,0.0,1,Medium
5.0,3.0,5.0,2.0,0.0,53.0,56.0,3.0,0.712,3,5.0,3.0,4.0,5.0,1.0,1.0,1.0,1.0,1.0,1.0,5,1,8,4.0,2.0,3.0,2.0,4.0,1.0,3.0,3.0,4,0.0,1,Medium
5.0,4.0,1.0,8.0,0.0,51.0,90.0,4.0,0.712,3,5.0,1.0,5.0,5.0,1.0,1.0,1.0,1.0,1.0,1.0,2,2,8,1.0,2.0,2.0,1.0,5.0,1.0,2.0,3.0,6,0.0,1,High
4.0,4.0,4.0,2.0,1.0,44.0,55.0,3.0,0.242,3,5.0,3.0,4.0,3.0,1.0,1.0,1.0,1.0,1.0,1.0,3,2,8,4.0,2.0,4.0,4.0,6.0,1.0,2.0,3.0,2,0.0,1,Medium
5.0,4.0,3.0,8.0,1.0,52.0,67.0,3.0,0.242,3,5.0,5.0,5.0,4.0,1.0,1.0,1.0,1.0,1.0,1.0,5,2,6,4.0,3.0,4.0,3.0,6.0,2.0,3.0,3.0,8,0.0,1,High
5.0,2.0,4.0,4.0,0.0,44.0,50.0,2.0,-0.909,2,5.0,3.0,2.0,1.0,3.0,3.0,1.0,2.0,2.0,1.0,2,5,6,5.0,3.0,3.0,3.0,4.0,2.0,1.0,2.0,2,4.0,0,Medium
5.0,4.0,4.0,2.0,0.0,60.0,61.0,4.0,0.242,3,5.0,5.0,3.0,5.0,1.0,1.0,1.0,1.0,1.0,1.0,3,5,8,4.0,4.0,4.0,4.0,4.0,2.0,3.0,3.0,5,0.0,1,High
3.0,3.0,4.0,2.0,0.0,43.0,38.0,2.0,0.242,3,4.0,4.0,2.0,4.0,1.0,1.0,1.0,1.0,1.0,1.0,3,1,7,4.0,3.0,4.0,3.0,4.0,3.0,3.0,3.0,4,0.0,0,Low
5.0,4.0,1.0,4.0,1.0,56.0,60.0,3.0,-0.909,3,5.0,5.0,4.0,5.0,1.0,1.0,1.0,1.0,1.0,1.0,1,4,3,5.0,5.0,5.0,5.0,5.0,1.0,4.0,3.0,4,0.0,1,Medium
5.0,3.0,4.0,2.0,1.0,54.0,51.0,3.0,1.267,3,5.0,4.0,3.0,5.0,1.0,1.0,1.0,1.0,1.0,1.0,4,1,5,5.0,3.0,4.0,4.0,5.0,2.0,2.0,3.0,3,0.0,0,Medium
5.0,4.0,4.0,,1.0,52.0,66.0,3.0,1.267,3,5.0,3.0,1.0,2.0,1.0,1.0,1.0,1.0,1.0,1.0,4,4,8,2.0,3.0,4.0,2.0,5.0,2.0,2.0,3.0,6,0.0,1,High
5.0,5.0,3.0,8.0,0.0,63.0,64.0,3.0,0.242,1,5.0,5.0,5.0,5.0,1.0,1.0,1.0,1.0,1.0,1.0,2,2,5,5.0,5.0,3.0,4.0,6.0,2.0,2.0,4.0,8,0.0,1,High
4.0,3.0,4.0,8.0,0.0,49.0,14.0,2.0,-0.188,2,5.0,3.0,1.0,5.0,1.0,1.0,1.0,1.0,1.0,1.0,1,2,5,5.0,4.0,3.0,3.0,1.0,2.0,4.0,3.0,8,0.0,0,Low
5.0,5.0,4.0,4.0,1.0,82.0,52.0,4.0,-1.215,0,5.0,5.0,5.0,5.0,1.0,1.0,1.0,1.0,1.0,1.0,3,2,1,5.0,5.0,5.0,5.0,6.0,4.0,4.0,4.0,3,0.0,0,Medium
4.0,3.0,5.0,2.0,1.0,46.0,52.0,3.0,-0.188,1,5.0,5.0,4.0,5.0,1.0,1.0,1.0,1.0,1.0,1.0,2,3,6,4.0,3.0,3.0,2.0,5.0,2.0,2.0,3.0,3,0.0,0,Medium
3.0,3.0,3.0,2.0,1.0,42.0,45.0,3.0,-1.713,0,3.0,3.0,3.0,3.0,2.0,2.0,2.0,2.0,2.0,2.0,3,2,7,3.0,3.0,3.0,3.0,5.0,3.0,3.0,3.0,3,6.0,0,Medium
5.0,5.0,3.0,2.0,1.0,75.0,53.0,4.0,-1.215,2,5.0,5.0,5.0,5.0,1.0,1.0,1.0,1.0,1.0,1.0,4,2,7,4.0,4.0,4.0,4.0,5.0,2.0,3.0,3.0,1,0.0,0,Medium
4.0,4.0,,,,76.0,37.0,,-1.9,1,,,,,,,,,,,4,1,9,,,,,,,,,1,,0,Low
4.0,2.0,2.0,2.0,1.0,81.0,57.0,3.0,-0.188,2,4.0,3.0,1.0,2.0,1.0,1.0,1.0,1.0,1.0,1.0,5,1,7,4.0,2.0,3.0,4.0,2.0,2.0,3.0,3.0,4,0.0,1,Medium
4.0,,3.0,1.0,1.0,46.0,53.0,3.0,-0.909,2,5.0,5.0,5.0,5.0,2.0,1.0,1.0,1.0,1.0,1.0,3,1,1,5.0,4.0,3.0,3.0,5.0,1.0,4.0,3.0,3,1.0,0,Medium
3.0,3.0,2.0,5.0,1.0,42.0,54.0,3.0,-0.909,1,5.0,3.0,2.0,2.0,1.0,1.0,1.0,1.0,1.0,1.0,3,2,7,2.0,4.0,4.0,4.0,3.0,3.0,3.0,3.0,1,0.0,0,Medium
4.0,4.0,2.0,8.0,0.0,54.0,63.0,3.0,0.712,3,5.0,5.0,5.0,5.0,1.0,1.0,1.0,1.0,1.0,1.0,2,1,3,4.0,4.0,4.0,4.0,5.0,3.0,3.0,3.0,8,0.0,1,High
5.0,5.0,4.0,2.0,1.0,85.0,86.0,4.0,1.267,3,5.0,5.0,5.0,5.0,1.0,1.0,1.0,1.0,1.0,1.0,5,1,9,2.0,3.0,5.0,4.0,6.0,1.0,4.0,4.0,3,0.0,1,High
5.0,3.0,5.0,2.0,1.0,43.0,55.0,4.0,0.242,3,5.0,3.0,4.0,5.0,1.0,1.0,1.0,1.0,1.0,1.0,4,4,7,2.0,2.0,4.0,2.0,5.0,3.0,2.0,3.0,3,0.0,1,Medium
5.0,4.0,2.0,8.0,0.0,54.0,72.0,4.0,0.712,3,5.0,4.0,5.0,4.0,1.0,1.0,1.0,1.0,1.0,1.0,5,3,9,3.0,2.0,4.0,4.0,5.0,2.0,3.0,3.0,4,0.0,1,High
3.0,3.0,4.0,2.0,1.0,45.0,44.0,3.0,0.242,3,5.0,2.0,2.0,4.0,1.0,1.0,1.0,1.0,2.0,1.0,3,2,8,3.0,3.0,3.0,3.0,2.0,3.0,2.0,3.0,4,1.0,0,Medium
4.0,4.0,2.0,2.0,1.0,39.0,49.0,3.0,0.242,3,5.0,5.0,2.0,5.0,1.0,1.0,1.0,1.0,1.0,1.0,4,5,8,5.0,5.0,5.0,5.0,4.0,1.0,4.0,4.0,4,0.0,0,Medium
4.0,4.0,5.0,2.0,1.0,68.0,28.0,3.0,0.242,3,2.0,2.0,1.0,3.0,3.0,3.0,3.0,3.0,3.0,2.0,3,2,7,4.0,4.0,4.0,4.0,2.0,3.0,3.0,2.0,2,6.0,0,Low
5.0,3.0,1.0,8.0,0.0,47.0,79.0,4.0,-0.57,0,5.0,5.0,1.0,5.0,1.0,1.0,1.0,1.0,1.0,1.0,5,1,1,3.0,3.0,3.0,3.0,6.0,1.0,3.0,3.0,7,0.0,1,High
4.0,3.0,2.0,8.0,0.0,39.0,34.0,3.0,-0.57,2,2.0,4.0,1.0,5.0,2.0,2.0,1.0,2.0,2.0,1.0,3,1,1,5.0,2.0,1.0,1.0,1.0,2.0,3.0,2.0,6,4.0,0,Low
5.0,4.0,2.0,2.0,1.0,70.0,60.0,4.0,0.712,3,5.0,5.0,5.0,3.0,1.0,1.0,1.0,1.0,2.0,1.0,5,5,6,2.0,3.0,5.0,3.0,6.0,2.0,4.0,4.0,3,1.0,1,Medium
4.0,3.0,4.0,2.0,1.0,55.0,50.0,3.0,-0.188,3,4.0,4.0,1.0,5.0,1.0,1.0,1.0,1.0,1.0,1.0,5,1,7,4.0,4.0,4.0,3.0,4.0,2.0,3.0,3.0,2,0.0,0,Medium
4.0,3.0,3.0,8.0,0.0,39.0,52.0,3.0,-0.57,2,4.0,3.0,4.0,4.0,1.0,1.0,1.0,1.0,1.0,1.0,2,2,2,3.0,4.0,3.0,3.0,4.0,2.0,3.0,3.0,8,0.0,0,Medium
4.0,4.0,4.0,8.0,1.0,41.0,56.0,3.0,-0.57,2,4.0,4.0,4.0,4.0,1.0,1.0,1.0,1.0,2.0,1.0,5,1,6,4.0,3.0,4.0,3.0,3.0,1.0,3.0,3.0,6,1.0,1,Medium
4.0,4.0,3.0,2.0,0.0,58.0,56.0,3.0,-1.215,1,4.0,4.0,4.0,4.0,1.0,1.0,1.0,1.0,1.0,1.0,5,1,9,4.0,4.0,4.0,4.0,5.0,3.0,3.0,3.0,2,0.0,1,Medium
5.0,2.0,2.0,8.0,1.0,44.0,52.0,3.0,-0.188,2,5.0,4.0,4.0,4.0,1.0,1.0,1.0,1.0,1.0,1.0,2,2,7,4.0,2.0,3.0,2.0,4.0,2.0,3.0,2.0,6,0.0,0,Medium
4.0,4.0,2.0,8.0,0.0,57.0,76.0,4.0,1.267,3,5.0,4.0,5.0,5.0,1.0,1.0,1.0,1.0,1.0,1.0,3,2,4,4.0,5.0,4.0,4.0,6.0,2.0,3.0,4.0,6,0.0,1,High
5.0,4.0,2.0,8.0,0.0,54.0,52.0,3.0,-0.57,2,5.0,5.0,3.0,5.0,1.0,1.0,1.0,1.0,1.0,1.0,2,1,1,5.0,5.0,3.0,4.0,6.0,2.0,3.0,3.0,8,0.0,0,Medium
5.0,5.0,2.0,8.0,1.0,66.0,81.0,4.0,1.267,3,5.0,5.0,5.0,5.0,1.0,1.0,1.0,1.0,1.0,1.0,5,2,9,2.0,2.0,4.0,4.0,5.0,2.0,3.0,3.0,6,0.0,1,High
5.0,3.0,4.0,2.0,1.0,49.0,72.0,4.0,0.712,3,5.0,3.0,5.0,5.0,1.0,1.0,1.0,1.0,1.0,1.0,5,2,9,2.0,3.0,4.0,3.0,5.0,2.0,1.0,3.0,5,0.0,1,High
5.0,3.0,3.0,2.0,0.0,61.0,65.0,4.0,-0.57,3,5.0,4.0,2.0,2.0,1.0,1.0,1.0,1.0,1.0,1.0,3,1,7,4.0,4.0,3.0,3.0,2.0,2.0,3.0,2.0,4,0.0,1,High
5.0,4.0,4.0,2.0,1.0,54.0,64.0,3.0,0.712,3,5.0,4.0,5.0,5.0,1.0,1.0,1.0,1.0,1.0,1.0,5,2,7,5.0,5.0,5.0,4.0,6.0,2.0,2.0,3.0,4,0.0,1,High
5.0,4.0,4.0,2.0,1.0,52.0,45.0,4.0,0.712,3,5.0,4.0,1.0,5.0,1.0,1.0,1.0,2.0,2.0,1.0,2,2,7,4.0,4.0,4.0,3.0,5.0,2.0,3.0,4.0,4,2.0,0,Medium
4.0,4.0,4.0,3.0,1.0,39.0,57.0,3.0,-0.57,2,5.0,3.0,3.0,2.0,1.0,1.0,1.0,1.0,1.0,1.0,5,2,8,4.0,2.0,4.0,2.0,6.0,2.0,3.0,3.0,2,0.0,1,Medium
4.0,3.0,3.0,8.0,0.0,45.0,49.0,3.0,-0.909,3,5.0,4.0,1.0,5.0,1.0,1.0,1.0,1.0,1.0,1.0,1,2,2,4.0,5.0,4.0,3.0,6.0,2.0,2.0,3.0,7,0.0,0,Medium
3.0,4.0,4.0,5.0,1.0,47.0,48.0,3.0,-0.57,2,4.0,3.0,5.0,4.0,2.0,2.0,1.0,1.0,1.0,1.0,3,4,1,4.0,4.0,5.0,3.0,4.0,2.0,3.0,3.0,1,2.0,0,Medium
3.0,3.0,3.0,2.0,0.0,41.0,42.0,2.0,-1.215,0,4.0,3.0,2.0,3.0,2.0,2.0,1.0,1.0,1.0,1.0,2,4,1,4.0,3.0,2.0,2.0,2.0,2.0,2.0,2.0,5,2.0,0,Low
4.0,3.0,3.0,7.0,1.0,49.0,54.0,3.0,-0.188,1,5.0,3.0,3.0,5.0,1.0,1.0,1.0,1.0,2.0,1.0,2,1,1,4.0,4.0,3.0,3.0,4.0,3.0,3.0,3.0,6,1.0,0,Medium
5.0,2.0,4.0,5.0,1.0,33.0,38.0,2.0,0.712,3,5.0,3.0,5.0,5.0,1.0,1.0,1.0,2.0,1.0,1.0,5,2,6,2.0,3.0,4.0,1.0,5.0,1.0,2.0,3.0,3,1.0,0,Low
4.0,3.0,3.0,8.0,0.0,44.0,58.0,3.0,-0.188,3,5.0,4.0,5.0,4.0,1.0,1.0,1.0,1.0,1.0,1.0,2,1,3,3.0,4.0,3.0,2.0,3.0,2.0,3.0,3.0,6,0.0,1,Medium
5.0,3.0,4.0,2.0,1.0,50.0,44.0,3.0,-0.188,3,5.0,1.0,2.0,4.0,1.0,1.0,1.0,2.0,2.0,1.0,5,1,2,5.0,4.0,4.0,4.0,4.0,2.0,2.0,3.0,5,2.0,0,Medium
4.0,4.0,2.0,1.0,1.0,59.0,56.0,3.0,-0.909,3,5.0,4.0,4.0,5.0,1.0,1.0,1.0,1.0,2.0,1.0,1,3,1,4.0,5.0,4.0,5.0,4.0,3.0,2.0,3.0,4,1.0,1,Medium
5.0,4.0,3.0,2.0,1.0,57.0,58.0,4.0,1.267,3,5.0,4.0,4.0,4.0,1.0,1.0,1.0,1.0,1.0,1.0,3,2,8,4.0,4.0,4.0,4.0,6.0,1.0,4.0,4.0,4,0.0,1,Medium
3.0,3.0,2.0,,0.0,45.0,47.0,2.0,-1.485,1,3.0,3.0,3.0,3.0,2.0,2.0,2.0,3.0,2.0,2.0,3,3,9,3.0,3.0,3.0,3.0,4.0,2.0,2.0,2.0,3,6.0,0,Medium
4.0,3.0,3.0,2.0,0.0,43.0,54.0,4.0,-0.909,3,5.0,4.0,1.0,5.0,1.0,1.0,1.0,1.0,1.0,1.0,2,2,3,4.0,4.0,2.0,2.0,2.0,1.0,3.0,3.0,5,0.0,0,Medium
5.0,4.0,5.0,2.0,0.0,52.0,74.0,4.0,0.712,3,5.0,5.0,5.0,5.0,1.0,1.0,1.0,1.0,1.0,1.0,5,1,7,1.0,1.0,3.0,1.0,6.0,1.0,4.0,4.0,2,0.0,1,High
4.0,3.0,3.0,2.0,0.0,48.0,49.0,3.0,-0.57,3,5.0,4.0,1.0,4.0,1.0,1.0,1.0,1.0,1.0,1.0,3,3,5,2.0,4.0,3.0,3.0,4.0,3.0,3.0,3.0,5,0.0,0,Medium
5.0,5.0,1.0,2.0,1.0,65.0,70.0,3.0,0.242,2,5.0,4.0,4.0,5.0,1.0,1.0,1.0,1.0,1.0,1.0,1,2,3,4.0,4.0,4.0,3.0,1.0,3.0,3.0,3.0,5,0.0,1,High
4.0,3.0,3.0,3.0,1.0,47.0,54.0,3.0,0.242,3,5.0,4.0,4.0,5.0,1.0,1.0,1.0,1.0,1.0,1.0,4,2,3,4.0,3.0,3.0,3.0,4.0,2.0,3.0,3.0,6,0.0,0,Medium
3.0,2.0,5.0,2.0,0.0,32.0,31.0,2.0,0.242,3,3.0,3.0,1.0,4.0,2.0,2.0,1.0,1.0,1.0,1.0,5,3,6,2.0,3.0,2.0,2.0,1.0,3.0,2.0,2.0,4,2.0,0,Low
5.0,5.0,1.0,2.0,1.0,85.0,77.0,4.0,1.267,3,5.0,5.0,5.0,5.0,1.0,1.0,1.0,1.0,1.0,1.0,5,2,8,3.0,5.0,5.0,5.0,6.0,1.0,4.0,4.0,4,0.0,1,High
5.0,4.0,5.0,8.0,0.0,51.0,79.0,4.0,1.267,3,5.0,5.0,5.0,5.0,1.0,1.0,1.0,1.0,1.0,1.0,3,2,6,4.0,3.0,2.0,2.0,5.0,2.0,4.0,4.0,8,0.0,1,High
4.0,4.0,4.0,6.0,1.0,53.0,51.0,3.0,-1.215,2,5.0,4.0,5.0,4.0,1.0,1.0,1.0,1.0,1.0,1.0,2,3,5,4.0,4.0,4.0,4.0,5.0,1.0,3.0,4.0,5,0.0,0,Medium
5.0,4.0,3.0,8.0,1.0,59.0,54.0,4.0,0.242,2,5.0,4.0,5.0,5.0,1.0,1.0,1.0,1.0,1.0,1.0,3,2,7,4.0,3.0,4.0,4.0,5.0,2.0,3.0,3.0,8,0.0,0,Medium
5.0,3.0,4.0,6.0,0.0,45.0,34.0,1.0,-1.485,2,5.0,3.0,1.0,5.0,3.0,2.0,1.0,1.0,1.0,1.0,3,2,1,5.0,3.0,4.0,3.0,2.0,2.0,2.0,2.0,4,2.0,0,Low
5.0,4.0,3.0,2.0,1.0,56.0,48.0,3.0,0.242,3,5.0,3.0,3.0,5.0,1.0,1.0,1.0,1.0,1.0,1.0,2,3,8,3.0,4.0,4.0,4.0,5.0,2.0,3.0,4.0,5,0.0,0,Medium
1.0,1.0,5.0,2.0,0.0,24.0,24.0,1.0,-0.188,3,2.0,3.0,1.0,4.0,2.0,1.0,1.0,1.0,1.0,1.0,4,2,3,2.0,2.0,1.0,1.0,1.0,3.0,2.0,3.0,5,1.0,0,Low
5.0,5.0,2.0,8.0,0.0,85.0,85.0,4.0,0.712,3,5.0,5.0,5.0,5.0,1.0,1.0,1.0,1.0,1.0,1.0,4,2,6,3.0,3.0,4.0,2.0,2.0,1.0,2.0,4.0,7,0.0,1,High
4.0,4.0,3.0,8.0,0.0,51.0,66.0,3.0,0.242,3,5.0,5.0,5.0,5.0,1.0,1.0,1.0,1.0,1.0,1.0,2,2,7,3.0,3.0,4.0,2.0,4.0,2.0,3.0,3.0,6,0.0,1,High
4.0,3.0,3.0,6.0,0.0,8.0,61.0,3.0,-1.485,1,5.0,3.0,3.0,4.0,1.0,2.0,2.0,1.0,1.0,1.0,1,2,1,4.0,4.0,3.0,3.0,3.0,1.0,2.0,1.0,7,2.0,1,High
3.0,3.0,5.0,5.0,1.0,42.0,49.0,3.0,-0.57,3,1.0,3.0,1.0,1.0,2.0,2.0,1.0,2.0,1.0,1.0,2,4,4,4.0,4.0,4.0,4.0,4.0,2.0,2.0,3.0,1,3.0,0,Medium
5.0,4.0,2.0,8.0,0.0,52.0,89.0,4.0,-0.57,3,5.0,4.0,5.0,4.0,1.0,1.0,1.0,1.0,1.0,1.0,5,1,7,4.0,4.0,4.0,4.0,5.0,3.0,2.0,4.0,6,0.0,1,High
3.0,5.0,5.0,7.0,0.0,60.0,14.0,1.0,-1.485,2,3.0,3.0,1.0,5.0,3.0,3.0,3.0,2.0,2.0,3.0,2,5,1,5.0,5.0,4.0,5.0,2.0,1.0,2.0,3.0,2,6.0,0,Low
4.0,3.0,1.0,8.0,1.0,52.0,52.0,3.0,1.267,3,5.0,4.0,4.0,4.0,1.0,1.0,1.0,1.0,1.0,1.0,3,2,9,3.0,4.0,4.0,3.0,4.0,3.0,3.0,3.0,8,0.0,0,Medium
5.0,4.0,3.0,2.0,1.0,50.0,56.0,4.0,0.242,3,5.0,4.0,5.0,5.0,1.0,1.0,1.0,1.0,1.0,1.0,3,4,8,5.0,5.0,5.0,5.0,6.0,2.0,4.0,4.0,3,0.0,1,Medium
5.0,4.0,4.0,5.0,1.0,64.0,52.0,3.0,-0.188,3,5.0,3.0,1.0,3.0,1.0,1.0,1.0,1.0,1.0,1.0,3,3,5,4.0,3.0,4.0,2.0,4.0,2.0,3.0,3.0,1,0.0,0,Medium
5.0,4.0,4.0,2.0,1.0,55.0,59.0,3.0,0.712,3,5.0,3.0,5.0,3.0,1.0,1.0,1.0,1.0,1.0,1.0,5,1,4,3.0,3.0,3.0,3.0,4.0,2.0,3.0,3.0,2,0.0,1,Medium
5.0,5.0,2.0,8.0,1.0,67.0,76.0,4.0,-0.909,3,5.0,4.0,5.0,5.0,1.0,1.0,1.0,1.0,1.0,1.0,5,2,7,2.0,4.0,4.0,4.0,6.0,2.0,3.0,4.0,6,0.0,1,High
4.0,3.0,2.0,2.0,0.0,48.0,68.0,3.0,0.242,3,5.0,3.0,5.0,3.0,1.0,1.0,1.0,1.0,1.0,1.0,5,2,6,4.0,4.0,3.0,2.0,4.0,2.0,2.0,3.0,2,0.0,1,High
5.0,4.0,3.0,8.0,1.0,54.0,49.0,3.0,-0.188,3,5.0,4.0,5.0,5.0,1.0,1.0,1.0,1.0,1.0,1.0,3,1,2,5.0,4.0,3.0,4.0,5.0,2.0,2.0,3.0,8,0.0,0,Medium
5.0,3.0,2.0,8.0,0.0,43.0,85.0,3.0,-0.188,2,5.0,1.0,1.0,4.0,1.0,1.0,1.0,1.0,1.0,1.0,2,1,4,2.0,2.0,2.0,2.0,4.0,1.0,4.0,2.0,6,0.0,1,High
4.0,4.0,4.0,5.0,1.0,42.0,60.0,4.0,-0.188,3,4.0,4.0,4.0,4.0,1.0,1.0,1.0,1.0,1.0,1.0,4,3,4,4.0,4.0,4.0,4.0,5.0,2.0,3.0,4.0,1,0.0,1,Medium
4.0,4.0,2.0,8.0,0.0,48.0,67.0,3.0,0.242,3,5.0,5.0,5.0,5.0,1.0,1.0,1.0,1.0,1.0,1.0,2,2,3,4.0,4.0,3.0,4.0,5.0,1.0,3.0,3.0,6,0.0,1,High
4.0,4.0,3.0,8.0,1.0,45.0,61.0,3.0,0.712,3,5.0,4.0,5.0,5.0,1.0,1.0,1.0,1.0,1.0,1.0,4,2,9,4.0,3.0,4.0,1.0,5.0,3.0,3.0,3.0,8,0.0,1,High
3.0,2.0,3.0,2.0,0.0,34.0,50.0,3.0,0.242,3,4.0,2.0,5.0,2.0,1.0,2.0,1.0,1.0,1.0,1.0,2,1,5,3.0,3.0,4.0,2.0,4.0,2.0,2.0,2.0,3,1.0,0,Medium
5.0,4.0,2.0,8.0,1.0,47.0,68.0,4.0,0.712,3,5.0,4.0,5.0,5.0,1.0,1.0,1.0,1.0,1.0,1.0,2,2,8,3.0,3.0,3.0,3.0,5.0,2.0,3.0,3.0,7,0.0,1,High
4.0,3.0,3.0,8.0,1.0,41.0,60.0,3.0,0.242,3,5.0,4.0,5.0,4.0,1.0,1.0,1.0,1.0,1.0,1.0,2,3,5,3.0,2.0,2.0,3.0,3.0,2.0,3.0,3.0,8,0.0,1,Medium
2.0,2.0,4.0,1.0,1.0,30.0,32.0,2.0,-0.188,3,4.0,2.0,1.0,4.0,2.0,1.0,1.0,1.0,1.0,1.0,5,2,8,3.0,2.0,3.0,3.0,2.0,2.0,2.0,2.0,4,1.0,0,Low
5.0,3.0,5.0,2.0,1.0,50.0,37.0,3.0,-0.57,2,5.0,4.0,3.0,5.0,2.0,2.0,1.0,1.0,1.0,1.0,5,2,7,4.0,4.0,4.0,3.0,4.0,1.0,3.0,3.0,2,2.0,0,Low
5.0,4.0,4.0,2.0,1.0,58.0,59.0,4.0,-0.57,3,5.0,4.0,3.0,4.0,1.0,1.0,1.0,1.0,2.0,1.0,3,3,8,5.0,5.0,4.0,4.0,5.0,2.0,3.0,3.0,3,1.0,1,Medium
2.0,2.0,5.0,2.0,0.0,38.0,47.0,3.0,0.242,3,4.0,4.0,4.0,4.0,1.0,1.0,1.0,1.0,1.0,1.0,1,1,2,4.0,3.0,2.0,3.0,4.0,3.0,3.0,3.0,4,0.0,0,Medium
5.0,5.0,1.0,2.0,0.0,58.0,59.0,3.0,-0.909,1,5.0,5.0,1.0,5.0,1.0,1.0,1.0,1.0,1.0,1.0,3,5,2,5.0,4.0,4.0,4.0,5.0,2.0,3.0,3.0,2,0.0,1,Medium
4.0,3.0,2.0,2.0,1.0,48.0,57.0,3.0,-0.57,3,4.0,4.0,3.0,4.0,1.0,1.0,1.0,1.0,1.0,1.0,3,4,4,4.0,3.0,3.0,2.0,5.0,2.0,3.0,3.0,3,0.0,1,Medium
5.0,3.0,2.0,5.0,1.0,47.0,52.0,3.0,0.712,3,4.0,4.0,3.0,4.0,1.0,1.0,1.0,1.0,1.0,1.0,4,2,6,3.0,4.0,4.0,3.0,4.0,2.0,3.0,3.0,2,0.0,0,Medium
4.0,3.0,2.0,8.0,0.0,49.0,82.0,3.0,-0.909,2,5.0,5.0,5.0,4.0,1.0,1.0,1.0,1.0,1.0,1.0,3,2,5,3.0,3.0,3.0,3.0,5.0,3.0,4.0,4.0,8,0.0,1,High
5.0,4.0,3.0,8.0,1.0,55.0,60.0,3.0,1.267,3,5.0,4.0,5.0,5.0,1.0,1.0,1.0,1.0,1.0,1.0,3,2,9,3.0,3.0,4.0,4.0,6.0,2.0,3.0,3.0,7,0.0,1,Medium
4.0,3.0,5.0,2.0,1.0,41.0,68.0,4.0,0.242,3,5.0,3.0,5.0,5.0,1.0,1.0,1.0,1.0,1.0,1.0,5,2,9,2.0,4.0,4.0,2.0,6.0,2.0,3.0,3.0,6,0.0,1,High
5.0,4.0,2.0,8.0,1.0,56.0,78.0,4.0,0.712,3,5.0,4.0,5.0,5.0,1.0,1.0,1.0,1.0,1.0,1.0,4,4,7,4.0,4.0,4.0,3.0,5.0,2.0,3.0,4.0,6,0.0,1,High
5.0,4.0,4.0,1.0,1.0,56.0,46.0,3.0,0.712,3,5.0,4.0,1.0,5.0,2.0,2.0,1.0,2.0,1.0,1.0,3,3,2,5.0,5.0,5.0,4.0,4.0,2.0,3.0,3.0,2,3.0,0,Medium
5.0,4.0,1.0,8.0,0.0,52.0,64.0,4.0,0.712,2,5.0,5.0,5.0,5.0,1.0,1.0,1.0,1.0,1.0,1.0,5,2,9,3.0,3.0,4.0,3.0,3.0,1.0,3.0,3.0,8,0.0,1,High
4.0,4.0,2.0,2.0,0.0,47.0,59.0,4.0,-0.57,3,5.0,4.0,3.0,5.0,1.0,1.0,1.0,1.0,1.0,1.0,3,2,8,2.0,4.0,3.0,2.0,5.0,3.0,3.0,3.0,4,0.0,1,Medium
3.0,3.0,4.0,4.0,0.0,31.0,39.0,2.0,-0.188,1,4.0,2.0,2.0,5.0,2.0,2.0,1.0,3.0,3.0,1.0,2,4,2,3.0,3.0,3.0,2.0,4.0,2.0,3.0,2.0,2,4.0,0,Low
2.0,2.0,5.0,3.0,0.0,33.0,34.0,2.0,-1.215,2,3.0,3.0,1.0,2.0,1.0,1.0,1.0,1.0,1.0,1.0,3,2,1,2.0,2.0,2.0,2.0,2.0,3.0,3.0,3.0,1,0.0,0,Low
5.0,3.0,4.0,6.0,0.0,34.0,39.0,2.0,-0.188,2,5.0,5.0,1.0,4.0,1.0,1.0,1.0,1.0,1.0,1.0,3,1,4,4.0,4.0,3.0,4.0,2.0,1.0,3.0,2.0,5,0.0,0,Low
3.0,3.0,3.0,2.0,0.0,45.0,63.0,3.0,0.242,3,4.0,3.0,5.0,3.0,1.0,1.0,1.0,1.0,1.0,1.0,5,3,7,4.0,4.0,3.0,3.0,5.0,1.0,3.0,3.0,3,0.0,1,High
5.0,2.0,1.0,2.0,1.0,42.0,53.0,3.0,0.242,3,5.0,4.0,2.0,5.0,1.0,1.0,1.0,1.0,1.0,1.0,2,2,3,2.0,2.0,2.0,2.0,2.0,2.0,3.0,3.0,4,0.0,0,Medium
4.0,4.0,5.0,2.0,1.0,58.0,46.0,4.0,0.242,3,5.0,4.0,5.0,4.0,1.0,1.0,1.0,1.0,1.0,1.0,5,1,8,4.0,4.0,4.0,4.0,6.0,1.0,4.0,4.0,2,0.0,0,Medium
5.0,3.0,3.0,3.0,1.0,50.0,53.0,3.0,-0.188,3,5.0,4.0,5.0,4.0,1.0,1.0,1.0,1.0,1.0,1.0,4,5,2,4.0,4.0,3.0,2.0,3.0,1.0,3.0,3.0,2,0.0,0,Medium
5.0,4.0,2.0,8.0,0.0,65.0,79.0,3.0,0.712,3,5.0,5.0,5.0,5.0,1.0,1.0,1.0,1.0,1.0,1.0,2,2,7,4.0,5.0,4.0,4.0,6.0,1.0,3.0,4.0,7,0.0,1,High
4.0,4.0,4.0,8.0,1.0,43.0,47.0,3.0,1.267,3,5.0,4.0,5.0,5.0,1.0,1.0,1.0,1.0,1.0,1.0,4,2,3,4.0,4.0,4.0,4.0,5.0,3.0,3.0,3.0,8,0.0,0,Medium
5.0,5.0,3.0,2.0,1.0,63.0,71.0,4.0,-0.188,3,5.0,5.0,5.0,5.0,1.0,1.0,1.0,1.0,1.0,1.0,2,2,7,3.0,4.0,4.0,4.0,6.0,1.0,3.0,4.0,7,0.0,1,High
3.0,3.0,5.0,2.0,1.0,30.0,53.0,3.0,-0.909,1,5.0,3.0,5.0,5.0,1.0,1.0,2.0,1.0,1.0,1.0,2,1,5,4.0,4.0,4.0,4.0,5.0,3.0,1.0,3.0,4,1.0,0,Medium
4.0,4.0,3.0,8.0,0.0,53.0,61.0,3.0,-0.188,2,5.0,5.0,5.0,5.0,1.0,1.0,1.0,1.0,1.0,1.0,2,1,1,3.0,4.0,4.0,3.0,3.0,2.0,3.0,2.0,8,0.0,1,High
5.0,3.0,2.0,2.0,1.0,42.0,55.0,3.0,0.242,3,5.0,3.0,5.0,5.0,1.0,1.0,1.0,1.0,1.0,1.0,3,5,5,3.0,3.0,4.0,3.0,4.0,2.0,3.0,3.0,3,0.0,1,Medium
4.0,3.0,5.0,3.0,0.0,46.0,47.0,3.0,0.242,3,4.0,4.0,2.0,5.0,1.0,2.0,1.0,1.0,1.0,1.0,3,1,5,4.0,4.0,3.0,3.0,2.0,2.0,2.0,3.0,6,1.0,0,Medium
5.0,4.0,2.0,8.0,1.0,53.0,63.0,3.0,0.712,3,4.0,4.0,5.0,4.0,1.0,1.0,1.0,1.0,1.0,1.0,3,2,4,4.0,4.0,4.0,3.0,5.0,2.0,3.0,3.0,8,0.0,1,High
5.0,3.0,4.0,2.0,1.0,40.0,46.0,3.0,1.267,3,5.0,4.0,5.0,5.0,1.0,1.0,1.0,1.0,1.0,1.0,5,3,4,2.0,4.0,4.0,2.0,5.0,2.0,2.0,3.0,2,0.0,0,Medium
5.0,3.0,3.0,2.0,0.0,45.0,50.0,3.0,-0.188,3,5.0,3.0,5.0,5.0,1.0,1.0,1.0,1.0,1.0,1.0,2,3,7,4.0,2.0,3.0,2.0,4.0,,4.0,2.0,3,0.0,0,Medium
5.0,5.0,2.0,3.0,1.0,47.0,70.0,4.0,1.267,3,5.0,5.0,5.0,5.0,1.0,1.0,1.0,1.0,1.0,1.0,5,2,8,2.0,2.0,2.0,2.0,5.0,1.0,3.0,4.0,7,0.0,1,High
5.0,4.0,2.0,8.0,1.0,58.0,64.0,3.0,-0.188,3,5.0,5.0,5.0,5.0,1.0,1.0,1.0,1.0,1.0,1.0,3,1,4,4.0,4.0,4.0,4.0,6.0,2.0,3.0,3.0,7,0.0,1,High
5.0,5.0,2.0,3.0,0.0,53.0,86.0,4.0,-1.215,2,5.0,5.0,5.0,5.0,1.0,1.0,1.0,1.0,1.0,1.0,2,2,7,3.0,3.0,4.0,4.0,6.0,3.0,2.0,3.0,5,0.0,1,High
3.0,3.0,2.0,2.0,1.0,42.0,50.0,3.0,0.242,3,3.0,3.0,3.0,3.0,1.0,1.0,1.0,1.0,1.0,1.0,4,2,5,3.0,3.0,3.0,3.0,4.0,3.0,3.0,3.0,4,0.0,0,Medium
4.0,4.0,2.0,2.0,1.0,69.0,54.0,3.0,-0.57,3,5.0,5.0,5.0,5.0,1.0,1.0,1.0,1.0,1.0,1.0,2,1,3,4.0,4.0,4.0,4.0,5.0,1.0,3.0,3.0,5,0.0,0,Medium
5.0,4.0,1.0,5.0,0.0,61.0,67.0,4.0,0.242,3,5.0,5.0,5.0,3.0,1.0,1.0,1.0,1.0,1.0,1.0,3,3,8,4.0,5.0,4.0,2.0,6.0,2.0,3.0,4.0,1,0.0,1,High
5.0,5.0,4.0,1.0,0.0,58.0,49.0,3.0,-1.713,1,5.0,5.0,4.0,5.0,1.0,1.0,1.0,1.0,1.0,1.0,2,2,4,3.0,5.0,4.0,4.0,6.0,4.0,4.0,3.0,3,0.0,0,Medium
4.0,3.0,2.0,2.0,1.0,57.0,72.0,3.0,-0.188,3,5.0,4.0,4.0,5.0,1.0,1.0,1.0,1.0,1.0,1.0,4,4,9,3.0,4.0,4.0,4.0,4.0,2.0,3.0,4.0,3,0.0,1,High
5.0,4.0,4.0,2.0,0.0,72.0,56.0,4.0,-0.909,3,5.0,4.0,4.0,5.0,1.0,1.0,1.0,1.0,1.0,1.0,3,2,6,2.0,4.0,4.0,2.0,5.0,2.0,4.0,2.0,6,0.0,1,Medium
5.0,4.0,3.0,,1.0,48.0,47.0,3.0,0.712,3,5.0,4.0,5.0,5.0,1.0,1.0,1.0,1.0,1.0,1.0,4,4,7,3.0,3.0,3.0,3.0,6.0,2.0,4.0,4.0,4,0.0,0,Medium
4.0,4.0,2.0,2.0,1.0,60.0,65.0,4.0,1.267,3,3.0,2.0,1.0,2.0,1.0,1.0,1.0,1.0,1.0,1.0,4,4,9,3.0,3.0,4.0,3.0,4.0,2.0,4.0,4.0,2,0.0,1,High
3.0,3.0,3.0,8.0,0.0,41.0,50.0,3.0,-1.215,2,3.0,3.0,3.0,3.0,2.0,2.0,2.0,2.0,2.0,2.0,2,2,1,3.0,3.0,3.0,3.0,3.0,3.0,3.0,3.0,6,6.0,0,Medium
5.0,4.0,3.0,8.0,0.0,51.0,67.0,4.0,-0.188,3,5.0,5.0,5.0,5.0,1.0,1.0,1.0,1.0,1.0,1.0,2,2,9,2.0,3.0,3.0,1.0,6.0,2.0,3.0,3.0,8,0.0,1,High
5.0,5.0,3.0,2.0,1.0,59.0,52.0,4.0,1.267,3,5.0,4.0,5.0,3.0,1.0,1.0,1.0,1.0,1.0,1.0,4,4,8,5.0,4.0,5.0,4.0,6.0,2.0,3.0,3.0,2,0.0,0,Medium
4.0,3.0,4.0,5.0,0.0,44.0,58.0,3.0,-0.188,3,5.0,3.0,5.0,5.0,1.0,1.0,1.0,1.0,1.0,1.0,3,3,1,5.0,3.0,3.0,3.0,5.0,2.0,2.0,4.0,1,0.0,1,Medium
5.0,4.0,2.0,5.0,1.0,57.0,71.0,3.0,0.712,2,5.0,4.0,5.0,4.0,1.0,1.0,1.0,1.0,1.0,1.0,3,4,5,4.0,4.0,4.0,4.0,6.0,2.0,3.0,3.0,1,0.0,1,High
4.0,4.0,1.0,3.0,0.0,55.0,65.0,4.0,0.712,3,5.0,5.0,5.0,4.0,1.0,1.0,1.0,1.0,1.0,1.0,4,1,1,3.0,4.0,4.0,4.0,5.0,2.0,3.0,3.0,4,0.0,1,High
4.0,4.0,3.0,2.0,1.0,58.0,70.0,4.0,1.267,3,5.0,5.0,5.0,5.0,1.0,1.0,1.0,1.0,1.0,1.0,5,1,8,4.0,4.0,4.0,4.0,5.0,1.0,2.0,4.0,4,0.0,1,High
4.0,5.0,3.0,8.0,1.0,57.0,67.0,4.0,0.712,3,5.0,5.0,5.0,5.0,1.0,1.0,1.0,1.0,1.0,1.0,3,2,7,4.0,4.0,4.0,4.0,5.0,2.0,3.0,4.0,6,0.0,1,High
4.0,4.0,5.0,2.0,1.0,54.0,59.0,4.0,-0.188,3,5.0,5.0,5.0,4.0,1.0,1.0,1.0,1.0,1.0,1.0,3,4,7,4.0,4.0,4.0,3.0,5.0,1.0,3.0,3.0,4,0.0,1,Medium
5.0,4.0,4.0,2.0,1.0,60.0,68.0,3.0,0.712,3,5.0,5.0,1.0,4.0,1.0,1.0,1.0,1.0,1.0,1.0,3,4,6,5.0,4.0,4.0,5.0,6.0,2.0,3.0,3.0,2,0.0,1,High
5.0,4.0,4.0,2.0,1.0,49.0,62.0,3.0,0.242,3,5.0,5.0,1.0,5.0,1.0,1.0,1.0,1.0,1.0,1.0,3,4,6,5.0,5.0,5.0,3.0,6.0,2.0,3.0,4.0,2,0.0,1,High
3.0,4.0,3.0,2.0,0.0,58.0,56.0,3.0,0.712,3,5.0,4.0,3.0,4.0,1.0,1.0,1.0,1.0,1.0,1.0,4,5,8,4.0,4.0,4.0,4.0,5.0,2.0,3.0,3.0,3,0.0,1,Medium
4.0,3.0,4.0,2.0,0.0,42.0,29.0,3.0,-0.188,3,3.0,3.0,1.0,5.0,3.0,3.0,1.0,2.0,1.0,1.0,2,3,3,5.0,4.0,4.0,3.0,2.0,2.0,3.0,3.0,4,3.0,0,Low
5.0,3.0,5.0,2.0,1.0,33.0,52.0,3.0,-0.909,3,4.0,4.0,2.0,2.0,1.0,1.0,1.0,1.0,1.0,1.0,4,1,5,4.0,3.0,3.0,2.0,6.0,2.0,3.0,3.0,3,0.0,0,Medium
5.0,3.0,3.0,8.0,0.0,40.0,52.0,3.0,0.242,3,5.0,4.0,4.0,5.0,1.0,1.0,1.0,1.0,1.0,1.0,2,2,3,4.0,3.0,2.0,2.0,3.0,2.0,2.0,3.0,7,0.0,0,Medium
5.0,4.0,3.0,8.0,1.0,69.0,95.0,4.0,0.712,3,5.0,5.0,5.0,5.0,1.0,1.0,1.0,1.0,1.0,1.0,5,2,9,5.0,4.0,5.0,4.0,6.0,2.0,3.0,4.0,6,0.0,1,High
4.0,4.0,3.0,2.0,1.0,52.0,64.0,3.0,0.712,2,3.0,3.0,4.0,4.0,1.0,1.0,1.0,1.0,1.0,1.0,4,2,5,3.0,4.0,4.0,3.0,4.0,2.0,4.0,3.0,2,0.0,1,High
3.0,3.0,1.0,1.0,0.0,43.0,45.0,2.0,-1.713,1,5.0,5.0,3.0,5.0,3.0,2.0,1.0,1.0,2.0,1.0,1,3,2,4.0,2.0,4.0,2.0,5.0,4.0,4.0,4.0,5,3.0,0,Medium
5.0,4.0,3.0,2.0,0.0,50.0,50.0,4.0,-0.909,3,5.0,4.0,3.0,3.0,1.0,1.0,1.0,1.0,1.0,1.0,2,5,4,4.0,4.0,4.0,4.0,4.0,2.0,4.0,4.0,2,0.0,0,Medium
4.0,3.0,4.0,3.0,1.0,39.0,38.0,2.0,-0.188,3,5.0,3.0,3.0,5.0,2.0,2.0,1.0,1.0,1.0,1.0,3,4,4,4.0,4.0,4.0,3.0,1.0,3.0,2.0,2.0,1,2.0,0,Low
4.0,3.0,5.0,8.0,0.0,38.0,42.0,2.0,-1.485,2,5.0,3.0,1.0,4.0,1.0,1.0,1.0,1.0,1.0,1.0,2,3,3,4.0,3.0,3.0,3.0,2.0,3.0,3.0,1.0,3,0.0,0,Low
5.0,3.0,5.0,6.0,1.0,39.0,52.0,3.0,-0.188,3,5.0,2.0,3.0,1.0,3.0,2.0,3.0,3.0,2.0,1.0,3,4,3,4.0,3.0,2.0,1.0,4.0,1.0,2.0,3.0,3,5.0,0,Medium
4.0,4.0,2.0,8.0,1.0,55.0,50.0,3.0,0.712,3,5.0,5.0,5.0,5.0,1.0,1.0,1.0,1.0,1.0,1.0,2,2,2,3.0,4.0,4.0,4.0,4.0,2.0,3.0,3.0,8,0.0,0,Medium
4.0,4.0,3.0,2.0,1.0,53.0,62.0,4.0,0.712,3,5.0,5.0,5.0,5.0,1.0,1.0,1.0,1.0,1.0,1.0,5,1,8,4.0,4.0,4.0,3.0,5.0,2.0,3.0,3.0,6,0.0,1,High
5.0,4.0,5.0,8.0,1.0,60.0,68.0,4.0,0.712,3,5.0,4.0,4.0,5.0,1.0,1.0,1.0,1.0,1.0,1.0,5,3,8,4.0,4.0,4.0,5.0,5.0,2.0,3.0,2.0,6,0.0,1,High
3.0,3.0,2.0,3.0,1.0,45.0,51.0,3.0,-0.188,3,5.0,4.0,1.0,5.0,1.0,1.0,1.0,1.0,1.0,1.0,3,2,5,3.0,4.0,4.0,3.0,4.0,2.0,2.0,2.0,7,0.0,0,Medium
4.0,4.0,4.0,4.0,1.0,46.0,59.0,,-1.215,2,5.0,5.0,5.0,5.0,1.0,1.0,1.0,1.0,1.0,1.0,1,3,1,3.0,3.0,3.0,3.0,4.0,2.0,3.0,3.0,5,0.0,1,Medium
4.0,4.0,3.0,2.0,1.0,41.0,44.0,3.0,1.267,3,4.0,3.0,1.0,5.0,1.0,1.0,1.0,1.0,1.0,1.0,4,5,8,5.0,5.0,5.0,5.0,5.0,1.0,3.0,3.0,4,0.0,0,Medium
5.0,4.0,2.0,8.0,0.0,57.0,71.0,3.0,0.712,3,5.0,4.0,5.0,5.0,1.0,1.0,1.0,1.0,1.0,1.0,3,2,6,4.0,4.0,4.0,3.0,6.0,2.0,4.0,3.0,8,0.0,1,High
5.0,2.0,2.0,5.0,1.0,48.0,60.0,3.0,0.242,3,5.0,5.0,1.0,5.0,1.0,1.0,1.0,1.0,1.0,1.0,3,4,7,2.0,3.0,3.0,1.0,4.0,2.0,4.0,3.0,1,0.0,1,Medium
5.0,3.0,2.0,2.0,1.0,55.0,58.0,,-0.188,3,5.0,5.0,4.0,4.0,1.0,1.0,1.0,1.0,1.0,1.0,2,5,7,4.0,4.0,3.0,4.0,2.0,1.0,3.0,4.0,2,0.0,1,Medium
5.0,3.0,2.0,2.0,1.0,55.0,42.0,3.0,-0.57,3,5.0,3.0,4.0,5.0,1.0,1.0,1.0,1.0,1.0,1.0,4,1,3,5.0,5.0,5.0,5.0,4.0,1.0,2.0,3.0,5,0.0,0,Low
3.0,2.0,5.0,3.0,0.0,35.0,40.0,2.0,-1.215,1,4.0,4.0,4.0,4.0,1.0,1.0,2.0,2.0,1.0,1.0,1,5,1,4.0,3.0,3.0,3.0,4.0,3.0,3.0,3.0,3,2.0,0,Low
5.0,3.0,3.0,2.0,0.0,54.0,42.0,4.0,-1.485,1,3.0,4.0,5.0,4.0,1.0,1.0,1.0,1.0,1.0,1.0,1,2,7,4.0,4.0,3.0,3.0,2.0,1.0,4.0,3.0,5,0.0,0,Low
5.0,5.0,1.0,8.0,1.0,64.0,74.0,3.0,-0.57,2,5.0,5.0,5.0,5.0,1.0,1.0,1.0,1.0,1.0,1.0,1,2,3,4.0,4.0,3.0,3.0,6.0,1.0,4.0,4.0,8,0.0,1,High
5.0,5.0,2.0,2.0,0.0,42.0,56.0,3.0,-1.485,2,5.0,3.0,1.0,1.0,1.0,1.0,1.0,1.0,1.0,1.0,1,2,1,4.0,3.0,3.0,3.0,4.0,3.0,3.0,3.0,2,0.0,1,Medium
5.0,5.0,2.0,2.0,1.0,56.0,60.0,4.0,0.242,3,5.0,4.0,4.0,5.0,1.0,1.0,1.0,1.0,1.0,1.0,5,4,7,5.0,4.0,4.0,5.0,6.0,2.0,3.0,4.0,2,0.0,1,Medium
4.0,4.0,5.0,6.0,1.0,56.0,41.0,3.0,-0.188,3,2.0,3.0,1.0,4.0,3.0,3.0,3.0,3.0,2.0,2.0,2,5,5,4.0,4.0,4.0,3.0,2.0,3.0,2.0,3.0,1,6.0,0,Low
4.0,4.0,4.0,2.0,1.0,46.0,48.0,2.0,0.242,3,3.0,3.0,1.0,4.0,1.0,1.0,1.0,1.0,2.0,1.0,3,4,3,4.0,4.0,4.0,3.0,2.0,1.0,2.0,2.0,4,1.0,0,Medium
5.0,3.0,2.0,8.0,1.0,55.0,71.0,4.0,-0.57,3,5.0,3.0,4.0,4.0,1.0,1.0,1.0,1.0,1.0,1.0,2,2,6,5.0,4.0,4.0,3.0,5.0,3.0,3.0,4.0,6,0.0,1,High
5.0,3.0,3.0,2.0,0.0,45.0,51.0,3.0,-0.188,3,5.0,4.0,1.0,4.0,1.0,1.0,1.0,2.0,2.0,1.0,4,3,5,4.0,3.0,2.0,2.0,3.0,2.0,2.0,2.0,2,2.0,0,Medium
5.0,4.0,4.0,1.0,1.0,43.0,54.0,4.0,0.712,3,5.0,5.0,5.0,5.0,1.0,1.0,1.0,1.0,1.0,1.0,3,2,7,4.0,4.0,4.0,4.0,6.0,2.0,3.0,3.0,4,0.0,0,Medium
4.0,4.0,4.0,8.0,1.0,50.0,50.0,4.0,0.712,3,5.0,4.0,4.0,3.0,1.0,1.0,1.0,1.0,1.0,1.0,3,2,3,2.0,3.0,4.0,3.0,3.0,1.0,3.0,3.0,5,0.0,0,Medium
4.0,3.0,4.0,2.0,1.0,33.0,50.0,3.0,-0.188,3,5.0,3.0,4.0,5.0,1.0,1.0,1.0,1.0,2.0,1.0,3,3,7,3.0,3.0,3.0,3.0,5.0,2.0,3.0,3.0,6,1.0,0,Medium
5.0,4.0,5.0,8.0,1.0,63.0,68.0,4.0,0.242,3,5.0,5.0,5.0,5.0,1.0,1.0,1.0,1.0,1.0,1.0,4,2,8,4.0,4.0,4.0,4.0,6.0,1.0,3.0,3.0,7,0.0,1,High
5.0,4.0,3.0,8.0,1.0,52.0,66.0,4.0,0.712,1,5.0,5.0,5.0,5.0,1.0,1.0,1.0,1.0,1.0,1.0,2,1,2,4.0,4.0,5.0,4.0,5.0,1.0,4.0,3.0,6,0.0,1,High
3.0,3.0,4.0,3.0,0.0,42.0,42.0,3.0,-1.215,1,5.0,3.0,1.0,1.0,2.0,1.0,1.0,1.0,1.0,1.0,2,4,1,4.0,4.0,4.0,3.0,3.0,1.0,2.0,2.0,3,1.0,0,Low
3.0,3.0,3.0,2.0,1.0,31.0,41.0,2.0,1.267,3,3.0,3.0,1.0,5.0,1.0,1.0,1.0,1.0,2.0,1.0,2,2,6,1.0,3.0,3.0,2.0,3.0,3.0,2.0,2.0,2,1.0,0,Low
4.0,3.0,4.0,1.0,0.0,41.0,59.0,3.0,-0.57,2,4.0,4.0,4.0,4.0,1.0,1.0,1.0,1.0,1.0,1.0,2,2,5,3.0,3.0,4.0,3.0,4.0,3.0,3.0,3.0,4,0.0,1,Medium
5.0,4.0,3.0,2.0,1.0,47.0,62.0,3.0,-0.188,2,5.0,5.0,2.0,5.0,1.0,1.0,1.0,1.0,1.0,1.0,2,4,3,4.0,4.0,4.0,3.0,6.0,2.0,4.0,3.0,3,0.0,1,High
5.0,4.0,4.0,2.0,1.0,47.0,64.0,4.0,0.712,3,5.0,4.0,5.0,3.0,1.0,1.0,1.0,1.0,1.0,1.0,5,3,9,3.0,4.0,4.0,3.0,6.0,2.0,3.0,3.0,4,0.0,1,High
5.0,5.0,2.0,2.0,1.0,80.0,89.0,4.0,0.712,3,5.0,5.0,5.0,5.0,1.0,1.0,1.0,1.0,1.0,1.0,5,2,7,5.0,5.0,5.0,5.0,6.0,1.0,3.0,4.0,6,0.0,1,High
5.0,4.0,2.0,4.0,1.0,58.0,58.0,4.0,0.712,3,5.0,4.0,2.0,5.0,1.0,1.0,1.0,1.0,1.0,1.0,4,3,6,5.0,4.0,4.0,4.0,3.0,2.0,3.0,3.0,4,0.0,1,Medium
4.0,3.0,3.0,2.0,1.0,42.0,40.0,3.0,0.242,3,5.0,3.0,5.0,5.0,1.0,1.0,1.0,1.0,1.0,1.0,4,2,8,3.0,2.0,4.0,3.0,3.0,2.0,2.0,2.0,6,0.0,0,Low
5.0,5.0,3.0,2.0,1.0,53.0,68.0,4.0,-0.57,3,5.0,4.0,5.0,5.0,1.0,1.0,1.0,1.0,1.0,1.0,4,2,7,4.0,4.0,4.0,4.0,6.0,2.0,3.0,3.0,2,0.0,1,High
5.0,3.0,4.0,2.0,1.0,40.0,40.0,3.0,0.712,3,5.0,2.0,4.0,3.0,2.0,1.0,1.0,2.0,1.0,1.0,2,4,6,2.0,3.0,4.0,4.0,3.0,2.0,3.0,2.0,3,2.0,0,Low
5.0,4.0,2.0,2.0,0.0,57.0,68.0,3.0,1.267,3,5.0,4.0,4.0,4.0,1.0,1.0,1.0,1.0,1.0,1.0,5,2,8,4.0,4.0,4.0,4.0,6.0,1.0,3.0,3.0,3,0.0,1,High
5.0,2.0,3.0,1.0,1.0,42.0,48.0,3.0,0.242,3,5.0,2.0,3.0,2.0,1.0,1.0,1.0,1.0,1.0,1.0,4,4,9,1.0,2.0,3.0,1.0,5.0,2.0,3.0,3.0,5,0.0,0,Medium
5.0,4.0,2.0,2.0,1.0,58.0,68.0,4.0,0.712,3,5.0,4.0,5.0,4.0,1.0,1.0,1.0,1.0,1.0,1.0,4,4,8,5.0,4.0,5.0,4.0,6.0,2.0,4.0,4.0,2,0.0,1,High
1.0,1.0,4.0,6.0,0.0,10.0,33.0,1.0,-0.909,2,3.0,1.0,1.0,1.0,3.0,3.0,3.0,3.0,3.0,3.0,1,5,1,1.0,1.0,1.0,1.0,1.0,4.0,1.0,1.0,4,6.0,0,Low
4.0,4.0,4.0,3.0,1.0,42.0,42.0,3.0,0.242,3,4.0,3.0,3.0,5.0,1.0,1.0,1.0,1.0,1.0,1.0,4,4,8,4.0,3.0,3.0,2.0,3.0,2.0,2.0,3.0,4,0.0,0,Low
4.0,3.0,3.0,2.0,0.0,42.0,60.0,3.0,-0.57,3,5.0,4.0,5.0,5.0,1.0,1.0,1.0,1.0,1.0,1.0,4,2,6,2.0,4.0,3.0,2.0,2.0,2.0,3.0,3.0,2,0.0,1,Medium
4.0,3.0,4.0,2.0,1.0,48.0,46.0,4.0,0.242,3,4.0,4.0,2.0,5.0,1.0,2.0,1.0,2.0,1.0,1.0,4,3,5,3.0,4.0,4.0,4.0,4.0,2.0,2.0,3.0,4,2.0,0,Medium
4.0,3.0,4.0,2.0,0.0,54.0,60.0,4.0,0.712,3,5.0,5.0,5.0,5.0,1.0,1.0,1.0,1.0,1.0,1.0,3,3,9,3.0,3.0,3.0,3.0,4.0,3.0,2.0,3.0,4,0.0,1,Medium
5.0,5.0,2.0,2.0,1.0,85.0,78.0,4.0,-0.909,2,5.0,5.0,3.0,5.0,1.0,1.0,1.0,1.0,1.0,1.0,2,4,2,5.0,5.0,5.0,5.0,6.0,1.0,4.0,4.0,2,0.0,1,High
5.0,5.0,3.0,1.0,1.0,67.0,65.0,4.0,1.267,3,5.0,5.0,5.0,5.0,1.0,1.0,1.0,1.0,1.0,1.0,3,2,6,5.0,5.0,5.0,5.0,6.0,2.0,2.0,4.0,5,0.0,1,High
1.0,1.0,5.0,7.0,0.0,25.0,51.0,1.0,-0.57,2,2.0,1.0,1.0,1.0,3.0,3.0,3.0,1.0,1.0,1.0,3,5,5,2.0,4.0,2.0,2.0,2.0,3.0,1.0,4.0,2,3.0,0,Medium
4.0,3.0,3.0,8.0,0.0,38.0,47.0,2.0,0.712,3,4.0,3.0,5.0,5.0,2.0,2.0,2.0,2.0,1.0,1.0,2,1,1,5.0,4.0,4.0,3.0,2.0,3.0,2.0,3.0,7,4.0,0,Medium
3.0,4.0,2.0,8.0,1.0,52.0,53.0,3.0,-0.188,2,5.0,4.0,5.0,5.0,1.0,1.0,1.0,1.0,1.0,1.0,4,2,4,4.0,4.0,4.0,3.0,4.0,3.0,3.0,3.0,8,0.0,0,Medium
5.0,4.0,2.0,8.0,1.0,61.0,88.0,4.0,0.242,3,5.0,4.0,5.0,5.0,1.0,1.0,1.0,1.0,1.0,1.0,3,2,8,2.0,4.0,4.0,4.0,5.0,3.0,3.0,3.0,7,0.0,1,High
4.0,2.0,5.0,2.0,1.0,57.0,28.0,2.0,-0.188,3,4.0,4.0,2.0,5.0,3.0,3.0,2.0,3.0,2.0,1.0,3,3,7,5.0,4.0,4.0,2.0,2.0,1.0,4.0,4.0,4,5.0,0,Low
5.0,5.0,2.0,2.0,0.0,55.0,70.0,4.0,0.712,3,5.0,5.0,5.0,3.0,1.0,1.0,1.0,1.0,1.0,1.0,5,2,8,1.0,1.0,4.0,2.0,6.0,2.0,3.0,3.0,4,0.0,1,High
5.0,1.0,1.0,7.0,0.0,38.0,65.0,4.0,-0.188,3,4.0,4.0,4.0,2.0,1.0,1.0,1.0,1.0,1.0,1.0,2,2,7,4.0,1.0,4.0,3.0,4.0,2.0,2.0,2.0,4,0.0,1,High
4.0,2.0,4.0,5.0,0.0,30.0,57.0,3.0,0.242,2,5.0,3.0,1.0,4.0,1.0,1.0,1.0,1.0,1.0,1.0,3,2,2,2.0,2.0,2.0,2.0,2.0,2.0,3.0,3.0,1,0.0,1,Medium
3.0,3.0,4.0,2.0,1.0,48.0,51.0,3.0,0.242,3,4.0,4.0,3.0,4.0,1.0,1.0,1.0,1.0,1.0,1.0,3,2,7,4.0,3.0,3.0,3.0,3.0,3.0,3.0,3.0,6,0.0,0,Medium
4.0,4.0,3.0,3.0,0.0,52.0,64.0,4.0,-0.57,3,5.0,4.0,5.0,5.0,1.0,1.0,1.0,1.0,1.0,1.0,2,2,8,3.0,3.0,4.0,3.0,6.0,2.0,3.0,3.0,5,0.0,1,High
5.0,3.0,3.0,8.0,1.0,43.0,58.0,3.0,0.242,3,5.0,5.0,4.0,5.0,1.0,1.0,1.0,1.0,2.0,1.0,3,2,5,3.0,4.0,3.0,3.0,5.0,3.0,2.0,3.0,7,1.0,1,Medium
5.0,5.0,2.0,8.0,1.0,64.0,95.0,4.0,0.712,3,5.0,5.0,5.0,5.0,1.0,1.0,1.0,1.0,1.0,1.0,4,3,7,5.0,5.0,5.0,5.0,5.0,1.0,3.0,4.0,6,0.0,1,High
5.0,3.0,3.0,4.0,1.0,39.0,66.0,3.0,0.242,3,5.0,4.0,5.0,4.0,1.0,1.0,1.0,2.0,1.0,1.0,3,4,7,4.0,4.0,3.0,2.0,5.0,2.0,4.0,3.0,4,1.0,1,High
5.0,3.0,4.0,2.0,1.0,33.0,51.0,3.0,1.267,3,5.0,5.0,5.0,4.0,1.0,1.0,1.0,1.0,1.0,1.0,4,1,8,4.0,2.0,2.0,2.0,3.0,2.0,3.0,3.0,2,0.0,0,Medium
5.0,5.0,4.0,2.0,0.0,55.0,57.0,4.0,0.712,3,4.0,4.0,4.0,3.0,1.0,1.0,1.0,2.0,1.0,1.0,2,1,3,2.0,2.0,4.0,4.0,4.0,1.0,3.0,3.0,2,1.0,1,Medium
5.0,4.0,2.0,2.0,1.0,60.0,75.0,4.0,1.267,3,5.0,5.0,5.0,5.0,1.0,1.0,1.0,1.0,1.0,1.0,4,2,9,5.0,4.0,4.0,2.0,5.0,1.0,3.0,4.0,6,0.0,1,High
2.0,2.0,3.0,1.0,0.0,14.0,37.0,2.0,0.712,3,2.0,2.0,1.0,1.0,2.0,1.0,3.0,1.0,1.0,1.0,3,5,8,2.0,2.0,2.0,2.0,1.0,2.0,1.0,2.0,4,2.0,0,Low
4.0,3.0,3.0,2.0,1.0,48.0,62.0,3.0,1.267,3,5.0,4.0,5.0,5.0,1.0,1.0,1.0,1.0,1.0,1.0,5,2,8,3.0,2.0,4.0,2.0,4.0,2.0,2.0,3.0,2,0.0,1,High
5.0,3.0,4.0,2.0,1.0,47.0,41.0,3.0,-0.188,2,5.0,4.0,2.0,5.0,2.0,2.0,1.0,3.0,3.0,1.0,5,1,3,3.0,5.0,4.0,4.0,2.0,1.0,3.0,3.0,2,4.0,0,Low
4.0,3.0,4.0,2.0,1.0,41.0,49.0,2.0,0.712,3,4.0,3.0,2.0,1.0,1.0,1.0,2.0,2.0,2.0,1.0,5,3,8,3.0,3.0,3.0,3.0,2.0,2.0,2.0,2.0,4,3.0,0,Medium
4.0,2.0,2.0,2.0,1.0,45.0,53.0,3.0,-0.188,3,3.0,1.0,2.0,4.0,1.0,1.0,1.0,1.0,1.0,1.0,3,2,9,2.0,2.0,4.0,2.0,2.0,2.0,2.0,3.0,4,0.0,0,Medium
4.0,4.0,4.0,,1.0,50.0,48.0,4.0,-0.57,3,5.0,4.0,5.0,5.0,1.0,1.0,1.0,1.0,1.0,1.0,2,4,8,4.0,4.0,4.0,4.0,4.0,2.0,3.0,3.0,4,0.0,0,Medium
5.0,3.0,4.0,2.0,0.0,42.0,62.0,3.0,-0.57,3,5.0,5.0,5.0,2.0,1.0,1.0,1.0,1.0,1.0,1.0,4,3,9,2.0,2.0,2.0,2.0,4.0,1.0,3.0,3.0,2,0.0,1,High
5.0,4.0,3.0,4.0,1.0,59.0,58.0,4.0,-0.57,2,5.0,5.0,5.0,5.0,1.0,1.0,1.0,1.0,1.0,1.0,3,3,1,4.0,3.0,5.0,4.0,6.0,4.0,3.0,3.0,1,0.0,1,Medium
5.0,5.0,3.0,8.0,0.0,85.0,88.0,4.0,0.712,3,5.0,5.0,4.0,5.0,1.0,1.0,1.0,1.0,1.0,1.0,5,2,9,3.0,3.0,5.0,3.0,6.0,2.0,3.0,3.0,6,0.0,1,High
5.0,3.0,5.0,7.0,1.0,48.0,32.0,2.0,0.712,3,5.0,4.0,4.0,5.0,2.0,2.0,1.0,2.0,2.0,1.0,4,2,6,5.0,5.0,4.0,4.0,5.0,1.0,3.0,2.0,6,4.0,0,Low
5.0,4.0,4.0,2.0,1.0,56.0,53.0,3.0,0.242,3,5.0,3.0,3.0,5.0,1.0,1.0,1.0,1.0,1.0,1.0,4,1,6,4.0,4.0,3.0,3.0,4.0,3.0,4.0,3.0,2,0.0,0,Medium
3.0,3.0,5.0,2.0,0.0,29.0,21.0,1.0,-0.909,1,1.0,1.0,2.0,3.0,3.0,3.0,1.0,3.0,1.0,3.0,3,5,3,1.0,2.0,1.0,1.0,2.0,2.0,3.0,2.0,2,4.0,0,Low
4.0,3.0,4.0,8.0,0.0,43.0,57.0,3.0,0.712,3,4.0,4.0,5.0,5.0,1.0,1.0,1.0,1.0,1.0,1.0,5,2,9,3.0,4.0,4.0,3.0,4.0,3.0,2.0,3.0,8,0.0,1,Medium
5.0,3.0,2.0,8.0,0.0,44.0,75.0,3.0,1.267,3,5.0,4.0,5.0,3.0,1.0,1.0,1.0,1.0,1.0,1.0,4,2,9,1.0,1.0,2.0,1.0,5.0,2.0,3.0,3.0,8,0.0,1,High
4.0,4.0,2.0,2.0,1.0,52.0,55.0,3.0,0.712,3,5.0,4.0,5.0,5.0,1.0,1.0,1.0,1.0,1.0,1.0,4,2,9,4.0,4.0,4.0,4.0,6.0,2.0,3.0,4.0,3,0.0,1,Medium
4.0,4.0,2.0,2.0,0.0,46.0,65.0,4.0,0.242,3,5.0,4.0,5.0,5.0,1.0,1.0,1.0,1.0,1.0,1.0,2,1,6,2.0,4.0,3.0,3.0,5.0,2.0,3.0,3.0,5,0.0,1,High
5.0,5.0,3.0,8.0,1.0,60.0,72.0,4.0,-0.188,3,5.0,5.0,5.0,5.0,1.0,1.0,1.0,1.0,1.0,1.0,3,2,7,5.0,5.0,5.0,5.0,6.0,3.0,3.0,4.0,6,0.0,1,High
5.0,3.0,5.0,6.0,1.0,33.0,31.0,3.0,0.242,2,5.0,3.0,1.0,2.0,2.0,2.0,1.0,1.0,2.0,1.0,2,1,1,3.0,4.0,4.0,3.0,3.0,2.0,2.0,2.0,4,3.0,0,Low
4.0,3.0,2.0,1.0,0.0,57.0,63.0,4.0,1.267,3,4.0,5.0,5.0,5.0,1.0,1.0,1.0,1.0,1.0,1.0,3,2,9,3.0,4.0,3.0,2.0,5.0,3.0,2.0,4.0,8,0.0,1,High
4.0,4.0,1.0,7.0,1.0,60.0,54.0,4.0,0.712,3,4.0,4.0,4.0,4.0,1.0,1.0,1.0,1.0,1.0,1.0,5,2,6,4.0,4.0,4.0,4.0,6.0,2.0,3.0,4.0,2,0.0,0,Medium
5.0,3.0,4.0,2.0,0.0,41.0,51.0,3.0,-0.57,2,5.0,4.0,4.0,5.0,1.0,1.0,1.0,1.0,1.0,1.0,2,2,6,4.0,5.0,4.0,3.0,6.0,2.0,3.0,3.0,5,0.0,0,Medium
4.0,3.0,4.0,6.0,1.0,48.0,56.0,3.0,-0.57,1,5.0,5.0,1.0,5.0,1.0,1.0,1.0,1.0,1.0,1.0,2,2,1,4.0,4.0,3.0,4.0,2.0,3.0,3.0,2.0,5,0.0,1,Medium
5.0,5.0,1.0,8.0,1.0,73.0,95.0,4.0,0.712,3,5.0,5.0,5.0,4.0,1.0,1.0,1.0,1.0,1.0,1.0,5,1,7,5.0,5.0,5.0,5.0,5.0,1.0,4.0,4.0,8,0.0,1,High
5.0,4.0,4.0,2.0,1.0,54.0,71.0,4.0,1.267,3,5.0,5.0,5.0,5.0,1.0,1.0,1.0,1.0,1.0,1.0,5,3,7,3.0,3.0,4.0,2.0,6.0,1.0,3.0,3.0,4,0.0,1,High
4.0,4.0,2.0,8.0,0.0,48.0,79.0,4.0,0.712,2,5.0,5.0,5.0,2.0,1.0,1.0,1.0,1.0,1.0,1.0,3,1,4,3.0,3.0,3.0,3.0,6.0,2.0,2.0,3.0,6,0.0,1,High
4.0,4.0,3.0,8.0,0.0,43.0,50.0,4.0,0.242,2,5.0,5.0,4.0,4.0,1.0,1.0,1.0,1.0,1.0,1.0,2,2,1,3.0,3.0,3.0,3.0,6.0,2.0,2.0,3.0,8,0.0,0,Medium
4.0,3.0,4.0,1.0,1.0,42.0,62.0,3.0,0.712,3,5.0,1.0,4.0,4.0,1.0,1.0,1.0,1.0,1.0,1.0,5,1,9,2.0,2.0,3.0,2.0,2.0,2.0,2.0,3.0,4,0.0,1,High
5.0,3.0,4.0,2.0,0.0,39.0,52.0,2.0,-0.57,2,4.0,3.0,5.0,3.0,1.0,1.0,1.0,2.0,2.0,1.0,2,5,7,3.0,2.0,3.0,2.0,3.0,3.0,2.0,2.0,1,2.0,0,Medium
5.0,5.0,5.0,2.0,1.0,61.0,71.0,4.0,0.712,3,5.0,4.0,5.0,5.0,1.0,1.0,1.0,1.0,1.0,1.0,5,4,9,4.0,4.0,4.0,4.0,6.0,2.0,3.0,4.0,4,0.0,1,High
3.0,3.0,4.0,2.0,0.0,42.0,43.0,2.0,0.242,2,5.0,3.0,1.0,4.0,1.0,1.0,1.0,1.0,1.0,1.0,3,2,7,3.0,3.0,3.0,3.0,2.0,2.0,2.0,2.0,4,0.0,0,Low
5.0,5.0,5.0,2.0,1.0,71.0,67.0,4.0,0.712,3,5.0,5.0,5.0,5.0,1.0,1.0,1.0,1.0,1.0,1.0,5,3,8,5.0,4.0,4.0,4.0,6.0,1.0,3.0,4.0,6,0.0,1,High
5.0,4.0,2.0,8.0,1.0,57.0,60.0,4.0,-0.909,3,5.0,1.0,5.0,5.0,1.0,1.0,1.0,1.0,1.0,1.0,5,2,7,4.0,4.0,4.0,4.0,6.0,1.0,4.0,2.0,8,0.0,1,Medium
5.0,4.0,3.0,1.0,1.0,78.0,57.0,3.0,1.267,3,5.0,3.0,5.0,5.0,1.0,1.0,1.0,1.0,1.0,1.0,4,2,9,4.0,3.0,4.0,3.0,6.0,2.0,3.0,4.0,5,0.0,1,Medium
3.0,3.0,3.0,8.0,1.0,42.0,54.0,3.0,-0.909,2,5.0,4.0,2.0,4.0,1.0,1.0,1.0,1.0,1.0,1.0,2,1,2,4.0,4.0,3.0,3.0,4.0,3.0,3.0,2.0,8,0.0,0,Medium
4.0,3.0,2.0,4.0,1.0,43.0,56.0,4.0,-0.909,2,5.0,3.0,2.0,2.0,1.0,1.0,1.0,1.0,1.0,1.0,3,4,7,4.0,4.0,4.0,3.0,3.0,1.0,4.0,3.0,2,0.0,1,Medium
5.0,4.0,4.0,2.0,1.0,73.0,54.0,4.0,0.242,3,5.0,5.0,5.0,5.0,1.0,1.0,1.0,1.0,1.0,1.0,4,3,8,5.0,5.0,5.0,3.0,6.0,1.0,3.0,4.0,4,0.0,0,Medium
2.0,3.0,3.0,8.0,0.0,40.0,55.0,2.0,-0.57,3,5.0,4.0,3.0,5.0,1.0,1.0,1.0,1.0,1.0,1.0,1,2,3,4.0,4.0,3.0,3.0,5.0,1.0,4.0,3.0,7,0.0,1,Medium
3.0,3.0,3.0,8.0,1.0,43.0,58.0,4.0,-0.909,2,5.0,4.0,5.0,5.0,1.0,1.0,1.0,1.0,1.0,1.0,5,1,7,3.0,4.0,3.0,3.0,6.0,1.0,3.0,3.0,8,0.0,1,Medium
3.0,3.0,3.0,4.0,0.0,32.0,59.0,3.0,-0.188,3,4.0,3.0,1.0,2.0,1.0,1.0,1.0,2.0,1.0,1.0,1,5,5,4.0,4.0,4.0,4.0,4.0,2.0,3.0,2.0,3,1.0,1,Medium
4.0,4.0,2.0,2.0,0.0,42.0,54.0,3.0,-1.485,2,3.0,3.0,3.0,3.0,2.0,2.0,2.0,2.0,2.0,2.0,3,1,5,3.0,3.0,3.0,3.0,5.0,3.0,3.0,3.0,2,6.0,0,Medium
4.0,1.0,2.0,2.0,1.0,29.0,39.0,1.0,-1.215,3,5.0,1.0,1.0,1.0,1.0,2.0,1.0,2.0,1.0,1.0,3,2,4,2.0,2.0,2.0,2.0,2.0,1.0,3.0,3.0,5,2.0,0,Low
3.0,4.0,4.0,2.0,1.0,56.0,34.0,4.0,-0.57,3,3.0,5.0,3.0,4.0,1.0,1.0,2.0,2.0,1.0,2.0,1,4,4,5.0,4.0,4.0,4.0,6.0,2.0,3.0,4.0,3,3.0,0,Low
4.0,4.0,3.0,5.0,0.0,42.0,56.0,3.0,0.712,3,4.0,4.0,3.0,3.0,1.0,1.0,1.0,1.0,1.0,1.0,3,2,3,4.0,4.0,4.0,3.0,4.0,1.0,3.0,4.0,2,0.0,1,Medium
4.0,3.0,2.0,2.0,1.0,40.0,42.0,3.0,0.242,3,5.0,4.0,1.0,5.0,1.0,1.0,1.0,1.0,1.0,1.0,4,1,1,5.0,4.0,4.0,3.0,3.0,1.0,2.0,3.0,2,0.0,0,Low
4.0,4.0,4.0,2.0,1.0,41.0,57.0,3.0,0.242,3,5.0,4.0,2.0,4.0,1.0,1.0,1.0,1.0,1.0,1.0,3,3,9,4.0,3.0,4.0,3.0,6.0,3.0,2.0,3.0,3,0.0,1,Medium
5.0,4.0,5.0,8.0,0.0,53.0,53.0,4.0,-0.57,3,5.0,4.0,4.0,5.0,1.0,1.0,1.0,1.0,1.0,1.0,2,1,2,4.0,4.0,3.0,3.0,6.0,3.0,3.0,3.0,8,0.0,0,Medium
4.0,4.0,4.0,3.0,1.0,40.0,61.0,3.0,-0.188,3,5.0,1.0,5.0,4.0,1.0,1.0,1.0,1.0,1.0,1.0,2,2,1,2.0,2.0,3.0,2.0,4.0,2.0,3.0,2.0,3,0.0,1,High
5.0,4.0,5.0,2.0,1.0,59.0,60.0,4.0,0.242,3,5.0,5.0,5.0,5.0,1.0,1.0,1.0,1.0,1.0,1.0,5,1,9,4.0,4.0,4.0,4.0,6.0,2.0,3.0,3.0,2,0.0,1,Medium
5.0,5.0,2.0,8.0,1.0,59.0,71.0,4.0,0.712,3,5.0,5.0,5.0,4.0,1.0,1.0,1.0,1.0,1.0,1.0,3,1,7,4.0,4.0,4.0,4.0,6.0,1.0,3.0,3.0,6,0.0,1,High
5.0,3.0,2.0,8.0,0.0,43.0,51.0,4.0,0.712,3,5.0,1.0,5.0,5.0,1.0,1.0,1.0,1.0,1.0,1.0,4,4,6,2.0,2.0,2.0,2.0,6.0,1.0,3.0,1.0,8,0.0,0,Medium
5.0,4.0,2.0,8.0,1.0,49.0,78.0,4.0,0.242,3,5.0,5.0,5.0,5.0,1.0,1.0,1.0,1.0,1.0,1.0,2,2,7,2.0,2.0,3.0,4.0,5.0,1.0,3.0,3.0,8,0.0,1,High
3.0,3.0,4.0,6.0,1.0,37.0,47.0,2.0,-0.57,2,3.0,3.0,1.0,2.0,1.0,2.0,1.0,1.0,1.0,1.0,4,2,8,3.0,3.0,3.0,3.0,3.0,1.0,4.0,3.0,4,1.0,0,Medium
5.0,3.0,3.0,1.0,1.0,52.0,52.0,3.0,-0.188,2,4.0,3.0,2.0,5.0,1.0,1.0,1.0,1.0,1.0,1.0,3,3,7,5.0,5.0,4.0,3.0,3.0,2.0,4.0,3.0,6,0.0,0,Medium
5.0,4.0,1.0,2.0,1.0,52.0,70.0,4.0,0.712,3,5.0,5.0,5.0,4.0,1.0,1.0,1.0,1.0,1.0,1.0,2,1,8,3.0,4.0,4.0,4.0,6.0,1.0,3.0,3.0,5,0.0,1,High
4.0,4.0,2.0,1.0,1.0,54.0,54.0,4.0,1.267,3,5.0,5.0,4.0,4.0,1.0,1.0,1.0,1.0,1.0,1.0,5,3,9,4.0,5.0,4.0,4.0,4.0,3.0,4.0,3.0,7,0.0,0,Medium
5.0,3.0,4.0,2.0,0.0,48.0,33.0,4.0,0.712,3,5.0,4.0,1.0,5.0,1.0,1.0,1.0,3.0,1.0,1.0,3,3,4,5.0,5.0,3.0,3.0,6.0,1.0,4.0,4.0,4,1.0,0,Low
4.0,4.0,4.0,2.0,1.0,55.0,57.0,4.0,0.242,3,5.0,4.0,3.0,5.0,1.0,1.0,1.0,2.0,2.0,1.0,2,4,8,4.0,4.0,4.0,4.0,6.0,2.0,3.0,4.0,1,2.0,1,Medium
3.0,3.0,5.0,6.0,0.0,48.0,62.0,3.0,-1.9,1,5.0,3.0,1.0,5.0,2.0,2.0,1.0,1.0,1.0,1.0,1,2,1,3.0,3.0,3.0,3.0,6.0,1.0,3.0,1.0,7,2.0,1,High
5.0,4.0,1.0,,1.0,71.0,95.0,4.0,-1.485,3,5.0,5.0,5.0,5.0,1.0,1.0,1.0,1.0,1.0,1.0,2,2,6,5.0,5.0,5.0,5.0,6.0,1.0,4.0,4.0,6,0.0,1,High
5.0,3.0,4.0,2.0,1.0,59.0,60.0,3.0,0.242,3,5.0,3.0,3.0,5.0,1.0,1.0,1.0,1.0,1.0,1.0,3,3,8,4.0,4.0,4.0,4.0,3.0,1.0,3.0,3.0,3,0.0,1,Medium
5.0,5.0,3.0,4.0,1.0,58.0,70.0,4.0,-0.57,3,5.0,5.0,5.0,5.0,1.0,1.0,1.0,1.0,1.0,1.0,2,2,2,5.0,5.0,5.0,5.0,6.0,1.0,3.0,3.0,6,0.0,1,High
5.0,5.0,2.0,2.0,1.0,49.0,76.0,4.0,1.267,3,5.0,5.0,5.0,5.0,1.0,1.0,1.0,1.0,1.0,1.0,5,2,9,1.0,4.0,4.0,3.0,6.0,1.0,4.0,4.0,3,0.0,1,High
5.0,4.0,4.0,2.0,0.0,54.0,68.0,4.0,-0.188,3,5.0,1.0,5.0,5.0,1.0,1.0,1.0,1.0,1.0,1.0,5,1,8,2.0,3.0,3.0,3.0,6.0,2.0,2.0,3.0,4,0.0,1,High
4.0,3.0,2.0,4.0,0.0,37.0,52.0,2.0,-0.909,1,4.0,4.0,1.0,3.0,1.0,1.0,1.0,1.0,1.0,1.0,1,4,3,4.0,4.0,4.0,4.0,5.0,3.0,2.0,2.0,3,0.0,0,Medium
5.0,5.0,2.0,8.0,1.0,71.0,80.0,4.0,-0.188,2,5.0,5.0,5.0,5.0,1.0,1.0,1.0,1.0,1.0,1.0,5,2,9,2.0,2.0,5.0,2.0,6.0,1.0,3.0,4.0,6,0.0,1,High
4.0,3.0,2.0,3.0,0.0,53.0,56.0,3.0,0.242,2,5.0,5.0,1.0,4.0,1.0,1.0,1.0,1.0,1.0,1.0,2,1,2,4.0,3.0,3.0,4.0,5.0,1.0,3.0,3.0,8,0.0,1,Medium
5.0,4.0,2.0,8.0,0.0,43.0,60.0,4.0,-0.57,3,5.0,4.0,4.0,4.0,1.0,1.0,1.0,1.0,1.0,1.0,4,2,4,5.0,5.0,4.0,4.0,6.0,2.0,3.0,4.0,6,0.0,1,Medium
3.0,4.0,4.0,1.0,1.0,47.0,44.0,3.0,0.242,3,4.0,4.0,2.0,3.0,2.0,2.0,2.0,2.0,1.0,1.0,5,5,3,4.0,4.0,4.0,3.0,3.0,2.0,3.0,3.0,2,4.0,0,Medium
4.0,3.0,5.0,7.0,1.0,44.0,48.0,2.0,0.712,3,4.0,4.0,1.0,5.0,1.0,1.0,1.0,1.0,1.0,1.0,4,3,6,4.0,4.0,4.0,3.0,3.0,1.0,3.0,2.0,5,0.0,0,Medium
5.0,5.0,2.0,2.0,1.0,60.0,65.0,3.0,0.712,3,5.0,5.0,4.0,5.0,1.0,1.0,1.0,1.0,1.0,1.0,3,2,8,4.0,4.0,4.0,2.0,6.0,1.0,3.0,4.0,5,0.0,1,High
2.0,5.0,3.0,2.0,1.0,61.0,72.0,4.0,-0.188,3,5.0,5.0,5.0,5.0,1.0,1.0,1.0,1.0,1.0,1.0,4,3,7,5.0,4.0,4.0,4.0,5.0,1.0,3.0,3.0,3,0.0,1,High
5.0,5.0,4.0,2.0,1.0,53.0,58.0,3.0,0.712,3,5.0,4.0,5.0,5.0,1.0,1.0,1.0,1.0,1.0,1.0,5,2,9,2.0,4.0,4.0,4.0,6.0,2.0,2.0,3.0,3,0.0,1,Medium
5.0,3.0,2.0,2.0,1.0,42.0,53.0,3.0,0.712,3,5.0,4.0,4.0,4.0,1.0,1.0,1.0,1.0,1.0,1.0,3,5,6,4.0,4.0,4.0,3.0,4.0,3.0,3.0,3.0,4,0.0,0,Medium
5.0,4.0,2.0,2.0,1.0,57.0,62.0,3.0,1.267,3,5.0,4.0,5.0,5.0,1.0,1.0,1.0,1.0,1.0,1.0,4,1,8,4.0,4.0,4.0,4.0,6.0,1.0,3.0,3.0,6,0.0,1,High
4.0,3.0,4.0,8.0,1.0,50.0,50.0,3.0,0.712,2,5.0,4.0,4.0,5.0,1.0,1.0,1.0,1.0,1.0,1.0,2,1,2,4.0,4.0,3.0,3.0,5.0,1.0,3.0,3.0,7,0.0,0,Medium
4.0,5.0,3.0,1.0,1.0,58.0,47.0,3.0,-0.188,1,4.0,3.0,1.0,4.0,2.0,1.0,2.0,1.0,1.0,1.0,2,3,3,4.0,4.0,5.0,3.0,5.0,2.0,3.0,4.0,1,2.0,0,Medium
5.0,4.0,2.0,2.0,0.0,51.0,68.0,4.0,0.712,3,5.0,4.0,5.0,5.0,1.0,1.0,1.0,1.0,1.0,1.0,3,1,8,3.0,4.0,4.0,3.0,6.0,2.0,3.0,3.0,4,0.0,1,High
5.0,5.0,1.0,8.0,1.0,55.0,87.0,4.0,1.267,3,5.0,5.0,5.0,4.0,1.0,1.0,1.0,1.0,1.0,1.0,4,2,8,3.0,4.0,4.0,4.0,5.0,2.0,3.0,3.0,8,0.0,1,High
5.0,3.0,2.0,4.0,1.0,42.0,61.0,3.0,0.712,2,4.0,3.0,5.0,1.0,1.0,1.0,1.0,1.0,1.0,1.0,2,5,8,5.0,4.0,4.0,2.0,3.0,2.0,3.0,2.0,4,0.0,1,High
5.0,4.0,3.0,8.0,0.0,54.0,80.0,4.0,1.267,3,5.0,5.0,5.0,5.0,1.0,1.0,1.0,1.0,1.0,1.0,5,2,9,4.0,4.0,4.0,4.0,5.0,2.0,4.0,3.0,7,0.0,1,High
4.0,4.0,3.0,1.0,1.0,58.0,55.0,3.0,-0.188,3,4.0,4.0,4.0,4.0,1.0,1.0,1.0,1.0,1.0,1.0,5,2,3,4.0,4.0,4.0,4.0,5.0,2.0,3.0,3.0,4,0.0,1,Medium
5.0,3.0,3.0,8.0,1.0,46.0,63.0,3.0,-1.215,3,5.0,4.0,5.0,5.0,1.0,1.0,1.0,1.0,1.0,1.0,2,1,2,5.0,5.0,4.0,4.0,5.0,3.0,3.0,3.0,7,0.0,1,High
5.0,3.0,3.0,2.0,1.0,40.0,48.0,3.0,-0.57,3,5.0,2.0,2.0,3.0,1.0,1.0,1.0,1.0,1.0,1.0,3,5,7,3.0,2.0,4.0,3.0,4.0,2.0,3.0,2.0,5,0.0,0,Medium
5.0,4.0,2.0,2.0,1.0,75.0,62.0,4.0,-0.57,2,5.0,5.0,4.0,5.0,1.0,1.0,1.0,1.0,1.0,1.0,3,2,2,2.0,5.0,5.0,5.0,6.0,2.0,3.0,4.0,5,0.0,1,High
5.0,4.0,3.0,2.0,1.0,82.0,62.0,4.0,0.242,3,5.0,4.0,5.0,5.0,1.0,1.0,1.0,1.0,1.0,1.0,3,2,8,4.0,5.0,5.0,5.0,6.0,1.0,4.0,4.0,5,0.0,1,High
4.0,3.0,5.0,2.0,0.0,45.0,25.0,4.0,-0.909,2,5.0,5.0,1.0,5.0,2.0,1.0,2.0,2.0,1.0,1.0,2,3,3,5.0,5.0,5.0,5.0,6.0,2.0,2.0,3.0,2,3.0,0,Low
3.0,3.0,3.0,7.0,0.0,42.0,49.0,1.0,-1.485,2,1.0,1.0,1.0,1.0,1.0,1.0,1.0,1.0,1.0,1.0,1,4,1,3.0,3.0,3.0,3.0,3.0,1.0,1.0,1.0,2,0.0,0,Medium
4.0,4.0,3.0,8.0,1.0,50.0,55.0,3.0,0.242,1,5.0,4.0,1.0,4.0,1.0,1.0,1.0,1.0,1.0,1.0,3,2,3,3.0,4.0,4.0,4.0,5.0,1.0,4.0,3.0,8,0.0,1,Medium
5.0,3.0,1.0,8.0,0.0,28.0,61.0,3.0,-0.57,2,5.0,5.0,5.0,5.0,1.0,1.0,1.0,1.0,1.0,1.0,2,2,3,5.0,2.0,3.0,3.0,4.0,3.0,3.0,3.0,7,0.0,1,High
4.0,4.0,4.0,8.0,0.0,53.0,62.0,4.0,-0.188,2,5.0,5.0,5.0,5.0,1.0,1.0,1.0,1.0,1.0,1.0,2,3,7,4.0,4.0,4.0,4.0,5.0,3.0,3.0,3.0,8,0.0,1,High
5.0,3.0,4.0,2.0,1.0,51.0,57.0,4.0,0.242,3,5.0,4.0,5.0,5.0,1.0,1.0,1.0,1.0,1.0,1.0,3,4,3,5.0,4.0,4.0,3.0,5.0,2.0,4.0,4.0,5,0.0,1,Medium
4.0,3.0,4.0,1.0,1.0,35.0,53.0,2.0,-0.188,2,4.0,3.0,2.0,5.0,2.0,1.0,1.0,1.0,1.0,1.0,3,4,5,4.0,3.0,3.0,3.0,3.0,3.0,1.0,2.0,2,1.0,0,Medium
4.0,4.0,3.0,8.0,0.0,44.0,65.0,4.0,0.242,3,5.0,5.0,5.0,4.0,1.0,1.0,1.0,1.0,1.0,1.0,3,2,3,3.0,3.0,4.0,3.0,5.0,2.0,3.0,2.0,8,0.0,1,High
5.0,4.0,5.0,6.0,0.0,66.0,27.0,3.0,-0.909,3,5.0,5.0,1.0,5.0,3.0,3.0,1.0,2.0,2.0,1.0,1,2,1,3.0,5.0,3.0,4.0,5.0,1.0,3.0,3.0,5,4.0,0,Low
3.0,3.0,2.0,2.0,1.0,49.0,59.0,3.0,0.242,3,5.0,4.0,4.0,5.0,1.0,1.0,1.0,1.0,1.0,1.0,3,1,5,4.0,4.0,3.0,3.0,5.0,2.0,4.0,3.0,6,0.0,1,Medium
5.0,4.0,2.0,2.0,1.0,68.0,70.0,4.0,-0.188,3,5.0,5.0,5.0,4.0,1.0,1.0,1.0,1.0,1.0,1.0,5,2,8,5.0,5.0,5.0,5.0,6.0,1.0,3.0,4.0,2,0.0,1,High
5.0,5.0,2.0,2.0,1.0,73.0,71.0,4.0,1.267,3,5.0,4.0,5.0,5.0,1.0,1.0,1.0,1.0,1.0,1.0,5,2,9,5.0,4.0,5.0,4.0,6.0,2.0,3.0,4.0,4,0.0,1,High
4.0,4.0,3.0,2.0,0.0,50.0,46.0,3.0,0.712,3,4.0,4.0,4.0,5.0,1.0,1.0,1.0,1.0,1.0,1.0,2,4,5,5.0,4.0,4.0,3.0,5.0,2.0,3.0,3.0,4,0.0,0,Medium
4.0,4.0,3.0,3.0,0.0,58.0,47.0,2.0,-1.215,3,5.0,5.0,5.0,5.0,1.0,3.0,1.0,1.0,1.0,1.0,1,2,1,5.0,5.0,5.0,5.0,5.0,2.0,2.0,2.0,5,1.0,0,Medium
3.0,3.0,4.0,6.0,0.0,32.0,23.0,1.0,-0.188,2,4.0,2.0,1.0,4.0,2.0,3.0,1.0,3.0,2.0,1.0,1,3,1,4.0,4.0,4.0,4.0,2.0,1.0,4.0,4.0,6,4.0,0,Low
4.0,3.0,5.0,8.0,0.0,58.0,95.0,4.0,1.267,3,5.0,5.0,5.0,5.0,1.0,1.0,1.0,1.0,1.0,1.0,4,2,9,2.0,2.0,2.0,2.0,4.0,2.0,3.0,2.0,8,0.0,1,High
4.0,3.0,2.0,2.0,1.0,51.0,52.0,4.0,1.267,3,5.0,4.0,5.0,5.0,1.0,1.0,1.0,1.0,1.0,1.0,4,5,7,4.0,4.0,4.0,4.0,6.0,1.0,3.0,3.0,4,0.0,0,Medium
3.0,3.0,3.0,2.0,0.0,41.0,34.0,2.0,-1.713,2,4.0,3.0,3.0,5.0,3.0,3.0,2.0,2.0,2.0,2.0,2,3,2,4.0,4.0,4.0,3.0,5.0,2.0,3.0,3.0,4,6.0,0,Low
5.0,4.0,3.0,1.0,1.0,52.0,55.0,4.0,-0.188,3,5.0,4.0,5.0,5.0,1.0,1.0,1.0,1.0,1.0,1.0,3,5,7,2.0,4.0,4.0,2.0,5.0,2.0,3.0,3.0,4,0.0,1,Medium
5.0,5.0,3.0,2.0,1.0,61.0,75.0,4.0,0.242,3,5.0,5.0,5.0,5.0,1.0,1.0,1.0,1.0,1.0,1.0,4,2,9,5.0,5.0,5.0,5.0,6.0,1.0,3.0,4.0,4,0.0,1,High
5.0,5.0,2.0,1.0,1.0,85.0,86.0,4.0,0.242,3,5.0,5.0,5.0,5.0,1.0,1.0,1.0,1.0,1.0,1.0,5,3,9,5.0,5.0,5.0,5.0,6.0,1.0,4.0,4.0,2,0.0,1,High
5.0,4.0,1.0,8.0,0.0,57.0,95.0,4.0,0.242,2,5.0,5.0,5.0,3.0,1.0,1.0,1.0,1.0,1.0,1.0,5,2,8,4.0,4.0,4.0,4.0,5.0,1.0,3.0,3.0,8,0.0,1,High
5.0,4.0,3.0,2.0,1.0,61.0,63.0,4.0,0.712,3,5.0,4.0,5.0,4.0,1.0,1.0,1.0,1.0,1.0,1.0,4,1,7,5.0,5.0,5.0,5.0,5.0,1.0,3.0,4.0,5,0.0,1,High
4.0,4.0,3.0,8.0,0.0,42.0,53.0,3.0,-0.909,2,5.0,4.0,4.0,4.0,1.0,1.0,1.0,1.0,1.0,1.0,3,2,8,4.0,4.0,4.0,4.0,6.0,3.0,3.0,3.0,6,0.0,0,Medium
5.0,3.0,5.0,8.0,1.0,50.0,44.0,4.0,-0.909,2,4.0,4.0,1.0,5.0,1.0,1.0,1.0,1.0,1.0,1.0,2,2,4,5.0,4.0,4.0,5.0,5.0,2.0,2.0,3.0,6,0.0,0,Medium
5.0,4.0,4.0,1.0,1.0,52.0,58.0,4.0,-1.215,2,5.0,5.0,1.0,1.0,1.0,1.0,1.0,1.0,1.0,1.0,3,1,2,4.0,5.0,4.0,5.0,4.0,1.0,2.0,3.0,1,0.0,1,Medium
4.0,4.0,5.0,8.0,0.0,50.0,53.0,3.0,-0.57,3,5.0,5.0,5.0,5.0,1.0,1.0,1.0,1.0,1.0,1.0,3,1,2,5.0,4.0,4.0,4.0,5.0,2.0,3.0,4.0,8,0.0,0,Medium
4.0,3.0,2.0,2.0,1.0,54.0,72.0,3.0,0.242,3,5.0,4.0,5.0,4.0,1.0,1.0,1.0,1.0,1.0,1.0,4,5,8,4.0,3.0,2.0,2.0,5.0,2.0,3.0,3.0,4,0.0,1,High
4.0,5.0,1.0,2.0,1.0,49.0,79.0,4.0,1.267,3,5.0,5.0,5.0,5.0,1.0,1.0,1.0,1.0,1.0,1.0,4,3,9,4.0,4.0,3.0,2.0,6.0,1.0,4.0,4.0,2,0.0,1,High
4.0,4.0,5.0,2.0,1.0,51.0,36.0,4.0,-0.57,3,3.0,3.0,5.0,5.0,1.0,1.0,1.0,1.0,2.0,1.0,4,3,7,4.0,4.0,4.0,4.0,6.0,2.0,4.0,3.0,1,1.0,0,Low
5.0,5.0,2.0,3.0,0.0,85.0,62.0,4.0,-0.909,2,5.0,3.0,5.0,3.0,2.0,1.0,1.0,1.0,1.0,1.0,3,4,6,2.0,2.0,2.0,3.0,2.0,3.0,3.0,3.0,3,1.0,1,High
5.0,5.0,4.0,2.0,1.0,61.0,60.0,4.0,0.712,3,5.0,5.0,5.0,5.0,1.0,1.0,1.0,1.0,1.0,1.0,5,2,8,5.0,5.0,5.0,5.0,6.0,1.0,4.0,4.0,3,0.0,1,Medium
5.0,4.0,2.0,1.0,1.0,76.0,84.0,4.0,1.267,3,5.0,5.0,5.0,5.0,1.0,1.0,1.0,1.0,1.0,1.0,5,2,7,4.0,2.0,5.0,5.0,5.0,2.0,4.0,3.0,6,0.0,1,High
5.0,5.0,2.0,2.0,1.0,61.0,58.0,4.0,0.242,3,5.0,5.0,3.0,5.0,1.0,1.0,1.0,1.0,1.0,1.0,3,3,4,2.0,4.0,4.0,4.0,5.0,1.0,3.0,4.0,4,0.0,1,Medium
4.0,4.0,3.0,4.0,0.0,47.0,76.0,4.0,-0.57,3,5.0,5.0,5.0,5.0,1.0,1.0,1.0,1.0,1.0,1.0,3,2,1,4.0,4.0,5.0,4.0,6.0,2.0,3.0,3.0,6,0.0,1,High
3.0,3.0,3.0,2.0,1.0,41.0,52.0,3.0,-0.188,2,3.0,3.0,3.0,3.0,1.0,1.0,1.0,1.0,1.0,1.0,4,1,3,4.0,3.0,4.0,3.0,4.0,2.0,3.0,3.0,6,0.0,0,Medium
5.0,5.0,5.0,2.0,1.0,82.0,72.0,4.0,-0.57,2,5.0,5.0,4.0,3.0,1.0,1.0,1.0,1.0,1.0,1.0,3,1,5,2.0,3.0,4.0,2.0,6.0,1.0,3.0,3.0,2,0.0,1,High
5.0,4.0,4.0,2.0,0.0,43.0,59.0,3.0,0.712,3,5.0,3.0,2.0,2.0,1.0,1.0,1.0,1.0,1.0,1.0,4,3,8,4.0,3.0,4.0,4.0,6.0,2.0,3.0,3.0,5,0.0,1,Medium
4.0,4.0,4.0,3.0,0.0,63.0,43.0,4.0,-0.188,1,3.0,4.0,4.0,3.0,1.0,1.0,1.0,1.0,1.0,1.0,1,3,1,3.0,4.0,3.0,3.0,4.0,2.0,3.0,3.0,2,0.0,0,Low
5.0,2.0,5.0,2.0,1.0,38.0,46.0,2.0,-0.188,3,5.0,2.0,3.0,4.0,1.0,1.0,1.0,1.0,1.0,1.0,5,2,8,4.0,4.0,2.0,1.0,2.0,2.0,1.0,3.0,2,0.0,0,Medium
5.0,4.0,4.0,2.0,1.0,54.0,57.0,3.0,0.242,3,5.0,4.0,5.0,5.0,1.0,1.0,1.0,1.0,1.0,1.0,5,4,7,4.0,4.0,4.0,4.0,5.0,1.0,3.0,3.0,4,0.0,1,Medium
4.0,4.0,3.0,8.0,1.0,55.0,54.0,3.0,-0.909,2,5.0,4.0,4.0,5.0,1.0,1.0,1.0,1.0,1.0,1.0,3,3,6,4.0,4.0,4.0,4.0,5.0,2.0,3.0,3.0,7,0.0,0,Medium
5.0,4.0,2.0,8.0,0.0,57.0,60.0,3.0,0.242,3,5.0,4.0,5.0,5.0,1.0,1.0,1.0,1.0,1.0,1.0,5,2,9,4.0,4.0,4.0,5.0,6.0,1.0,3.0,3.0,7,0.0,1,Medium
5.0,5.0,3.0,2.0,1.0,56.0,62.0,3.0,0.712,2,5.0,5.0,5.0,5.0,1.0,1.0,1.0,1.0,1.0,1.0,2,5,5,5.0,4.0,5.0,4.0,6.0,3.0,3.0,3.0,2,0.0,1,High
5.0,4.0,4.0,6.0,1.0,56.0,70.0,4.0,0.242,3,5.0,4.0,1.0,4.0,1.0,1.0,1.0,1.0,1.0,1.0,3,5,3,5.0,4.0,4.0,4.0,6.0,3.0,3.0,3.0,3,0.0,1,High
4.0,4.0,2.0,8.0,0.0,71.0,95.0,4.0,1.267,3,5.0,5.0,5.0,5.0,1.0,1.0,1.0,1.0,1.0,1.0,3,2,7,4.0,3.0,3.0,3.0,6.0,3.0,3.0,3.0,7,0.0,1,High
5.0,4.0,4.0,2.0,1.0,59.0,74.0,4.0,0.242,3,5.0,5.0,5.0,4.0,1.0,1.0,1.0,1.0,1.0,1.0,5,4,5,5.0,4.0,4.0,2.0,6.0,2.0,3.0,3.0,2,0.0,1,High
5.0,2.0,4.0,6.0,1.0,42.0,60.0,3.0,0.712,2,5.0,5.0,1.0,5.0,1.0,1.0,1.0,1.0,1.0,1.0,2,3,3,5.0,5.0,4.0,3.0,5.0,2.0,2.0,3.0,5,0.0,1,Medium
4.0,5.0,,4.0,0.0,50.0,63.0,4.0,-2.053,0,5.0,1.0,1.0,1.0,1.0,1.0,1.0,1.0,1.0,1.0,1,4,1,3.0,3.0,2.0,3.0,4.0,1.0,4.0,4.0,2,0.0,1,High
5.0,3.0,4.0,8.0,0.0,46.0,32.0,3.0,-0.188,3,5.0,4.0,2.0,5.0,2.0,2.0,1.0,1.0,1.0,1.0,2,2,2,4.0,4.0,3.0,2.0,2.0,1.0,3.0,2.0,5,2.0,0,Low
3.0,2.0,3.0,7.0,0.0,29.0,33.0,2.0,0.242,3,5.0,3.0,1.0,4.0,2.0,2.0,1.0,2.0,1.0,1.0,4,1,2,4.0,4.0,2.0,3.0,1.0,1.0,3.0,2.0,3,3.0,0,Low
5.0,4.0,5.0,4.0,1.0,41.0,35.0,3.0,-0.188,3,5.0,1.0,3.0,4.0,2.0,1.0,1.0,1.0,1.0,1.0,3,4,3,2.0,3.0,4.0,2.0,3.0,2.0,3.0,3.0,2,1.0,0,Low
3.0,2.0,5.0,4.0,0.0,33.0,54.0,2.0,-1.215,1,4.0,2.0,1.0,2.0,2.0,1.0,1.0,1.0,1.0,1.0,1,5,1,5.0,2.0,2.0,2.0,3.0,4.0,3.0,3.0,2,1.0,0,Medium
5.0,5.0,4.0,8.0,0.0,49.0,59.0,3.0,-0.57,1,5.0,5.0,5.0,5.0,1.0,1.0,1.0,1.0,1.0,1.0,2,2,7,2.0,2.0,2.0,2.0,6.0,1.0,3.0,3.0,8,0.0,1,Medium
4.0,4.0,4.0,8.0,1.0,56.0,67.0,4.0,0.242,3,5.0,5.0,5.0,5.0,1.0,1.0,1.0,1.0,1.0,1.0,5,2,9,4.0,4.0,4.0,4.0,5.0,3.0,3.0,3.0,7,0.0,1,High
4.0,4.0,3.0,2.0,1.0,48.0,51.0,3.0,-0.909,2,5.0,5.0,5.0,5.0,1.0,1.0,1.0,1.0,1.0,1.0,4,2,8,3.0,3.0,3.0,2.0,5.0,2.0,3.0,3.0,2,0.0,0,Medium
4.0,3.0,4.0,2.0,1.0,51.0,57.0,4.0,1.267,3,5.0,3.0,4.0,5.0,1.0,1.0,1.0,1.0,1.0,1.0,4,3,2,4.0,4.0,4.0,4.0,6.0,2.0,3.0,3.0,2,0.0,1,Medium
5.0,3.0,3.0,2.0,0.0,35.0,52.0,3.0,0.712,3,5.0,2.0,1.0,4.0,1.0,1.0,1.0,1.0,1.0,1.0,3,2,6,4.0,4.0,3.0,3.0,2.0,2.0,1.0,2.0,4,0.0,0,Medium
5.0,5.0,2.0,8.0,0.0,54.0,74.0,4.0,0.712,3,5.0,5.0,5.0,5.0,1.0,1.0,1.0,1.0,1.0,1.0,3,2,4,3.0,3.0,5.0,4.0,2.0,1.0,4.0,2.0,8,0.0,1,High
5.0,3.0,4.0,2.0,0.0,34.0,46.0,2.0,-0.57,1,5.0,3.0,1.0,4.0,1.0,1.0,1.0,1.0,1.0,1.0,3,2,9,4.0,2.0,2.0,2.0,2.0,3.0,2.0,2.0,4,0.0,0,Medium
5.0,4.0,4.0,2.0,1.0,42.0,63.0,4.0,-0.188,3,5.0,4.0,5.0,5.0,1.0,1.0,1.0,1.0,1.0,1.0,2,2,8,4.0,4.0,3.0,3.0,5.0,2.0,3.0,3.0,5,0.0,1,High
5.0,4.0,3.0,4.0,1.0,53.0,55.0,4.0,0.242,3,5.0,5.0,3.0,5.0,1.0,1.0,1.0,1.0,1.0,1.0,3,2,9,4.0,4.0,4.0,4.0,4.0,2.0,3.0,3.0,4,0.0,1,Medium
5.0,4.0,3.0,8.0,0.0,49.0,87.0,4.0,0.242,2,5.0,1.0,5.0,5.0,1.0,1.0,1.0,1.0,1.0,1.0,5,2,7,3.0,3.0,3.0,3.0,6.0,2.0,2.0,3.0,7,0.0,1,High
5.0,3.0,4.0,3.0,0.0,42.0,54.0,3.0,-0.57,2,5.0,4.0,5.0,3.0,1.0,1.0,1.0,1.0,1.0,1.0,4,5,8,4.0,4.0,4.0,2.0,3.0,2.0,3.0,3.0,3,0.0,0,Medium
3.0,2.0,5.0,2.0,0.0,42.0,49.0,3.0,-1.485,3,2.0,2.0,2.0,2.0,2.0,2.0,2.0,2.0,2.0,2.0,2,5,7,2.0,2.0,2.0,2.0,4.0,3.0,3.0,3.0,3,6.0,0,Medium
5.0,5.0,3.0,8.0,1.0,79.0,61.0,4.0,-0.57,2,5.0,5.0,5.0,5.0,1.0,1.0,1.0,1.0,1.0,1.0,3,2,2,3.0,3.0,4.0,3.0,6.0,1.0,4.0,4.0,8,0.0,1,High
5.0,4.0,5.0,2.0,1.0,51.0,60.0,4.0,0.242,3,5.0,4.0,4.0,4.0,1.0,1.0,1.0,1.0,1.0,1.0,5,2,9,3.0,4.0,5.0,4.0,4.0,2.0,3.0,3.0,3,0.0,1,Medium
5.0,4.0,3.0,8.0,1.0,56.0,61.0,4.0,1.267,3,5.0,4.0,5.0,5.0,1.0,1.0,1.0,1.0,1.0,1.0,5,2,7,4.0,3.0,5.0,4.0,6.0,2.0,3.0,3.0,8,0.0,1,High
4.0,3.0,3.0,8.0,1.0,54.0,54.0,3.0,-0.188,3,5.0,5.0,2.0,5.0,1.0,1.0,1.0,1.0,1.0,1.0,4,1,4,4.0,4.0,4.0,4.0,5.0,2.0,3.0,3.0,6,0.0,0,Medium
4.0,3.0,3.0,8.0,0.0,43.0,59.0,3.0,0.242,3,5.0,3.0,1.0,4.0,1.0,1.0,1.0,1.0,1.0,1.0,2,2,2,3.0,3.0,3.0,3.0,3.0,2.0,3.0,3.0,7,0.0,1,Medium
4.0,3.0,4.0,2.0,1.0,46.0,39.0,3.0,-0.909,2,3.0,3.0,2.0,4.0,3.0,3.0,1.0,1.0,1.0,1.0,2,3,1,4.0,4.0,4.0,2.0,3.0,2.0,3.0,2.0,2,2.0,0,Low
5.0,4.0,4.0,2.0,1.0,60.0,73.0,4.0,0.712,3,5.0,5.0,5.0,5.0,1.0,1.0,1.0,1.0,1.0,1.0,4,2,9,3.0,5.0,5.0,4.0,6.0,1.0,3.0,3.0,5,0.0,1,High
3.0,3.0,4.0,2.0,0.0,37.0,40.0,4.0,-0.57,3,3.0,1.0,1.0,5.0,1.0,1.0,1.0,1.0,1.0,1.0,4,3,7,2.0,2.0,2.0,2.0,2.0,3.0,2.0,3.0,2,0.0,0,Low
5.0,4.0,4.0,1.0,1.0,57.0,61.0,3.0,0.712,3,5.0,4.0,5.0,4.0,1.0,1.0,1.0,1.0,1.0,1.0,4,4,9,4.0,3.0,5.0,5.0,6.0,2.0,2.0,3.0,2,0.0,1,High
5.0,4.0,5.0,5.0,1.0,56.0,54.0,3.0,-0.909,2,5.0,4.0,1.0,4.0,1.0,1.0,1.0,1.0,1.0,1.0,2,3,7,5.0,4.0,5.0,3.0,6.0,2.0,3.0,4.0,1,0.0,0,Medium
5.0,3.0,4.0,8.0,1.0,40.0,40.0,3.0,0.242,3,5.0,3.0,5.0,2.0,1.0,1.0,1.0,1.0,1.0,1.0,5,1,7,5.0,4.0,4.0,4.0,4.0,2.0,3.0,4.0,8,0.0,0,Low
5.0,5.0,4.0,4.0,1.0,50.0,71.0,3.0,0.712,3,5.0,4.0,4.0,5.0,1.0,1.0,1.0,1.0,1.0,1.0,2,3,7,3.0,4.0,4.0,3.0,6.0,2.0,3.0,3.0,2,0.0,1,High
5.0,5.0,4.0,2.0,1.0,50.0,62.0,4.0,-0.188,3,5.0,4.0,5.0,3.0,1.0,1.0,1.0,1.0,1.0,1.0,3,2,8,4.0,3.0,3.0,3.0,6.0,2.0,3.0,3.0,3,0.0,1,High
4.0,4.0,4.0,3.0,1.0,49.0,60.0,4.0,-0.188,3,5.0,4.0,2.0,3.0,1.0,1.0,1.0,1.0,2.0,1.0,4,2,7,4.0,4.0,4.0,4.0,5.0,3.0,2.0,2.0,2,1.0,1,Medium
4.0,3.0,2.0,2.0,0.0,35.0,45.0,3.0,-0.188,3,5.0,3.0,2.0,5.0,1.0,1.0,2.0,1.0,1.0,1.0,4,2,2,4.0,3.0,2.0,2.0,2.0,2.0,2.0,2.0,4,1.0,0,Medium
4.0,2.0,3.0,8.0,1.0,43.0,48.0,2.0,-0.188,2,5.0,3.0,2.0,5.0,1.0,1.0,1.0,1.0,1.0,1.0,3,3,9,5.0,4.0,4.0,3.0,2.0,2.0,3.0,3.0,7,0.0,0,Medium
4.0,3.0,3.0,8.0,0.0,31.0,38.0,2.0,-0.57,3,5.0,4.0,1.0,4.0,1.0,1.0,1.0,1.0,1.0,1.0,2,1,3,4.0,3.0,3.0,3.0,4.0,2.0,3.0,3.0,8,0.0,0,Low
5.0,4.0,4.0,2.0,0.0,45.0,64.0,4.0,-0.57,3,5.0,5.0,1.0,5.0,1.0,1.0,1.0,1.0,1.0,1.0,2,3,8,4.0,4.0,4.0,4.0,6.0,2.0,3.0,3.0,4,0.0,1,High
4.0,2.0,3.0,3.0,1.0,39.0,45.0,3.0,0.712,3,5.0,3.0,3.0,5.0,2.0,1.0,1.0,1.0,1.0,1.0,4,5,9,4.0,4.0,4.0,3.0,3.0,2.0,3.0,3.0,4,1.0,0,Medium
5.0,4.0,2.0,8.0,0.0,55.0,66.0,4.0,0.712,3,5.0,5.0,5.0,5.0,1.0,1.0,1.0,1.0,1.0,1.0,5,2,8,4.0,4.0,4.0,4.0,4.0,2.0,3.0,4.0,6,0.0,1,High
3.0,1.0,3.0,4.0,0.0,27.0,50.0,2.0,0.712,3,4.0,4.0,2.0,5.0,1.0,1.0,1.0,1.0,1.0,1.0,2,4,5,3.0,4.0,3.0,3.0,3.0,2.0,2.0,2.0,4,0.0,0,Medium
5.0,4.0,3.0,2.0,1.0,54.0,57.0,4.0,0.242,3,5.0,3.0,4.0,4.0,1.0,1.0,1.0,1.0,1.0,1.0,4,2,8,2.0,4.0,4.0,4.0,3.0,2.0,4.0,4.0,2,0.0,1,Medium
5.0,5.0,2.0,4.0,1.0,65.0,57.0,3.0,0.242,3,5.0,5.0,5.0,5.0,1.0,1.0,1.0,1.0,1.0,1.0,2,2,7,5.0,4.0,4.0,4.0,6.0,1.0,3.0,3.0,4,0.0,1,Medium
4.0,3.0,3.0,1.0,0.0,51.0,50.0,3.0,-0.188,3,5.0,5.0,3.0,5.0,1.0,1.0,1.0,1.0,1.0,1.0,5,2,8,5.0,5.0,4.0,4.0,6.0,2.0,4.0,4.0,6,0.0,0,Medium
4.0,4.0,4.0,5.0,1.0,66.0,57.0,3.0,-0.188,3,1.0,1.0,1.0,3.0,1.0,1.0,1.0,1.0,1.0,1.0,3,2,2,4.0,3.0,3.0,2.0,4.0,2.0,2.0,3.0,1,0.0,1,Medium
3.0,1.0,5.0,5.0,0.0,13.0,34.0,1.0,-0.57,1,1.0,1.0,2.0,2.0,2.0,2.0,1.0,1.0,1.0,1.0,3,5,1,3.0,3.0,3.0,2.0,3.0,3.0,3.0,3.0,2,2.0,0,Low
5.0,3.0,4.0,2.0,1.0,51.0,54.0,3.0,-0.188,3,4.0,4.0,1.0,2.0,1.0,1.0,1.0,1.0,1.0,1.0,3,3,3,2.0,3.0,3.0,2.0,4.0,4.0,2.0,2.0,2,0.0,0,Medium
5.0,4.0,3.0,8.0,1.0,48.0,61.0,4.0,1.267,3,5.0,4.0,5.0,5.0,1.0,1.0,1.0,1.0,1.0,1.0,3,2,7,3.0,4.0,4.0,4.0,6.0,2.0,3.0,3.0,5,0.0,1,High
3.0,3.0,4.0,2.0,0.0,47.0,47.0,3.0,-0.909,2,4.0,3.0,4.0,5.0,1.0,1.0,1.0,2.0,1.0,1.0,2,4,6,3.0,2.0,2.0,2.0,4.0,2.0,3.0,3.0,1,1.0,0,Medium
4.0,4.0,4.0,2.0,1.0,48.0,41.0,3.0,-0.188,2,5.0,3.0,1.0,5.0,1.0,1.0,1.0,2.0,1.0,2.0,3,2,7,5.0,3.0,3.0,3.0,3.0,1.0,2.0,3.0,2,2.0,0,Low
4.0,3.0,4.0,5.0,1.0,36.0,40.0,3.0,-0.57,3,4.0,3.0,1.0,5.0,1.0,2.0,1.0,1.0,1.0,1.0,3,4,6,5.0,5.0,4.0,4.0,1.0,3.0,3.0,3.0,2,1.0,0,Low
4.0,3.0,5.0,5.0,0.0,44.0,43.0,3.0,-0.57,3,5.0,4.0,5.0,5.0,1.0,1.0,1.0,1.0,1.0,1.0,3,3,5,4.0,4.0,3.0,2.0,5.0,2.0,3.0,3.0,1,0.0,0,Low
3.0,3.0,3.0,2.0,0.0,43.0,58.0,3.0,0.712,3,4.0,4.0,5.0,4.0,1.0,1.0,1.0,1.0,1.0,1.0,5,2,9,3.0,3.0,3.0,3.0,6.0,1.0,3.0,3.0,3,0.0,1,Medium
3.0,3.0,4.0,2.0,1.0,44.0,50.0,3.0,-0.57,3,5.0,4.0,3.0,4.0,1.0,1.0,1.0,1.0,1.0,1.0,4,3,9,4.0,4.0,4.0,4.0,4.0,2.0,2.0,3.0,2,0.0,0,Medium
5.0,5.0,3.0,2.0,1.0,85.0,86.0,4.0,1.267,3,5.0,5.0,5.0,5.0,1.0,1.0,1.0,1.0,1.0,1.0,5,4,9,4.0,4.0,5.0,5.0,6.0,2.0,4.0,4.0,5,0.0,1,High
4.0,4.0,3.0,8.0,1.0,55.0,64.0,3.0,-0.188,2,5.0,5.0,5.0,4.0,1.0,1.0,1.0,1.0,1.0,1.0,1,2,1,4.0,4.0,4.0,4.0,5.0,1.0,4.0,4.0,8,0.0,1,High
5.0,4.0,3.0,8.0,0.0,55.0,62.0,3.0,0.242,2,5.0,4.0,5.0,5.0,1.0,1.0,1.0,1.0,1.0,1.0,4,2,7,4.0,3.0,3.0,3.0,4.0,2.0,3.0,2.0,8,0.0,1,High
5.0,2.0,2.0,2.0,1.0,46.0,62.0,3.0,-0.188,3,5.0,3.0,4.0,4.0,1.0,1.0,1.0,1.0,1.0,1.0,4,3,9,2.0,2.0,4.0,2.0,2.0,2.0,3.0,3.0,2,0.0,1,High
4.0,3.0,3.0,3.0,1.0,35.0,43.0,3.0,-1.215,2,3.0,4.0,1.0,4.0,3.0,3.0,1.0,1.0,1.0,1.0,1,3,3,4.0,4.0,4.0,4.0,2.0,2.0,3.0,3.0,2,2.0,0,Low
5.0,4.0,2.0,2.0,1.0,65.0,65.0,4.0,-0.188,2,5.0,4.0,3.0,5.0,1.0,1.0,1.0,1.0,1.0,1.0,3,1,4,5.0,5.0,5.0,4.0,5.0,2.0,3.0,4.0,3,0.0,1,High
5.0,4.0,2.0,8.0,1.0,68.0,70.0,3.0,-0.188,3,5.0,4.0,4.0,5.0,1.0,1.0,1.0,1.0,1.0,1.0,3,2,7,4.0,4.0,4.0,4.0,6.0,1.0,3.0,3.0,7,0.0,1,High
4.0,4.0,3.0,2.0,1.0,51.0,64.0,3.0,0.242,3,5.0,4.0,5.0,5.0,1.0,1.0,1.0,1.0,1.0,1.0,5,3,9,4.0,4.0,4.0,4.0,5.0,2.0,3.0,3.0,2,0.0,1,High
3.0,3.0,3.0,2.0,1.0,31.0,39.0,3.0,-0.57,3,4.0,3.0,3.0,3.0,1.0,1.0,1.0,1.0,1.0,1.0,4,3,8,2.0,3.0,3.0,2.0,5.0,3.0,1.0,2.0,3,0.0,0,Low
5.0,4.0,2.0,2.0,1.0,56.0,61.0,4.0,0.712,3,5.0,4.0,3.0,5.0,1.0,1.0,1.0,1.0,1.0,1.0,3,2,5,4.0,4.0,4.0,3.0,4.0,2.0,2.0,3.0,2,0.0,1,High
5.0,3.0,3.0,2.0,0.0,42.0,49.0,3.0,-0.909,1,5.0,3.0,1.0,4.0,1.0,1.0,1.0,1.0,1.0,1.0,2,3,8,4.0,4.0,3.0,3.0,4.0,2.0,3.0,3.0,3,0.0,0,Medium
5.0,4.0,3.0,8.0,1.0,56.0,63.0,3.0,0.242,3,5.0,4.0,5.0,5.0,1.0,1.0,1.0,1.0,1.0,1.0,3,1,3,4.0,4.0,4.0,3.0,6.0,2.0,4.0,3.0,8,0.0,1,High
4.0,4.0,4.0,2.0,1.0,54.0,34.0,2.0,-1.713,0,3.0,3.0,3.0,3.0,2.0,2.0,2.0,2.0,2.0,2.0,4,2,7,3.0,3.0,3.0,3.0,4.0,3.0,3.0,3.0,5,6.0,0,Low
5.0,4.0,5.0,1.0,1.0,39.0,40.0,3.0,-0.188,2,5.0,4.0,4.0,3.0,1.0,1.0,1.0,2.0,1.0,1.0,2,1,2,5.0,5.0,4.0,4.0,4.0,1.0,3.0,3.0,5,1.0,0,Low
4.0,3.0,3.0,2.0,0.0,44.0,56.0,3.0,0.712,3,5.0,4.0,5.0,5.0,1.0,1.0,1.0,1.0,1.0,1.0,5,4,5,4.0,2.0,2.0,2.0,5.0,1.0,3.0,3.0,3,0.0,1,Medium
4.0,3.0,4.0,7.0,1.0,39.0,41.0,3.0,-0.57,3,4.0,2.0,2.0,4.0,2.0,2.0,1.0,1.0,3.0,1.0,3,1,2,2.0,2.0,4.0,2.0,3.0,2.0,3.0,3.0,2,3.0,0,Low
5.0,4.0,2.0,2.0,1.0,56.0,60.0,3.0,0.242,3,5.0,4.0,2.0,4.0,1.0,1.0,1.0,1.0,1.0,1.0,5,2,8,4.0,4.0,4.0,4.0,3.0,2.0,3.0,3.0,3,0.0,1,Medium
4.0,4.0,3.0,8.0,1.0,51.0,66.0,3.0,-0.909,2,4.0,4.0,5.0,5.0,1.0,1.0,1.0,1.0,1.0,1.0,4,2,9,4.0,3.0,3.0,3.0,5.0,2.0,2.0,3.0,6,0.0,1,High
3.0,3.0,2.0,7.0,0.0,43.0,37.0,2.0,-0.57,3,1.0,4.0,1.0,1.0,2.0,1.0,1.0,1.0,1.0,1.0,4,2,6,2.0,2.0,3.0,3.0,5.0,2.0,2.0,3.0,2,1.0,0,Low
4.0,4.0,3.0,2.0,0.0,45.0,58.0,4.0,0.712,3,5.0,4.0,4.0,4.0,1.0,1.0,1.0,1.0,1.0,1.0,5,3,4,4.0,4.0,4.0,3.0,5.0,2.0,3.0,3.0,2,0.0,1,Medium
5.0,4.0,2.0,8.0,1.0,57.0,61.0,4.0,1.267,3,5.0,4.0,5.0,4.0,1.0,1.0,1.0,1.0,1.0,1.0,3,1,3,4.0,4.0,4.0,4.0,6.0,3.0,2.0,3.0,7,0.0,1,High
5.0,4.0,4.0,1.0,1.0,56.0,53.0,3.0,-0.57,3,5.0,5.0,5.0,5.0,1.0,1.0,1.0,2.0,1.0,1.0,5,2,7,4.0,4.0,4.0,3.0,6.0,1.0,4.0,4.0,4,1.0,0,Medium
4.0,3.0,5.0,8.0,1.0,40.0,45.0,2.0,0.242,3,5.0,4.0,1.0,4.0,1.0,1.0,1.0,1.0,1.0,1.0,3,4,8,4.0,4.0,4.0,4.0,1.0,2.0,3.0,2.0,6,0.0,0,Medium
3.0,3.0,2.0,8.0,0.0,41.0,52.0,3.0,-0.57,1,4.0,4.0,1.0,4.0,1.0,1.0,1.0,1.0,1.0,1.0,3,4,3,4.0,4.0,4.0,4.0,4.0,3.0,3.0,3.0,6,0.0,0,Medium
4.0,3.0,2.0,2.0,1.0,46.0,54.0,3.0,0.242,3,5.0,3.0,5.0,5.0,1.0,1.0,1.0,1.0,1.0,1.0,3,5,8,2.0,4.0,4.0,4.0,2.0,2.0,2.0,3.0,4,0.0,0,Medium
5.0,5.0,1.0,8.0,1.0,53.0,81.0,4.0,-0.188,3,5.0,5.0,5.0,5.0,1.0,1.0,1.0,1.0,1.0,1.0,3,2,3,3.0,4.0,5.0,4.0,6.0,1.0,3.0,3.0,7,0.0,1,High
3.0,3.0,4.0,1.0,1.0,46.0,52.0,4.0,-0.57,2,3.0,3.0,2.0,4.0,2.0,2.0,1.0,1.0,1.0,1.0,3,3,8,4.0,4.0,4.0,4.0,4.0,2.0,3.0,3.0,2,2.0,0,Medium
5.0,4.0,2.0,3.0,1.0,68.0,58.0,4.0,0.242,3,5.0,5.0,5.0,5.0,1.0,1.0,1.0,1.0,1.0,1.0,5,2,7,3.0,4.0,4.0,4.0,6.0,1.0,4.0,4.0,5,0.0,1,Medium
4.0,3.0,2.0,8.0,0.0,43.0,53.0,3.0,0.712,3,5.0,4.0,3.0,5.0,1.0,1.0,1.0,1.0,1.0,1.0,2,2,3,5.0,4.0,4.0,4.0,5.0,1.0,3.0,3.0,7,0.0,0,Medium
3.0,4.0,4.0,3.0,1.0,58.0,57.0,3.0,0.712,3,4.0,4.0,4.0,4.0,1.0,1.0,1.0,1.0,1.0,1.0,3,3,8,4.0,4.0,4.0,4.0,5.0,3.0,3.0,3.0,1,0.0,1,Medium
4.0,4.0,1.0,5.0,0.0,51.0,68.0,3.0,-1.485,1,5.0,4.0,1.0,4.0,1.0,1.0,1.0,1.0,1.0,1.0,3,4,3,4.0,4.0,4.0,3.0,5.0,1.0,1.0,3.0,1,0.0,1,High
5.0,5.0,4.0,4.0,1.0,60.0,63.0,4.0,0.242,3,5.0,5.0,1.0,4.0,1.0,1.0,1.0,2.0,2.0,1.0,2,4,3,5.0,5.0,4.0,4.0,4.0,1.0,3.0,3.0,3,2.0,1,High
5.0,4.0,2.0,8.0,0.0,48.0,88.0,4.0,-0.57,3,5.0,5.0,5.0,4.0,1.0,1.0,1.0,1.0,1.0,1.0,2,2,4,4.0,3.0,4.0,2.0,5.0,2.0,4.0,3.0,8,0.0,1,High
5.0,4.0,5.0,8.0,0.0,57.0,45.0,4.0,-1.713,2,3.0,2.0,1.0,4.0,3.0,2.0,2.0,1.0,1.0,3.0,1,2,1,4.0,4.0,3.0,3.0,4.0,1.0,4.0,4.0,4,4.0,0,Medium
5.0,3.0,3.0,1.0,1.0,45.0,63.0,3.0,0.242,3,5.0,5.0,3.0,5.0,1.0,1.0,1.0,2.0,1.0,1.0,3,2,6,4.0,4.0,4.0,4.0,4.0,2.0,2.0,3.0,3,1.0,1,High
3.0,3.0,4.0,3.0,1.0,38.0,40.0,2.0,0.242,3,4.0,3.0,1.0,1.0,1.0,1.0,1.0,1.0,1.0,1.0,5,5,7,2.0,2.0,3.0,2.0,1.0,3.0,2.0,2.0,3,0.0,0,Low
4.0,4.0,5.0,3.0,0.0,48.0,55.0,3.0,-1.215,1,3.0,3.0,3.0,3.0,2.0,2.0,2.0,1.0,1.0,2.0,3,5,2,3.0,3.0,4.0,2.0,3.0,3.0,2.0,3.0,1,4.0,1,Medium
5.0,5.0,2.0,2.0,1.0,58.0,51.0,4.0,0.712,3,3.0,4.0,5.0,4.0,2.0,2.0,1.0,1.0,1.0,2.0,3,3,4,4.0,4.0,4.0,4.0,4.0,2.0,4.0,4.0,2,3.0,0,Medium
4.0,4.0,3.0,8.0,0.0,57.0,82.0,3.0,0.712,3,5.0,5.0,5.0,5.0,1.0,1.0,1.0,1.0,1.0,1.0,4,2,8,2.0,2.0,3.0,3.0,4.0,2.0,3.0,3.0,7,0.0,1,High
4.0,4.0,2.0,8.0,0.0,52.0,67.0,4.0,0.242,3,5.0,5.0,5.0,5.0,1.0,1.0,1.0,1.0,1.0,1.0,2,2,7,4.0,4.0,4.0,4.0,6.0,3.0,3.0,2.0,8,0.0,1,High
5.0,4.0,3.0,2.0,0.0,65.0,65.0,4.0,0.242,3,5.0,5.0,5.0,5.0,1.0,1.0,1.0,1.0,1.0,1.0,2,3,7,4.0,5.0,4.0,3.0,6.0,2.0,4.0,4.0,3,0.0,1,High
4.0,4.0,2.0,3.0,1.0,56.0,62.0,4.0,0.242,3,5.0,5.0,1.0,2.0,1.0,1.0,1.0,1.0,1.0,1.0,4,2,4,5.0,4.0,4.0,3.0,5.0,2.0,3.0,3.0,2,0.0,1,High
4.0,3.0,5.0,2.0,1.0,47.0,46.0,2.0,0.242,3,3.0,3.0,2.0,5.0,1.0,1.0,1.0,2.0,2.0,1.0,3,2,6,4.0,4.0,3.0,2.0,2.0,2.0,2.0,2.0,5,2.0,0,Medium
5.0,4.0,4.0,4.0,0.0,33.0,47.0,2.0,-0.909,3,4.0,3.0,3.0,3.0,1.0,1.0,1.0,1.0,1.0,1.0,1,5,6,3.0,3.0,3.0,3.0,4.0,2.0,2.0,2.0,4,0.0,0,Medium
5.0,5.0,2.0,8.0,0.0,61.0,77.0,4.0,1.267,3,5.0,5.0,5.0,5.0,1.0,1.0,1.0,1.0,1.0,1.0,2,2,3,4.0,5.0,4.0,4.0,6.0,1.0,3.0,3.0,7,0.0,1,High
5.0,4.0,2.0,2.0,0.0,56.0,62.0,4.0,-0.909,3,4.0,4.0,3.0,4.0,1.0,1.0,1.0,1.0,1.0,1.0,5,2,6,4.0,4.0,4.0,4.0,6.0,1.0,3.0,4.0,4,0.0,1,High
4.0,3.0,2.0,2.0,1.0,47.0,67.0,3.0,-0.188,3,5.0,4.0,4.0,4.0,1.0,1.0,1.0,1.0,1.0,1.0,3,4,7,3.0,4.0,4.0,3.0,6.0,2.0,3.0,2.0,3,0.0,1,High
5.0,3.0,3.0,2.0,1.0,34.0,47.0,3.0,0.242,3,5.0,2.0,2.0,5.0,1.0,1.0,1.0,1.0,1.0,1.0,3,3,7,1.0,1.0,1.0,1.0,4.0,3.0,2.0,2.0,4,0.0,0,Medium
5.0,4.0,3.0,8.0,1.0,60.0,62.0,3.0,-0.188,3,5.0,4.0,3.0,5.0,1.0,1.0,1.0,1.0,1.0,1.0,3,2,5,4.0,3.0,4.0,3.0,4.0,1.0,3.0,3.0,7,0.0,1,High
5.0,4.0,2.0,2.0,1.0,55.0,54.0,3.0,0.712,3,5.0,4.0,3.0,5.0,1.0,1.0,1.0,1.0,1.0,1.0,3,3,8,4.0,4.0,4.0,4.0,4.0,1.0,4.0,3.0,2,0.0,0,Medium
5.0,3.0,4.0,4.0,1.0,35.0,49.0,3.0,0.712,3,4.0,3.0,1.0,3.0,1.0,1.0,1.0,3.0,3.0,1.0,3,5,8,4.0,4.0,4.0,4.0,4.0,2.0,2.0,3.0,3,2.0,0,Medium
4.0,4.0,2.0,2.0,1.0,47.0,64.0,3.0,-0.188,3,5.0,5.0,3.0,5.0,1.0,1.0,1.0,1.0,1.0,1.0,3,1,7,5.0,4.0,4.0,4.0,4.0,1.0,3.0,4.0,6,0.0,1,High
4.0,2.0,4.0,2.0,0.0,41.0,40.0,3.0,0.242,3,5.0,1.0,1.0,1.0,1.0,1.0,1.0,1.0,1.0,1.0,4,2,3,2.0,2.0,2.0,2.0,2.0,3.0,2.0,2.0,3,0.0,0,Low
5.0,4.0,4.0,2.0,1.0,41.0,50.0,3.0,-0.909,2,5.0,4.0,1.0,4.0,2.0,2.0,1.0,2.0,1.0,1.0,5,2,6,4.0,4.0,4.0,4.0,4.0,2.0,3.0,3.0,2,3.0,0,Medium
1.0,3.0,3.0,2.0,1.0,39.0,29.0,3.0,-0.909,2,5.0,3.0,5.0,5.0,1.0,1.0,1.0,1.0,1.0,1.0,2,2,2,4.0,4.0,4.0,2.0,5.0,2.0,4.0,2.0,4,0.0,0,Low
5.0,5.0,2.0,2.0,1.0,67.0,72.0,4.0,0.712,3,5.0,5.0,5.0,5.0,1.0,1.0,1.0,1.0,1.0,1.0,4,4,9,2.0,2.0,4.0,4.0,6.0,1.0,3.0,3.0,3,0.0,1,High
4.0,3.0,3.0,2.0,0.0,45.0,51.0,4.0,-0.188,2,5.0,4.0,3.0,4.0,1.0,1.0,1.0,1.0,1.0,1.0,3,4,6,4.0,3.0,4.0,3.0,4.0,2.0,2.0,3.0,5,0.0,0,Medium
5.0,4.0,4.0,8.0,0.0,49.0,55.0,3.0,1.267,3,5.0,3.0,2.0,4.0,1.0,1.0,1.0,1.0,1.0,1.0,4,1,7,5.0,4.0,4.0,4.0,5.0,2.0,2.0,4.0,6,0.0,1,Medium
5.0,4.0,4.0,2.0,1.0,61.0,64.0,4.0,0.242,3,5.0,4.0,5.0,5.0,1.0,1.0,1.0,1.0,1.0,1.0,4,2,8,4.0,5.0,4.0,4.0,6.0,2.0,3.0,3.0,5,0.0,1,High
4.0,3.0,3.0,1.0,1.0,42.0,51.0,3.0,-0.57,3,4.0,4.0,4.0,4.0,1.0,1.0,2.0,1.0,1.0,1.0,5,5,8,4.0,4.0,4.0,4.0,5.0,4.0,4.0,4.0,2,1.0,0,Medium
5.0,3.0,4.0,5.0,0.0,53.0,61.0,3.0,1.267,3,5.0,1.0,5.0,5.0,1.0,1.0,1.0,1.0,1.0,1.0,3,4,9,4.0,2.0,2.0,2.0,5.0,3.0,2.0,2.0,1,0.0,1,High
3.0,3.0,1.0,3.0,0.0,38.0,57.0,3.0,-0.57,2,4.0,3.0,2.0,4.0,1.0,1.0,1.0,1.0,1.0,1.0,2,1,3,4.0,3.0,3.0,3.0,4.0,2.0,2.0,3.0,5,0.0,1,Medium
4.0,2.0,3.0,6.0,0.0,40.0,45.0,2.0,0.242,2,3.0,4.0,2.0,4.0,1.0,1.0,1.0,2.0,2.0,1.0,3,2,5,4.0,4.0,2.0,2.0,3.0,3.0,3.0,3.0,6,2.0,0,Medium
4.0,4.0,2.0,1.0,1.0,52.0,56.0,4.0,0.712,3,4.0,3.0,2.0,3.0,1.0,1.0,1.0,1.0,1.0,1.0,3,3,8,2.0,3.0,3.0,2.0,6.0,2.0,3.0,3.0,4,0.0,1,Medium
5.0,5.0,4.0,5.0,1.0,78.0,59.0,4.0,-0.188,3,5.0,5.0,5.0,5.0,1.0,1.0,1.0,1.0,1.0,1.0,3,3,9,3.0,5.0,5.0,3.0,6.0,2.0,2.0,3.0,1,0.0,1,Medium
5.0,4.0,5.0,2.0,1.0,69.0,68.0,4.0,0.712,3,5.0,3.0,5.0,5.0,1.0,1.0,1.0,1.0,1.0,1.0,5,3,9,2.0,4.0,5.0,4.0,6.0,2.0,2.0,3.0,4,0.0,1,High
2.0,2.0,,,0.0,,51.0,2.0,-1.215,3,,,,,,,,,,,3,4,4,,,,,,,,,1,,0,Medium
5.0,4.0,4.0,2.0,1.0,62.0,56.0,4.0,-0.57,2,5.0,5.0,5.0,5.0,1.0,1.0,1.0,1.0,1.0,1.0,4,4,9,3.0,4.0,4.0,4.0,5.0,1.0,4.0,3.0,1,0.0,1,Medium
4.0,4.0,3.0,2.0,1.0,49.0,67.0,4.0,0.712,3,5.0,2.0,5.0,4.0,1.0,1.0,1.0,1.0,1.0,1.0,5,4,9,2.0,4.0,5.0,3.0,4.0,2.0,2.0,3.0,5,0.0,1,High
5.0,5.0,3.0,2.0,,53.0,59.0,3.0,0.242,3,5.0,4.0,4.0,5.0,1.0,1.0,1.0,1.0,1.0,1.0,2,5,3,4.0,4.0,4.0,4.0,5.0,2.0,3.0,3.0,4,0.0,1,Medium
5.0,5.0,4.0,8.0,1.0,64.0,63.0,3.0,0.712,3,5.0,5.0,5.0,5.0,1.0,1.0,1.0,1.0,1.0,1.0,5,2,8,4.0,4.0,4.0,3.0,4.0,2.0,3.0,3.0,8,0.0,1,High
5.0,4.0,4.0,2.0,1.0,58.0,56.0,4.0,-0.188,3,5.0,5.0,3.0,3.0,1.0,1.0,1.0,1.0,1.0,1.0,1,5,6,4.0,5.0,4.0,5.0,5.0,1.0,3.0,3.0,4,0.0,1,Medium
5.0,3.0,4.0,2.0,1.0,52.0,60.0,4.0,-0.57,3,5.0,1.0,4.0,5.0,1.0,1.0,1.0,1.0,1.0,1.0,5,2,9,2.0,3.0,4.0,4.0,6.0,2.0,3.0,3.0,2,0.0,1,Medium
5.0,5.0,4.0,2.0,1.0,52.0,63.0,4.0,0.242,3,5.0,4.0,5.0,5.0,1.0,1.0,1.0,1.0,1.0,1.0,4,2,9,1.0,2.0,5.0,3.0,6.0,2.0,3.0,3.0,2,0.0,1,High
3.0,3.0,5.0,6.0,0.0,40.0,57.0,1.0,-0.909,1,4.0,3.0,1.0,1.0,1.0,1.0,1.0,1.0,1.0,1.0,1,1,1,3.0,3.0,3.0,3.0,3.0,3.0,3.0,2.0,4,0.0,1,Medium
3.0,3.0,3.0,7.0,1.0,44.0,46.0,3.0,0.712,3,5.0,3.0,2.0,2.0,2.0,2.0,1.0,2.0,1.0,1.0,5,4,8,3.0,3.0,3.0,3.0,5.0,1.0,2.0,3.0,4,3.0,0,Medium
3.0,3.0,4.0,2.0,0.0,29.0,30.0,3.0,-1.713,1,4.0,4.0,4.0,4.0,2.0,2.0,2.0,2.0,2.0,2.0,2,2,5,3.0,3.0,3.0,3.0,4.0,3.0,3.0,3.0,4,6.0,0,Low
3.0,2.0,4.0,4.0,0.0,41.0,51.0,2.0,-1.215,2,5.0,3.0,3.0,4.0,1.0,1.0,1.0,2.0,1.0,1.0,1,5,2,5.0,4.0,4.0,4.0,4.0,1.0,2.0,1.0,2,1.0,0,Medium
4.0,3.0,4.0,2.0,1.0,46.0,43.0,3.0,0.242,3,5.0,4.0,1.0,4.0,1.0,1.0,1.0,2.0,2.0,1.0,4,5,4,4.0,3.0,2.0,2.0,3.0,3.0,2.0,2.0,3,2.0,0,Low
3.0,3.0,1.0,,,42.0,49.0,3.0,-1.485,1,3.0,3.0,3.0,3.0,2.0,2.0,2.0,2.0,2.0,2.0,1,2,1,3.0,3.0,3.0,3.0,4.0,1.0,1.0,1.0,2,6.0,0,Medium
4.0,3.0,3.0,6.0,1.0,46.0,41.0,3.0,0.242,3,4.0,4.0,2.0,4.0,1.0,1.0,1.0,1.0,1.0,1.0,3,1,2,4.0,4.0,4.0,4.0,4.0,2.0,3.0,3.0,5,0.0,0,Low
5.0,3.0,2.0,2.0,0.0,36.0,70.0,3.0,0.712,3,5.0,5.0,5.0,5.0,1.0,1.0,1.0,1.0,1.0,1.0,4,4,8,3.0,3.0,3.0,3.0,3.0,2.0,3.0,3.0,3,0.0,1,High
4.0,5.0,3.0,8.0,1.0,73.0,85.0,4.0,-1.215,2,4.0,4.0,4.0,5.0,1.0,1.0,1.0,1.0,1.0,1.0,3,2,7,4.0,5.0,5.0,5.0,6.0,1.0,3.0,4.0,6,0.0,1,High
5.0,5.0,4.0,2.0,1.0,50.0,64.0,4.0,-1.215,2,5.0,5.0,4.0,5.0,1.0,1.0,1.0,1.0,1.0,1.0,3,3,7,5.0,4.0,5.0,5.0,6.0,1.0,4.0,4.0,5,0.0,1,High
5.0,3.0,3.0,2.0,1.0,40.0,51.0,3.0,-0.57,2,5.0,4.0,5.0,5.0,1.0,1.0,1.0,1.0,1.0,1.0,2,3,6,3.0,4.0,3.0,4.0,4.0,1.0,4.0,4.0,4,0.0,0,Medium
3.0,2.0,5.0,6.0,1.0,41.0,50.0,2.0,0.242,3,2.0,3.0,2.0,4.0,2.0,2.0,1.0,1.0,1.0,2.0,3,1,3,3.0,3.0,3.0,3.0,4.0,3.0,2.0,2.0,4,3.0,0,Medium
5.0,4.0,3.0,2.0,1.0,51.0,72.0,3.0,0.712,3,5.0,4.0,5.0,5.0,1.0,1.0,1.0,1.0,1.0,1.0,4,4,9,1.0,3.0,4.0,2.0,6.0,2.0,3.0,3.0,4,0.0,1,High
4.0,3.0,3.0,2.0,1.0,45.0,59.0,3.0,0.712,3,5.0,4.0,2.0,5.0,1.0,1.0,1.0,1.0,1.0,1.0,3,1,6,3.0,3.0,4.0,4.0,3.0,2.0,2.0,3.0,4,0.0,1,Medium
5.0,3.0,2.0,8.0,1.0,41.0,54.0,3.0,-0.188,3,5.0,4.0,5.0,5.0,1.0,1.0,1.0,1.0,1.0,1.0,2,1,2,4.0,4.0,4.0,3.0,3.0,3.0,2.0,3.0,8,0.0,0,Medium
4.0,4.0,2.0,4.0,1.0,60.0,74.0,3.0,-0.188,2,5.0,4.0,5.0,5.0,1.0,1.0,1.0,1.0,1.0,1.0,2,2,8,4.0,4.0,4.0,4.0,5.0,2.0,2.0,3.0,5,0.0,1,High
5.0,3.0,5.0,2.0,1.0,50.0,62.0,3.0,0.712,3,5.0,4.0,2.0,5.0,1.0,1.0,1.0,1.0,1.0,1.0,3,2,8,2.0,3.0,4.0,4.0,6.0,2.0,3.0,3.0,4,0.0,1,High
5.0,4.0,3.0,1.0,0.0,56.0,61.0,4.0,0.242,3,5.0,5.0,5.0,4.0,1.0,1.0,1.0,1.0,1.0,1.0,4,1,8,2.0,2.0,3.0,2.0,5.0,2.0,3.0,3.0,3,0.0,1,High
4.0,4.0,3.0,2.0,1.0,51.0,52.0,3.0,1.267,3,5.0,4.0,3.0,4.0,1.0,1.0,1.0,1.0,1.0,1.0,4,2,8,3.0,4.0,4.0,3.0,5.0,2.0,3.0,3.0,2,0.0,0,Medium
4.0,4.0,4.0,2.0,1.0,46.0,59.0,3.0,0.242,3,5.0,4.0,5.0,5.0,1.0,1.0,1.0,1.0,1.0,1.0,3,2,8,3.0,4.0,4.0,4.0,5.0,2.0,2.0,3.0,3,0.0,1,Medium
5.0,3.0,2.0,8.0,1.0,53.0,60.0,3.0,0.242,2,5.0,4.0,3.0,5.0,1.0,1.0,1.0,1.0,1.0,1.0,4,2,3,2.0,2.0,3.0,3.0,4.0,2.0,4.0,3.0,6,0.0,1,Medium
5.0,3.0,2.0,8.0,1.0,51.0,57.0,3.0,-0.57,1,5.0,5.0,1.0,4.0,1.0,1.0,1.0,1.0,1.0,1.0,3,2,8,5.0,3.0,3.0,2.0,2.0,1.0,3.0,3.0,8,0.0,1,Medium
1.0,1.0,5.0,6.0,0.0,34.0,14.0,1.0,-0.57,3,1.0,1.0,1.0,5.0,3.0,3.0,1.0,1.0,1.0,3.0,3,3,1,4.0,1.0,1.0,1.0,2.0,1.0,1.0,1.0,3,3.0,0,Low
5.0,4.0,2.0,2.0,1.0,50.0,63.0,4.0,1.267,3,5.0,4.0,5.0,4.0,1.0,1.0,1.0,1.0,1.0,1.0,4,2,9,4.0,4.0,4.0,4.0,6.0,1.0,3.0,3.0,2,0.0,1,High
5.0,3.0,2.0,1.0,1.0,39.0,42.0,3.0,0.712,2,5.0,4.0,3.0,4.0,2.0,1.0,1.0,1.0,1.0,1.0,4,4,3,3.0,3.0,4.0,3.0,4.0,3.0,4.0,3.0,3,1.0,0,Low
5.0,5.0,4.0,2.0,1.0,60.0,71.0,4.0,-0.188,3,5.0,5.0,5.0,5.0,1.0,1.0,1.0,1.0,1.0,1.0,4,2,9,4.0,4.0,4.0,4.0,6.0,2.0,3.0,4.0,2,0.0,1,High
3.0,3.0,4.0,2.0,0.0,45.0,48.0,2.0,0.242,3,5.0,3.0,2.0,5.0,1.0,1.0,1.0,1.0,1.0,1.0,5,4,9,2.0,3.0,2.0,2.0,4.0,1.0,3.0,3.0,4,0.0,0,Medium
4.0,3.0,5.0,3.0,1.0,46.0,37.0,3.0,-0.909,1,4.0,4.0,3.0,5.0,2.0,3.0,1.0,1.0,1.0,1.0,3,4,2,4.0,4.0,4.0,4.0,5.0,1.0,4.0,2.0,4,2.0,0,Low
5.0,4.0,2.0,8.0,1.0,52.0,65.0,3.0,1.267,3,5.0,4.0,5.0,5.0,1.0,1.0,1.0,1.0,1.0,1.0,5,2,7,4.0,4.0,4.0,3.0,5.0,1.0,3.0,4.0,7,0.0,1,High
5.0,4.0,4.0,2.0,1.0,61.0,61.0,3.0,0.242,3,5.0,4.0,5.0,5.0,1.0,1.0,1.0,1.0,1.0,1.0,3,1,3,5.0,4.0,5.0,3.0,6.0,2.0,4.0,4.0,4,0.0,1,High
4.0,3.0,4.0,2.0,1.0,42.0,70.0,4.0,-0.188,3,4.0,2.0,5.0,2.0,1.0,1.0,1.0,1.0,1.0,1.0,5,2,5,1.0,1.0,2.0,2.0,5.0,2.0,2.0,3.0,2,0.0,1,High
5.0,4.0,2.0,8.0,1.0,44.0,67.0,4.0,0.712,3,5.0,4.0,3.0,4.0,1.0,1.0,1.0,1.0,1.0,1.0,2,2,6,4.0,4.0,4.0,3.0,5.0,2.0,3.0,3.0,6,0.0,1,High
5.0,5.0,5.0,2.0,1.0,47.0,58.0,3.0,-1.215,2,5.0,4.0,5.0,5.0,1.0,1.0,1.0,1.0,1.0,1.0,1,5,4,5.0,5.0,5.0,5.0,6.0,2.0,4.0,4.0,3,0.0,1,Medium
5.0,4.0,2.0,2.0,1.0,53.0,64.0,4.0,1.267,3,5.0,5.0,4.0,4.0,1.0,1.0,1.0,1.0,1.0,1.0,5,2,7,3.0,3.0,4.0,4.0,6.0,2.0,3.0,3.0,3,0.0,1,High
4.0,4.0,2.0,2.0,1.0,52.0,68.0,3.0,-0.188,2,5.0,5.0,5.0,4.0,1.0,1.0,1.0,1.0,1.0,1.0,4,5,9,4.0,4.0,4.0,4.0,6.0,2.0,3.0,4.0,2,0.0,1,High
4.0,3.0,3.0,6.0,0.0,32.0,35.0,2.0,-0.909,3,5.0,3.0,5.0,5.0,2.0,2.0,1.0,2.0,2.0,1.0,1,2,1,4.0,4.0,3.0,3.0,4.0,2.0,3.0,3.0,4,4.0,0,Low
5.0,4.0,4.0,8.0,1.0,50.0,49.0,4.0,0.712,3,5.0,4.0,5.0,5.0,1.0,1.0,1.0,1.0,1.0,1.0,5,1,6,5.0,5.0,5.0,4.0,6.0,1.0,3.0,4.0,8,0.0,0,Medium
4.0,4.0,3.0,2.0,0.0,55.0,53.0,3.0,-0.57,2,5.0,4.0,5.0,5.0,1.0,1.0,1.0,1.0,1.0,1.0,2,1,6,3.0,3.0,3.0,3.0,5.0,2.0,3.0,3.0,8,0.0,0,Medium
3.0,4.0,3.0,2.0,0.0,42.0,48.0,3.0,-1.215,0,3.0,3.0,3.0,4.0,3.0,2.0,2.0,2.0,2.0,2.0,4,5,3,4.0,4.0,3.0,4.0,4.0,2.0,3.0,3.0,5,6.0,0,Medium
4.0,4.0,3.0,8.0,1.0,56.0,79.0,4.0,1.267,3,5.0,5.0,5.0,5.0,1.0,1.0,1.0,1.0,1.0,1.0,4,4,8,2.0,4.0,4.0,4.0,6.0,2.0,3.0,4.0,6,0.0,1,High
4.0,4.0,3.0,4.0,0.0,48.0,60.0,3.0,-0.57,3,5.0,4.0,5.0,4.0,1.0,1.0,1.0,1.0,1.0,1.0,1,3,1,4.0,4.0,4.0,4.0,4.0,2.0,3.0,3.0,3,0.0,1,Medium
5.0,4.0,4.0,1.0,1.0,72.0,39.0,3.0,0.242,3,5.0,5.0,5.0,5.0,2.0,1.0,1.0,1.0,1.0,1.0,5,1,2,5.0,5.0,3.0,3.0,4.0,1.0,4.0,3.0,3,1.0,0,Low
5.0,4.0,2.0,2.0,1.0,74.0,72.0,4.0,1.267,3,5.0,4.0,5.0,5.0,1.0,1.0,1.0,1.0,1.0,1.0,5,4,8,4.0,2.0,5.0,2.0,6.0,1.0,3.0,4.0,2,0.0,1,High
5.0,3.0,3.0,4.0,0.0,48.0,39.0,2.0,0.242,2,5.0,3.0,1.0,5.0,1.0,1.0,1.0,1.0,1.0,1.0,4,4,8,5.0,3.0,2.0,3.0,3.0,2.0,4.0,3.0,5,0.0,0,Low
5.0,4.0,4.0,6.0,0.0,68.0,42.0,3.0,-1.215,2,5.0,5.0,1.0,5.0,2.0,1.0,1.0,2.0,1.0,1.0,3,2,1,5.0,5.0,5.0,5.0,6.0,1.0,4.0,3.0,5,2.0,0,Low
4.0,3.0,5.0,5.0,,45.0,38.0,2.0,-1.713,1,3.0,5.0,4.0,2.0,2.0,2.0,2.0,2.0,2.0,2.0,3,1,1,4.0,3.0,5.0,2.0,4.0,3.0,2.0,2.0,2,6.0,0,Low
3.0,3.0,3.0,8.0,1.0,38.0,60.0,4.0,-1.215,2,5.0,3.0,1.0,4.0,1.0,1.0,1.0,1.0,1.0,1.0,2,2,1,3.0,4.0,3.0,3.0,4.0,4.0,3.0,3.0,7,0.0,1,Medium
4.0,3.0,2.0,2.0,1.0,43.0,61.0,3.0,-0.909,3,5.0,3.0,5.0,4.0,1.0,1.0,1.0,1.0,1.0,1.0,5,3,9,4.0,2.0,4.0,3.0,6.0,2.0,3.0,3.0,2,0.0,1,High
3.0,4.0,3.0,2.0,1.0,43.0,48.0,3.0,-0.57,2,5.0,4.0,3.0,3.0,1.0,1.0,1.0,1.0,1.0,1.0,3,4,8,3.0,4.0,4.0,3.0,3.0,4.0,2.0,3.0,3,0.0,0,Medium
5.0,4.0,1.0,4.0,0.0,53.0,61.0,4.0,0.242,3,5.0,4.0,5.0,5.0,1.0,1.0,1.0,1.0,1.0,1.0,3,2,3,5.0,4.0,4.0,3.0,6.0,3.0,3.0,3.0,6,0.0,1,High
3.0,2.0,3.0,6.0,0.0,36.0,36.0,3.0,0.712,3,3.0,2.0,1.0,5.0,1.0,1.0,1.0,1.0,1.0,1.0,2,2,3,3.0,2.0,2.0,2.0,1.0,3.0,1.0,2.0,6,0.0,0,Low
4.0,3.0,4.0,2.0,0.0,31.0,50.0,3.0,0.242,3,4.0,3.0,1.0,4.0,1.0,1.0,1.0,1.0,1.0,1.0,2,2,6,3.0,3.0,3.0,3.0,4.0,3.0,3.0,3.0,5,0.0,0,Medium
5.0,5.0,4.0,8.0,1.0,70.0,67.0,4.0,0.712,3,5.0,5.0,5.0,4.0,1.0,1.0,1.0,1.0,1.0,1.0,3,2,7,3.0,4.0,5.0,3.0,5.0,2.0,3.0,3.0,7,0.0,1,High
5.0,4.0,4.0,4.0,1.0,52.0,52.0,4.0,-0.57,3,5.0,4.0,4.0,5.0,1.0,1.0,1.0,1.0,1.0,1.0,2,4,6,4.0,4.0,4.0,4.0,5.0,2.0,3.0,3.0,2,0.0,0,Medium
4.0,4.0,4.0,4.0,0.0,54.0,48.0,4.0,-0.188,3,4.0,4.0,1.0,2.0,2.0,3.0,2.0,1.0,1.0,1.0,5,2,1,5.0,4.0,5.0,4.0,2.0,2.0,3.0,4.0,5,3.0,0,Medium
4.0,4.0,3.0,4.0,1.0,58.0,58.0,3.0,-0.188,3,5.0,5.0,5.0,4.0,1.0,1.0,1.0,1.0,1.0,1.0,3,3,5,4.0,4.0,4.0,4.0,6.0,3.0,3.0,3.0,3,0.0,1,Medium
4.0,4.0,1.0,8.0,1.0,60.0,75.0,4.0,1.267,3,5.0,4.0,5.0,5.0,1.0,1.0,1.0,1.0,1.0,1.0,5,1,9,4.0,4.0,4.0,3.0,5.0,1.0,3.0,3.0,7,0.0,1,High
2.0,2.0,4.0,2.0,0.0,28.0,39.0,2.0,-1.485,2,3.0,3.0,1.0,4.0,2.0,2.0,1.0,1.0,2.0,1.0,4,2,6,2.0,1.0,2.0,2.0,2.0,3.0,2.0,2.0,6,3.0,0,Low
5.0,4.0,3.0,8.0,1.0,52.0,58.0,4.0,-0.188,2,4.0,4.0,4.0,4.0,1.0,1.0,1.0,1.0,1.0,1.0,5,2,7,4.0,4.0,4.0,3.0,4.0,2.0,3.0,3.0,8,0.0,1,Medium
4.0,2.0,5.0,1.0,0.0,35.0,26.0,1.0,-0.909,2,5.0,3.0,3.0,5.0,2.0,2.0,1.0,1.0,2.0,1.0,1,2,1,4.0,4.0,4.0,3.0,2.0,4.0,3.0,1.0,4,3.0,0,Low
5.0,3.0,5.0,8.0,1.0,49.0,50.0,3.0,0.242,2,5.0,3.0,5.0,5.0,1.0,1.0,1.0,1.0,2.0,1.0,3,2,2,4.0,4.0,4.0,3.0,5.0,1.0,3.0,2.0,8,1.0,0,Medium
4.0,4.0,3.0,8.0,0.0,52.0,70.0,3.0,0.712,3,5.0,4.0,5.0,5.0,1.0,1.0,1.0,1.0,1.0,1.0,4,2,8,4.0,3.0,3.0,1.0,2.0,1.0,3.0,2.0,6,0.0,1,High
5.0,3.0,4.0,2.0,1.0,49.0,53.0,4.0,1.267,3,5.0,4.0,5.0,5.0,1.0,1.0,1.0,1.0,1.0,1.0,4,4,8,3.0,3.0,4.0,3.0,6.0,2.0,4.0,3.0,4,0.0,0,Medium
5.0,4.0,4.0,2.0,1.0,45.0,47.0,4.0,0.242,2,4.0,3.0,4.0,4.0,1.0,1.0,1.0,2.0,2.0,1.0,5,4,5,3.0,4.0,4.0,4.0,6.0,2.0,4.0,4.0,3,2.0,0,Medium
4.0,4.0,3.0,2.0,1.0,46.0,49.0,4.0,-0.909,2,5.0,4.0,5.0,3.0,1.0,1.0,1.0,1.0,1.0,1.0,3,2,8,4.0,4.0,4.0,4.0,5.0,2.0,3.0,3.0,3,0.0,0,Medium
5.0,5.0,2.0,2.0,0.0,51.0,63.0,3.0,-0.909,2,5.0,5.0,5.0,5.0,1.0,1.0,1.0,1.0,1.0,1.0,3,3,6,4.0,4.0,3.0,3.0,5.0,2.0,4.0,4.0,2,0.0,1,High
5.0,4.0,3.0,2.0,1.0,57.0,71.0,4.0,0.712,3,5.0,1.0,5.0,2.0,1.0,1.0,1.0,1.0,1.0,1.0,5,5,8,3.0,3.0,4.0,4.0,6.0,1.0,3.0,3.0,3,0.0,1,High
5.0,5.0,4.0,2.0,0.0,57.0,64.0,3.0,-1.485,1,5.0,1.0,5.0,2.0,1.0,1.0,1.0,1.0,1.0,1.0,3,1,3,3.0,3.0,3.0,3.0,5.0,2.0,4.0,3.0,3,0.0,1,High
5.0,5.0,4.0,8.0,1.0,68.0,89.0,4.0,0.712,3,5.0,5.0,5.0,5.0,1.0,1.0,1.0,1.0,1.0,1.0,2,2,5,5.0,5.0,5.0,5.0,6.0,3.0,4.0,4.0,8,0.0,1,High
4.0,4.0,4.0,8.0,1.0,44.0,49.0,3.0,-0.57,3,5.0,5.0,4.0,3.0,1.0,1.0,1.0,1.0,1.0,1.0,2,2,3,5.0,5.0,4.0,4.0,1.0,2.0,4.0,3.0,6,0.0,0,Medium
4.0,4.0,3.0,2.0,0.0,51.0,61.0,3.0,0.242,3,5.0,4.0,5.0,4.0,1.0,1.0,1.0,1.0,1.0,1.0,4,5,9,2.0,2.0,2.0,2.0,4.0,2.0,3.0,3.0,4,0.0,1,High
4.0,2.0,4.0,3.0,0.0,52.0,58.0,4.0,0.242,2,5.0,4.0,5.0,4.0,1.0,1.0,1.0,1.0,1.0,1.0,4,3,8,3.0,4.0,3.0,3.0,5.0,3.0,2.0,3.0,4,0.0,1,Medium
5.0,4.0,4.0,2.0,1.0,56.0,61.0,4.0,1.267,3,5.0,3.0,5.0,5.0,1.0,1.0,1.0,1.0,1.0,1.0,5,5,8,3.0,3.0,4.0,3.0,6.0,1.0,3.0,3.0,4,0.0,1,High
4.0,4.0,3.0,8.0,1.0,49.0,63.0,4.0,0.712,3,5.0,4.0,5.0,4.0,1.0,1.0,1.0,1.0,1.0,1.0,4,2,8,4.0,4.0,4.0,4.0,6.0,2.0,3.0,3.0,6,0.0,1,High
3.0,3.0,4.0,2.0,1.0,45.0,51.0,3.0,-1.215,2,4.0,4.0,4.0,4.0,1.0,2.0,1.0,2.0,2.0,1.0,2,2,7,4.0,4.0,4.0,4.0,5.0,3.0,3.0,3.0,3,3.0,0,Medium
2.0,3.0,4.0,3.0,0.0,47.0,49.0,2.0,-1.485,3,2.0,1.0,3.0,2.0,2.0,2.0,2.0,2.0,2.0,2.0,3,4,9,3.0,2.0,4.0,3.0,3.0,3.0,2.0,2.0,2,6.0,0,Medium
2.0,3.0,5.0,2.0,1.0,52.0,14.0,2.0,0.242,3,2.0,2.0,3.0,3.0,1.0,1.0,1.0,3.0,2.0,2.0,3,5,1,3.0,3.0,3.0,3.0,4.0,2.0,2.0,2.0,3,3.0,0,Low
5.0,5.0,4.0,5.0,1.0,55.0,70.0,4.0,-0.188,3,5.0,5.0,5.0,4.0,1.0,1.0,1.0,1.0,1.0,1.0,3,2,8,2.0,4.0,5.0,4.0,6.0,2.0,4.0,4.0,5,0.0,1,High
4.0,4.0,2.0,2.0,1.0,42.0,49.0,3.0,0.712,3,4.0,3.0,2.0,4.0,2.0,1.0,1.0,2.0,1.0,1.0,3,2,6,3.0,4.0,4.0,3.0,6.0,1.0,3.0,3.0,4,2.0,0,Medium
3.0,3.0,4.0,2.0,0.0,40.0,37.0,2.0,-0.188,3,2.0,2.0,2.0,2.0,2.0,2.0,3.0,1.0,1.0,2.0,1,3,1,3.0,3.0,3.0,3.0,3.0,2.0,3.0,2.0,3,4.0,0,Low
5.0,5.0,4.0,2.0,1.0,62.0,68.0,4.0,0.712,3,5.0,5.0,5.0,5.0,1.0,1.0,1.0,1.0,1.0,1.0,2,2,6,4.0,4.0,4.0,4.0,6.0,1.0,3.0,4.0,5,0.0,1,High
4.0,3.0,3.0,2.0,1.0,46.0,63.0,4.0,0.242,3,5.0,4.0,1.0,1.0,1.0,1.0,1.0,1.0,1.0,1.0,4,2,7,4.0,4.0,4.0,3.0,5.0,3.0,3.0,3.0,2,0.0,1,High
5.0,4.0,3.0,2.0,1.0,48.0,61.0,4.0,-0.188,2,5.0,4.0,5.0,4.0,1.0,1.0,1.0,1.0,1.0,1.0,4,2,9,4.0,4.0,4.0,4.0,5.0,3.0,2.0,3.0,2,0.0,1,High
5.0,4.0,5.0,3.0,0.0,49.0,55.0,4.0,-0.188,3,5.0,5.0,5.0,5.0,1.0,1.0,1.0,1.0,1.0,1.0,3,3,1,3.0,3.0,4.0,4.0,6.0,2.0,3.0,3.0,4,0.0,1,Medium
4.0,4.0,2.0,2.0,1.0,49.0,61.0,4.0,0.242,3,5.0,5.0,5.0,5.0,1.0,1.0,1.0,1.0,1.0,1.0,3,3,8,5.0,4.0,4.0,4.0,6.0,3.0,3.0,3.0,2,0.0,1,High
5.0,3.0,3.0,5.0,1.0,69.0,63.0,4.0,-0.57,2,5.0,5.0,3.0,5.0,1.0,1.0,1.0,1.0,1.0,1.0,4,2,6,5.0,5.0,5.0,5.0,6.0,4.0,3.0,4.0,2,0.0,1,High
5.0,5.0,1.0,1.0,1.0,75.0,78.0,4.0,1.267,3,5.0,5.0,5.0,5.0,1.0,1.0,1.0,1.0,1.0,1.0,5,2,9,1.0,4.0,5.0,5.0,6.0,1.0,3.0,4.0,5,0.0,1,High
4.0,3.0,2.0,2.0,1.0,35.0,29.0,2.0,0.242,3,3.0,3.0,1.0,5.0,1.0,1.0,1.0,2.0,2.0,1.0,3,3,6,4.0,4.0,4.0,2.0,1.0,2.0,2.0,3.0,4,2.0,0,Low
3.0,3.0,2.0,3.0,0.0,31.0,56.0,3.0,-1.215,1,3.0,3.0,2.0,4.0,1.0,3.0,2.0,2.0,1.0,2.0,2,3,6,3.0,3.0,4.0,2.0,4.0,2.0,2.0,4.0,2,4.0,1,Medium
5.0,5.0,2.0,8.0,1.0,76.0,79.0,4.0,-0.57,2,5.0,5.0,5.0,5.0,1.0,1.0,1.0,1.0,1.0,1.0,2,2,3,4.0,4.0,4.0,4.0,6.0,3.0,4.0,4.0,7,0.0,1,High
3.0,,2.0,8.0,0.0,29.0,56.0,3.0,-0.909,2,4.0,4.0,4.0,4.0,1.0,1.0,1.0,1.0,1.0,1.0,3,2,6,4.0,3.0,3.0,3.0,3.0,2.0,3.0,3.0,6,0.0,1,Medium
4.0,3.0,3.0,2.0,1.0,50.0,65.0,4.0,0.242,3,5.0,2.0,2.0,5.0,1.0,1.0,1.0,1.0,1.0,1.0,5,2,9,4.0,2.0,3.0,4.0,6.0,1.0,2.0,3.0,2,0.0,1,High
4.0,4.0,4.0,8.0,1.0,48.0,68.0,3.0,-0.57,2,5.0,4.0,4.0,5.0,1.0,1.0,1.0,1.0,1.0,1.0,1,1,2,4.0,4.0,4.0,4.0,5.0,1.0,4.0,4.0,7,0.0,1,High
5.0,4.0,3.0,3.0,0.0,67.0,48.0,3.0,0.712,2,5.0,5.0,5.0,4.0,1.0,1.0,1.0,1.0,1.0,1.0,2,1,2,5.0,5.0,5.0,5.0,6.0,2.0,2.0,3.0,4,0.0,0,Medium
5.0,4.0,4.0,2.0,1.0,52.0,62.0,3.0,1.267,2,5.0,4.0,4.0,5.0,1.0,1.0,1.0,1.0,1.0,1.0,4,1,7,4.0,5.0,4.0,4.0,5.0,1.0,3.0,3.0,6,0.0,1,High
5.0,4.0,3.0,2.0,1.0,55.0,48.0,3.0,0.712,3,5.0,3.0,5.0,2.0,1.0,1.0,1.0,1.0,1.0,1.0,3,4,8,2.0,3.0,4.0,2.0,6.0,3.0,3.0,3.0,4,0.0,0,Medium
4.0,4.0,5.0,5.0,1.0,50.0,50.0,4.0,-0.188,3,5.0,4.0,5.0,4.0,2.0,2.0,1.0,1.0,1.0,1.0,3,1,1,4.0,4.0,4.0,2.0,5.0,2.0,3.0,3.0,1,2.0,0,Medium
5.0,2.0,5.0,3.0,1.0,68.0,53.0,4.0,0.242,2,5.0,5.0,5.0,5.0,1.0,1.0,1.0,1.0,1.0,1.0,3,2,4,5.0,5.0,5.0,5.0,1.0,1.0,4.0,4.0,4,0.0,0,Medium
5.0,3.0,4.0,8.0,0.0,49.0,53.0,2.0,-0.57,3,5.0,3.0,5.0,4.0,1.0,1.0,1.0,1.0,1.0,1.0,2,2,2,2.0,2.0,2.0,2.0,2.0,3.0,3.0,3.0,6,0.0,0,Medium
5.0,4.0,2.0,4.0,1.0,64.0,68.0,4.0,-0.188,3,5.0,5.0,5.0,4.0,1.0,1.0,1.0,1.0,1.0,1.0,4,5,5,4.0,3.0,5.0,3.0,6.0,2.0,4.0,4.0,2,0.0,1,High
4.0,4.0,2.0,2.0,1.0,53.0,58.0,4.0,0.712,3,5.0,3.0,3.0,4.0,1.0,1.0,1.0,1.0,1.0,1.0,5,2,8,3.0,4.0,4.0,3.0,5.0,2.0,2.0,3.0,5,0.0,1,Medium
5.0,4.0,4.0,2.0,1.0,76.0,57.0,4.0,-0.188,3,5.0,5.0,4.0,4.0,1.0,1.0,1.0,1.0,1.0,1.0,2,3,8,3.0,3.0,3.0,3.0,6.0,1.0,3.0,4.0,2,0.0,1,Medium
5.0,5.0,3.0,5.0,0.0,64.0,70.0,4.0,-0.57,2,5.0,5.0,5.0,5.0,1.0,1.0,1.0,1.0,1.0,1.0,4,4,9,3.0,3.0,3.0,3.0,6.0,1.0,4.0,4.0,1,0.0,1,High
3.0,3.0,3.0,2.0,0.0,40.0,37.0,2.0,-0.57,2,1.0,3.0,1.0,2.0,3.0,2.0,1.0,1.0,2.0,1.0,2,4,2,4.0,3.0,3.0,2.0,3.0,3.0,2.0,3.0,3,3.0,0,Low
5.0,5.0,3.0,2.0,0.0,61.0,64.0,4.0,-0.188,2,5.0,5.0,1.0,5.0,1.0,1.0,1.0,1.0,1.0,1.0,3,2,2,3.0,4.0,4.0,4.0,5.0,1.0,3.0,4.0,6,0.0,1,High
5.0,5.0,2.0,2.0,1.0,85.0,86.0,4.0,-0.909,2,5.0,5.0,5.0,5.0,1.0,1.0,1.0,1.0,1.0,1.0,3,3,1,5.0,5.0,5.0,5.0,6.0,4.0,4.0,4.0,1,0.0,1,High
4.0,4.0,4.0,1.0,1.0,41.0,49.0,3.0,-0.909,3,4.0,4.0,3.0,4.0,2.0,1.0,1.0,2.0,1.0,1.0,3,5,5,4.0,4.0,4.0,3.0,4.0,4.0,4.0,4.0,4,2.0,0,Medium
5.0,5.0,5.0,2.0,1.0,68.0,79.0,4.0,-0.188,3,5.0,4.0,5.0,5.0,1.0,1.0,1.0,1.0,1.0,1.0,5,2,9,3.0,4.0,5.0,4.0,6.0,2.0,3.0,3.0,4,0.0,1,High
3.0,1.0,5.0,2.0,0.0,35.0,41.0,1.0,0.242,3,4.0,2.0,1.0,1.0,1.0,1.0,1.0,1.0,1.0,1.0,3,2,2,1.0,1.0,1.0,1.0,1.0,2.0,1.0,2.0,2,0.0,0,Low
5.0,3.0,3.0,2.0,1.0,35.0,41.0,3.0,0.242,3,5.0,4.0,1.0,1.0,1.0,1.0,1.0,1.0,2.0,1.0,2,3,3,1.0,4.0,4.0,3.0,4.0,3.0,2.0,3.0,1,1.0,0,Low
5.0,4.0,1.0,2.0,1.0,42.0,60.0,3.0,0.242,3,4.0,3.0,5.0,5.0,1.0,1.0,1.0,1.0,1.0,1.0,2,2,7,3.0,5.0,4.0,4.0,5.0,3.0,3.0,3.0,5,0.0,1,Medium
5.0,4.0,4.0,2.0,1.0,60.0,60.0,4.0,1.267,3,5.0,4.0,5.0,5.0,1.0,1.0,1.0,1.0,1.0,1.0,5,2,8,5.0,4.0,5.0,4.0,6.0,2.0,3.0,4.0,2,0.0,1,Medium
4.0,3.0,3.0,8.0,1.0,45.0,62.0,3.0,-0.57,2,5.0,3.0,5.0,5.0,1.0,1.0,1.0,1.0,1.0,1.0,2,2,7,3.0,3.0,3.0,3.0,4.0,2.0,2.0,1.0,7,0.0,1,High
4.0,2.0,4.0,5.0,0.0,42.0,42.0,3.0,-1.215,2,5.0,5.0,5.0,5.0,1.0,1.0,1.0,1.0,1.0,1.0,2,3,7,4.0,4.0,4.0,4.0,4.0,2.0,2.0,3.0,1,0.0,0,Low
1.0,1.0,3.0,7.0,0.0,14.0,53.0,1.0,-1.485,0,4.0,1.0,5.0,4.0,2.0,2.0,2.0,2.0,2.0,2.0,2,1,2,2.0,2.0,2.0,2.0,2.0,2.0,2.0,2.0,4,6.0,0,Medium
5.0,4.0,3.0,7.0,1.0,60.0,65.0,4.0,-0.188,3,5.0,4.0,5.0,3.0,1.0,1.0,1.0,1.0,1.0,1.0,5,2,9,3.0,4.0,4.0,4.0,6.0,2.0,3.0,3.0,3,0.0,1,High
3.0,3.0,4.0,2.0,1.0,42.0,56.0,3.0,-1.485,1,3.0,3.0,2.0,3.0,2.0,2.0,1.0,1.0,2.0,3.0,4,2,7,2.0,3.0,3.0,2.0,5.0,2.0,3.0,3.0,3,4.0,1,Medium
4.0,3.0,3.0,5.0,0.0,42.0,39.0,3.0,-0.909,3,3.0,3.0,3.0,3.0,2.0,2.0,2.0,2.0,2.0,2.0,3,1,2,3.0,3.0,3.0,3.0,4.0,2.0,2.0,2.0,1,6.0,0,Low
5.0,5.0,2.0,6.0,0.0,65.0,46.0,4.0,-0.57,3,5.0,5.0,5.0,5.0,1.0,1.0,3.0,1.0,1.0,1.0,2,3,7,5.0,5.0,5.0,4.0,5.0,1.0,4.0,4.0,3,1.0,0,Medium
5.0,4.0,5.0,2.0,1.0,64.0,76.0,4.0,0.712,3,5.0,3.0,5.0,5.0,1.0,1.0,1.0,1.0,1.0,1.0,5,5,9,3.0,3.0,4.0,4.0,5.0,1.0,4.0,3.0,5,0.0,1,High
4.0,4.0,4.0,2.0,1.0,74.0,60.0,4.0,1.267,3,5.0,3.0,2.0,5.0,1.0,1.0,1.0,1.0,1.0,1.0,5,4,9,4.0,4.0,4.0,4.0,5.0,2.0,4.0,3.0,3,0.0,1,Medium
5.0,4.0,3.0,2.0,0.0,65.0,78.0,4.0,1.267,3,5.0,1.0,5.0,5.0,1.0,1.0,1.0,1.0,1.0,1.0,4,4,9,2.0,2.0,2.0,1.0,6.0,1.0,3.0,3.0,3,0.0,1,High
4.0,3.0,3.0,1.0,1.0,49.0,52.0,3.0,-0.188,3,3.0,3.0,3.0,3.0,1.0,1.0,1.0,1.0,1.0,1.0,4,4,9,4.0,4.0,4.0,4.0,4.0,1.0,3.0,4.0,4,0.0,0,Medium
4.0,4.0,4.0,2.0,0.0,41.0,45.0,3.0,-0.188,2,4.0,3.0,2.0,4.0,2.0,1.0,1.0,1.0,1.0,1.0,5,4,7,4.0,3.0,2.0,3.0,4.0,2.0,3.0,2.0,2,1.0,0,Medium
5.0,4.0,4.0,2.0,1.0,57.0,66.0,3.0,-0.188,3,5.0,4.0,5.0,4.0,1.0,1.0,1.0,1.0,1.0,1.0,4,2,9,4.0,4.0,4.0,4.0,5.0,2.0,3.0,3.0,2,0.0,1,High
3.0,3.0,4.0,2.0,1.0,42.0,49.0,3.0,0.242,3,4.0,3.0,3.0,4.0,1.0,1.0,1.0,1.0,1.0,1.0,3,4,8,3.0,3.0,3.0,3.0,5.0,3.0,3.0,3.0,3,0.0,0,Medium
4.0,5.0,2.0,8.0,1.0,54.0,68.0,3.0,0.712,3,5.0,5.0,5.0,5.0,1.0,1.0,1.0,1.0,1.0,1.0,4,2,8,5.0,4.0,4.0,3.0,4.0,2.0,3.0,4.0,6,0.0,1,High
4.0,4.0,5.0,6.0,1.0,53.0,34.0,3.0,0.242,3,5.0,4.0,5.0,4.0,3.0,2.0,2.0,1.0,1.0,1.0,2,1,1,4.0,4.0,4.0,3.0,5.0,1.0,3.0,3.0,4,3.0,0,Low
4.0,3.0,5.0,2.0,0.0,23.0,45.0,2.0,-0.188,3,5.0,4.0,2.0,5.0,1.0,1.0,1.0,3.0,3.0,1.0,2,2,7,4.0,3.0,3.0,2.0,4.0,2.0,3.0,3.0,6,2.0,0,Medium
5.0,4.0,4.0,2.0,1.0,55.0,57.0,4.0,0.712,3,5.0,4.0,5.0,5.0,1.0,1.0,1.0,1.0,1.0,1.0,4,2,6,5.0,4.0,5.0,4.0,5.0,2.0,3.0,3.0,2,0.0,1,Medium
5.0,5.0,3.0,2.0,1.0,65.0,73.0,3.0,1.267,3,5.0,5.0,5.0,5.0,1.0,1.0,1.0,1.0,1.0,1.0,5,2,9,5.0,5.0,4.0,2.0,6.0,1.0,4.0,4.0,5,0.0,1,High
4.0,2.0,4.0,6.0,0.0,41.0,35.0,2.0,0.242,3,2.0,2.0,3.0,4.0,1.0,1.0,1.0,2.0,2.0,1.0,4,3,5,2.0,3.0,2.0,2.0,2.0,1.0,3.0,1.0,5,2.0,0,Low
4.0,4.0,5.0,5.0,1.0,42.0,31.0,3.0,-1.485,1,4.0,5.0,3.0,5.0,3.0,3.0,3.0,3.0,3.0,3.0,4,2,1,4.0,4.0,4.0,4.0,6.0,2.0,4.0,4.0,2,6.0,0,Low
4.0,3.0,4.0,3.0,1.0,41.0,48.0,3.0,-1.215,2,4.0,3.0,2.0,3.0,1.0,1.0,1.0,1.0,1.0,1.0,3,3,6,4.0,4.0,4.0,3.0,5.0,3.0,3.0,2.0,2,0.0,0,Medium
5.0,3.0,3.0,2.0,1.0,42.0,58.0,3.0,0.712,3,5.0,3.0,5.0,4.0,1.0,1.0,1.0,1.0,1.0,1.0,4,1,3,4.0,3.0,4.0,3.0,6.0,2.0,3.0,4.0,6,0.0,1,Medium
4.0,4.0,4.0,2.0,1.0,85.0,68.0,4.0,-0.188,2,5.0,4.0,5.0,5.0,1.0,1.0,1.0,1.0,1.0,1.0,4,1,4,4.0,4.0,4.0,4.0,5.0,1.0,4.0,4.0,1,0.0,1,High
4.0,4.0,3.0,2.0,0.0,55.0,49.0,4.0,-0.188,2,4.0,4.0,4.0,4.0,1.0,1.0,1.0,1.0,1.0,1.0,5,2,4,4.0,4.0,4.0,4.0,5.0,3.0,3.0,3.0,2,0.0,0,Medium
3.0,4.0,3.0,5.0,1.0,49.0,54.0,3.0,0.242,3,5.0,4.0,5.0,4.0,1.0,1.0,1.0,1.0,1.0,1.0,4,1,1,4.0,4.0,4.0,3.0,5.0,1.0,3.0,3.0,1,0.0,0,Medium
3.0,2.0,4.0,8.0,0.0,31.0,30.0,2.0,-0.188,3,5.0,2.0,1.0,3.0,1.0,1.0,1.0,1.0,1.0,1.0,1,1,1,4.0,3.0,3.0,2.0,1.0,3.0,3.0,2.0,7,0.0,0,Low
4.0,3.0,3.0,2.0,1.0,43.0,52.0,3.0,-0.57,2,4.0,3.0,3.0,5.0,1.0,1.0,1.0,2.0,2.0,1.0,3,4,6,4.0,4.0,4.0,4.0,4.0,2.0,3.0,3.0,4,2.0,0,Medium
5.0,5.0,4.0,2.0,1.0,79.0,52.0,3.0,-1.9,1,5.0,5.0,5.0,5.0,3.0,3.0,3.0,3.0,3.0,3.0,2,5,1,5.0,5.0,5.0,5.0,6.0,4.0,4.0,4.0,2,6.0,0,Medium
4.0,3.0,5.0,2.0,0.0,51.0,57.0,4.0,-0.57,1,3.0,3.0,3.0,5.0,1.0,1.0,1.0,1.0,1.0,1.0,3,2,5,4.0,3.0,4.0,3.0,3.0,3.0,2.0,3.0,4,0.0,1,Medium
3.0,3.0,4.0,1.0,0.0,46.0,45.0,2.0,1.267,2,2.0,2.0,3.0,2.0,1.0,1.0,1.0,1.0,1.0,1.0,5,3,8,3.0,3.0,3.0,3.0,3.0,1.0,3.0,4.0,3,0.0,0,Medium
4.0,3.0,5.0,2.0,1.0,41.0,59.0,3.0,-0.188,3,3.0,4.0,5.0,4.0,1.0,1.0,1.0,1.0,1.0,1.0,4,3,7,4.0,4.0,4.0,3.0,5.0,2.0,2.0,3.0,5,0.0,1,Medium
4.0,4.0,3.0,2.0,1.0,53.0,53.0,3.0,0.712,2,5.0,3.0,4.0,5.0,1.0,1.0,1.0,1.0,1.0,1.0,5,2,9,3.0,3.0,3.0,3.0,6.0,1.0,3.0,4.0,3,0.0,0,Medium
5.0,4.0,5.0,2.0,1.0,55.0,55.0,3.0,1.267,3,5.0,4.0,5.0,5.0,1.0,1.0,1.0,1.0,1.0,1.0,5,2,9,4.0,4.0,4.0,4.0,5.0,3.0,3.0,3.0,6,0.0,1,Medium
5.0,4.0,3.0,1.0,0.0,52.0,49.0,3.0,0.242,3,5.0,4.0,4.0,5.0,1.0,1.0,1.0,1.0,1.0,1.0,2,2,6,3.0,4.0,3.0,2.0,2.0,2.0,3.0,3.0,6,0.0,0,Medium
5.0,5.0,4.0,2.0,1.0,62.0,74.0,4.0,0.712,3,5.0,5.0,5.0,5.0,1.0,1.0,1.0,1.0,1.0,1.0,5,4,9,4.0,4.0,5.0,4.0,6.0,1.0,4.0,4.0,4,0.0,1,High
3.0,2.0,4.0,3.0,0.0,35.0,33.0,2.0,0.242,3,2.0,3.0,1.0,4.0,2.0,2.0,1.0,1.0,2.0,1.0,3,2,5,3.0,3.0,2.0,2.0,4.0,2.0,2.0,2.0,4,3.0,0,Low
5.0,3.0,4.0,8.0,0.0,36.0,39.0,4.0,0.242,3,5.0,4.0,1.0,4.0,1.0,1.0,1.0,1.0,1.0,1.0,1,3,2,4.0,4.0,4.0,4.0,5.0,1.0,2.0,3.0,7,0.0,0,Low
5.0,3.0,2.0,8.0,0.0,44.0,70.0,4.0,1.267,3,5.0,4.0,5.0,4.0,1.0,1.0,1.0,1.0,1.0,1.0,2,2,8,3.0,3.0,3.0,2.0,5.0,2.0,3.0,3.0,8,0.0,1,High
5.0,5.0,5.0,1.0,1.0,85.0,57.0,4.0,0.242,2,5.0,5.0,5.0,5.0,1.0,1.0,1.0,1.0,1.0,1.0,4,1,9,4.0,4.0,4.0,3.0,6.0,3.0,2.0,3.0,3,0.0,1,Medium
5.0,5.0,1.0,2.0,1.0,58.0,67.0,4.0,0.712,3,5.0,5.0,4.0,4.0,1.0,1.0,1.0,1.0,1.0,1.0,4,4,9,3.0,5.0,4.0,3.0,4.0,1.0,3.0,3.0,2,0.0,1,High
4.0,4.0,2.0,8.0,1.0,54.0,64.0,3.0,0.242,2,5.0,3.0,5.0,5.0,1.0,1.0,1.0,1.0,1.0,1.0,2,2,4,3.0,3.0,3.0,4.0,2.0,2.0,3.0,3.0,8,0.0,1,High
4.0,3.0,4.0,2.0,0.0,44.0,40.0,2.0,-0.57,2,4.0,4.0,1.0,4.0,1.0,1.0,1.0,1.0,2.0,1.0,3,2,3,3.0,3.0,4.0,2.0,3.0,1.0,3.0,3.0,4,1.0,0,Low
4.0,4.0,5.0,1.0,1.0,50.0,48.0,2.0,-0.188,2,3.0,3.0,4.0,4.0,1.0,2.0,2.0,2.0,2.0,2.0,3,2,2,4.0,4.0,3.0,3.0,4.0,2.0,2.0,3.0,2,5.0,0,Medium
4.0,4.0,5.0,8.0,1.0,40.0,44.0,3.0,-0.57,3,5.0,4.0,5.0,5.0,1.0,1.0,1.0,2.0,2.0,1.0,2,2,2,4.0,4.0,4.0,3.0,4.0,1.0,3.0,3.0,6,2.0,0,Medium
4.0,3.0,3.0,2.0,1.0,42.0,51.0,3.0,-1.215,2,3.0,3.0,2.0,3.0,1.0,1.0,1.0,1.0,1.0,1.0,5,1,8,3.0,3.0,3.0,2.0,4.0,1.0,3.0,3.0,4,0.0,0,Medium
4.0,4.0,3.0,2.0,1.0,39.0,51.0,3.0,0.712,3,5.0,4.0,5.0,4.0,1.0,1.0,1.0,1.0,1.0,1.0,4,3,9,3.0,3.0,3.0,3.0,3.0,3.0,3.0,3.0,1,0.0,0,Medium
3.0,3.0,5.0,2.0,1.0,55.0,29.0,3.0,-1.215,2,3.0,2.0,3.0,5.0,3.0,3.0,3.0,3.0,3.0,3.0,3,4,7,5.0,5.0,5.0,5.0,3.0,4.0,4.0,4.0,1,6.0,0,Low
4.0,2.0,4.0,,1.0,37.0,48.0,3.0,-0.188,3,5.0,4.0,5.0,4.0,1.0,1.0,1.0,1.0,1.0,1.0,2,2,2,3.0,3.0,4.0,2.0,3.0,3.0,2.0,2.0,5,0.0,0,Medium
3.0,3.0,5.0,7.0,1.0,41.0,29.0,1.0,-0.57,2,3.0,1.0,2.0,5.0,3.0,3.0,1.0,2.0,2.0,2.0,1,4,1,3.0,2.0,3.0,2.0,4.0,2.0,2.0,2.0,2,5.0,0,Low
4.0,3.0,5.0,2.0,1.0,44.0,33.0,3.0,0.712,3,5.0,3.0,3.0,5.0,1.0,2.0,2.0,2.0,2.0,1.0,4,3,7,5.0,5.0,5.0,5.0,4.0,2.0,3.0,2.0,2,4.0,0,Low
4.0,4.0,4.0,7.0,0.0,48.0,63.0,3.0,0.242,3,5.0,2.0,2.0,3.0,1.0,1.0,1.0,1.0,1.0,1.0,3,2,9,2.0,4.0,4.0,2.0,4.0,1.0,3.0,3.0,6,0.0,1,High
3.0,3.0,3.0,3.0,0.0,56.0,39.0,3.0,0.242,3,4.0,4.0,4.0,4.0,1.0,1.0,1.0,1.0,1.0,1.0,2,5,6,3.0,3.0,3.0,3.0,4.0,3.0,3.0,3.0,1,0.0,0,Low
4.0,3.0,2.0,2.0,1.0,40.0,52.0,3.0,0.242,2,5.0,3.0,1.0,3.0,1.0,1.0,1.0,1.0,1.0,1.0,5,4,8,4.0,4.0,4.0,2.0,4.0,2.0,3.0,3.0,3,0.0,0,Medium
5.0,5.0,2.0,2.0,1.0,75.0,95.0,4.0,0.242,3,5.0,5.0,5.0,5.0,1.0,1.0,1.0,1.0,1.0,1.0,2,2,9,4.0,5.0,5.0,4.0,6.0,1.0,4.0,4.0,6,0.0,1,High
4.0,3.0,5.0,,0.0,43.0,28.0,1.0,-0.909,2,5.0,2.0,2.0,4.0,1.0,1.0,1.0,3.0,3.0,1.0,2,4,4,3.0,3.0,3.0,3.0,1.0,2.0,2.0,2.0,3,2.0,0,Low
5.0,5.0,5.0,4.0,1.0,69.0,29.0,4.0,-0.57,2,5.0,1.0,5.0,5.0,2.0,2.0,1.0,3.0,2.0,1.0,4,1,6,5.0,1.0,5.0,1.0,6.0,2.0,3.0,4.0,3,4.0,0,Low
5.0,4.0,4.0,2.0,0.0,57.0,62.0,4.0,0.242,3,5.0,4.0,5.0,4.0,1.0,1.0,1.0,1.0,1.0,1.0,4,3,8,5.0,4.0,3.0,4.0,5.0,2.0,2.0,4.0,2,0.0,1,High
5.0,2.0,3.0,2.0,0.0,37.0,54.0,4.0,-0.188,3,5.0,2.0,1.0,2.0,1.0,1.0,1.0,1.0,1.0,1.0,3,3,6,2.0,2.0,2.0,3.0,3.0,3.0,2.0,3.0,4,0.0,0,Medium
5.0,3.0,2.0,5.0,0.0,64.0,66.0,3.0,0.242,3,1.0,4.0,1.0,1.0,1.0,1.0,1.0,1.0,1.0,1.0,3,5,8,4.0,2.0,3.0,2.0,2.0,2.0,3.0,3.0,1,0.0,1,High
5.0,5.0,4.0,3.0,1.0,54.0,59.0,4.0,0.242,3,5.0,4.0,5.0,4.0,1.0,1.0,1.0,1.0,1.0,1.0,2,5,8,4.0,3.0,4.0,3.0,5.0,2.0,3.0,3.0,3,0.0,1,Medium
5.0,4.0,3.0,2.0,1.0,57.0,59.0,4.0,0.712,3,5.0,4.0,5.0,5.0,1.0,1.0,1.0,1.0,1.0,1.0,4,3,9,3.0,5.0,5.0,5.0,6.0,1.0,4.0,3.0,2,0.0,1,Medium
5.0,5.0,5.0,4.0,1.0,56.0,57.0,3.0,0.712,3,5.0,4.0,5.0,5.0,1.0,1.0,1.0,1.0,1.0,1.0,5,4,8,4.0,4.0,4.0,3.0,6.0,3.0,3.0,3.0,3,0.0,1,Medium
5.0,4.0,3.0,3.0,1.0,66.0,74.0,3.0,1.267,2,5.0,4.0,5.0,5.0,1.0,1.0,1.0,1.0,1.0,1.0,5,3,8,4.0,4.0,5.0,4.0,5.0,1.0,3.0,3.0,6,0.0,1,High
4.0,2.0,5.0,7.0,0.0,18.0,32.0,2.0,-1.713,2,1.0,1.0,1.0,1.0,2.0,2.0,3.0,3.0,3.0,1.0,2,2,1,3.0,3.0,3.0,3.0,2.0,2.0,4.0,2.0,2,5.0,0,Low
4.0,3.0,3.0,6.0,1.0,44.0,50.0,3.0,-1.215,2,4.0,3.0,5.0,3.0,1.0,1.0,1.0,1.0,1.0,1.0,3,2,2,3.0,4.0,3.0,3.0,4.0,2.0,3.0,3.0,3,0.0,0,Medium
5.0,4.0,4.0,2.0,1.0,41.0,35.0,3.0,-1.485,2,5.0,3.0,2.0,4.0,3.0,3.0,1.0,3.0,1.0,1.0,1,5,3,4.0,3.0,4.0,3.0,4.0,2.0,2.0,3.0,2,3.0,0,Low
4.0,4.0,2.0,2.0,1.0,82.0,60.0,4.0,1.267,3,5.0,5.0,5.0,5.0,1.0,1.0,1.0,1.0,1.0,1.0,5,4,9,5.0,5.0,5.0,5.0,6.0,2.0,3.0,3.0,3,0.0,1,Medium
3.0,3.0,4.0,2.0,0.0,42.0,35.0,2.0,0.242,3,3.0,4.0,1.0,4.0,2.0,2.0,1.0,3.0,2.0,2.0,2,5,4,4.0,4.0,3.0,3.0,3.0,1.0,4.0,3.0,2,5.0,0,Low
5.0,4.0,2.0,3.0,1.0,55.0,67.0,3.0,0.242,3,5.0,4.0,5.0,5.0,1.0,1.0,1.0,1.0,1.0,1.0,2,2,6,4.0,4.0,4.0,4.0,5.0,2.0,3.0,3.0,4,0.0,1,High
4.0,4.0,4.0,6.0,1.0,50.0,33.0,4.0,0.242,3,5.0,4.0,3.0,5.0,1.0,1.0,1.0,1.0,1.0,1.0,5,1,2,5.0,5.0,5.0,5.0,5.0,2.0,3.0,3.0,4,0.0,0,Low
3.0,2.0,3.0,8.0,1.0,35.0,58.0,3.0,0.242,3,4.0,3.0,1.0,4.0,1.0,1.0,1.0,1.0,1.0,1.0,3,3,8,4.0,3.0,2.0,2.0,2.0,2.0,2.0,2.0,5,0.0,1,Medium
4.0,4.0,2.0,2.0,1.0,58.0,59.0,3.0,0.712,3,5.0,4.0,2.0,5.0,1.0,1.0,1.0,1.0,1.0,1.0,5,5,9,4.0,4.0,4.0,4.0,6.0,2.0,3.0,3.0,4,0.0,1,Medium
5.0,4.0,2.0,8.0,1.0,52.0,58.0,3.0,-0.188,2,5.0,5.0,5.0,5.0,1.0,1.0,1.0,1.0,1.0,1.0,3,1,3,4.0,3.0,3.0,3.0,5.0,1.0,4.0,3.0,8,0.0,1,Medium
5.0,4.0,2.0,8.0,1.0,66.0,61.0,4.0,-0.188,3,5.0,4.0,3.0,5.0,1.0,1.0,1.0,1.0,1.0,1.0,4,1,8,5.0,5.0,4.0,4.0,6.0,1.0,3.0,3.0,7,0.0,1,High
4.0,4.0,4.0,2.0,0.0,58.0,62.0,3.0,1.267,3,5.0,4.0,5.0,3.0,1.0,1.0,1.0,1.0,1.0,1.0,4,4,9,4.0,4.0,3.0,3.0,5.0,2.0,4.0,3.0,4,0.0,1,High
3.0,3.0,2.0,2.0,0.0,44.0,67.0,3.0,-0.57,1,4.0,4.0,3.0,4.0,1.0,1.0,1.0,1.0,1.0,1.0,2,2,3,4.0,4.0,1.0,4.0,5.0,1.0,3.0,3.0,4,0.0,1,High
4.0,3.0,3.0,4.0,0.0,53.0,55.0,3.0,-0.909,2,5.0,4.0,5.0,4.0,1.0,1.0,1.0,1.0,1.0,1.0,3,5,8,5.0,5.0,4.0,4.0,5.0,2.0,3.0,3.0,6,0.0,1,Medium
5.0,5.0,4.0,1.0,1.0,62.0,68.0,3.0,0.712,3,5.0,3.0,5.0,5.0,1.0,1.0,1.0,1.0,1.0,1.0,2,4,8,4.0,4.0,4.0,4.0,6.0,3.0,3.0,3.0,4,0.0,1,High
5.0,2.0,3.0,7.0,1.0,65.0,38.0,2.0,0.242,3,5.0,2.0,5.0,5.0,1.0,1.0,1.0,2.0,2.0,1.0,5,3,5,4.0,4.0,4.0,2.0,1.0,1.0,3.0,3.0,6,2.0,0,Low
4.0,3.0,5.0,7.0,0.0,51.0,46.0,3.0,1.267,3,5.0,4.0,2.0,4.0,1.0,1.0,1.0,2.0,1.0,1.0,4,3,8,4.0,4.0,3.0,3.0,2.0,1.0,2.0,3.0,4,1.0,0,Medium
1.0,1.0,4.0,8.0,0.0,28.0,27.0,2.0,-0.57,2,5.0,1.0,1.0,5.0,2.0,2.0,1.0,1.0,2.0,1.0,3,1,3,4.0,4.0,3.0,3.0,2.0,4.0,1.0,2.0,8,3.0,0,Low
5.0,3.0,2.0,2.0,1.0,54.0,58.0,4.0,-0.57,3,5.0,4.0,1.0,5.0,1.0,1.0,1.0,1.0,1.0,1.0,3,4,6,4.0,3.0,4.0,3.0,4.0,2.0,3.0,3.0,3,0.0,1,Medium
3.0,3.0,3.0,4.0,0.0,42.0,57.0,3.0,-1.215,3,3.0,3.0,3.0,3.0,2.0,2.0,2.0,2.0,2.0,2.0,2,2,4,3.0,3.0,3.0,3.0,4.0,2.0,2.0,2.0,3,6.0,1,Medium
4.0,4.0,2.0,2.0,0.0,42.0,55.0,3.0,-0.57,3,5.0,4.0,2.0,5.0,1.0,1.0,1.0,1.0,1.0,1.0,5,2,8,3.0,3.0,4.0,4.0,6.0,1.0,3.0,3.0,3,0.0,1,Medium
5.0,1.0,4.0,2.0,1.0,31.0,38.0,3.0,-0.188,1,2.0,1.0,1.0,5.0,1.0,1.0,1.0,1.0,1.0,1.0,4,2,5,5.0,4.0,3.0,2.0,6.0,2.0,3.0,2.0,1,0.0,0,Low
4.0,4.0,2.0,2.0,1.0,56.0,61.0,4.0,1.267,3,5.0,5.0,5.0,5.0,1.0,1.0,1.0,1.0,1.0,1.0,4,2,8,5.0,5.0,5.0,5.0,6.0,1.0,3.0,3.0,2,0.0,1,High
4.0,3.0,3.0,2.0,1.0,51.0,54.0,3.0,-0.188,3,4.0,4.0,1.0,5.0,1.0,1.0,1.0,1.0,1.0,1.0,5,3,7,4.0,4.0,4.0,3.0,5.0,2.0,3.0,3.0,5,0.0,0,Medium
4.0,4.0,2.0,8.0,1.0,54.0,59.0,3.0,-0.57,3,5.0,4.0,2.0,4.0,1.0,1.0,1.0,1.0,1.0,1.0,2,2,5,4.0,4.0,4.0,3.0,3.0,2.0,3.0,3.0,8,0.0,1,Medium
3.0,3.0,5.0,5.0,0.0,42.0,59.0,3.0,-1.485,0,3.0,3.0,3.0,3.0,2.0,2.0,2.0,2.0,2.0,2.0,4,3,8,3.0,3.0,3.0,3.0,4.0,1.0,3.0,4.0,1,6.0,1,Medium
5.0,4.0,4.0,3.0,0.0,36.0,52.0,3.0,0.242,3,4.0,4.0,5.0,3.0,1.0,1.0,1.0,1.0,1.0,1.0,4,5,9,4.0,3.0,3.0,3.0,3.0,3.0,2.0,2.0,3,0.0,0,Medium
5.0,3.0,4.0,,0.0,29.0,47.0,3.0,-1.215,2,5.0,4.0,2.0,5.0,1.0,1.0,1.0,1.0,1.0,1.0,3,1,3,5.0,4.0,3.0,4.0,4.0,1.0,2.0,4.0,3,0.0,0,Medium
4.0,3.0,4.0,8.0,1.0,47.0,74.0,4.0,-0.188,2,5.0,3.0,5.0,5.0,1.0,1.0,1.0,1.0,1.0,1.0,3,2,1,1.0,1.0,1.0,1.0,4.0,1.0,3.0,3.0,6,0.0,1,High
3.0,3.0,4.0,1.0,0.0,42.0,45.0,3.0,-1.215,2,3.0,3.0,3.0,3.0,2.0,2.0,1.0,1.0,1.0,1.0,2,5,3,3.0,3.0,3.0,3.0,5.0,1.0,2.0,3.0,2,2.0,0,Medium
4.0,4.0,2.0,8.0,0.0,40.0,57.0,3.0,-0.57,2,5.0,5.0,1.0,5.0,1.0,1.0,1.0,1.0,1.0,1.0,3,1,4,4.0,5.0,4.0,4.0,4.0,3.0,3.0,3.0,8,0.0,1,Medium
4.0,4.0,2.0,1.0,1.0,48.0,72.0,4.0,1.267,3,4.0,4.0,5.0,3.0,1.0,1.0,1.0,1.0,1.0,1.0,3,2,8,3.0,4.0,4.0,3.0,5.0,2.0,3.0,3.0,6,0.0,1,High
5.0,4.0,3.0,7.0,0.0,70.0,65.0,3.0,0.712,3,5.0,4.0,5.0,2.0,1.0,1.0,1.0,1.0,1.0,1.0,5,3,9,1.0,2.0,3.0,1.0,5.0,1.0,3.0,4.0,4,0.0,1,High
5.0,4.0,3.0,2.0,1.0,50.0,54.0,3.0,0.242,3,5.0,3.0,2.0,5.0,1.0,1.0,1.0,2.0,2.0,1.0,5,3,7,4.0,3.0,4.0,3.0,3.0,2.0,3.0,3.0,4,2.0,0,Medium
3.0,2.0,4.0,1.0,0.0,35.0,35.0,3.0,-0.57,3,1.0,2.0,1.0,3.0,2.0,1.0,1.0,3.0,1.0,2.0,3,4,3,3.0,3.0,3.0,3.0,3.0,2.0,3.0,3.0,2,3.0,0,Low
5.0,5.0,3.0,2.0,1.0,67.0,63.0,4.0,0.712,3,5.0,5.0,5.0,5.0,1.0,1.0,1.0,1.0,1.0,1.0,5,1,4,4.0,4.0,4.0,3.0,6.0,1.0,4.0,3.0,6,0.0,1,High
5.0,5.0,4.0,2.0,1.0,74.0,37.0,4.0,-1.215,1,5.0,5.0,5.0,5.0,1.0,1.0,1.0,1.0,1.0,1.0,2,4,7,5.0,5.0,5.0,5.0,6.0,1.0,4.0,3.0,2,0.0,0,Low
4.0,4.0,4.0,5.0,1.0,65.0,63.0,4.0,0.712,3,5.0,1.0,1.0,4.0,1.0,1.0,1.0,1.0,1.0,1.0,3,4,8,2.0,2.0,2.0,2.0,5.0,2.0,3.0,4.0,1,0.0,1,High
5.0,5.0,1.0,8.0,0.0,60.0,72.0,4.0,-0.57,3,5.0,5.0,5.0,5.0,1.0,1.0,1.0,1.0,1.0,1.0,4,2,7,4.0,4.0,4.0,3.0,5.0,1.0,3.0,4.0,6,0.0,1,High
5.0,5.0,5.0,8.0,0.0,52.0,59.0,4.0,0.712,3,5.0,4.0,5.0,4.0,1.0,1.0,1.0,1.0,1.0,1.0,3,2,6,3.0,4.0,3.0,3.0,5.0,1.0,3.0,4.0,8,0.0,1,Medium
4.0,3.0,4.0,2.0,1.0,45.0,29.0,3.0,-0.57,3,5.0,2.0,1.0,4.0,1.0,1.0,1.0,2.0,1.0,1.0,4,2,6,3.0,3.0,4.0,4.0,4.0,2.0,2.0,2.0,2,1.0,0,Low
5.0,4.0,4.0,3.0,1.0,58.0,29.0,3.0,0.712,3,5.0,4.0,5.0,5.0,2.0,1.0,1.0,2.0,1.0,1.0,3,2,4,5.0,5.0,4.0,4.0,2.0,1.0,3.0,4.0,5,2.0,0,Low
5.0,2.0,4.0,3.0,0.0,52.0,35.0,3.0,0.242,3,5.0,2.0,1.0,5.0,1.0,1.0,1.0,1.0,1.0,1.0,3,3,8,2.0,2.0,2.0,2.0,5.0,3.0,2.0,3.0,4,0.0,0,Low
3.0,3.0,4.0,8.0,1.0,43.0,60.0,3.0,-0.188,2,5.0,4.0,4.0,5.0,1.0,1.0,1.0,1.0,1.0,1.0,3,5,7,3.0,4.0,4.0,3.0,4.0,1.0,2.0,2.0,6,0.0,1,Medium
4.0,4.0,2.0,4.0,1.0,73.0,50.0,3.0,-0.188,3,5.0,5.0,5.0,5.0,1.0,1.0,1.0,1.0,1.0,1.0,1,5,3,4.0,4.0,4.0,4.0,6.0,1.0,4.0,4.0,3,0.0,0,Medium
5.0,5.0,3.0,3.0,0.0,76.0,80.0,4.0,-0.57,2,5.0,5.0,5.0,5.0,1.0,1.0,1.0,1.0,1.0,1.0,3,2,6,4.0,4.0,4.0,4.0,6.0,2.0,3.0,4.0,6,0.0,1,High
4.0,3.0,4.0,1.0,1.0,52.0,57.0,4.0,0.712,3,4.0,4.0,4.0,4.0,1.0,1.0,1.0,1.0,1.0,1.0,4,5,9,3.0,4.0,4.0,4.0,5.0,2.0,3.0,3.0,4,0.0,1,Medium
3.0,3.0,5.0,7.0,0.0,47.0,38.0,2.0,-1.485,2,4.0,4.0,5.0,3.0,3.0,2.0,2.0,3.0,2.0,3.0,2,5,1,5.0,4.0,5.0,3.0,6.0,4.0,2.0,3.0,2,6.0,0,Low
5.0,5.0,3.0,2.0,1.0,56.0,53.0,4.0,0.712,3,5.0,4.0,5.0,4.0,1.0,1.0,1.0,1.0,1.0,1.0,5,2,7,5.0,4.0,5.0,3.0,6.0,2.0,3.0,4.0,2,0.0,0,Medium
4.0,4.0,4.0,2.0,1.0,42.0,54.0,3.0,0.242,3,5.0,4.0,2.0,4.0,1.0,1.0,1.0,1.0,1.0,1.0,2,2,6,3.0,3.0,3.0,3.0,2.0,2.0,3.0,3.0,3,0.0,0,Medium
4.0,4.0,2.0,2.0,1.0,51.0,64.0,4.0,0.242,3,5.0,5.0,5.0,5.0,1.0,1.0,1.0,1.0,1.0,1.0,3,3,8,4.0,4.0,4.0,4.0,5.0,2.0,3.0,3.0,4,0.0,1,High
5.0,4.0,2.0,8.0,1.0,73.0,86.0,4.0,-0.188,3,5.0,5.0,4.0,5.0,1.0,1.0,1.0,1.0,1.0,1.0,4,2,4,1.0,3.0,5.0,3.0,6.0,2.0,3.0,3.0,6,0.0,1,High
5.0,5.0,1.0,8.0,1.0,61.0,68.0,4.0,1.267,3,5.0,5.0,5.0,5.0,1.0,1.0,1.0,1.0,1.0,1.0,4,1,7,4.0,4.0,4.0,4.0,6.0,2.0,3.0,4.0,7,0.0,1,High
4.0,4.0,2.0,2.0,1.0,61.0,71.0,4.0,0.712,3,4.0,4.0,4.0,4.0,1.0,1.0,1.0,1.0,1.0,1.0,4,2,8,2.0,3.0,5.0,2.0,6.0,2.0,3.0,3.0,4,0.0,1,High
2.0,2.0,3.0,8.0,0.0,23.0,34.0,3.0,-0.57,1,5.0,4.0,5.0,4.0,2.0,2.0,1.0,1.0,1.0,1.0,2,2,1,4.0,3.0,3.0,1.0,2.0,3.0,2.0,2.0,8,2.0,0,Low
5.0,5.0,3.0,8.0,0.0,56.0,62.0,4.0,0.242,3,5.0,5.0,5.0,5.0,1.0,1.0,1.0,1.0,1.0,1.0,5,1,2,4.0,3.0,4.0,2.0,4.0,2.0,4.0,4.0,7,0.0,1,High
3.0,3.0,2.0,7.0,0.0,43.0,67.0,2.0,-0.188,2,5.0,4.0,5.0,5.0,1.0,1.0,1.0,1.0,1.0,1.0,1,2,1,2.0,2.0,4.0,2.0,6.0,3.0,2.0,1.0,4,0.0,1,High
5.0,3.0,2.0,8.0,0.0,42.0,55.0,3.0,-0.57,3,5.0,5.0,1.0,4.0,1.0,1.0,1.0,1.0,1.0,1.0,2,1,1,4.0,4.0,4.0,4.0,2.0,3.0,3.0,2.0,8,0.0,1,Medium
5.0,5.0,3.0,8.0,0.0,57.0,65.0,4.0,0.712,3,5.0,5.0,5.0,3.0,1.0,1.0,1.0,1.0,1.0,1.0,2,2,2,4.0,4.0,4.0,4.0,6.0,1.0,3.0,3.0,8,0.0,1,High
2.0,2.0,,5.0,0.0,36.0,52.0,2.0,-1.713,1,3.0,3.0,3.0,3.0,2.0,2.0,2.0,2.0,2.0,2.0,3,5,2,3.0,3.0,3.0,3.0,4.0,3.0,2.0,3.0,1,6.0,0,Medium
4.0,4.0,4.0,2.0,1.0,59.0,48.0,4.0,0.712,3,5.0,4.0,5.0,4.0,1.0,1.0,1.0,1.0,1.0,1.0,5,3,9,4.0,4.0,4.0,3.0,5.0,2.0,3.0,3.0,3,0.0,0,Medium
4.0,4.0,4.0,2.0,1.0,67.0,60.0,4.0,0.712,3,5.0,4.0,5.0,5.0,1.0,1.0,1.0,1.0,1.0,1.0,2,4,7,5.0,5.0,5.0,5.0,6.0,1.0,3.0,4.0,3,0.0,1,Medium
5.0,4.0,2.0,3.0,1.0,54.0,58.0,3.0,-1.713,2,5.0,5.0,5.0,4.0,1.0,1.0,1.0,1.0,1.0,1.0,2,5,3,5.0,5.0,5.0,5.0,6.0,3.0,4.0,3.0,2,0.0,1,Medium
4.0,2.0,5.0,2.0,1.0,37.0,43.0,2.0,0.242,3,4.0,2.0,2.0,3.0,1.0,1.0,1.0,1.0,2.0,1.0,3,2,7,3.0,3.0,3.0,3.0,5.0,2.0,2.0,3.0,5,1.0,0,Low
4.0,3.0,3.0,2.0,1.0,40.0,51.0,4.0,0.242,3,4.0,3.0,4.0,4.0,2.0,2.0,1.0,2.0,2.0,1.0,2,2,3,4.0,4.0,4.0,4.0,3.0,1.0,3.0,4.0,6,4.0,0,Medium
5.0,4.0,3.0,8.0,1.0,60.0,46.0,3.0,-0.57,2,5.0,5.0,5.0,5.0,1.0,1.0,1.0,1.0,2.0,1.0,2,1,2,5.0,4.0,5.0,4.0,4.0,3.0,3.0,3.0,8,1.0,0,Medium
4.0,4.0,3.0,2.0,1.0,58.0,59.0,4.0,0.712,3,5.0,4.0,4.0,4.0,1.0,1.0,1.0,1.0,1.0,1.0,3,5,8,4.0,4.0,4.0,4.0,5.0,2.0,3.0,3.0,3,0.0,1,Medium
4.0,4.0,3.0,8.0,1.0,51.0,72.0,3.0,1.267,3,5.0,4.0,5.0,5.0,1.0,1.0,1.0,1.0,1.0,1.0,5,2,9,3.0,3.0,3.0,3.0,3.0,2.0,4.0,2.0,8,0.0,1,High
4.0,3.0,3.0,5.0,0.0,43.0,42.0,3.0,-0.188,3,4.0,3.0,1.0,3.0,2.0,1.0,1.0,1.0,1.0,1.0,3,3,5,2.0,2.0,2.0,2.0,3.0,2.0,2.0,3.0,1,1.0,0,Low
5.0,5.0,1.0,8.0,0.0,75.0,67.0,3.0,-1.215,2,5.0,5.0,5.0,3.0,1.0,1.0,1.0,1.0,1.0,1.0,4,2,8,3.0,3.0,4.0,3.0,6.0,1.0,4.0,3.0,7,0.0,1,High
5.0,4.0,4.0,7.0,0.0,55.0,47.0,2.0,0.712,3,5.0,4.0,2.0,5.0,1.0,1.0,1.0,1.0,1.0,1.0,4,1,2,3.0,4.0,3.0,2.0,2.0,1.0,3.0,3.0,8,0.0,0,Medium
5.0,4.0,3.0,8.0,1.0,37.0,48.0,3.0,-0.57,2,5.0,4.0,4.0,5.0,1.0,1.0,1.0,1.0,1.0,1.0,2,1,2,5.0,5.0,5.0,5.0,6.0,3.0,3.0,3.0,8,0.0,0,Medium
2.0,2.0,4.0,2.0,1.0,39.0,37.0,2.0,-0.57,2,3.0,2.0,1.0,2.0,2.0,2.0,2.0,1.0,1.0,1.0,3,3,8,2.0,1.0,2.0,2.0,3.0,1.0,2.0,2.0,3,3.0,0,Low
5.0,5.0,4.0,2.0,1.0,72.0,62.0,4.0,0.712,3,5.0,5.0,5.0,5.0,1.0,1.0,1.0,1.0,1.0,1.0,4,5,4,5.0,5.0,5.0,5.0,6.0,2.0,3.0,3.0,2,0.0,1,High
4.0,4.0,3.0,8.0,1.0,56.0,65.0,4.0,1.267,3,5.0,4.0,4.0,5.0,1.0,1.0,1.0,1.0,1.0,1.0,2,2,5,4.0,4.0,4.0,4.0,6.0,2.0,3.0,3.0,8,0.0,1,High
5.0,4.0,4.0,2.0,1.0,50.0,56.0,4.0,-0.57,3,5.0,4.0,1.0,5.0,1.0,2.0,1.0,1.0,1.0,1.0,4,2,5,4.0,4.0,4.0,4.0,2.0,1.0,3.0,3.0,2,1.0,1,Medium
4.0,,4.0,1.0,1.0,50.0,47.0,3.0,-0.188,3,5.0,3.0,3.0,4.0,1.0,1.0,1.0,1.0,1.0,1.0,4,2,7,4.0,4.0,4.0,3.0,3.0,3.0,3.0,3.0,7,0.0,0,Medium
3.0,3.0,3.0,2.0,0.0,32.0,39.0,2.0,-0.57,2,3.0,3.0,3.0,3.0,2.0,2.0,1.0,2.0,1.0,1.0,2,5,3,3.0,3.0,3.0,3.0,2.0,2.0,2.0,2.0,2,3.0,0,Low
,3.0,3.0,3.0,1.0,50.0,54.0,3.0,-0.57,2,5.0,4.0,5.0,5.0,1.0,1.0,1.0,1.0,1.0,1.0,2,1,3,4.0,4.0,4.0,4.0,2.0,1.0,3.0,3.0,7,0.0,0,Medium
2.0,3.0,3.0,8.0,1.0,44.0,58.0,3.0,-0.909,1,5.0,4.0,2.0,4.0,1.0,1.0,1.0,1.0,1.0,1.0,2,1,1,4.0,3.0,3.0,3.0,2.0,2.0,3.0,3.0,6,0.0,1,Medium
5.0,4.0,3.0,8.0,0.0,55.0,69.0,4.0,0.242,2,5.0,4.0,5.0,4.0,1.0,1.0,1.0,1.0,1.0,1.0,4,2,8,4.0,4.0,5.0,4.0,5.0,2.0,3.0,3.0,8,0.0,1,High
5.0,4.0,2.0,4.0,1.0,47.0,69.0,3.0,0.712,2,5.0,5.0,5.0,5.0,1.0,1.0,1.0,1.0,1.0,1.0,2,2,7,2.0,2.0,3.0,2.0,6.0,1.0,3.0,4.0,6,0.0,1,High
5.0,5.0,2.0,8.0,1.0,82.0,79.0,4.0,0.712,3,5.0,5.0,5.0,5.0,1.0,1.0,1.0,1.0,1.0,1.0,3,2,5,4.0,4.0,4.0,4.0,6.0,1.0,4.0,4.0,6,0.0,1,High
4.0,3.0,5.0,2.0,1.0,51.0,42.0,3.0,-1.485,0,3.0,3.0,3.0,4.0,3.0,2.0,2.0,2.0,2.0,2.0,5,3,9,3.0,4.0,3.0,3.0,4.0,3.0,2.0,3.0,2,6.0,0,Low
4.0,4.0,2.0,8.0,1.0,46.0,61.0,3.0,1.267,3,5.0,4.0,5.0,5.0,1.0,1.0,1.0,1.0,1.0,1.0,5,2,8,4.0,4.0,4.0,3.0,4.0,2.0,2.0,3.0,6,0.0,1,High
4.0,4.0,4.0,2.0,1.0,46.0,60.0,3.0,0.712,3,5.0,4.0,5.0,5.0,1.0,1.0,1.0,2.0,2.0,1.0,4,4,6,5.0,3.0,4.0,2.0,4.0,1.0,2.0,2.0,1,2.0,1,Medium
5.0,4.0,3.0,8.0,1.0,56.0,52.0,4.0,0.242,3,5.0,5.0,5.0,5.0,1.0,1.0,1.0,1.0,1.0,1.0,5,3,9,5.0,5.0,5.0,5.0,6.0,2.0,4.0,4.0,7,0.0,0,Medium
5.0,3.0,3.0,3.0,1.0,42.0,56.0,3.0,-0.188,2,5.0,4.0,5.0,4.0,1.0,1.0,1.0,1.0,1.0,1.0,3,3,7,4.0,4.0,4.0,4.0,5.0,2.0,3.0,3.0,5,0.0,1,Medium
4.0,3.0,3.0,2.0,0.0,43.0,48.0,3.0,-0.57,1,5.0,3.0,1.0,4.0,2.0,2.0,1.0,2.0,1.0,1.0,2,2,4,4.0,4.0,4.0,3.0,3.0,3.0,3.0,3.0,1,3.0,0,Medium
5.0,4.0,3.0,4.0,1.0,65.0,57.0,3.0,-1.485,1,5.0,5.0,1.0,5.0,1.0,1.0,1.0,1.0,1.0,1.0,1,1,1,5.0,5.0,5.0,5.0,5.0,1.0,3.0,3.0,4,0.0,1,Medium
4.0,3.0,4.0,6.0,0.0,43.0,51.0,3.0,0.712,3,5.0,4.0,4.0,2.0,1.0,1.0,1.0,1.0,1.0,1.0,5,3,5,2.0,3.0,3.0,2.0,2.0,2.0,1.0,2.0,3,0.0,0,Medium
5.0,5.0,4.0,3.0,0.0,49.0,75.0,4.0,-0.188,3,5.0,4.0,4.0,5.0,1.0,1.0,1.0,1.0,1.0,1.0,2,2,7,4.0,4.0,4.0,4.0,5.0,3.0,3.0,4.0,3,0.0,1,High
3.0,4.0,2.0,2.0,1.0,51.0,64.0,4.0,0.242,3,5.0,4.0,5.0,5.0,1.0,1.0,1.0,1.0,1.0,1.0,4,4,7,5.0,5.0,4.0,4.0,5.0,2.0,3.0,4.0,3,0.0,1,High
4.0,4.0,5.0,6.0,0.0,47.0,24.0,3.0,-1.713,0,5.0,5.0,1.0,4.0,3.0,2.0,2.0,3.0,2.0,1.0,1,1,1,1.0,5.0,4.0,4.0,1.0,2.0,3.0,1.0,4,5.0,0,Low
5.0,4.0,3.0,2.0,1.0,67.0,66.0,4.0,0.242,3,5.0,4.0,5.0,2.0,1.0,1.0,1.0,1.0,1.0,1.0,3,2,9,5.0,5.0,5.0,5.0,6.0,1.0,4.0,4.0,4,0.0,1,High
5.0,4.0,2.0,2.0,1.0,60.0,66.0,4.0,-0.57,1,5.0,3.0,1.0,5.0,1.0,1.0,1.0,1.0,1.0,1.0,4,2,8,2.0,4.0,4.0,5.0,6.0,2.0,3.0,4.0,4,0.0,1,High
3.0,3.0,,,1.0,42.0,48.0,,-1.713,2,3.0,3.0,3.0,3.0,2.0,2.0,2.0,2.0,2.0,2.0,3,3,1,3.0,3.0,3.0,3.0,4.0,,,,2,6.0,0,Medium
4.0,3.0,4.0,2.0,0.0,44.0,59.0,3.0,0.712,3,5.0,3.0,2.0,2.0,1.0,1.0,1.0,1.0,1.0,1.0,5,4,8,3.0,3.0,3.0,2.0,5.0,2.0,4.0,4.0,3,0.0,1,Medium
4.0,4.0,2.0,8.0,1.0,52.0,61.0,3.0,-0.188,2,5.0,5.0,3.0,5.0,1.0,1.0,1.0,1.0,1.0,1.0,2,2,2,4.0,4.0,4.0,4.0,5.0,2.0,4.0,3.0,7,0.0,1,High
4.0,3.0,2.0,2.0,1.0,47.0,54.0,3.0,0.242,2,5.0,4.0,2.0,4.0,1.0,1.0,1.0,1.0,1.0,1.0,3,3,5,4.0,4.0,4.0,4.0,5.0,2.0,3.0,3.0,4,0.0,0,Medium
5.0,4.0,2.0,8.0,1.0,65.0,52.0,3.0,-0.57,2,5.0,5.0,4.0,5.0,1.0,1.0,1.0,1.0,2.0,1.0,4,3,8,5.0,4.0,4.0,4.0,5.0,3.0,3.0,4.0,5,1.0,0,Medium
5.0,3.0,5.0,6.0,0.0,40.0,48.0,2.0,-0.909,0,5.0,3.0,1.0,3.0,2.0,2.0,1.0,1.0,1.0,1.0,1,1,1,3.0,4.0,3.0,3.0,3.0,3.0,2.0,2.0,5,2.0,0,Medium
3.0,3.0,5.0,8.0,0.0,33.0,40.0,2.0,-1.485,3,4.0,3.0,1.0,4.0,1.0,1.0,1.0,1.0,1.0,1.0,2,2,7,4.0,3.0,3.0,2.0,4.0,2.0,2.0,2.0,7,0.0,0,Low
4.0,3.0,4.0,1.0,1.0,54.0,61.0,4.0,1.267,3,5.0,4.0,4.0,5.0,1.0,1.0,1.0,1.0,1.0,1.0,5,2,9,4.0,4.0,4.0,3.0,5.0,2.0,2.0,2.0,6,0.0,1,High
5.0,4.0,1.0,2.0,1.0,47.0,61.0,4.0,-0.909,0,5.0,5.0,3.0,4.0,1.0,1.0,1.0,1.0,1.0,1.0,3,5,3,5.0,3.0,5.0,4.0,5.0,2.0,3.0,4.0,1,0.0,1,High
4.0,4.0,1.0,8.0,0.0,53.0,71.0,4.0,0.712,3,4.0,4.0,5.0,1.0,1.0,1.0,1.0,1.0,1.0,1.0,5,2,9,2.0,2.0,4.0,3.0,5.0,2.0,2.0,3.0,7,0.0,1,High
4.0,4.0,3.0,4.0,1.0,48.0,63.0,3.0,0.242,3,4.0,3.0,2.0,4.0,1.0,1.0,1.0,1.0,1.0,1.0,3,5,8,4.0,4.0,5.0,4.0,3.0,2.0,3.0,4.0,2,0.0,1,High
5.0,5.0,3.0,2.0,1.0,78.0,78.0,4.0,-0.188,3,5.0,5.0,1.0,5.0,1.0,1.0,1.0,1.0,1.0,1.0,4,2,4,5.0,5.0,4.0,3.0,4.0,2.0,3.0,4.0,2,0.0,1,High
5.0,5.0,2.0,2.0,1.0,68.0,55.0,4.0,0.712,3,5.0,4.0,3.0,5.0,1.0,1.0,1.0,2.0,2.0,1.0,4,2,9,3.0,4.0,3.0,5.0,6.0,3.0,4.0,4.0,4,2.0,1,Medium
4.0,3.0,4.0,7.0,1.0,30.0,56.0,3.0,-0.57,2,5.0,3.0,3.0,5.0,1.0,1.0,1.0,1.0,1.0,1.0,3,2,2,4.0,4.0,4.0,4.0,4.0,3.0,3.0,4.0,1,0.0,1,Medium
4.0,3.0,4.0,2.0,0.0,42.0,59.0,4.0,-0.57,2,5.0,3.0,3.0,4.0,1.0,1.0,1.0,1.0,2.0,1.0,4,3,8,3.0,3.0,4.0,3.0,4.0,3.0,3.0,3.0,5,1.0,1,Medium
4.0,3.0,3.0,1.0,1.0,47.0,40.0,3.0,0.242,3,5.0,4.0,5.0,5.0,1.0,1.0,1.0,1.0,1.0,1.0,4,2,3,3.0,3.0,3.0,2.0,5.0,2.0,3.0,3.0,7,0.0,0,Low
2.0,2.0,3.0,8.0,1.0,31.0,40.0,3.0,-1.215,1,2.0,3.0,2.0,4.0,2.0,2.0,1.0,1.0,2.0,1.0,2,1,1,3.0,3.0,3.0,3.0,3.0,2.0,3.0,2.0,6,3.0,0,Low
4.0,2.0,4.0,2.0,0.0,29.0,39.0,2.0,0.712,3,4.0,4.0,1.0,5.0,1.0,1.0,1.0,2.0,2.0,1.0,2,5,7,5.0,2.0,1.0,1.0,2.0,2.0,2.0,2.0,3,2.0,0,Low
5.0,5.0,4.0,5.0,1.0,57.0,52.0,4.0,-0.57,2,5.0,4.0,2.0,5.0,1.0,1.0,1.0,1.0,1.0,1.0,2,3,5,3.0,5.0,5.0,4.0,6.0,1.0,3.0,3.0,1,0.0,0,Medium
5.0,3.0,4.0,3.0,0.0,38.0,38.0,2.0,-1.485,1,4.0,3.0,1.0,1.0,3.0,2.0,1.0,3.0,1.0,1.0,2,2,2,5.0,3.0,3.0,2.0,4.0,3.0,3.0,3.0,1,3.0,0,Low
3.0,3.0,3.0,2.0,0.0,54.0,60.0,4.0,0.712,3,5.0,4.0,5.0,3.0,1.0,1.0,1.0,1.0,1.0,1.0,5,5,8,2.0,3.0,4.0,3.0,6.0,2.0,3.0,3.0,3,0.0,1,Medium
4.0,4.0,3.0,3.0,1.0,53.0,55.0,3.0,-1.713,2,5.0,4.0,2.0,4.0,1.0,1.0,1.0,1.0,1.0,1.0,3,1,2,4.0,4.0,4.0,4.0,5.0,2.0,3.0,3.0,1,0.0,1,Medium
5.0,4.0,2.0,4.0,0.0,77.0,67.0,4.0,-0.188,2,5.0,3.0,5.0,5.0,1.0,1.0,1.0,1.0,1.0,1.0,2,3,8,2.0,2.0,3.0,2.0,5.0,2.0,3.0,3.0,4,0.0,1,High
5.0,3.0,1.0,2.0,0.0,51.0,62.0,3.0,1.267,3,5.0,5.0,5.0,5.0,1.0,1.0,1.0,1.0,1.0,1.0,5,3,9,4.0,4.0,4.0,4.0,6.0,1.0,3.0,3.0,4,0.0,1,High
3.0,2.0,5.0,2.0,1.0,47.0,40.0,3.0,0.242,2,2.0,3.0,1.0,2.0,2.0,2.0,2.0,2.0,1.0,2.0,2,4,6,4.0,3.0,4.0,3.0,2.0,2.0,3.0,3.0,2,5.0,0,Low
4.0,3.0,2.0,2.0,1.0,39.0,42.0,2.0,-0.909,2,5.0,2.0,1.0,4.0,1.0,1.0,1.0,1.0,1.0,1.0,2,2,8,2.0,2.0,4.0,3.0,2.0,2.0,3.0,3.0,4,0.0,0,Low
5.0,4.0,2.0,3.0,1.0,47.0,61.0,4.0,0.242,3,5.0,4.0,4.0,5.0,1.0,1.0,1.0,1.0,1.0,1.0,3,2,7,5.0,4.0,4.0,4.0,5.0,2.0,3.0,3.0,6,0.0,1,High
5.0,4.0,3.0,8.0,1.0,45.0,61.0,3.0,0.242,3,5.0,5.0,5.0,5.0,1.0,1.0,1.0,1.0,1.0,1.0,5,2,8,5.0,4.0,4.0,3.0,6.0,1.0,3.0,3.0,7,0.0,1,High
5.0,5.0,2.0,8.0,1.0,64.0,78.0,4.0,-0.57,1,5.0,5.0,5.0,5.0,1.0,1.0,1.0,1.0,1.0,1.0,2,1,2,3.0,4.0,4.0,3.0,6.0,1.0,3.0,3.0,7,0.0,1,High
5.0,3.0,2.0,7.0,0.0,42.0,45.0,3.0,0.712,3,5.0,3.0,1.0,3.0,1.0,1.0,1.0,1.0,1.0,1.0,4,4,8,2.0,2.0,3.0,2.0,3.0,3.0,4.0,3.0,4,0.0,0,Medium
4.0,4.0,3.0,8.0,0.0,78.0,75.0,4.0,1.267,3,5.0,5.0,5.0,5.0,1.0,1.0,1.0,1.0,1.0,1.0,4,1,4,4.0,2.0,2.0,5.0,4.0,2.0,3.0,3.0,5,0.0,1,High
5.0,5.0,1.0,8.0,0.0,60.0,73.0,4.0,0.712,2,5.0,5.0,5.0,5.0,1.0,1.0,1.0,1.0,1.0,1.0,4,2,7,4.0,4.0,4.0,4.0,6.0,1.0,3.0,3.0,7,0.0,1,High
5.0,4.0,3.0,4.0,1.0,48.0,59.0,3.0,-0.909,3,5.0,5.0,5.0,3.0,1.0,1.0,1.0,1.0,1.0,1.0,2,4,3,5.0,4.0,4.0,4.0,5.0,1.0,4.0,4.0,3,0.0,1,Medium
3.0,2.0,1.0,4.0,0.0,31.0,47.0,3.0,-0.909,2,5.0,5.0,1.0,5.0,1.0,1.0,1.0,1.0,1.0,1.0,2,2,3,4.0,4.0,3.0,3.0,3.0,4.0,1.0,3.0,4,0.0,0,Medium
4.0,2.0,4.0,2.0,1.0,45.0,43.0,3.0,0.242,3,5.0,2.0,3.0,5.0,1.0,1.0,1.0,2.0,2.0,1.0,4,2,5,5.0,4.0,4.0,2.0,5.0,2.0,2.0,3.0,4,2.0,0,Low
4.0,3.0,3.0,2.0,1.0,43.0,38.0,3.0,-0.57,3,5.0,3.0,3.0,5.0,1.0,1.0,1.0,1.0,1.0,1.0,2,3,5,5.0,4.0,2.0,3.0,3.0,1.0,3.0,3.0,5,0.0,0,Low
5.0,5.0,4.0,2.0,1.0,85.0,74.0,4.0,-1.215,1,5.0,5.0,5.0,5.0,1.0,1.0,1.0,1.0,1.0,1.0,3,1,5,1.0,5.0,5.0,5.0,5.0,4.0,4.0,4.0,2,0.0,1,High
5.0,3.0,4.0,2.0,1.0,49.0,42.0,4.0,1.267,3,5.0,5.0,1.0,5.0,2.0,2.0,1.0,3.0,2.0,1.0,3,5,7,4.0,4.0,4.0,4.0,6.0,3.0,3.0,3.0,5,4.0,0,Low
4.0,4.0,,1.0,1.0,78.0,50.0,4.0,-1.485,1,5.0,4.0,5.0,4.0,,,,,,,5,2,8,4.0,4.0,4.0,4.0,5.0,,,,5,,0,Medium
5.0,5.0,2.0,8.0,1.0,68.0,72.0,4.0,1.267,3,5.0,5.0,4.0,5.0,1.0,1.0,1.0,1.0,1.0,1.0,3,2,8,5.0,5.0,4.0,4.0,5.0,2.0,3.0,3.0,5,0.0,1,High
4.0,3.0,2.0,8.0,0.0,56.0,65.0,4.0,0.712,3,5.0,4.0,5.0,5.0,1.0,1.0,1.0,1.0,1.0,1.0,4,2,7,2.0,2.0,3.0,3.0,4.0,2.0,3.0,3.0,6,0.0,1,High
5.0,3.0,3.0,2.0,1.0,54.0,45.0,3.0,0.242,2,5.0,4.0,3.0,4.0,1.0,1.0,1.0,1.0,2.0,1.0,4,3,8,4.0,3.0,4.0,2.0,2.0,2.0,3.0,3.0,6,1.0,0,Medium
5.0,4.0,3.0,8.0,1.0,43.0,71.0,3.0,1.267,3,4.0,4.0,4.0,5.0,1.0,1.0,1.0,1.0,1.0,1.0,5,2,7,4.0,3.0,3.0,3.0,6.0,1.0,3.0,2.0,8,0.0,1,High
4.0,3.0,3.0,3.0,1.0,44.0,52.0,3.0,-0.188,3,5.0,4.0,3.0,4.0,2.0,2.0,1.0,1.0,1.0,1.0,1,3,2,4.0,4.0,4.0,4.0,5.0,2.0,2.0,2.0,4,2.0,0,Medium
5.0,5.0,3.0,3.0,1.0,71.0,36.0,4.0,-1.713,1,3.0,5.0,2.0,5.0,1.0,2.0,1.0,1.0,1.0,1.0,2,4,9,5.0,5.0,5.0,5.0,6.0,2.0,3.0,4.0,3,1.0,0,Low
4.0,3.0,3.0,2.0,0.0,50.0,56.0,4.0,0.712,3,4.0,4.0,4.0,2.0,1.0,1.0,1.0,1.0,1.0,1.0,4,1,1,4.0,2.0,3.0,2.0,6.0,2.0,3.0,3.0,1,0.0,1,Medium
5.0,4.0,4.0,4.0,1.0,49.0,64.0,3.0,0.242,3,5.0,4.0,5.0,3.0,1.0,1.0,1.0,1.0,1.0,1.0,4,2,8,2.0,3.0,4.0,2.0,5.0,2.0,2.0,3.0,4,0.0,1,High
3.0,3.0,2.0,8.0,0.0,42.0,51.0,3.0,-0.188,2,4.0,4.0,3.0,4.0,2.0,2.0,1.0,1.0,1.0,1.0,1,3,2,3.0,4.0,4.0,3.0,2.0,1.0,3.0,3.0,7,2.0,0,Medium
4.0,4.0,4.0,3.0,1.0,56.0,49.0,3.0,0.242,3,5.0,4.0,5.0,5.0,1.0,1.0,1.0,1.0,1.0,1.0,4,4,7,4.0,3.0,4.0,3.0,6.0,2.0,3.0,3.0,4,0.0,0,Medium
3.0,2.0,3.0,8.0,0.0,35.0,58.0,2.0,-0.57,1,5.0,1.0,3.0,3.0,1.0,1.0,1.0,1.0,1.0,1.0,3,2,5,2.0,3.0,2.0,2.0,3.0,2.0,2.0,2.0,7,0.0,1,Medium
5.0,2.0,3.0,8.0,0.0,28.0,47.0,2.0,-0.188,3,5.0,4.0,2.0,5.0,2.0,1.0,1.0,1.0,3.0,1.0,1,2,3,4.0,3.0,3.0,2.0,2.0,2.0,2.0,2.0,8,2.0,0,Medium
3.0,3.0,5.0,6.0,0.0,36.0,24.0,2.0,0.242,2,3.0,3.0,1.0,4.0,3.0,3.0,2.0,3.0,2.0,1.0,2,3,3,4.0,3.0,4.0,3.0,1.0,2.0,3.0,3.0,5,5.0,0,Low
4.0,3.0,3.0,2.0,1.0,41.0,49.0,3.0,0.242,3,4.0,4.0,4.0,2.0,1.0,1.0,1.0,1.0,1.0,1.0,4,2,3,3.0,3.0,4.0,2.0,4.0,2.0,3.0,3.0,2,0.0,0,Medium
3.0,3.0,3.0,5.0,1.0,56.0,46.0,3.0,1.267,2,3.0,3.0,4.0,4.0,1.0,1.0,1.0,1.0,1.0,1.0,3,4,9,3.0,4.0,4.0,3.0,4.0,3.0,3.0,3.0,1,0.0,0,Medium
5.0,4.0,3.0,3.0,1.0,46.0,53.0,2.0,0.242,2,5.0,2.0,5.0,3.0,1.0,1.0,1.0,1.0,1.0,1.0,5,1,6,4.0,4.0,2.0,2.0,1.0,2.0,3.0,3.0,7,0.0,0,Medium
4.0,4.0,4.0,1.0,1.0,50.0,49.0,3.0,0.242,3,4.0,4.0,3.0,4.0,2.0,1.0,1.0,1.0,1.0,1.0,5,1,3,4.0,3.0,5.0,4.0,5.0,2.0,2.0,3.0,6,1.0,0,Medium
2.0,3.0,4.0,3.0,0.0,41.0,49.0,3.0,1.267,3,3.0,2.0,1.0,2.0,2.0,2.0,2.0,3.0,1.0,2.0,4,3,8,3.0,2.0,2.0,3.0,4.0,2.0,3.0,2.0,2,5.0,0,Medium
5.0,5.0,4.0,8.0,1.0,68.0,95.0,4.0,0.242,3,5.0,4.0,5.0,5.0,1.0,1.0,1.0,1.0,2.0,1.0,5,2,9,5.0,2.0,5.0,2.0,6.0,1.0,2.0,4.0,8,1.0,1,High
5.0,4.0,3.0,4.0,1.0,63.0,56.0,4.0,0.712,3,5.0,3.0,5.0,5.0,1.0,1.0,1.0,1.0,2.0,1.0,3,5,9,4.0,5.0,5.0,5.0,6.0,2.0,3.0,3.0,4,1.0,1,Medium
4.0,4.0,3.0,8.0,1.0,49.0,68.0,3.0,0.712,3,5.0,4.0,5.0,5.0,1.0,1.0,1.0,1.0,1.0,1.0,2,2,7,4.0,4.0,4.0,4.0,6.0,4.0,3.0,3.0,6,0.0,1,High
4.0,4.0,3.0,2.0,1.0,42.0,49.0,3.0,-0.188,3,3.0,3.0,3.0,3.0,1.0,1.0,1.0,1.0,1.0,1.0,3,4,5,4.0,4.0,4.0,4.0,4.0,2.0,3.0,3.0,1,0.0,0,Medium
5.0,4.0,2.0,4.0,1.0,57.0,81.0,4.0,-0.188,2,5.0,4.0,5.0,5.0,1.0,1.0,1.0,1.0,1.0,1.0,4,4,9,4.0,4.0,5.0,5.0,6.0,1.0,3.0,3.0,4,0.0,1,High
3.0,3.0,3.0,4.0,0.0,31.0,37.0,2.0,-0.188,3,1.0,3.0,1.0,1.0,2.0,2.0,3.0,1.0,1.0,1.0,1,2,4,3.0,4.0,3.0,4.0,4.0,2.0,3.0,1.0,5,3.0,0,Low
4.0,3.0,5.0,2.0,0.0,43.0,51.0,3.0,0.242,3,5.0,3.0,1.0,5.0,1.0,1.0,1.0,1.0,1.0,1.0,5,3,5,4.0,4.0,4.0,2.0,4.0,2.0,3.0,3.0,4,0.0,0,Medium
5.0,4.0,4.0,2.0,1.0,66.0,44.0,4.0,0.712,3,4.0,4.0,4.0,5.0,1.0,1.0,1.0,2.0,2.0,1.0,5,5,6,5.0,5.0,5.0,4.0,5.0,2.0,3.0,4.0,4,2.0,0,Medium
2.0,2.0,3.0,1.0,0.0,27.0,35.0,4.0,-0.57,2,4.0,1.0,1.0,5.0,2.0,2.0,2.0,3.0,2.0,2.0,1,2,1,3.0,3.0,3.0,3.0,5.0,2.0,2.0,2.0,3,6.0,0,Low
3.0,3.0,3.0,8.0,0.0,41.0,45.0,3.0,-1.713,2,3.0,3.0,3.0,3.0,3.0,3.0,1.0,1.0,1.0,1.0,2,1,1,3.0,3.0,3.0,3.0,4.0,2.0,2.0,2.0,8,2.0,0,Medium
5.0,4.0,2.0,8.0,1.0,42.0,61.0,3.0,0.242,3,5.0,4.0,5.0,4.0,1.0,1.0,1.0,1.0,1.0,1.0,3,2,5,2.0,2.0,4.0,3.0,4.0,3.0,3.0,3.0,7,0.0,1,High
5.0,5.0,2.0,8.0,1.0,61.0,71.0,4.0,0.242,2,5.0,4.0,5.0,5.0,1.0,1.0,1.0,1.0,1.0,1.0,4,2,6,4.0,4.0,4.0,4.0,6.0,2.0,4.0,4.0,8,0.0,1,High
5.0,4.0,3.0,8.0,1.0,56.0,65.0,3.0,0.242,3,5.0,5.0,5.0,5.0,1.0,1.0,1.0,1.0,1.0,1.0,2,2,3,4.0,4.0,4.0,4.0,5.0,2.0,4.0,4.0,8,0.0,1,High
4.0,4.0,2.0,8.0,1.0,54.0,63.0,4.0,1.267,3,5.0,4.0,3.0,4.0,1.0,1.0,1.0,1.0,1.0,1.0,2,2,2,4.0,4.0,4.0,4.0,5.0,1.0,3.0,3.0,6,0.0,1,High
5.0,5.0,3.0,8.0,0.0,60.0,65.0,4.0,0.712,2,5.0,4.0,5.0,5.0,1.0,1.0,1.0,1.0,1.0,1.0,2,3,4,5.0,5.0,4.0,5.0,5.0,1.0,4.0,4.0,6,0.0,1,High
5.0,5.0,3.0,8.0,1.0,81.0,52.0,4.0,-0.57,2,5.0,5.0,4.0,5.0,2.0,1.0,2.0,1.0,2.0,1.0,5,5,9,5.0,5.0,5.0,4.0,5.0,2.0,4.0,3.0,5,3.0,0,Medium
5.0,4.0,3.0,8.0,0.0,51.0,69.0,4.0,-0.909,3,5.0,4.0,5.0,4.0,1.0,1.0,1.0,1.0,1.0,1.0,2,1,5,5.0,4.0,5.0,4.0,6.0,3.0,4.0,3.0,8,0.0,1,High
5.0,5.0,5.0,8.0,1.0,76.0,72.0,4.0,0.712,3,5.0,5.0,4.0,5.0,1.0,1.0,1.0,1.0,1.0,1.0,3,4,7,5.0,5.0,5.0,5.0,5.0,1.0,3.0,3.0,6,0.0,1,High
4.0,3.0,2.0,8.0,1.0,45.0,59.0,3.0,0.242,3,5.0,4.0,4.0,5.0,1.0,1.0,1.0,1.0,1.0,1.0,3,2,5,4.0,4.0,4.0,4.0,4.0,2.0,3.0,3.0,6,0.0,1,Medium
5.0,4.0,2.0,8.0,1.0,52.0,68.0,4.0,0.712,3,5.0,4.0,5.0,5.0,1.0,1.0,1.0,1.0,1.0,1.0,3,2,5,3.0,3.0,4.0,3.0,3.0,2.0,3.0,3.0,8,0.0,1,High
4.0,4.0,3.0,2.0,1.0,60.0,59.0,4.0,-0.188,3,5.0,5.0,5.0,5.0,1.0,1.0,1.0,1.0,1.0,1.0,4,5,8,4.0,3.0,3.0,5.0,6.0,2.0,3.0,4.0,4,0.0,1,Medium
1.0,2.0,3.0,5.0,0.0,64.0,64.0,4.0,-0.909,2,1.0,1.0,1.0,5.0,1.0,1.0,1.0,1.0,1.0,1.0,3,3,3,3.0,3.0,3.0,3.0,6.0,1.0,4.0,4.0,2,0.0,1,High
3.0,3.0,4.0,2.0,1.0,47.0,44.0,3.0,-1.713,2,2.0,3.0,2.0,1.0,1.0,1.0,1.0,1.0,1.0,1.0,2,4,1,3.0,3.0,3.0,3.0,2.0,2.0,2.0,2.0,2,0.0,0,Medium
3.0,3.0,3.0,2.0,,44.0,46.0,2.0,-0.909,1,1.0,3.0,2.0,2.0,1.0,1.0,1.0,1.0,1.0,1.0,4,2,8,3.0,2.0,4.0,3.0,4.0,4.0,2.0,3.0,3,0.0,0,Medium
4.0,4.0,2.0,4.0,0.0,52.0,83.0,4.0,0.242,2,5.0,4.0,5.0,5.0,1.0,1.0,1.0,1.0,1.0,1.0,4,3,9,3.0,3.0,4.0,2.0,5.0,1.0,3.0,3.0,5,0.0,1,High
5.0,3.0,4.0,2.0,0.0,33.0,54.0,3.0,-0.188,3,4.0,4.0,4.0,5.0,1.0,1.0,1.0,1.0,1.0,1.0,3,1,5,4.0,3.0,2.0,2.0,6.0,2.0,1.0,3.0,5,0.0,0,Medium
4.0,4.0,2.0,2.0,1.0,71.0,64.0,4.0,0.242,3,5.0,5.0,5.0,5.0,1.0,1.0,1.0,1.0,1.0,1.0,3,1,5,5.0,4.0,4.0,4.0,6.0,2.0,3.0,4.0,4,0.0,1,High
5.0,5.0,3.0,8.0,0.0,43.0,46.0,3.0,-0.57,2,5.0,4.0,5.0,5.0,1.0,2.0,1.0,1.0,1.0,1.0,1,2,2,4.0,4.0,4.0,4.0,4.0,3.0,3.0,2.0,7,1.0,0,Medium
5.0,4.0,2.0,3.0,1.0,52.0,65.0,4.0,0.712,3,5.0,5.0,5.0,5.0,1.0,1.0,1.0,1.0,1.0,1.0,3,2,7,4.0,4.0,4.0,4.0,5.0,2.0,3.0,4.0,5,0.0,1,High
5.0,3.0,3.0,2.0,1.0,47.0,67.0,3.0,0.712,3,5.0,4.0,5.0,4.0,1.0,1.0,1.0,1.0,1.0,1.0,4,3,8,3.0,4.0,4.0,1.0,5.0,3.0,3.0,2.0,2,0.0,1,High
4.0,3.0,3.0,5.0,1.0,45.0,55.0,3.0,0.242,3,4.0,3.0,3.0,3.0,1.0,1.0,1.0,1.0,1.0,1.0,3,2,3,3.0,4.0,4.0,3.0,5.0,3.0,3.0,4.0,2,0.0,1,Medium
3.0,3.0,2.0,8.0,0.0,34.0,62.0,3.0,0.712,3,5.0,3.0,5.0,2.0,1.0,1.0,1.0,1.0,1.0,1.0,2,2,5,2.0,2.0,2.0,1.0,2.0,2.0,4.0,3.0,8,0.0,1,High
3.0,3.0,4.0,5.0,1.0,42.0,49.0,2.0,-1.9,1,2.0,4.0,3.0,5.0,2.0,2.0,2.0,2.0,2.0,2.0,2,3,6,3.0,3.0,3.0,3.0,5.0,3.0,3.0,3.0,1,6.0,0,Medium
4.0,4.0,3.0,8.0,0.0,50.0,80.0,4.0,1.267,3,5.0,5.0,5.0,5.0,1.0,1.0,1.0,1.0,1.0,1.0,2,2,8,4.0,4.0,4.0,4.0,6.0,2.0,3.0,4.0,8,0.0,1,High
4.0,4.0,3.0,8.0,0.0,53.0,62.0,4.0,1.267,3,5.0,4.0,5.0,5.0,1.0,1.0,1.0,1.0,1.0,1.0,5,2,9,3.0,3.0,3.0,3.0,5.0,2.0,3.0,3.0,8,0.0,1,High
5.0,5.0,1.0,7.0,1.0,65.0,67.0,4.0,-1.215,2,3.0,1.0,2.0,5.0,1.0,1.0,1.0,2.0,1.0,1.0,2,4,1,5.0,5.0,5.0,5.0,6.0,3.0,4.0,4.0,2,1.0,1,High
4.0,1.0,3.0,2.0,0.0,23.0,14.0,2.0,-0.188,2,1.0,1.0,5.0,1.0,1.0,1.0,1.0,1.0,1.0,1.0,1,1,4,1.0,2.0,1.0,1.0,1.0,3.0,1.0,1.0,4,0.0,0,Low
5.0,3.0,4.0,5.0,0.0,40.0,49.0,2.0,0.712,3,5.0,3.0,3.0,4.0,1.0,1.0,1.0,1.0,1.0,1.0,3,3,1,4.0,3.0,2.0,2.0,2.0,3.0,3.0,2.0,1,0.0,0,Medium
2.0,2.0,4.0,2.0,0.0,34.0,27.0,1.0,-1.215,1,2.0,1.0,1.0,3.0,2.0,2.0,2.0,2.0,3.0,1.0,2,5,8,2.0,4.0,3.0,4.0,1.0,4.0,1.0,2.0,2,5.0,0,Low
5.0,4.0,5.0,5.0,1.0,40.0,18.0,4.0,-0.188,3,5.0,1.0,5.0,4.0,1.0,1.0,1.0,1.0,1.0,1.0,2,4,8,3.0,3.0,4.0,1.0,1.0,1.0,3.0,2.0,1,0.0,0,Low
4.0,4.0,1.0,8.0,0.0,72.0,82.0,4.0,0.712,3,5.0,5.0,5.0,5.0,1.0,1.0,1.0,1.0,1.0,1.0,4,2,9,3.0,3.0,3.0,4.0,6.0,1.0,3.0,3.0,8,0.0,1,High
5.0,4.0,3.0,8.0,1.0,59.0,79.0,4.0,1.267,3,5.0,5.0,5.0,5.0,1.0,1.0,1.0,1.0,1.0,1.0,4,2,7,3.0,3.0,4.0,4.0,6.0,3.0,3.0,3.0,6,0.0,1,High
4.0,3.0,3.0,2.0,1.0,45.0,55.0,2.0,0.712,3,4.0,3.0,4.0,3.0,1.0,1.0,1.0,2.0,2.0,1.0,2,5,8,3.0,3.0,3.0,3.0,5.0,1.0,3.0,3.0,5,2.0,1,Medium
3.0,3.0,1.0,8.0,0.0,41.0,57.0,3.0,0.242,3,5.0,5.0,5.0,5.0,1.0,1.0,1.0,1.0,1.0,1.0,2,2,6,3.0,3.0,3.0,3.0,3.0,2.0,3.0,2.0,7,0.0,1,Medium
3.0,3.0,3.0,5.0,0.0,42.0,51.0,3.0,-1.215,1,3.0,2.0,2.0,3.0,2.0,3.0,1.0,2.0,1.0,2.0,3,4,6,3.0,2.0,3.0,2.0,3.0,3.0,2.0,4.0,1,4.0,0,Medium
5.0,3.0,2.0,8.0,,47.0,59.0,4.0,1.267,3,5.0,5.0,3.0,5.0,1.0,1.0,1.0,1.0,1.0,1.0,3,2,7,3.0,4.0,3.0,3.0,5.0,1.0,3.0,3.0,8,0.0,1,Medium
4.0,4.0,2.0,8.0,1.0,57.0,77.0,4.0,0.242,3,5.0,5.0,3.0,5.0,1.0,1.0,1.0,1.0,1.0,1.0,2,5,8,5.0,5.0,5.0,5.0,6.0,1.0,3.0,4.0,6,0.0,1,High
3.0,3.0,3.0,2.0,0.0,42.0,49.0,3.0,-0.909,2,3.0,3.0,3.0,3.0,2.0,2.0,2.0,2.0,2.0,2.0,3,4,7,3.0,3.0,3.0,3.0,4.0,3.0,3.0,3.0,3,6.0,0,Medium
5.0,4.0,3.0,2.0,1.0,57.0,51.0,3.0,0.712,3,5.0,4.0,5.0,5.0,2.0,1.0,1.0,1.0,1.0,1.0,5,2,5,5.0,4.0,4.0,4.0,4.0,2.0,3.0,4.0,2,1.0,0,Medium
4.0,3.0,2.0,3.0,0.0,41.0,44.0,3.0,-1.215,2,4.0,3.0,1.0,3.0,2.0,2.0,2.0,2.0,2.0,1.0,2,3,4,4.0,2.0,2.0,2.0,2.0,2.0,3.0,3.0,1,5.0,0,Medium
5.0,4.0,3.0,2.0,1.0,65.0,64.0,3.0,0.712,3,5.0,5.0,5.0,5.0,1.0,1.0,1.0,1.0,1.0,1.0,3,2,8,4.0,4.0,4.0,4.0,6.0,1.0,3.0,4.0,5,0.0,1,High
5.0,4.0,1.0,8.0,1.0,59.0,70.0,3.0,-0.188,3,5.0,4.0,4.0,5.0,1.0,1.0,1.0,1.0,1.0,1.0,3,2,8,4.0,4.0,4.0,4.0,5.0,1.0,3.0,3.0,6,0.0,1,High
4.0,2.0,5.0,2.0,0.0,28.0,38.0,2.0,0.712,3,5.0,2.0,4.0,4.0,2.0,1.0,1.0,1.0,1.0,1.0,1,2,3,5.0,2.0,4.0,2.0,4.0,3.0,2.0,2.0,2,1.0,0,Low
4.0,3.0,3.0,2.0,0.0,42.0,50.0,3.0,0.712,3,5.0,4.0,1.0,4.0,2.0,2.0,1.0,2.0,2.0,1.0,1,4,3,4.0,4.0,3.0,2.0,2.0,3.0,2.0,2.0,2,4.0,0,Medium
4.0,4.0,4.0,2.0,1.0,56.0,51.0,3.0,-0.188,3,4.0,3.0,1.0,4.0,1.0,1.0,1.0,1.0,1.0,1.0,4,3,8,4.0,4.0,4.0,4.0,5.0,2.0,2.0,4.0,2,0.0,0,Medium
4.0,4.0,4.0,2.0,0.0,57.0,47.0,3.0,-0.909,2,4.0,4.0,4.0,4.0,1.0,2.0,1.0,1.0,1.0,1.0,3,1,1,4.0,4.0,4.0,4.0,4.0,3.0,4.0,3.0,4,1.0,0,Medium
4.0,3.0,2.0,8.0,0.0,50.0,49.0,3.0,0.712,3,4.0,4.0,1.0,3.0,1.0,1.0,1.0,1.0,2.0,1.0,3,3,3,3.0,4.0,3.0,2.0,2.0,2.0,3.0,2.0,7,1.0,0,Medium
4.0,4.0,3.0,8.0,1.0,55.0,59.0,3.0,-0.188,1,5.0,5.0,1.0,5.0,1.0,1.0,1.0,1.0,1.0,1.0,3,3,5,4.0,4.0,4.0,4.0,6.0,3.0,3.0,3.0,8,0.0,1,Medium
4.0,3.0,3.0,4.0,1.0,44.0,48.0,3.0,0.242,3,5.0,3.0,2.0,5.0,1.0,1.0,1.0,1.0,1.0,1.0,3,3,7,4.0,4.0,3.0,3.0,6.0,1.0,4.0,3.0,6,0.0,0,Medium
4.0,3.0,4.0,8.0,1.0,45.0,61.0,3.0,0.242,3,5.0,4.0,5.0,4.0,1.0,1.0,1.0,1.0,1.0,1.0,2,2,4,4.0,4.0,4.0,4.0,5.0,1.0,3.0,3.0,8,0.0,1,High
4.0,4.0,2.0,8.0,1.0,53.0,61.0,4.0,-0.188,3,5.0,5.0,5.0,5.0,1.0,1.0,1.0,1.0,1.0,1.0,2,2,5,5.0,5.0,5.0,5.0,6.0,2.0,3.0,3.0,7,0.0,1,High
4.0,3.0,2.0,8.0,1.0,56.0,77.0,4.0,0.242,3,5.0,4.0,5.0,5.0,1.0,1.0,1.0,1.0,1.0,1.0,5,2,9,4.0,3.0,3.0,2.0,6.0,3.0,3.0,3.0,6,0.0,1,High
3.0,3.0,3.0,7.0,1.0,41.0,50.0,3.0,0.242,3,4.0,4.0,4.0,4.0,1.0,1.0,1.0,1.0,1.0,1.0,5,1,1,4.0,4.0,4.0,4.0,5.0,3.0,3.0,3.0,6,0.0,0,Medium
4.0,4.0,1.0,8.0,1.0,48.0,62.0,3.0,-2.053,0,4.0,4.0,4.0,3.0,1.0,1.0,1.0,1.0,1.0,1.0,2,2,6,3.0,4.0,4.0,3.0,5.0,1.0,4.0,4.0,6,0.0,1,High
5.0,5.0,3.0,2.0,1.0,75.0,75.0,4.0,0.242,3,5.0,5.0,5.0,2.0,1.0,1.0,1.0,1.0,1.0,1.0,3,5,7,4.0,1.0,5.0,2.0,2.0,1.0,3.0,2.0,3,0.0,1,High
5.0,4.0,2.0,2.0,1.0,60.0,70.0,4.0,1.267,3,5.0,4.0,5.0,5.0,1.0,1.0,1.0,1.0,1.0,1.0,5,2,8,5.0,5.0,5.0,4.0,6.0,2.0,4.0,4.0,4,0.0,1,High
5.0,5.0,5.0,8.0,1.0,51.0,62.0,4.0,0.242,3,5.0,5.0,5.0,3.0,1.0,1.0,1.0,1.0,1.0,1.0,5,1,8,4.0,4.0,4.0,3.0,4.0,1.0,3.0,4.0,6,0.0,1,High
2.0,3.0,2.0,8.0,0.0,40.0,56.0,3.0,-0.188,3,5.0,4.0,5.0,5.0,1.0,1.0,1.0,1.0,1.0,1.0,2,2,5,3.0,4.0,3.0,3.0,5.0,2.0,2.0,2.0,6,0.0,1,Medium
5.0,5.0,3.0,8.0,0.0,59.0,78.0,4.0,-0.57,2,5.0,5.0,5.0,5.0,1.0,1.0,1.0,1.0,1.0,1.0,2,1,5,3.0,3.0,4.0,3.0,6.0,1.0,4.0,4.0,6,0.0,1,High
5.0,4.0,3.0,8.0,1.0,69.0,63.0,3.0,-0.57,2,5.0,5.0,4.0,5.0,1.0,1.0,1.0,1.0,1.0,1.0,3,2,7,5.0,4.0,5.0,4.0,6.0,1.0,4.0,4.0,6,0.0,1,High
5.0,4.0,4.0,2.0,0.0,50.0,63.0,3.0,0.712,3,5.0,4.0,3.0,4.0,1.0,1.0,1.0,1.0,1.0,1.0,3,2,6,4.0,3.0,3.0,3.0,4.0,2.0,3.0,3.0,6,0.0,1,High
5.0,5.0,2.0,2.0,1.0,76.0,80.0,4.0,0.242,3,5.0,5.0,5.0,5.0,1.0,1.0,1.0,1.0,1.0,1.0,5,4,8,4.0,4.0,5.0,3.0,6.0,2.0,3.0,4.0,5,0.0,1,High
5.0,5.0,2.0,8.0,0.0,76.0,51.0,3.0,-0.57,3,3.0,5.0,1.0,5.0,1.0,1.0,1.0,1.0,1.0,1.0,3,1,1,5.0,5.0,3.0,3.0,4.0,1.0,4.0,2.0,6,0.0,0,Medium
5.0,3.0,2.0,8.0,1.0,50.0,62.0,3.0,-0.188,3,5.0,4.0,5.0,4.0,1.0,1.0,1.0,1.0,1.0,1.0,2,3,9,4.0,4.0,5.0,4.0,5.0,1.0,2.0,3.0,4,0.0,1,High
5.0,5.0,2.0,8.0,1.0,85.0,85.0,4.0,-0.188,2,5.0,5.0,5.0,5.0,1.0,1.0,1.0,1.0,1.0,1.0,4,2,5,5.0,5.0,5.0,5.0,6.0,1.0,1.0,1.0,8,0.0,1,High
5.0,4.0,3.0,1.0,0.0,58.0,84.0,4.0,0.712,3,5.0,5.0,5.0,3.0,1.0,1.0,1.0,1.0,1.0,1.0,5,2,9,1.0,3.0,3.0,3.0,6.0,1.0,2.0,3.0,6,0.0,1,High
4.0,4.0,3.0,5.0,1.0,51.0,59.0,3.0,-0.188,2,4.0,3.0,1.0,5.0,1.0,1.0,1.0,1.0,1.0,1.0,1,3,2,4.0,4.0,4.0,4.0,2.0,1.0,4.0,4.0,1,0.0,1,Medium
3.0,3.0,,,0.0,42.0,43.0,4.0,-1.215,2,3.0,3.0,3.0,3.0,,,,,,,2,3,8,3.0,3.0,3.0,3.0,3.0,,,,1,,0,Low
3.0,3.0,3.0,2.0,1.0,43.0,46.0,3.0,0.242,3,5.0,4.0,4.0,4.0,1.0,1.0,1.0,1.0,1.0,1.0,4,5,6,4.0,4.0,3.0,3.0,4.0,2.0,3.0,3.0,4,0.0,0,Medium
5.0,4.0,3.0,8.0,1.0,57.0,56.0,4.0,-0.188,3,5.0,4.0,5.0,4.0,1.0,1.0,1.0,1.0,1.0,1.0,3,2,6,4.0,4.0,4.0,4.0,4.0,2.0,3.0,3.0,6,0.0,1,Medium
5.0,4.0,3.0,8.0,1.0,42.0,61.0,3.0,-0.188,3,5.0,4.0,5.0,3.0,1.0,1.0,1.0,1.0,1.0,1.0,5,1,4,5.0,3.0,4.0,4.0,5.0,2.0,2.0,3.0,6,0.0,1,High
5.0,4.0,3.0,4.0,0.0,55.0,58.0,4.0,-0.188,2,5.0,5.0,5.0,5.0,1.0,1.0,1.0,1.0,2.0,1.0,4,5,7,4.0,3.0,4.0,3.0,4.0,1.0,4.0,4.0,4,1.0,1,Medium
5.0,3.0,3.0,8.0,0.0,45.0,65.0,3.0,0.712,2,5.0,5.0,4.0,5.0,1.0,1.0,1.0,1.0,1.0,1.0,3,2,8,5.0,4.0,3.0,4.0,3.0,1.0,3.0,3.0,8,0.0,1,High
5.0,5.0,,,1.0,51.0,51.0,3.0,0.242,3,5.0,4.0,5.0,5.0,1.0,2.0,1.0,1.0,1.0,1.0,5,3,5,5.0,5.0,5.0,4.0,6.0,,,,3,1.0,0,Medium
4.0,3.0,4.0,4.0,1.0,36.0,42.0,2.0,0.712,3,5.0,3.0,5.0,5.0,1.0,1.0,1.0,1.0,1.0,1.0,4,4,8,5.0,4.0,3.0,3.0,4.0,1.0,3.0,2.0,5,0.0,0,Low
4.0,3.0,3.0,8.0,1.0,42.0,52.0,3.0,0.242,3,4.0,4.0,4.0,4.0,1.0,1.0,1.0,1.0,2.0,1.0,5,3,7,4.0,4.0,3.0,3.0,5.0,2.0,3.0,3.0,7,1.0,0,Medium
4.0,4.0,4.0,1.0,1.0,57.0,35.0,4.0,-0.57,3,4.0,4.0,4.0,4.0,2.0,2.0,2.0,2.0,1.0,1.0,1,5,1,4.0,4.0,4.0,4.0,6.0,2.0,3.0,3.0,2,4.0,0,Low
5.0,3.0,4.0,7.0,0.0,58.0,40.0,3.0,1.267,3,5.0,5.0,5.0,5.0,1.0,1.0,1.0,1.0,1.0,1.0,3,2,9,5.0,3.0,2.0,2.0,1.0,2.0,3.0,2.0,5,0.0,0,Low
3.0,3.0,3.0,7.0,0.0,42.0,49.0,3.0,-1.485,1,4.0,4.0,4.0,4.0,1.0,1.0,1.0,1.0,1.0,1.0,2,3,4,3.0,3.0,3.0,3.0,4.0,1.0,4.0,4.0,2,0.0,0,Medium
3.0,3.0,3.0,2.0,1.0,49.0,47.0,3.0,-0.57,3,3.0,3.0,3.0,3.0,1.0,2.0,2.0,2.0,2.0,2.0,5,1,5,3.0,4.0,3.0,4.0,4.0,2.0,2.0,3.0,2,5.0,0,Medium
4.0,2.0,3.0,5.0,0.0,34.0,57.0,2.0,-1.215,2,1.0,2.0,1.0,1.0,1.0,1.0,1.0,1.0,1.0,1.0,3,1,7,3.0,3.0,3.0,3.0,2.0,2.0,2.0,2.0,1,0.0,1,Medium
3.0,3.0,3.0,2.0,0.0,49.0,53.0,4.0,-0.57,1,5.0,3.0,4.0,5.0,1.0,1.0,1.0,1.0,1.0,1.0,3,1,5,2.0,4.0,2.0,3.0,5.0,4.0,3.0,4.0,4,0.0,0,Medium
5.0,3.0,2.0,8.0,0.0,26.0,51.0,3.0,-0.909,3,5.0,5.0,3.0,3.0,1.0,1.0,1.0,1.0,1.0,1.0,2,4,7,3.0,3.0,3.0,3.0,5.0,2.0,2.0,2.0,7,0.0,0,Medium
5.0,5.0,1.0,8.0,0.0,54.0,73.0,4.0,0.242,3,5.0,5.0,5.0,5.0,1.0,1.0,1.0,1.0,1.0,1.0,2,2,3,2.0,2.0,3.0,2.0,5.0,1.0,3.0,4.0,6,0.0,1,High
3.0,3.0,3.0,8.0,0.0,39.0,48.0,3.0,-0.188,2,5.0,3.0,5.0,5.0,1.0,1.0,1.0,1.0,2.0,1.0,1,3,1,4.0,4.0,4.0,3.0,4.0,1.0,2.0,2.0,8,1.0,0,Medium
5.0,4.0,2.0,8.0,0.0,36.0,66.0,3.0,1.267,3,5.0,3.0,5.0,5.0,1.0,1.0,1.0,1.0,1.0,1.0,2,2,3,2.0,1.0,3.0,2.0,6.0,2.0,3.0,1.0,7,0.0,1,High
5.0,5.0,4.0,8.0,1.0,51.0,86.0,4.0,-0.188,2,5.0,5.0,5.0,5.0,1.0,1.0,1.0,1.0,1.0,1.0,2,2,8,4.0,4.0,4.0,4.0,3.0,2.0,3.0,3.0,8,0.0,1,High
3.0,3.0,4.0,7.0,,40.0,29.0,2.0,-1.485,2,3.0,3.0,3.0,3.0,2.0,2.0,3.0,2.0,2.0,2.0,3,4,6,3.0,3.0,3.0,3.0,3.0,2.0,2.0,2.0,2,6.0,0,Low
5.0,4.0,4.0,7.0,1.0,47.0,77.0,4.0,0.712,3,5.0,3.0,5.0,2.0,1.0,1.0,1.0,1.0,1.0,1.0,3,4,8,3.0,3.0,3.0,3.0,6.0,2.0,3.0,3.0,6,0.0,1,High
3.0,3.0,4.0,2.0,0.0,46.0,52.0,3.0,1.267,3,5.0,3.0,3.0,3.0,1.0,1.0,1.0,2.0,3.0,1.0,4,3,8,2.0,3.0,4.0,3.0,5.0,2.0,2.0,3.0,4,2.0,0,Medium
5.0,3.0,5.0,1.0,1.0,52.0,56.0,3.0,-0.188,3,1.0,2.0,1.0,4.0,2.0,2.0,1.0,2.0,2.0,1.0,3,3,1,4.0,4.0,4.0,3.0,6.0,2.0,2.0,3.0,2,4.0,1,Medium
4.0,3.0,3.0,2.0,0.0,45.0,54.0,3.0,0.242,3,5.0,4.0,5.0,3.0,1.0,1.0,1.0,1.0,1.0,1.0,5,2,7,3.0,3.0,3.0,3.0,4.0,3.0,3.0,3.0,5,0.0,0,Medium
5.0,3.0,5.0,2.0,1.0,49.0,50.0,3.0,0.242,3,5.0,4.0,2.0,4.0,1.0,1.0,1.0,1.0,1.0,1.0,5,4,5,4.0,4.0,4.0,2.0,4.0,1.0,3.0,4.0,3,0.0,0,Medium
5.0,3.0,4.0,1.0,0.0,38.0,49.0,3.0,-1.485,2,5.0,5.0,3.0,5.0,2.0,1.0,2.0,1.0,1.0,1.0,1,4,1,4.0,4.0,4.0,4.0,5.0,3.0,3.0,3.0,4,2.0,0,Medium
4.0,3.0,5.0,4.0,1.0,45.0,32.0,3.0,0.712,3,4.0,3.0,1.0,3.0,2.0,1.0,3.0,1.0,1.0,1.0,4,5,8,3.0,4.0,4.0,2.0,1.0,2.0,3.0,3.0,2,2.0,0,Low
5.0,4.0,3.0,2.0,1.0,59.0,61.0,4.0,0.712,3,5.0,5.0,5.0,4.0,1.0,1.0,1.0,1.0,1.0,1.0,3,5,6,2.0,2.0,4.0,2.0,5.0,2.0,3.0,3.0,4,0.0,1,High
4.0,3.0,2.0,8.0,1.0,47.0,44.0,3.0,-0.57,2,2.0,3.0,1.0,5.0,1.0,1.0,1.0,1.0,2.0,1.0,4,3,9,5.0,4.0,3.0,3.0,4.0,1.0,4.0,3.0,6,1.0,0,Medium
4.0,4.0,3.0,6.0,1.0,54.0,44.0,4.0,-0.57,3,5.0,5.0,1.0,5.0,3.0,3.0,2.0,3.0,3.0,2.0,2,4,1,4.0,4.0,4.0,4.0,6.0,1.0,4.0,4.0,3,6.0,0,Medium
5.0,3.0,4.0,1.0,,38.0,51.0,2.0,-0.188,3,5.0,2.0,1.0,4.0,1.0,1.0,1.0,2.0,2.0,1.0,3,2,8,4.0,2.0,3.0,2.0,2.0,3.0,2.0,2.0,6,2.0,0,Medium
3.0,3.0,2.0,8.0,0.0,43.0,47.0,2.0,-0.57,1,5.0,5.0,5.0,5.0,2.0,1.0,1.0,1.0,2.0,1.0,3,2,1,4.0,4.0,4.0,4.0,3.0,3.0,3.0,2.0,8,2.0,0,Medium
5.0,4.0,2.0,8.0,0.0,56.0,69.0,3.0,1.267,3,5.0,3.0,5.0,4.0,1.0,1.0,1.0,1.0,1.0,1.0,4,2,7,3.0,3.0,4.0,3.0,4.0,1.0,3.0,3.0,7,0.0,1,High
5.0,4.0,4.0,8.0,0.0,53.0,74.0,3.0,0.242,3,5.0,4.0,5.0,5.0,1.0,1.0,1.0,1.0,1.0,1.0,2,2,5,5.0,4.0,4.0,4.0,6.0,3.0,3.0,3.0,8,0.0,1,High
3.0,3.0,3.0,8.0,0.0,38.0,42.0,3.0,-0.57,1,5.0,3.0,2.0,5.0,1.0,1.0,1.0,1.0,1.0,1.0,2,2,4,5.0,5.0,4.0,4.0,4.0,3.0,2.0,2.0,6,0.0,0,Low
5.0,3.0,3.0,2.0,0.0,26.0,50.0,3.0,-0.57,2,5.0,1.0,4.0,4.0,1.0,1.0,1.0,1.0,1.0,1.0,5,3,7,2.0,2.0,2.0,2.0,2.0,3.0,2.0,3.0,2,0.0,0,Medium
5.0,5.0,1.0,8.0,0.0,57.0,76.0,4.0,0.242,3,5.0,5.0,5.0,5.0,1.0,1.0,1.0,1.0,1.0,1.0,2,1,2,2.0,4.0,4.0,4.0,4.0,1.0,3.0,3.0,8,0.0,1,High
5.0,4.0,2.0,1.0,1.0,53.0,66.0,4.0,0.712,3,5.0,4.0,5.0,5.0,1.0,1.0,1.0,1.0,1.0,1.0,5,2,8,5.0,5.0,5.0,5.0,6.0,2.0,3.0,4.0,5,0.0,1,High
4.0,4.0,3.0,8.0,1.0,44.0,52.0,4.0,0.242,3,5.0,4.0,5.0,5.0,1.0,1.0,1.0,1.0,1.0,1.0,2,2,6,4.0,4.0,4.0,4.0,5.0,1.0,3.0,4.0,6,0.0,0,Medium
5.0,5.0,4.0,2.0,0.0,76.0,68.0,4.0,0.712,3,5.0,4.0,5.0,3.0,1.0,1.0,1.0,1.0,1.0,1.0,4,2,7,4.0,4.0,5.0,3.0,5.0,2.0,4.0,3.0,4,0.0,1,High
3.0,3.0,5.0,6.0,0.0,52.0,39.0,2.0,-0.909,1,4.0,4.0,2.0,4.0,3.0,3.0,2.0,1.0,1.0,1.0,2,2,2,4.0,4.0,3.0,3.0,3.0,3.0,2.0,2.0,4,3.0,0,Low
5.0,5.0,4.0,8.0,0.0,62.0,23.0,3.0,0.712,3,5.0,4.0,2.0,5.0,1.0,2.0,1.0,1.0,1.0,1.0,2,1,2,5.0,5.0,4.0,4.0,3.0,3.0,3.0,2.0,8,1.0,0,Low
5.0,5.0,4.0,4.0,1.0,60.0,58.0,4.0,1.267,3,5.0,4.0,5.0,5.0,1.0,1.0,1.0,1.0,1.0,1.0,4,4,9,4.0,4.0,4.0,3.0,6.0,2.0,3.0,4.0,5,0.0,1,Medium
4.0,3.0,3.0,2.0,1.0,51.0,59.0,3.0,1.267,3,5.0,3.0,5.0,4.0,1.0,1.0,1.0,1.0,1.0,1.0,5,1,6,3.0,3.0,3.0,4.0,4.0,2.0,3.0,3.0,6,0.0,1,Medium
4.0,3.0,3.0,8.0,1.0,45.0,51.0,3.0,0.242,3,5.0,5.0,5.0,5.0,1.0,1.0,1.0,1.0,1.0,1.0,5,2,9,4.0,4.0,4.0,4.0,4.0,2.0,3.0,3.0,6,0.0,0,Medium
4.0,4.0,4.0,2.0,1.0,50.0,65.0,3.0,0.712,3,5.0,5.0,5.0,5.0,1.0,1.0,1.0,1.0,2.0,1.0,5,1,5,2.0,2.0,4.0,4.0,5.0,2.0,2.0,3.0,3,1.0,1,High
4.0,3.0,3.0,2.0,1.0,48.0,43.0,3.0,-0.188,2,3.0,3.0,1.0,4.0,1.0,1.0,1.0,1.0,1.0,1.0,3,1,7,4.0,4.0,4.0,3.0,2.0,2.0,3.0,3.0,4,0.0,0,Low
4.0,4.0,2.0,3.0,0.0,57.0,63.0,3.0,0.242,3,5.0,1.0,5.0,5.0,1.0,1.0,1.0,1.0,1.0,1.0,4,2,9,2.0,2.0,2.0,2.0,5.0,2.0,3.0,3.0,7,0.0,1,High
3.0,1.0,5.0,6.0,1.0,36.0,14.0,2.0,-1.215,2,4.0,4.0,1.0,4.0,3.0,3.0,3.0,2.0,2.0,2.0,1,5,1,4.0,4.0,4.0,4.0,5.0,3.0,2.0,2.0,4,6.0,0,Low
5.0,4.0,1.0,1.0,1.0,85.0,76.0,4.0,1.267,3,5.0,5.0,5.0,5.0,1.0,1.0,1.0,1.0,1.0,1.0,4,4,9,2.0,4.0,4.0,4.0,6.0,1.0,4.0,4.0,5,0.0,1,High
3.0,3.0,4.0,7.0,0.0,33.0,24.0,2.0,0.242,3,1.0,1.0,1.0,1.0,1.0,1.0,1.0,1.0,1.0,1.0,3,3,7,2.0,2.0,2.0,2.0,2.0,1.0,2.0,2.0,2,0.0,0,Low
5.0,5.0,,,1.0,82.0,62.0,4.0,-1.215,1,5.0,5.0,5.0,5.0,2.0,1.0,3.0,3.0,3.0,2.0,5,4,5,5.0,5.0,5.0,5.0,6.0,,,,2,5.0,1,High
5.0,3.0,4.0,2.0,1.0,56.0,51.0,3.0,0.712,3,5.0,4.0,3.0,4.0,2.0,2.0,1.0,1.0,1.0,1.0,4,3,8,3.0,4.0,4.0,4.0,5.0,2.0,2.0,3.0,2,2.0,0,Medium
4.0,4.0,4.0,2.0,1.0,45.0,54.0,3.0,0.712,3,4.0,3.0,3.0,4.0,1.0,2.0,1.0,1.0,1.0,1.0,3,2,8,4.0,4.0,4.0,3.0,5.0,2.0,3.0,3.0,5,1.0,0,Medium
5.0,3.0,4.0,2.0,1.0,50.0,58.0,3.0,-0.188,2,5.0,4.0,5.0,2.0,1.0,1.0,1.0,1.0,1.0,1.0,4,1,1,5.0,3.0,3.0,2.0,5.0,2.0,3.0,3.0,2,0.0,1,Medium
4.0,3.0,2.0,4.0,0.0,42.0,47.0,3.0,-0.57,3,5.0,4.0,2.0,5.0,1.0,1.0,1.0,1.0,1.0,1.0,2,3,5,4.0,4.0,4.0,3.0,5.0,2.0,2.0,2.0,4,0.0,0,Medium
5.0,4.0,5.0,1.0,1.0,65.0,22.0,3.0,-0.188,1,2.0,3.0,1.0,5.0,2.0,2.0,1.0,1.0,1.0,1.0,2,4,1,3.0,3.0,3.0,2.0,4.0,2.0,3.0,3.0,4,2.0,0,Low
4.0,4.0,2.0,8.0,0.0,51.0,82.0,3.0,0.712,3,5.0,5.0,5.0,5.0,1.0,1.0,1.0,1.0,1.0,1.0,2,3,6,4.0,4.0,3.0,3.0,4.0,1.0,2.0,3.0,8,0.0,1,High
4.0,4.0,2.0,3.0,1.0,52.0,61.0,4.0,-0.57,3,1.0,5.0,5.0,3.0,1.0,1.0,1.0,1.0,1.0,1.0,3,5,8,4.0,4.0,3.0,4.0,5.0,2.0,3.0,3.0,1,0.0,1,High
5.0,4.0,2.0,4.0,0.0,40.0,67.0,3.0,-1.713,0,5.0,1.0,5.0,4.0,1.0,1.0,1.0,1.0,1.0,1.0,2,2,8,5.0,2.0,2.0,2.0,4.0,2.0,2.0,2.0,5,0.0,1,High
4.0,4.0,3.0,1.0,0.0,42.0,53.0,3.0,-0.57,2,4.0,3.0,4.0,5.0,1.0,3.0,1.0,1.0,1.0,1.0,2,2,1,3.0,3.0,3.0,3.0,3.0,2.0,3.0,3.0,2,1.0,0,Medium
3.0,3.0,4.0,2.0,1.0,37.0,43.0,2.0,-0.188,3,4.0,2.0,2.0,4.0,3.0,2.0,3.0,2.0,2.0,2.0,3,1,1,2.0,2.0,3.0,2.0,1.0,2.0,3.0,2.0,2,6.0,0,Low
5.0,5.0,2.0,2.0,1.0,70.0,68.0,4.0,-0.188,3,5.0,5.0,5.0,5.0,1.0,1.0,1.0,1.0,1.0,1.0,4,3,8,5.0,5.0,5.0,5.0,6.0,1.0,4.0,4.0,2,0.0,1,High
4.0,4.0,2.0,8.0,0.0,62.0,82.0,4.0,0.242,3,5.0,5.0,5.0,5.0,1.0,1.0,1.0,1.0,1.0,1.0,5,1,9,4.0,4.0,4.0,4.0,6.0,2.0,3.0,3.0,6,0.0,1,High
4.0,4.0,3.0,2.0,0.0,48.0,62.0,4.0,-0.188,3,5.0,4.0,5.0,4.0,1.0,1.0,1.0,1.0,1.0,1.0,4,3,9,4.0,4.0,4.0,3.0,5.0,2.0,3.0,3.0,2,0.0,1,High
5.0,5.0,2.0,2.0,1.0,85.0,86.0,4.0,0.242,2,5.0,5.0,5.0,5.0,1.0,1.0,1.0,1.0,1.0,1.0,2,4,6,5.0,5.0,5.0,5.0,2.0,4.0,2.0,4.0,4,0.0,1,High
5.0,3.0,3.0,3.0,1.0,18.0,46.0,3.0,-0.57,2,3.0,3.0,1.0,1.0,2.0,1.0,1.0,1.0,1.0,1.0,2,1,1,3.0,3.0,2.0,3.0,4.0,3.0,2.0,3.0,5,1.0,0,Medium
4.0,3.0,4.0,2.0,1.0,45.0,47.0,3.0,-0.188,3,5.0,4.0,3.0,5.0,1.0,1.0,1.0,1.0,1.0,1.0,3,3,6,4.0,4.0,4.0,3.0,3.0,2.0,2.0,3.0,5,0.0,0,Medium
3.0,4.0,2.0,3.0,0.0,52.0,46.0,3.0,-1.485,1,5.0,4.0,5.0,5.0,1.0,1.0,1.0,1.0,1.0,1.0,2,3,1,4.0,4.0,4.0,3.0,5.0,2.0,3.0,4.0,1,0.0,0,Medium
4.0,3.0,4.0,2.0,1.0,48.0,49.0,3.0,-0.57,3,5.0,4.0,5.0,4.0,1.0,1.0,1.0,2.0,2.0,1.0,2,3,5,4.0,4.0,4.0,4.0,5.0,1.0,3.0,3.0,5,2.0,0,Medium
4.0,3.0,4.0,3.0,0.0,29.0,38.0,2.0,-0.188,3,4.0,3.0,2.0,4.0,1.0,1.0,1.0,3.0,1.0,1.0,2,2,5,3.0,3.0,3.0,3.0,2.0,3.0,2.0,2.0,6,1.0,0,Low
5.0,4.0,4.0,2.0,0.0,53.0,54.0,3.0,0.242,3,5.0,4.0,5.0,5.0,1.0,1.0,1.0,1.0,1.0,1.0,4,2,8,4.0,4.0,5.0,5.0,5.0,2.0,3.0,2.0,2,0.0,0,Medium
5.0,2.0,3.0,2.0,0.0,36.0,48.0,2.0,0.242,3,5.0,3.0,5.0,2.0,1.0,1.0,1.0,1.0,2.0,1.0,3,3,8,2.0,2.0,2.0,1.0,2.0,2.0,4.0,3.0,2,1.0,0,Medium
2.0,2.0,3.0,4.0,1.0,30.0,50.0,2.0,-0.909,1,5.0,2.0,5.0,3.0,1.0,1.0,1.0,1.0,1.0,1.0,1,5,3,4.0,2.0,2.0,2.0,2.0,2.0,3.0,2.0,3,0.0,0,Medium
3.0,3.0,5.0,6.0,0.0,53.0,34.0,2.0,-0.188,2,5.0,3.0,1.0,5.0,2.0,2.0,1.0,1.0,1.0,1.0,3,1,1,4.0,3.0,4.0,4.0,1.0,2.0,3.0,3.0,4,2.0,0,Low
4.0,3.0,4.0,8.0,0.0,44.0,49.0,3.0,0.242,3,5.0,4.0,5.0,5.0,2.0,2.0,1.0,1.0,1.0,1.0,2,1,1,4.0,4.0,4.0,4.0,4.0,3.0,3.0,3.0,8,2.0,0,Medium
3.0,3.0,3.0,4.0,,55.0,49.0,3.0,-1.485,1,3.0,4.0,3.0,3.0,2.0,2.0,2.0,2.0,2.0,2.0,1,2,1,3.0,4.0,4.0,3.0,6.0,3.0,3.0,3.0,8,6.0,0,Medium
5.0,3.0,4.0,2.0,0.0,47.0,36.0,3.0,0.712,3,4.0,4.0,1.0,3.0,1.0,1.0,1.0,2.0,1.0,2.0,3,2,7,4.0,4.0,3.0,3.0,2.0,3.0,2.0,3.0,4,2.0,0,Low
5.0,5.0,4.0,2.0,1.0,85.0,86.0,4.0,0.712,3,5.0,5.0,5.0,5.0,1.0,1.0,1.0,1.0,1.0,1.0,4,1,6,3.0,3.0,5.0,4.0,6.0,2.0,3.0,3.0,2,0.0,1,High
1.0,1.0,2.0,6.0,0.0,16.0,21.0,4.0,-0.909,3,2.0,1.0,1.0,3.0,3.0,3.0,1.0,1.0,1.0,1.0,2,2,1,2.0,1.0,1.0,1.0,6.0,2.0,3.0,2.0,4,2.0,0,Low
5.0,4.0,4.0,4.0,1.0,44.0,56.0,4.0,0.242,3,5.0,3.0,5.0,5.0,1.0,1.0,1.0,1.0,1.0,1.0,3,2,9,4.0,3.0,4.0,4.0,4.0,2.0,2.0,3.0,5,0.0,1,Medium
4.0,4.0,3.0,1.0,0.0,42.0,55.0,4.0,-0.188,3,5.0,5.0,5.0,4.0,1.0,1.0,1.0,2.0,2.0,1.0,5,2,3,4.0,4.0,4.0,3.0,4.0,1.0,4.0,4.0,6,2.0,1,Medium
4.0,3.0,4.0,2.0,0.0,54.0,54.0,4.0,0.712,3,5.0,5.0,3.0,4.0,1.0,1.0,1.0,1.0,1.0,1.0,3,2,8,3.0,4.0,3.0,2.0,6.0,1.0,2.0,3.0,5,0.0,0,Medium
4.0,4.0,5.0,2.0,1.0,58.0,65.0,4.0,1.267,3,5.0,5.0,5.0,5.0,1.0,1.0,1.0,1.0,1.0,1.0,5,4,9,4.0,4.0,4.0,4.0,6.0,2.0,3.0,4.0,4,0.0,1,High
5.0,3.0,5.0,3.0,1.0,40.0,58.0,2.0,0.242,3,5.0,4.0,4.0,4.0,1.0,1.0,1.0,2.0,1.0,1.0,2,2,3,4.0,4.0,3.0,3.0,3.0,1.0,3.0,4.0,7,1.0,1,Medium
4.0,2.0,5.0,6.0,0.0,30.0,36.0,1.0,-0.909,0,5.0,4.0,1.0,5.0,2.0,2.0,1.0,2.0,2.0,1.0,3,2,2,3.0,3.0,3.0,3.0,2.0,2.0,2.0,3.0,4,4.0,0,Low
5.0,5.0,2.0,2.0,1.0,66.0,68.0,4.0,0.712,3,5.0,5.0,5.0,5.0,1.0,1.0,1.0,1.0,1.0,1.0,3,1,7,4.0,4.0,4.0,4.0,6.0,1.0,3.0,3.0,5,0.0,1,High
3.0,3.0,4.0,2.0,1.0,40.0,40.0,2.0,-0.188,3,5.0,2.0,1.0,2.0,1.0,1.0,1.0,3.0,1.0,1.0,4,2,5,2.0,4.0,4.0,4.0,2.0,2.0,3.0,3.0,2,1.0,0,Low
5.0,4.0,3.0,3.0,1.0,57.0,66.0,4.0,0.242,3,5.0,5.0,5.0,5.0,1.0,1.0,1.0,1.0,1.0,1.0,5,4,8,4.0,4.0,4.0,4.0,5.0,1.0,3.0,4.0,3,0.0,1,High
3.0,3.0,2.0,8.0,0.0,43.0,53.0,2.0,1.267,3,5.0,2.0,1.0,1.0,1.0,1.0,1.0,1.0,1.0,1.0,2,2,5,2.0,2.0,2.0,2.0,2.0,1.0,3.0,3.0,6,0.0,0,Medium
4.0,3.0,3.0,4.0,1.0,38.0,42.0,3.0,-0.909,2,5.0,5.0,3.0,5.0,2.0,2.0,2.0,1.0,2.0,1.0,1,1,2,1.0,1.0,1.0,1.0,6.0,2.0,2.0,3.0,3,4.0,0,Low
4.0,3.0,4.0,2.0,1.0,36.0,28.0,2.0,-0.188,3,4.0,1.0,1.0,2.0,2.0,1.0,1.0,2.0,1.0,1.0,5,5,7,2.0,1.0,3.0,1.0,1.0,2.0,4.0,3.0,3,2.0,0,Low
5.0,5.0,4.0,2.0,1.0,48.0,70.0,4.0,-0.188,3,5.0,5.0,1.0,4.0,1.0,1.0,1.0,1.0,1.0,1.0,2,4,7,5.0,4.0,2.0,1.0,4.0,4.0,3.0,3.0,3,0.0,1,High
5.0,3.0,5.0,2.0,1.0,42.0,39.0,3.0,-0.909,2,4.0,4.0,2.0,4.0,1.0,1.0,2.0,1.0,1.0,1.0,1,4,6,4.0,4.0,3.0,4.0,2.0,2.0,4.0,3.0,5,1.0,0,Low
4.0,3.0,4.0,8.0,0.0,40.0,42.0,3.0,0.242,3,4.0,3.0,1.0,2.0,1.0,1.0,1.0,1.0,1.0,1.0,2,2,3,4.0,2.0,1.0,2.0,2.0,2.0,2.0,3.0,6,0.0,0,Low
4.0,3.0,2.0,8.0,0.0,39.0,38.0,3.0,-0.188,2,5.0,3.0,1.0,4.0,1.0,1.0,1.0,2.0,2.0,1.0,2,2,5,5.0,4.0,4.0,3.0,5.0,2.0,3.0,3.0,8,2.0,0,Low
4.0,4.0,3.0,4.0,1.0,48.0,61.0,3.0,-0.57,3,5.0,5.0,4.0,5.0,1.0,1.0,1.0,1.0,1.0,1.0,1,4,4,5.0,3.0,5.0,3.0,6.0,3.0,2.0,3.0,3,0.0,1,High
5.0,4.0,1.0,8.0,1.0,47.0,66.0,4.0,0.712,2,5.0,4.0,5.0,5.0,1.0,1.0,1.0,1.0,1.0,1.0,4,2,8,4.0,4.0,3.0,2.0,3.0,1.0,2.0,3.0,8,0.0,1,High
5.0,4.0,3.0,1.0,0.0,67.0,66.0,4.0,1.267,3,5.0,4.0,5.0,5.0,1.0,1.0,1.0,1.0,1.0,1.0,5,2,7,3.0,3.0,4.0,2.0,5.0,1.0,3.0,3.0,5,0.0,1,High
5.0,3.0,2.0,2.0,0.0,47.0,49.0,3.0,0.712,3,5.0,4.0,4.0,5.0,1.0,1.0,1.0,1.0,1.0,1.0,5,2,8,4.0,2.0,4.0,2.0,4.0,2.0,2.0,3.0,5,0.0,0,Medium
5.0,3.0,4.0,8.0,1.0,51.0,51.0,4.0,-0.188,2,5.0,4.0,5.0,5.0,1.0,1.0,1.0,1.0,1.0,1.0,2,2,4,4.0,4.0,4.0,4.0,5.0,1.0,3.0,4.0,8,0.0,0,Medium
4.0,3.0,4.0,3.0,0.0,40.0,56.0,3.0,0.242,3,5.0,4.0,4.0,5.0,1.0,1.0,1.0,1.0,1.0,1.0,5,2,1,4.0,4.0,3.0,3.0,5.0,2.0,3.0,2.0,4,0.0,1,Medium
4.0,4.0,3.0,8.0,,57.0,85.0,4.0,0.712,3,5.0,4.0,5.0,5.0,1.0,1.0,1.0,1.0,1.0,1.0,3,2,7,2.0,2.0,4.0,2.0,5.0,2.0,3.0,4.0,6,0.0,1,High
4.0,4.0,4.0,,1.0,41.0,54.0,3.0,-0.188,2,4.0,4.0,4.0,5.0,1.0,1.0,1.0,1.0,1.0,1.0,3,2,9,4.0,4.0,4.0,3.0,5.0,2.0,2.0,3.0,4,0.0,0,Medium
4.0,4.0,3.0,8.0,,52.0,54.0,3.0,1.267,3,4.0,4.0,4.0,4.0,1.0,1.0,1.0,1.0,1.0,1.0,5,1,5,4.0,4.0,4.0,4.0,4.0,3.0,3.0,3.0,7,0.0,0,Medium
5.0,4.0,1.0,8.0,1.0,61.0,79.0,3.0,1.267,3,5.0,4.0,5.0,3.0,1.0,1.0,1.0,1.0,1.0,1.0,3,2,6,4.0,3.0,3.0,3.0,2.0,2.0,3.0,3.0,6,0.0,1,High
4.0,4.0,4.0,6.0,1.0,44.0,41.0,4.0,-0.909,1,5.0,5.0,1.0,5.0,2.0,3.0,1.0,1.0,1.0,1.0,2,2,1,5.0,4.0,4.0,4.0,3.0,4.0,3.0,3.0,5,2.0,0,Low
4.0,4.0,5.0,2.0,0.0,68.0,66.0,4.0,1.267,3,5.0,5.0,5.0,5.0,1.0,1.0,1.0,1.0,1.0,1.0,4,5,8,2.0,4.0,4.0,2.0,6.0,3.0,2.0,3.0,4,0.0,1,High
3.0,3.0,5.0,7.0,0.0,30.0,25.0,2.0,-0.57,3,3.0,3.0,3.0,4.0,3.0,1.0,1.0,3.0,3.0,3.0,1,5,2,3.0,3.0,3.0,3.0,4.0,4.0,2.0,4.0,3,4.0,0,Low
5.0,4.0,4.0,2.0,1.0,55.0,27.0,3.0,0.242,3,5.0,3.0,3.0,3.0,1.0,1.0,1.0,2.0,1.0,1.0,5,3,4,3.0,3.0,4.0,3.0,3.0,2.0,2.0,3.0,2,1.0,0,Low
5.0,5.0,5.0,2.0,1.0,60.0,57.0,3.0,1.267,3,5.0,5.0,5.0,5.0,1.0,1.0,1.0,1.0,1.0,1.0,5,3,9,5.0,5.0,5.0,5.0,6.0,2.0,3.0,3.0,5,0.0,1,Medium
4.0,3.0,4.0,2.0,0.0,43.0,56.0,3.0,-0.188,3,5.0,5.0,4.0,5.0,1.0,1.0,1.0,1.0,1.0,1.0,3,2,7,4.0,3.0,3.0,2.0,2.0,3.0,2.0,2.0,6,0.0,1,Medium
5.0,3.0,1.0,8.0,0.0,57.0,81.0,3.0,-1.485,2,5.0,5.0,5.0,5.0,1.0,1.0,1.0,1.0,1.0,1.0,2,2,2,2.0,4.0,3.0,3.0,5.0,2.0,3.0,3.0,8,0.0,1,High
5.0,4.0,3.0,2.0,1.0,50.0,76.0,4.0,0.712,3,5.0,5.0,5.0,2.0,1.0,1.0,1.0,1.0,1.0,1.0,4,2,9,3.0,4.0,4.0,3.0,6.0,3.0,4.0,4.0,6,0.0,1,High
5.0,3.0,2.0,2.0,1.0,48.0,54.0,3.0,-0.188,3,5.0,2.0,2.0,4.0,1.0,1.0,1.0,1.0,1.0,1.0,1,4,6,5.0,5.0,5.0,5.0,3.0,1.0,4.0,2.0,3,0.0,0,Medium
4.0,3.0,3.0,2.0,0.0,52.0,51.0,3.0,-1.713,0,4.0,4.0,1.0,4.0,1.0,1.0,1.0,1.0,1.0,1.0,2,1,3,4.0,4.0,4.0,3.0,4.0,2.0,3.0,3.0,4,0.0,0,Medium
5.0,4.0,2.0,2.0,1.0,55.0,56.0,3.0,0.712,3,5.0,5.0,2.0,5.0,1.0,1.0,1.0,1.0,1.0,1.0,3,2,6,5.0,4.0,3.0,3.0,6.0,2.0,3.0,3.0,7,0.0,1,Medium
4.0,3.0,4.0,8.0,1.0,44.0,55.0,3.0,0.712,2,5.0,3.0,3.0,4.0,1.0,1.0,1.0,1.0,1.0,1.0,3,3,5,3.0,3.0,4.0,2.0,4.0,2.0,2.0,3.0,6,0.0,1,Medium
4.0,4.0,1.0,8.0,0.0,50.0,76.0,3.0,-1.215,1,5.0,5.0,5.0,4.0,1.0,1.0,1.0,1.0,1.0,1.0,3,1,2,4.0,4.0,4.0,3.0,5.0,1.0,3.0,3.0,8,0.0,1,High
5.0,3.0,3.0,8.0,1.0,45.0,65.0,3.0,0.712,3,5.0,5.0,5.0,4.0,1.0,1.0,1.0,1.0,1.0,1.0,2,2,9,4.0,4.0,4.0,4.0,5.0,2.0,3.0,3.0,7,0.0,1,High
3.0,3.0,4.0,2.0,0.0,33.0,50.0,3.0,-0.188,3,5.0,4.0,5.0,4.0,1.0,1.0,1.0,1.0,1.0,1.0,2,1,5,3.0,3.0,3.0,3.0,3.0,3.0,2.0,3.0,4,0.0,0,Medium
4.0,3.0,2.0,2.0,0.0,39.0,59.0,4.0,-0.57,3,5.0,5.0,4.0,4.0,1.0,1.0,1.0,1.0,1.0,1.0,4,3,5,4.0,3.0,3.0,2.0,2.0,2.0,3.0,3.0,4,0.0,1,Medium
2.0,2.0,2.0,2.0,0.0,42.0,48.0,3.0,-0.909,2,1.0,1.0,1.0,1.0,1.0,1.0,1.0,1.0,1.0,1.0,2,5,8,3.0,3.0,3.0,3.0,1.0,3.0,3.0,3.0,2,0.0,0,Medium
5.0,3.0,4.0,2.0,1.0,42.0,46.0,3.0,0.712,3,5.0,3.0,2.0,4.0,1.0,1.0,2.0,1.0,1.0,1.0,4,3,9,4.0,4.0,2.0,2.0,3.0,2.0,2.0,3.0,1,1.0,0,Medium
5.0,4.0,3.0,4.0,1.0,81.0,63.0,4.0,0.712,3,5.0,5.0,5.0,5.0,1.0,1.0,1.0,1.0,1.0,1.0,4,2,6,5.0,5.0,5.0,5.0,6.0,2.0,4.0,4.0,2,0.0,1,High
3.0,2.0,4.0,2.0,0.0,29.0,40.0,2.0,-0.188,3,5.0,3.0,1.0,3.0,1.0,1.0,1.0,1.0,1.0,1.0,3,2,7,3.0,2.0,2.0,2.0,1.0,3.0,2.0,2.0,3,0.0,0,Low
3.0,3.0,3.0,4.0,1.0,32.0,49.0,3.0,-1.215,2,4.0,4.0,4.0,4.0,1.0,1.0,1.0,1.0,1.0,1.0,2,5,3,3.0,4.0,3.0,3.0,3.0,2.0,4.0,4.0,2,0.0,0,Medium
3.0,2.0,3.0,8.0,0.0,37.0,43.0,3.0,0.242,3,4.0,3.0,5.0,3.0,1.0,1.0,1.0,1.0,1.0,1.0,2,2,2,3.0,3.0,2.0,3.0,6.0,2.0,3.0,3.0,8,0.0,0,Low
3.0,4.0,4.0,7.0,0.0,56.0,47.0,4.0,-1.485,2,4.0,4.0,5.0,4.0,1.0,1.0,1.0,1.0,1.0,1.0,3,4,8,4.0,4.0,4.0,4.0,5.0,3.0,3.0,3.0,5,0.0,0,Medium
4.0,4.0,2.0,2.0,1.0,55.0,78.0,4.0,1.267,3,5.0,4.0,5.0,3.0,1.0,1.0,1.0,1.0,1.0,1.0,5,3,9,2.0,2.0,4.0,3.0,6.0,2.0,3.0,3.0,4,0.0,1,High
4.0,4.0,3.0,2.0,1.0,54.0,55.0,3.0,-0.188,3,4.0,4.0,5.0,4.0,1.0,1.0,1.0,1.0,1.0,1.0,3,4,9,4.0,4.0,4.0,4.0,5.0,2.0,3.0,3.0,4,0.0,1,Medium
5.0,5.0,1.0,2.0,1.0,58.0,53.0,4.0,-0.188,3,5.0,4.0,3.0,5.0,1.0,1.0,1.0,1.0,1.0,1.0,2,3,4,5.0,5.0,5.0,5.0,3.0,1.0,4.0,3.0,6,0.0,0,Medium
5.0,4.0,4.0,8.0,1.0,44.0,53.0,3.0,-0.909,1,5.0,5.0,5.0,5.0,1.0,1.0,1.0,1.0,1.0,1.0,3,1,2,4.0,4.0,4.0,4.0,4.0,3.0,3.0,3.0,7,0.0,0,Medium
3.0,3.0,4.0,8.0,0.0,27.0,32.0,2.0,-1.485,0,5.0,3.0,1.0,5.0,1.0,2.0,1.0,3.0,2.0,1.0,2,1,1,5.0,3.0,3.0,3.0,2.0,3.0,3.0,1.0,7,3.0,0,Low
4.0,5.0,3.0,1.0,0.0,69.0,73.0,4.0,1.267,3,5.0,3.0,5.0,3.0,1.0,1.0,1.0,1.0,1.0,1.0,4,2,8,2.0,2.0,3.0,2.0,4.0,2.0,3.0,4.0,4,0.0,1,High
5.0,3.0,4.0,2.0,1.0,56.0,40.0,3.0,-0.188,3,3.0,4.0,1.0,5.0,1.0,1.0,1.0,1.0,1.0,1.0,4,5,7,5.0,5.0,5.0,4.0,3.0,1.0,3.0,3.0,3,0.0,0,Low
5.0,4.0,3.0,1.0,0.0,55.0,71.0,3.0,-0.188,3,5.0,4.0,3.0,5.0,1.0,1.0,1.0,1.0,1.0,1.0,5,2,7,4.0,4.0,4.0,4.0,4.0,2.0,3.0,3.0,8,0.0,1,High
5.0,4.0,3.0,8.0,1.0,59.0,72.0,4.0,1.267,3,5.0,4.0,3.0,5.0,1.0,1.0,1.0,1.0,1.0,1.0,3,2,6,3.0,4.0,3.0,3.0,5.0,2.0,3.0,3.0,6,0.0,1,High
3.0,4.0,4.0,2.0,1.0,42.0,44.0,3.0,-1.215,1,4.0,4.0,2.0,3.0,2.0,2.0,2.0,2.0,2.0,2.0,4,5,8,4.0,4.0,4.0,4.0,5.0,2.0,3.0,3.0,4,6.0,0,Medium
4.0,3.0,3.0,8.0,0.0,50.0,51.0,3.0,-1.215,2,4.0,4.0,5.0,4.0,1.0,1.0,1.0,1.0,1.0,1.0,2,1,1,4.0,3.0,3.0,3.0,5.0,2.0,3.0,3.0,8,0.0,0,Medium
4.0,4.0,4.0,2.0,1.0,42.0,64.0,3.0,0.712,3,5.0,4.0,4.0,4.0,1.0,1.0,1.0,1.0,1.0,1.0,3,1,6,2.0,4.0,4.0,3.0,5.0,3.0,3.0,3.0,3,0.0,1,High
2.0,1.0,5.0,1.0,0.0,5.0,28.0,1.0,-0.57,3,2.0,1.0,1.0,1.0,2.0,3.0,2.0,2.0,1.0,2.0,1,2,1,1.0,1.0,1.0,1.0,1.0,2.0,1.0,1.0,2,5.0,0,Low
3.0,2.0,4.0,2.0,1.0,43.0,37.0,3.0,0.242,3,4.0,3.0,1.0,1.0,1.0,1.0,1.0,1.0,1.0,1.0,4,1,3,2.0,2.0,2.0,1.0,2.0,1.0,3.0,3.0,2,0.0,0,Low
4.0,4.0,2.0,3.0,,58.0,65.0,4.0,0.242,3,5.0,4.0,5.0,5.0,1.0,1.0,1.0,1.0,1.0,1.0,5,2,7,2.0,3.0,4.0,3.0,6.0,1.0,3.0,3.0,4,0.0,1,High
5.0,5.0,2.0,8.0,1.0,51.0,64.0,4.0,-0.188,2,5.0,5.0,5.0,5.0,1.0,1.0,1.0,1.0,1.0,1.0,5,1,8,5.0,5.0,4.0,5.0,6.0,2.0,3.0,3.0,8,0.0,1,High
4.0,3.0,5.0,2.0,0.0,37.0,46.0,2.0,-0.57,3,4.0,3.0,2.0,3.0,1.0,1.0,1.0,1.0,1.0,1.0,4,4,8,3.0,3.0,3.0,3.0,5.0,2.0,3.0,3.0,4,0.0,0,Medium
4.0,3.0,4.0,8.0,1.0,40.0,50.0,4.0,-0.188,2,5.0,4.0,5.0,5.0,1.0,1.0,1.0,1.0,1.0,1.0,2,2,5,4.0,4.0,4.0,4.0,3.0,2.0,3.0,3.0,8,0.0,0,Medium
3.0,4.0,3.0,8.0,0.0,47.0,51.0,3.0,-0.57,1,5.0,4.0,4.0,5.0,1.0,1.0,1.0,1.0,1.0,1.0,3,2,8,4.0,4.0,4.0,4.0,4.0,2.0,3.0,3.0,5,0.0,0,Medium
5.0,4.0,5.0,4.0,1.0,38.0,71.0,4.0,-0.188,3,3.0,4.0,3.0,3.0,1.0,1.0,1.0,1.0,1.0,1.0,2,2,7,3.0,2.0,3.0,2.0,4.0,1.0,3.0,3.0,8,0.0,1,High
5.0,4.0,3.0,8.0,1.0,41.0,72.0,4.0,0.712,3,5.0,4.0,5.0,4.0,1.0,1.0,1.0,1.0,1.0,1.0,5,1,7,3.0,3.0,3.0,4.0,4.0,3.0,2.0,3.0,8,0.0,1,High
4.0,3.0,3.0,8.0,1.0,48.0,54.0,3.0,0.242,3,5.0,2.0,2.0,4.0,1.0,1.0,1.0,1.0,1.0,1.0,4,2,7,4.0,3.0,3.0,3.0,5.0,2.0,2.0,3.0,5,0.0,0,Medium
5.0,5.0,1.0,8.0,1.0,79.0,76.0,4.0,0.712,3,5.0,5.0,5.0,5.0,1.0,1.0,1.0,1.0,1.0,1.0,5,3,9,3.0,5.0,4.0,4.0,5.0,1.0,3.0,3.0,6,0.0,1,High
4.0,2.0,4.0,8.0,0.0,37.0,41.0,1.0,-0.909,0,3.0,2.0,1.0,1.0,2.0,2.0,1.0,1.0,1.0,1.0,1,2,2,1.0,2.0,1.0,1.0,2.0,1.0,2.0,2.0,6,2.0,0,Low
4.0,3.0,4.0,8.0,0.0,42.0,68.0,3.0,0.242,3,5.0,5.0,5.0,4.0,1.0,1.0,1.0,1.0,1.0,1.0,2,2,6,2.0,2.0,3.0,1.0,5.0,2.0,2.0,3.0,8,0.0,1,High
5.0,5.0,4.0,2.0,1.0,63.0,72.0,4.0,0.712,3,5.0,4.0,5.0,5.0,1.0,1.0,1.0,1.0,1.0,1.0,4,2,9,3.0,4.0,5.0,5.0,6.0,2.0,3.0,4.0,4,0.0,1,High
5.0,5.0,3.0,8.0,1.0,67.0,88.0,4.0,0.242,3,5.0,5.0,5.0,5.0,1.0,1.0,1.0,1.0,1.0,1.0,3,2,9,3.0,3.0,4.0,3.0,6.0,3.0,4.0,4.0,7,0.0,1,High
5.0,5.0,2.0,3.0,1.0,76.0,63.0,4.0,-0.188,2,5.0,4.0,5.0,5.0,1.0,1.0,1.0,1.0,1.0,1.0,4,4,7,3.0,3.0,4.0,4.0,6.0,2.0,2.0,3.0,5,0.0,1,High
4.0,4.0,4.0,2.0,1.0,53.0,47.0,3.0,-0.909,1,5.0,5.0,5.0,5.0,1.0,1.0,1.0,1.0,1.0,1.0,4,2,3,4.0,4.0,4.0,4.0,6.0,2.0,3.0,3.0,1,0.0,0,Medium
5.0,3.0,3.0,4.0,1.0,35.0,53.0,3.0,-0.188,3,5.0,4.0,1.0,3.0,1.0,1.0,1.0,1.0,1.0,1.0,3,5,2,3.0,3.0,3.0,3.0,5.0,1.0,2.0,3.0,3,0.0,0,Medium
5.0,4.0,4.0,4.0,1.0,55.0,54.0,4.0,0.712,3,5.0,4.0,5.0,5.0,1.0,1.0,1.0,1.0,1.0,1.0,5,3,2,5.0,5.0,4.0,4.0,6.0,2.0,3.0,3.0,2,0.0,0,Medium
5.0,4.0,3.0,8.0,0.0,38.0,54.0,3.0,-0.57,3,5.0,5.0,5.0,5.0,1.0,1.0,1.0,1.0,2.0,1.0,2,1,2,4.0,4.0,2.0,3.0,5.0,2.0,3.0,1.0,8,1.0,0,Medium
4.0,3.0,4.0,6.0,1.0,40.0,33.0,2.0,-0.57,3,5.0,2.0,2.0,5.0,1.0,1.0,1.0,1.0,1.0,1.0,3,1,3,5.0,2.0,2.0,2.0,4.0,3.0,2.0,2.0,5,0.0,0,Low
4.0,2.0,5.0,7.0,0.0,33.0,46.0,2.0,0.712,3,4.0,4.0,1.0,3.0,1.0,1.0,1.0,1.0,1.0,1.0,4,3,5,2.0,2.0,2.0,2.0,1.0,2.0,2.0,2.0,2,0.0,0,Medium
5.0,4.0,2.0,2.0,0.0,60.0,68.0,,-1.215,1,,5.0,1.0,4.0,2.0,2.0,2.0,2.0,2.0,2.0,1,2,1,5.0,5.0,5.0,5.0,5.0,1.0,4.0,4.0,3,6.0,1,High
5.0,4.0,3.0,8.0,0.0,49.0,68.0,4.0,0.242,3,5.0,5.0,5.0,4.0,1.0,1.0,1.0,1.0,1.0,1.0,5,2,9,4.0,4.0,3.0,4.0,5.0,2.0,3.0,3.0,7,0.0,1,High
4.0,3.0,3.0,2.0,1.0,46.0,52.0,3.0,0.712,3,5.0,3.0,4.0,3.0,1.0,1.0,1.0,1.0,1.0,1.0,4,1,8,4.0,2.0,3.0,3.0,4.0,1.0,3.0,2.0,5,0.0,0,Medium
2.0,1.0,5.0,3.0,0.0,14.0,14.0,1.0,-0.57,2,3.0,1.0,1.0,3.0,3.0,3.0,3.0,3.0,3.0,3.0,2,5,7,1.0,1.0,1.0,1.0,1.0,2.0,2.0,2.0,4,6.0,0,Low
5.0,5.0,2.0,8.0,1.0,85.0,95.0,4.0,0.712,3,5.0,5.0,3.0,5.0,1.0,1.0,1.0,1.0,1.0,1.0,3,4,9,5.0,5.0,5.0,5.0,5.0,1.0,3.0,4.0,7,0.0,1,High
4.0,3.0,3.0,2.0,0.0,40.0,50.0,3.0,-0.188,3,5.0,4.0,5.0,5.0,1.0,1.0,1.0,1.0,1.0,1.0,5,2,8,3.0,3.0,2.0,2.0,5.0,1.0,2.0,3.0,4,0.0,0,Medium
4.0,4.0,2.0,5.0,1.0,53.0,58.0,3.0,-0.57,3,4.0,4.0,3.0,5.0,1.0,1.0,1.0,1.0,1.0,1.0,1,5,7,3.0,4.0,4.0,4.0,4.0,1.0,3.0,3.0,1,0.0,1,Medium
1.0,1.0,3.0,7.0,,29.0,54.0,1.0,-1.215,3,1.0,1.0,1.0,1.0,1.0,1.0,1.0,1.0,1.0,1.0,2,1,1,3.0,3.0,3.0,3.0,2.0,1.0,1.0,1.0,4,0.0,0,Medium
3.0,3.0,3.0,4.0,1.0,37.0,50.0,2.0,-1.215,2,3.0,3.0,2.0,2.0,1.0,1.0,1.0,1.0,1.0,1.0,1,3,3,4.0,3.0,4.0,3.0,4.0,3.0,3.0,3.0,4,0.0,0,Medium
4.0,2.0,5.0,2.0,1.0,53.0,43.0,3.0,1.267,3,4.0,3.0,2.0,4.0,1.0,1.0,1.0,1.0,1.0,1.0,3,3,8,2.0,2.0,3.0,3.0,5.0,2.0,3.0,4.0,5,0.0,0,Low
5.0,3.0,4.0,3.0,1.0,30.0,67.0,4.0,0.712,2,5.0,3.0,5.0,1.0,1.0,1.0,1.0,1.0,1.0,1.0,3,2,3,2.0,2.0,2.0,2.0,5.0,2.0,3.0,4.0,8,0.0,1,High
4.0,3.0,4.0,2.0,1.0,32.0,46.0,2.0,-0.909,3,5.0,5.0,4.0,5.0,2.0,2.0,2.0,1.0,2.0,1.0,3,2,4,4.0,4.0,4.0,4.0,5.0,1.0,2.0,2.0,6,4.0,0,Medium
5.0,4.0,3.0,8.0,0.0,50.0,56.0,3.0,-0.57,2,5.0,5.0,2.0,5.0,1.0,1.0,1.0,1.0,1.0,1.0,2,1,4,5.0,5.0,3.0,4.0,5.0,1.0,3.0,3.0,7,0.0,1,Medium
5.0,5.0,4.0,2.0,1.0,71.0,86.0,4.0,0.242,3,5.0,3.0,5.0,4.0,1.0,1.0,1.0,1.0,1.0,1.0,4,2,9,2.0,4.0,5.0,5.0,6.0,1.0,3.0,4.0,5,0.0,1,High
5.0,5.0,2.0,8.0,0.0,67.0,76.0,4.0,1.267,3,5.0,5.0,5.0,5.0,1.0,1.0,1.0,1.0,1.0,1.0,4,2,9,4.0,4.0,4.0,4.0,5.0,1.0,3.0,3.0,7,0.0,1,High
3.0,3.0,3.0,8.0,0.0,38.0,59.0,3.0,0.712,3,5.0,4.0,5.0,3.0,1.0,1.0,1.0,1.0,1.0,1.0,3,2,6,2.0,2.0,2.0,2.0,5.0,2.0,3.0,2.0,6,0.0,1,Medium
2.0,2.0,4.0,2.0,0.0,34.0,25.0,2.0,0.712,3,2.0,2.0,1.0,1.0,1.0,1.0,1.0,2.0,3.0,2.0,3,2,8,2.0,2.0,2.0,2.0,2.0,3.0,2.0,2.0,5,3.0,0,Low
5.0,4.0,3.0,2.0,1.0,49.0,64.0,4.0,0.712,3,5.0,3.0,3.0,4.0,1.0,1.0,1.0,1.0,1.0,1.0,5,2,8,2.0,4.0,4.0,3.0,5.0,2.0,3.0,4.0,2,0.0,1,High
4.0,2.0,4.0,8.0,1.0,39.0,52.0,3.0,-0.909,2,5.0,3.0,4.0,2.0,1.0,1.0,1.0,1.0,1.0,1.0,3,2,4,3.0,4.0,4.0,2.0,4.0,1.0,3.0,3.0,6,0.0,0,Medium
5.0,4.0,4.0,2.0,1.0,57.0,53.0,3.0,-0.188,3,5.0,5.0,1.0,5.0,1.0,1.0,1.0,1.0,1.0,1.0,4,3,8,4.0,4.0,4.0,4.0,4.0,2.0,3.0,3.0,1,0.0,0,Medium
5.0,4.0,3.0,8.0,1.0,54.0,57.0,3.0,-0.57,3,5.0,5.0,4.0,5.0,1.0,1.0,1.0,1.0,1.0,1.0,2,2,3,5.0,4.0,4.0,3.0,5.0,2.0,3.0,3.0,4,0.0,1,Medium
4.0,2.0,2.0,2.0,1.0,30.0,39.0,2.0,0.242,3,5.0,2.0,5.0,2.0,2.0,1.0,1.0,1.0,1.0,1.0,4,2,8,1.0,1.0,3.0,1.0,2.0,2.0,3.0,3.0,2,1.0,0,Low
4.0,3.0,2.0,2.0,1.0,42.0,54.0,3.0,-0.57,3,5.0,5.0,5.0,4.0,1.0,1.0,1.0,1.0,1.0,1.0,3,2,8,3.0,3.0,3.0,3.0,6.0,2.0,3.0,3.0,3,0.0,0,Medium
5.0,2.0,4.0,2.0,1.0,47.0,57.0,4.0,0.242,2,5.0,5.0,5.0,5.0,1.0,1.0,1.0,1.0,1.0,1.0,3,1,3,5.0,5.0,3.0,3.0,4.0,2.0,3.0,3.0,6,0.0,1,Medium
4.0,3.0,5.0,5.0,1.0,47.0,81.0,3.0,-0.909,2,5.0,3.0,5.0,5.0,1.0,1.0,1.0,1.0,1.0,1.0,3,4,7,3.0,3.0,3.0,3.0,6.0,4.0,2.0,2.0,1,0.0,1,High
4.0,3.0,2.0,3.0,1.0,39.0,54.0,2.0,-1.215,2,4.0,3.0,2.0,4.0,1.0,1.0,1.0,1.0,1.0,1.0,3,1,3,4.0,4.0,4.0,3.0,4.0,3.0,2.0,2.0,6,0.0,0,Medium
3.0,4.0,1.0,1.0,1.0,63.0,71.0,4.0,1.267,3,4.0,4.0,3.0,4.0,1.0,1.0,1.0,1.0,1.0,1.0,5,1,1,4.0,4.0,4.0,4.0,5.0,3.0,3.0,4.0,4,0.0,1,High
3.0,3.0,4.0,2.0,1.0,53.0,49.0,3.0,1.267,3,5.0,4.0,5.0,4.0,2.0,1.0,1.0,2.0,1.0,1.0,4,5,6,5.0,3.0,4.0,2.0,4.0,2.0,3.0,3.0,2,2.0,0,Medium
3.0,3.0,3.0,5.0,1.0,59.0,52.0,3.0,-0.57,2,1.0,4.0,1.0,4.0,1.0,1.0,1.0,1.0,1.0,1.0,3,3,4,5.0,4.0,4.0,3.0,2.0,2.0,3.0,3.0,1,0.0,0,Medium
5.0,5.0,3.0,1.0,,66.0,66.0,3.0,-2.053,1,5.0,5.0,1.0,4.0,2.0,1.0,1.0,1.0,1.0,1.0,1,5,1,4.0,4.0,4.0,4.0,5.0,2.0,4.0,2.0,4,1.0,1,High
4.0,3.0,3.0,4.0,0.0,56.0,55.0,4.0,0.712,3,1.0,1.0,5.0,5.0,1.0,1.0,1.0,1.0,1.0,1.0,4,4,8,3.0,3.0,3.0,3.0,6.0,1.0,4.0,4.0,5,0.0,1,Medium
5.0,5.0,5.0,2.0,0.0,81.0,72.0,4.0,0.712,3,5.0,5.0,5.0,5.0,1.0,1.0,1.0,1.0,1.0,1.0,4,3,6,2.0,4.0,4.0,5.0,6.0,2.0,4.0,4.0,2,0.0,1,High
4.0,3.0,4.0,5.0,1.0,32.0,38.0,3.0,-0.909,2,1.0,1.0,1.0,1.0,3.0,2.0,1.0,2.0,2.0,1.0,1,3,1,4.0,3.0,4.0,3.0,3.0,3.0,2.0,3.0,1,4.0,0,Low
4.0,4.0,2.0,6.0,1.0,61.0,59.0,4.0,0.242,3,5.0,4.0,2.0,5.0,1.0,1.0,1.0,1.0,1.0,1.0,3,2,6,3.0,4.0,4.0,4.0,5.0,2.0,2.0,4.0,6,0.0,1,Medium
4.0,3.0,4.0,2.0,1.0,41.0,59.0,3.0,-0.188,3,5.0,2.0,3.0,5.0,1.0,1.0,1.0,1.0,1.0,1.0,4,2,7,2.0,2.0,4.0,2.0,3.0,2.0,3.0,3.0,4,0.0,1,Medium
5.0,3.0,4.0,8.0,0.0,39.0,64.0,3.0,1.267,3,5.0,2.0,5.0,4.0,1.0,1.0,1.0,1.0,1.0,1.0,4,2,8,1.0,1.0,3.0,1.0,4.0,1.0,3.0,4.0,6,0.0,1,High
3.0,3.0,3.0,4.0,0.0,42.0,49.0,3.0,-1.9,2,3.0,3.0,3.0,3.0,1.0,1.0,1.0,2.0,2.0,1.0,3,2,6,3.0,3.0,3.0,3.0,4.0,3.0,3.0,3.0,2,2.0,0,Medium
4.0,3.0,4.0,4.0,0.0,49.0,52.0,3.0,-0.57,1,5.0,3.0,1.0,4.0,1.0,1.0,1.0,1.0,1.0,1.0,1,3,3,4.0,4.0,3.0,3.0,5.0,3.0,3.0,3.0,3,0.0,0,Medium
5.0,4.0,3.0,2.0,1.0,45.0,59.0,3.0,-0.188,3,5.0,5.0,5.0,5.0,1.0,1.0,1.0,1.0,1.0,1.0,4,2,8,4.0,5.0,4.0,4.0,6.0,2.0,3.0,4.0,2,0.0,1,Medium
5.0,3.0,4.0,8.0,1.0,47.0,62.0,3.0,0.712,3,5.0,3.0,1.0,4.0,1.0,1.0,1.0,1.0,1.0,1.0,3,2,6,4.0,4.0,4.0,3.0,5.0,2.0,2.0,3.0,6,0.0,1,High
5.0,5.0,4.0,5.0,1.0,70.0,59.0,4.0,-0.909,1,5.0,5.0,5.0,5.0,2.0,2.0,2.0,2.0,2.0,2.0,3,1,5,5.0,5.0,5.0,5.0,6.0,2.0,,4.0,1,6.0,1,Medium
4.0,4.0,3.0,2.0,0.0,51.0,67.0,3.0,0.712,3,5.0,1.0,5.0,4.0,1.0,1.0,1.0,1.0,1.0,1.0,5,2,9,2.0,3.0,2.0,2.0,6.0,2.0,3.0,3.0,4,0.0,1,High
4.0,3.0,3.0,8.0,0.0,42.0,56.0,3.0,-0.57,2,5.0,4.0,3.0,4.0,1.0,1.0,1.0,1.0,1.0,1.0,3,1,8,4.0,4.0,4.0,3.0,5.0,3.0,3.0,3.0,7,0.0,1,Medium
3.0,3.0,4.0,5.0,0.0,42.0,47.0,2.0,-1.215,2,4.0,4.0,4.0,4.0,2.0,2.0,2.0,2.0,2.0,2.0,4,4,9,2.0,2.0,2.0,2.0,5.0,2.0,3.0,2.0,1,6.0,0,Medium
4.0,4.0,3.0,2.0,1.0,50.0,60.0,3.0,-0.909,2,5.0,5.0,4.0,5.0,1.0,1.0,1.0,1.0,1.0,1.0,4,1,5,4.0,4.0,4.0,2.0,5.0,2.0,3.0,3.0,4,0.0,1,Medium
4.0,3.0,4.0,1.0,1.0,46.0,57.0,3.0,-0.909,2,5.0,2.0,1.0,5.0,1.0,1.0,1.0,1.0,1.0,1.0,5,1,9,4.0,4.0,4.0,4.0,5.0,2.0,3.0,3.0,5,0.0,1,Medium
5.0,5.0,1.0,8.0,1.0,60.0,85.0,4.0,0.712,2,5.0,5.0,5.0,5.0,1.0,1.0,1.0,1.0,1.0,1.0,5,2,8,5.0,5.0,5.0,5.0,6.0,1.0,4.0,4.0,6,0.0,1,High
4.0,3.0,5.0,2.0,1.0,40.0,48.0,3.0,0.712,3,5.0,4.0,4.0,2.0,1.0,1.0,1.0,1.0,1.0,1.0,5,2,7,2.0,4.0,4.0,3.0,4.0,2.0,3.0,4.0,2,0.0,0,Medium
5.0,5.0,3.0,2.0,1.0,55.0,68.0,4.0,-0.188,2,5.0,5.0,5.0,5.0,1.0,1.0,1.0,1.0,1.0,1.0,2,1,7,4.0,3.0,4.0,2.0,4.0,1.0,3.0,4.0,4,0.0,1,High
5.0,4.0,3.0,2.0,1.0,47.0,61.0,3.0,0.712,3,5.0,3.0,5.0,4.0,1.0,1.0,1.0,1.0,1.0,1.0,4,5,8,4.0,4.0,4.0,2.0,5.0,1.0,3.0,3.0,3,0.0,1,High
4.0,4.0,3.0,5.0,1.0,45.0,57.0,3.0,-1.215,1,4.0,4.0,2.0,4.0,1.0,1.0,1.0,1.0,1.0,1.0,3,5,4,3.0,3.0,3.0,3.0,5.0,1.0,3.0,3.0,1,0.0,1,Medium
3.0,3.0,4.0,3.0,0.0,42.0,46.0,2.0,-0.57,1,5.0,3.0,5.0,5.0,1.0,2.0,1.0,3.0,2.0,1.0,2,4,2,4.0,3.0,3.0,4.0,4.0,2.0,3.0,1.0,3,3.0,0,Medium
4.0,3.0,4.0,7.0,1.0,44.0,48.0,3.0,0.242,3,4.0,3.0,3.0,4.0,2.0,1.0,1.0,3.0,1.0,1.0,3,2,5,3.0,4.0,4.0,4.0,5.0,3.0,2.0,2.0,3,2.0,0,Medium
5.0,4.0,4.0,2.0,0.0,60.0,69.0,4.0,0.712,3,5.0,3.0,3.0,2.0,1.0,1.0,1.0,1.0,1.0,1.0,4,4,9,4.0,5.0,3.0,3.0,6.0,1.0,2.0,3.0,2,0.0,1,High
4.0,4.0,4.0,8.0,1.0,43.0,55.0,3.0,0.242,3,5.0,4.0,5.0,3.0,1.0,1.0,1.0,1.0,1.0,1.0,5,1,6,4.0,3.0,3.0,3.0,4.0,3.0,2.0,3.0,8,0.0,1,Medium
4.0,3.0,2.0,8.0,1.0,52.0,56.0,3.0,-0.57,3,5.0,4.0,5.0,4.0,1.0,1.0,1.0,1.0,1.0,1.0,3,2,2,4.0,4.0,4.0,4.0,5.0,2.0,4.0,3.0,6,0.0,1,Medium
5.0,4.0,4.0,2.0,1.0,49.0,59.0,4.0,0.712,3,5.0,4.0,4.0,3.0,1.0,1.0,1.0,1.0,1.0,1.0,4,3,8,4.0,4.0,4.0,3.0,4.0,2.0,2.0,3.0,5,0.0,1,Medium
4.0,4.0,5.0,7.0,0.0,57.0,37.0,3.0,0.242,3,5.0,5.0,1.0,5.0,1.0,1.0,1.0,1.0,1.0,1.0,2,2,1,4.0,4.0,4.0,3.0,2.0,1.0,3.0,3.0,4,0.0,0,Low
3.0,3.0,4.0,1.0,1.0,52.0,54.0,3.0,-0.909,2,3.0,4.0,2.0,4.0,1.0,1.0,1.0,2.0,1.0,1.0,3,3,1,2.0,4.0,2.0,2.0,2.0,3.0,3.0,3.0,2,1.0,0,Medium
4.0,4.0,2.0,8.0,1.0,56.0,64.0,4.0,-0.188,2,5.0,4.0,3.0,5.0,1.0,1.0,1.0,1.0,1.0,1.0,3,2,5,4.0,4.0,4.0,4.0,5.0,1.0,3.0,3.0,8,0.0,1,High
5.0,4.0,4.0,2.0,1.0,53.0,40.0,3.0,-0.909,0,5.0,4.0,5.0,5.0,2.0,2.0,2.0,2.0,3.0,2.0,2,4,1,3.0,5.0,4.0,4.0,5.0,3.0,3.0,4.0,2,6.0,0,Low
5.0,5.0,4.0,4.0,1.0,62.0,36.0,2.0,-0.188,3,2.0,4.0,1.0,5.0,2.0,2.0,1.0,2.0,1.0,1.0,3,4,3,4.0,4.0,4.0,2.0,4.0,1.0,3.0,2.0,3,3.0,0,Low
5.0,4.0,4.0,,0.0,42.0,57.0,3.0,1.267,3,5.0,3.0,1.0,4.0,1.0,1.0,1.0,1.0,1.0,1.0,4,5,7,1.0,1.0,2.0,2.0,5.0,3.0,3.0,4.0,5,0.0,1,Medium
4.0,3.0,4.0,2.0,1.0,44.0,58.0,3.0,-0.909,2,5.0,4.0,4.0,5.0,1.0,1.0,1.0,1.0,1.0,1.0,5,4,9,4.0,4.0,4.0,4.0,5.0,2.0,3.0,3.0,3,0.0,1,Medium
4.0,4.0,5.0,2.0,1.0,51.0,65.0,4.0,1.267,3,5.0,5.0,5.0,5.0,1.0,1.0,1.0,1.0,1.0,1.0,5,3,7,4.0,4.0,2.0,2.0,5.0,2.0,3.0,3.0,5,0.0,1,High
3.0,3.0,4.0,2.0,1.0,42.0,36.0,2.0,1.267,3,5.0,4.0,2.0,4.0,1.0,1.0,3.0,1.0,1.0,1.0,4,5,5,3.0,3.0,3.0,3.0,4.0,3.0,3.0,3.0,1,1.0,0,Low
5.0,5.0,2.0,5.0,1.0,71.0,86.0,4.0,-1.485,1,5.0,5.0,5.0,4.0,1.0,1.0,1.0,1.0,1.0,1.0,3,2,6,1.0,5.0,5.0,5.0,6.0,1.0,4.0,4.0,1,0.0,1,High
3.0,3.0,3.0,7.0,0.0,42.0,49.0,3.0,-1.713,0,3.0,3.0,3.0,3.0,2.0,2.0,2.0,2.0,2.0,2.0,3,4,2,3.0,3.0,3.0,3.0,4.0,2.0,2.0,2.0,2,6.0,0,Medium
5.0,4.0,1.0,2.0,1.0,45.0,30.0,4.0,-1.215,0,4.0,5.0,4.0,4.0,2.0,2.0,1.0,3.0,3.0,3.0,2,1,1,3.0,4.0,3.0,2.0,4.0,3.0,1.0,3.0,2,5.0,0,Low
5.0,4.0,5.0,6.0,1.0,63.0,23.0,2.0,-1.713,0,5.0,5.0,1.0,5.0,,,,,,,1,1,1,3.0,3.0,3.0,3.0,1.0,1.0,4.0,3.0,5,,0,Low
4.0,2.0,5.0,6.0,1.0,36.0,33.0,3.0,-0.909,1,5.0,3.0,1.0,5.0,2.0,2.0,1.0,1.0,1.0,1.0,3,2,2,5.0,3.0,3.0,3.0,3.0,2.0,2.0,2.0,2,2.0,0,Low
4.0,2.0,4.0,2.0,0.0,34.0,43.0,2.0,-0.188,3,4.0,2.0,1.0,1.0,1.0,1.0,1.0,2.0,1.0,1.0,4,4,9,5.0,3.0,2.0,2.0,4.0,2.0,3.0,3.0,2,1.0,0,Low
5.0,5.0,4.0,2.0,0.0,60.0,48.0,4.0,-0.57,2,5.0,5.0,1.0,5.0,3.0,3.0,3.0,3.0,1.0,3.0,2,3,5,5.0,5.0,5.0,5.0,2.0,1.0,3.0,3.0,3,5.0,0,Medium
4.0,4.0,3.0,2.0,1.0,58.0,70.0,4.0,-0.57,3,5.0,5.0,5.0,5.0,1.0,1.0,1.0,1.0,1.0,1.0,4,2,8,4.0,3.0,4.0,3.0,6.0,2.0,3.0,4.0,4,0.0,1,High
4.0,3.0,2.0,8.0,1.0,38.0,48.0,2.0,-0.57,2,3.0,3.0,2.0,4.0,1.0,1.0,1.0,1.0,1.0,1.0,5,2,4,4.0,3.0,2.0,2.0,4.0,1.0,2.0,3.0,7,0.0,0,Medium
5.0,4.0,4.0,2.0,1.0,54.0,69.0,3.0,-0.188,3,5.0,4.0,1.0,4.0,1.0,1.0,1.0,1.0,1.0,1.0,3,1,7,4.0,4.0,4.0,4.0,5.0,2.0,3.0,3.0,4,0.0,1,High
5.0,3.0,5.0,7.0,1.0,30.0,34.0,1.0,-0.188,2,4.0,2.0,1.0,2.0,3.0,3.0,3.0,2.0,2.0,1.0,3,3,2,2.0,1.0,1.0,1.0,1.0,3.0,1.0,1.0,2,5.0,0,Low
5.0,3.0,5.0,2.0,0.0,35.0,49.0,2.0,1.267,3,5.0,3.0,5.0,5.0,1.0,1.0,1.0,1.0,1.0,1.0,5,3,8,2.0,2.0,2.0,2.0,4.0,3.0,1.0,3.0,4,0.0,0,Medium
4.0,4.0,2.0,1.0,1.0,68.0,56.0,4.0,-0.188,3,5.0,5.0,5.0,5.0,1.0,1.0,1.0,1.0,1.0,1.0,3,2,6,5.0,5.0,5.0,5.0,4.0,3.0,4.0,4.0,6,0.0,1,Medium
2.0,4.0,3.0,7.0,1.0,43.0,51.0,3.0,-1.713,0,1.0,3.0,3.0,2.0,2.0,2.0,2.0,3.0,2.0,2.0,3,3,1,2.0,3.0,3.0,4.0,3.0,3.0,2.0,4.0,1,6.0,0,Medium
4.0,2.0,3.0,1.0,1.0,41.0,57.0,2.0,-0.909,3,5.0,3.0,3.0,4.0,1.0,1.0,1.0,1.0,1.0,1.0,2,2,8,2.0,2.0,2.0,2.0,2.0,1.0,2.0,2.0,8,0.0,1,Medium
4.0,3.0,3.0,1.0,1.0,45.0,58.0,3.0,-0.57,2,5.0,5.0,5.0,5.0,1.0,1.0,1.0,1.0,1.0,1.0,1,3,5,4.0,5.0,3.0,3.0,4.0,2.0,3.0,3.0,4,0.0,1,Medium
,,,,,43.0,50.0,,-2.053,0,3.0,3.0,3.0,3.0,,,,,2.0,,2,3,4,3.0,2.0,3.0,3.0,3.0,,,,3,1.0,0,Medium
5.0,4.0,2.0,8.0,0.0,47.0,83.0,3.0,0.712,3,5.0,5.0,5.0,5.0,1.0,1.0,1.0,1.0,1.0,1.0,5,1,9,3.0,3.0,4.0,2.0,6.0,2.0,4.0,4.0,8,0.0,1,High
4.0,3.0,4.0,8.0,1.0,48.0,65.0,4.0,-0.188,2,4.0,4.0,5.0,4.0,1.0,1.0,1.0,1.0,1.0,1.0,3,1,2,4.0,4.0,4.0,3.0,2.0,1.0,3.0,3.0,6,0.0,1,High
5.0,4.0,3.0,2.0,1.0,47.0,67.0,4.0,0.712,3,5.0,4.0,2.0,5.0,1.0,1.0,1.0,1.0,1.0,1.0,5,3,8,3.0,3.0,3.0,3.0,5.0,2.0,3.0,4.0,4,0.0,1,High
4.0,4.0,,,0.0,,52.0,,-2.053,0,,,,,,,,,,,3,1,3,,,,,,,,,4,,0,Medium
5.0,5.0,3.0,2.0,1.0,78.0,79.0,4.0,1.267,3,5.0,5.0,5.0,5.0,1.0,1.0,1.0,1.0,1.0,1.0,5,2,8,2.0,4.0,5.0,2.0,6.0,2.0,3.0,4.0,4,0.0,1,High
4.0,3.0,5.0,2.0,1.0,77.0,22.0,2.0,0.712,3,5.0,4.0,4.0,5.0,2.0,2.0,1.0,3.0,3.0,1.0,3,5,8,5.0,5.0,5.0,5.0,6.0,1.0,4.0,4.0,5,4.0,0,Low
3.0,3.0,4.0,2.0,0.0,46.0,50.0,3.0,-1.215,3,3.0,3.0,3.0,3.0,1.0,1.0,1.0,1.0,1.0,1.0,2,2,7,3.0,3.0,3.0,3.0,3.0,2.0,3.0,2.0,4,0.0,0,Medium
5.0,4.0,5.0,8.0,0.0,48.0,40.0,3.0,-0.57,2,4.0,3.0,3.0,5.0,2.0,3.0,3.0,3.0,3.0,1.0,3,5,7,4.0,4.0,3.0,3.0,3.0,1.0,3.0,2.0,6,5.0,0,Low
3.0,4.0,4.0,2.0,0.0,56.0,43.0,3.0,-0.909,2,5.0,3.0,3.0,5.0,1.0,1.0,1.0,1.0,2.0,1.0,3,4,5,4.0,5.0,3.0,4.0,3.0,3.0,3.0,3.0,6,1.0,0,Low
4.0,4.0,4.0,6.0,1.0,50.0,35.0,3.0,0.242,3,4.0,4.0,2.0,5.0,2.0,2.0,1.0,1.0,1.0,1.0,2,2,2,5.0,5.0,5.0,3.0,2.0,2.0,3.0,3.0,4,2.0,0,Low
4.0,3.0,2.0,8.0,1.0,53.0,53.0,4.0,-0.188,3,5.0,3.0,3.0,5.0,1.0,1.0,1.0,1.0,1.0,1.0,2,2,4,4.0,4.0,4.0,4.0,5.0,1.0,3.0,3.0,8,0.0,0,Medium
4.0,2.0,2.0,2.0,0.0,31.0,50.0,2.0,-0.188,1,5.0,3.0,1.0,3.0,1.0,1.0,1.0,1.0,1.0,1.0,5,4,8,2.0,4.0,2.0,2.0,3.0,3.0,2.0,2.0,4,0.0,0,Medium
4.0,4.0,3.0,8.0,1.0,51.0,55.0,4.0,-0.57,2,5.0,4.0,3.0,5.0,1.0,1.0,1.0,1.0,1.0,1.0,5,2,6,4.0,5.0,3.0,2.0,6.0,2.0,3.0,4.0,6,0.0,1,Medium
3.0,2.0,5.0,5.0,1.0,27.0,34.0,2.0,-1.215,2,4.0,4.0,1.0,3.0,2.0,2.0,2.0,2.0,2.0,1.0,2,4,1,3.0,4.0,3.0,2.0,1.0,3.0,3.0,2.0,2,5.0,0,Low
4.0,4.0,3.0,2.0,1.0,54.0,63.0,4.0,0.242,3,5.0,4.0,2.0,5.0,1.0,1.0,1.0,1.0,1.0,1.0,4,3,8,5.0,5.0,4.0,4.0,4.0,2.0,3.0,3.0,3,0.0,1,High
5.0,4.0,2.0,2.0,1.0,53.0,65.0,4.0,0.242,2,5.0,5.0,2.0,5.0,1.0,1.0,1.0,1.0,2.0,1.0,2,2,8,5.0,4.0,4.0,4.0,6.0,1.0,2.0,4.0,5,1.0,1,High
5.0,4.0,2.0,8.0,1.0,57.0,59.0,4.0,0.242,3,5.0,4.0,5.0,5.0,1.0,1.0,1.0,1.0,1.0,1.0,3,2,8,4.0,5.0,5.0,4.0,5.0,2.0,2.0,3.0,5,0.0,1,Medium
4.0,4.0,4.0,2.0,1.0,51.0,41.0,3.0,-0.188,3,5.0,3.0,2.0,5.0,1.0,1.0,1.0,1.0,1.0,1.0,3,2,7,4.0,4.0,4.0,4.0,3.0,2.0,3.0,3.0,2,0.0,0,Low
3.0,3.0,3.0,4.0,0.0,38.0,53.0,3.0,-0.188,2,5.0,3.0,1.0,5.0,1.0,1.0,1.0,1.0,1.0,1.0,2,5,9,3.0,2.0,4.0,3.0,4.0,3.0,4.0,4.0,3,0.0,0,Medium
5.0,3.0,3.0,4.0,1.0,46.0,49.0,3.0,0.242,3,5.0,4.0,2.0,5.0,2.0,1.0,1.0,1.0,1.0,1.0,3,5,3,4.0,4.0,4.0,3.0,4.0,2.0,2.0,3.0,3,1.0,0,Medium
5.0,5.0,2.0,8.0,1.0,57.0,70.0,4.0,-0.909,2,5.0,4.0,3.0,5.0,1.0,1.0,1.0,1.0,1.0,1.0,2,2,7,4.0,4.0,4.0,4.0,6.0,3.0,3.0,3.0,4,0.0,1,High
4.0,4.0,4.0,1.0,1.0,43.0,44.0,2.0,-0.57,2,5.0,2.0,5.0,5.0,1.0,1.0,1.0,1.0,1.0,1.0,2,2,9,3.0,3.0,4.0,3.0,1.0,1.0,3.0,3.0,6,0.0,0,Medium
5.0,4.0,2.0,8.0,1.0,65.0,58.0,4.0,1.267,3,5.0,4.0,5.0,4.0,1.0,1.0,1.0,1.0,1.0,1.0,5,2,6,4.0,4.0,4.0,4.0,6.0,1.0,3.0,3.0,6,0.0,1,Medium
4.0,4.0,3.0,1.0,1.0,46.0,56.0,4.0,0.712,3,5.0,3.0,3.0,4.0,1.0,1.0,1.0,1.0,1.0,1.0,5,3,6,4.0,4.0,4.0,4.0,4.0,2.0,3.0,4.0,7,0.0,1,Medium
3.0,3.0,5.0,2.0,0.0,48.0,47.0,3.0,-0.188,3,3.0,3.0,1.0,4.0,1.0,1.0,1.0,1.0,1.0,1.0,2,4,7,4.0,4.0,4.0,3.0,4.0,3.0,3.0,3.0,4,0.0,0,Medium
5.0,5.0,4.0,1.0,1.0,64.0,70.0,3.0,0.242,3,5.0,5.0,5.0,5.0,1.0,1.0,1.0,1.0,1.0,1.0,4,3,9,5.0,5.0,5.0,5.0,6.0,2.0,3.0,4.0,4,0.0,1,High
5.0,4.0,3.0,2.0,1.0,56.0,48.0,3.0,0.242,3,5.0,3.0,4.0,3.0,1.0,1.0,1.0,2.0,1.0,1.0,4,2,7,3.0,2.0,3.0,2.0,2.0,1.0,3.0,4.0,3,1.0,0,Medium
5.0,4.0,5.0,6.0,1.0,56.0,55.0,3.0,-1.485,2,5.0,4.0,1.0,5.0,3.0,3.0,1.0,2.0,3.0,1.0,3,4,2,4.0,3.0,3.0,4.0,4.0,1.0,3.0,3.0,7,4.0,1,Medium
3.0,3.0,3.0,4.0,1.0,46.0,49.0,4.0,0.242,3,3.0,4.0,3.0,3.0,2.0,2.0,2.0,2.0,2.0,2.0,2,5,6,4.0,4.0,4.0,4.0,4.0,3.0,3.0,3.0,2,6.0,0,Medium
5.0,5.0,3.0,2.0,1.0,77.0,65.0,4.0,1.267,3,5.0,5.0,5.0,5.0,1.0,1.0,1.0,1.0,1.0,1.0,5,2,9,5.0,4.0,5.0,5.0,6.0,1.0,3.0,4.0,2,0.0,1,High
5.0,5.0,2.0,8.0,0.0,55.0,70.0,4.0,0.242,3,5.0,4.0,5.0,4.0,1.0,1.0,1.0,1.0,1.0,1.0,3,2,7,4.0,3.0,3.0,2.0,5.0,1.0,3.0,3.0,7,0.0,1,High
4.0,3.0,1.0,8.0,0.0,38.0,69.0,3.0,0.712,3,5.0,5.0,5.0,5.0,1.0,1.0,1.0,1.0,1.0,1.0,4,1,1,1.0,1.0,1.0,4.0,1.0,2.0,3.0,2.0,6,0.0,1,High
4.0,2.0,4.0,2.0,1.0,35.0,43.0,2.0,1.267,2,5.0,3.0,1.0,4.0,3.0,2.0,1.0,1.0,1.0,1.0,3,1,5,1.0,2.0,3.0,1.0,4.0,1.0,3.0,2.0,5,2.0,0,Low
4.0,4.0,3.0,8.0,0.0,60.0,59.0,4.0,-0.188,3,4.0,4.0,4.0,5.0,1.0,1.0,1.0,1.0,1.0,1.0,3,1,7,5.0,5.0,5.0,5.0,6.0,2.0,3.0,3.0,6,0.0,1,Medium
4.0,4.0,4.0,3.0,1.0,47.0,75.0,4.0,-0.57,3,5.0,5.0,5.0,5.0,1.0,1.0,1.0,1.0,1.0,1.0,1,2,4,5.0,5.0,4.0,5.0,6.0,1.0,3.0,3.0,2,0.0,1,High
4.0,3.0,2.0,8.0,1.0,44.0,65.0,3.0,-0.909,2,5.0,3.0,2.0,3.0,1.0,1.0,1.0,1.0,1.0,1.0,2,2,6,3.0,4.0,3.0,3.0,4.0,3.0,2.0,2.0,6,0.0,1,High
5.0,4.0,4.0,2.0,1.0,60.0,58.0,3.0,-0.188,2,5.0,5.0,4.0,5.0,1.0,1.0,1.0,1.0,1.0,1.0,3,5,7,4.0,4.0,4.0,3.0,5.0,4.0,3.0,3.0,4,0.0,1,Medium
5.0,4.0,3.0,2.0,1.0,52.0,62.0,3.0,-0.188,3,5.0,3.0,5.0,2.0,1.0,1.0,1.0,1.0,1.0,1.0,5,4,9,5.0,4.0,4.0,4.0,4.0,2.0,3.0,3.0,3,0.0,1,High
4.0,3.0,4.0,8.0,1.0,42.0,45.0,3.0,0.242,2,4.0,3.0,5.0,3.0,1.0,1.0,1.0,1.0,1.0,1.0,5,1,1,4.0,4.0,4.0,3.0,5.0,2.0,3.0,3.0,6,0.0,0,Medium
5.0,5.0,2.0,2.0,1.0,64.0,82.0,4.0,0.712,3,5.0,5.0,5.0,5.0,1.0,1.0,1.0,1.0,1.0,1.0,5,2,8,5.0,5.0,5.0,5.0,6.0,1.0,4.0,4.0,7,0.0,1,High
3.0,2.0,4.0,8.0,1.0,22.0,39.0,1.0,-0.909,2,4.0,1.0,3.0,2.0,2.0,2.0,1.0,2.0,2.0,1.0,1,1,1,3.0,3.0,3.0,2.0,1.0,2.0,3.0,2.0,8,4.0,0,Low
5.0,5.0,3.0,4.0,1.0,69.0,55.0,3.0,0.242,3,5.0,5.0,1.0,3.0,1.0,1.0,1.0,1.0,1.0,1.0,2,2,6,5.0,5.0,5.0,4.0,4.0,2.0,3.0,4.0,3,0.0,1,Medium
3.0,2.0,3.0,2.0,1.0,42.0,42.0,3.0,-1.485,1,2.0,2.0,4.0,3.0,1.0,1.0,1.0,1.0,1.0,1.0,4,1,8,4.0,5.0,4.0,5.0,4.0,2.0,3.0,3.0,3,0.0,0,Low
4.0,3.0,2.0,8.0,1.0,41.0,65.0,3.0,0.712,3,5.0,4.0,2.0,5.0,1.0,1.0,1.0,1.0,1.0,1.0,2,2,6,4.0,4.0,3.0,3.0,2.0,2.0,3.0,3.0,8,0.0,1,High
3.0,3.0,5.0,4.0,0.0,42.0,43.0,3.0,-1.485,1,3.0,2.0,2.0,3.0,1.0,1.0,1.0,1.0,1.0,2.0,5,5,6,3.0,3.0,3.0,3.0,4.0,2.0,4.0,3.0,2,1.0,0,Low
4.0,5.0,4.0,2.0,0.0,56.0,37.0,3.0,-1.713,1,4.0,4.0,4.0,4.0,3.0,3.0,3.0,3.0,3.0,3.0,1,4,1,4.0,4.0,4.0,4.0,5.0,3.0,3.0,3.0,1,6.0,0,Low
5.0,5.0,2.0,2.0,1.0,85.0,66.0,4.0,-0.909,2,5.0,5.0,4.0,5.0,1.0,1.0,1.0,1.0,1.0,1.0,3,5,8,5.0,5.0,5.0,5.0,6.0,1.0,3.0,3.0,2,0.0,1,High
4.0,3.0,4.0,6.0,0.0,52.0,50.0,3.0,-0.57,2,5.0,5.0,1.0,5.0,2.0,2.0,1.0,1.0,2.0,1.0,3,2,3,5.0,5.0,3.0,3.0,3.0,2.0,4.0,3.0,5,3.0,0,Medium
5.0,3.0,5.0,7.0,1.0,50.0,41.0,2.0,-0.909,3,5.0,3.0,1.0,4.0,2.0,2.0,1.0,2.0,1.0,2.0,3,3,7,2.0,4.0,4.0,3.0,4.0,2.0,3.0,3.0,2,4.0,0,Low
3.0,3.0,3.0,2.0,1.0,39.0,54.0,3.0,0.242,3,4.0,4.0,4.0,4.0,1.0,1.0,1.0,1.0,1.0,1.0,4,2,6,4.0,4.0,4.0,3.0,5.0,3.0,3.0,3.0,4,0.0,0,Medium
5.0,4.0,2.0,1.0,1.0,53.0,62.0,4.0,-0.188,3,5.0,4.0,5.0,4.0,1.0,1.0,1.0,1.0,1.0,1.0,3,2,9,3.0,4.0,4.0,4.0,4.0,2.0,3.0,3.0,5,0.0,1,High
5.0,5.0,1.0,8.0,,85.0,65.0,4.0,-1.215,2,5.0,5.0,5.0,5.0,1.0,1.0,1.0,1.0,1.0,1.0,1,1,8,5.0,5.0,5.0,5.0,6.0,1.0,4.0,3.0,8,0.0,1,High
5.0,5.0,3.0,3.0,0.0,68.0,63.0,4.0,-0.188,2,5.0,3.0,5.0,5.0,1.0,1.0,1.0,1.0,1.0,1.0,2,4,5,3.0,3.0,2.0,1.0,6.0,2.0,3.0,3.0,7,0.0,1,High
4.0,4.0,1.0,2.0,1.0,70.0,74.0,4.0,0.712,3,5.0,5.0,5.0,5.0,1.0,1.0,1.0,1.0,1.0,1.0,4,4,7,3.0,4.0,4.0,4.0,6.0,2.0,4.0,4.0,4,0.0,1,High
3.0,2.0,,2.0,,41.0,47.0,2.0,-1.215,0,2.0,3.0,2.0,3.0,2.0,2.0,2.0,3.0,3.0,2.0,3,5,5,3.0,4.0,3.0,2.0,4.0,2.0,4.0,2.0,4,6.0,0,Medium
4.0,4.0,4.0,4.0,1.0,55.0,51.0,4.0,-1.215,1,5.0,5.0,5.0,4.0,1.0,1.0,1.0,1.0,1.0,1.0,3,2,3,5.0,4.0,5.0,4.0,6.0,3.0,4.0,,2,0.0,0,Medium
5.0,4.0,2.0,2.0,1.0,47.0,73.0,4.0,0.242,3,5.0,4.0,5.0,5.0,1.0,1.0,1.0,1.0,1.0,1.0,5,1,7,3.0,3.0,3.0,3.0,5.0,1.0,3.0,3.0,2,0.0,1,High
4.0,4.0,2.0,8.0,1.0,53.0,69.0,4.0,0.712,2,5.0,4.0,5.0,5.0,1.0,1.0,1.0,1.0,1.0,1.0,3,2,7,4.0,3.0,3.0,4.0,6.0,3.0,3.0,3.0,8,0.0,1,High
5.0,4.0,4.0,4.0,1.0,47.0,59.0,4.0,-0.188,3,5.0,4.0,5.0,2.0,1.0,1.0,1.0,1.0,1.0,1.0,4,5,8,5.0,3.0,5.0,3.0,6.0,1.0,3.0,4.0,2,0.0,1,Medium
5.0,5.0,3.0,2.0,1.0,56.0,54.0,4.0,-0.909,1,4.0,4.0,4.0,4.0,1.0,1.0,1.0,1.0,1.0,1.0,4,5,9,4.0,4.0,4.0,4.0,5.0,1.0,4.0,4.0,2,0.0,0,Medium
5.0,3.0,4.0,2.0,1.0,53.0,44.0,3.0,-0.188,3,5.0,3.0,1.0,4.0,2.0,2.0,1.0,1.0,2.0,1.0,5,1,5,5.0,3.0,4.0,3.0,2.0,2.0,2.0,4.0,2,3.0,0,Medium
5.0,4.0,2.0,1.0,1.0,75.0,69.0,4.0,1.267,3,5.0,3.0,5.0,5.0,1.0,1.0,1.0,1.0,1.0,1.0,5,1,7,2.0,2.0,4.0,4.0,5.0,2.0,3.0,3.0,6,0.0,1,High
4.0,4.0,3.0,2.0,1.0,54.0,56.0,4.0,-0.57,1,5.0,4.0,5.0,4.0,1.0,1.0,1.0,1.0,1.0,1.0,4,4,7,4.0,4.0,4.0,4.0,5.0,3.0,4.0,3.0,3,0.0,1,Medium
5.0,5.0,4.0,2.0,1.0,60.0,59.0,4.0,-0.57,3,5.0,5.0,5.0,5.0,1.0,1.0,1.0,1.0,1.0,1.0,5,5,8,5.0,5.0,5.0,5.0,6.0,1.0,2.0,3.0,4,0.0,1,Medium
4.0,4.0,4.0,2.0,1.0,45.0,57.0,3.0,1.267,3,5.0,5.0,5.0,4.0,1.0,1.0,1.0,1.0,1.0,1.0,5,2,9,5.0,4.0,4.0,3.0,6.0,2.0,3.0,3.0,6,0.0,1,Medium
4.0,4.0,3.0,2.0,1.0,51.0,55.0,4.0,-0.188,3,5.0,5.0,5.0,5.0,1.0,1.0,1.0,1.0,1.0,1.0,4,3,8,4.0,5.0,5.0,5.0,6.0,2.0,2.0,3.0,4,0.0,1,Medium
4.0,4.0,4.0,8.0,1.0,49.0,51.0,3.0,-1.713,2,5.0,4.0,4.0,5.0,1.0,1.0,1.0,1.0,1.0,1.0,1,1,1,4.0,3.0,4.0,3.0,3.0,2.0,3.0,3.0,7,0.0,0,Medium
4.0,4.0,2.0,2.0,1.0,82.0,65.0,4.0,-0.188,2,5.0,5.0,5.0,3.0,1.0,1.0,1.0,1.0,1.0,1.0,5,2,9,4.0,4.0,4.0,4.0,6.0,1.0,4.0,4.0,4,0.0,1,High
5.0,4.0,1.0,8.0,1.0,55.0,61.0,3.0,0.712,3,5.0,5.0,5.0,5.0,1.0,1.0,1.0,1.0,2.0,1.0,4,2,6,3.0,3.0,4.0,3.0,4.0,2.0,2.0,3.0,6,1.0,1,High
,5.0,3.0,1.0,1.0,57.0,53.0,4.0,-0.909,2,5.0,5.0,5.0,5.0,1.0,1.0,1.0,1.0,1.0,1.0,3,1,4,5.0,5.0,5.0,5.0,6.0,1.0,4.0,4.0,8,0.0,0,Medium
4.0,4.0,3.0,8.0,0.0,61.0,78.0,4.0,-0.57,3,5.0,5.0,5.0,5.0,1.0,1.0,1.0,1.0,1.0,1.0,2,2,6,3.0,4.0,4.0,4.0,5.0,1.0,3.0,3.0,6,0.0,1,High
5.0,5.0,4.0,2.0,1.0,85.0,95.0,4.0,1.267,3,5.0,5.0,5.0,5.0,1.0,1.0,1.0,1.0,1.0,1.0,4,2,9,2.0,2.0,5.0,2.0,6.0,1.0,3.0,3.0,6,0.0,1,High
4.0,4.0,2.0,2.0,0.0,52.0,71.0,4.0,-0.188,3,5.0,5.0,5.0,4.0,1.0,1.0,1.0,1.0,1.0,1.0,2,3,3,3.0,2.0,2.0,2.0,6.0,1.0,4.0,4.0,5,0.0,1,High
4.0,4.0,5.0,2.0,1.0,45.0,45.0,3.0,-0.909,2,5.0,3.0,3.0,5.0,1.0,1.0,1.0,2.0,1.0,1.0,3,2,6,4.0,4.0,4.0,4.0,5.0,2.0,2.0,3.0,2,1.0,0,Medium
5.0,4.0,3.0,8.0,0.0,65.0,61.0,4.0,-0.57,3,5.0,5.0,5.0,5.0,1.0,1.0,1.0,1.0,1.0,1.0,3,1,1,5.0,5.0,4.0,3.0,4.0,3.0,3.0,2.0,7,0.0,1,High
5.0,3.0,4.0,2.0,1.0,62.0,58.0,4.0,0.712,3,5.0,2.0,2.0,2.0,1.0,1.0,1.0,1.0,1.0,1.0,4,1,5,5.0,4.0,5.0,4.0,3.0,2.0,3.0,4.0,3,0.0,1,Medium
5.0,4.0,2.0,8.0,1.0,44.0,61.0,4.0,0.242,1,5.0,5.0,5.0,5.0,1.0,1.0,1.0,1.0,1.0,1.0,3,3,2,1.0,2.0,1.0,1.0,6.0,3.0,3.0,4.0,6,0.0,1,High
4.0,3.0,1.0,8.0,1.0,52.0,55.0,2.0,-0.188,2,5.0,5.0,3.0,5.0,1.0,1.0,1.0,1.0,1.0,1.0,1,3,1,5.0,5.0,5.0,5.0,6.0,1.0,4.0,3.0,7,0.0,1,Medium
4.0,3.0,4.0,2.0,1.0,43.0,58.0,4.0,0.712,3,4.0,1.0,1.0,3.0,1.0,1.0,1.0,2.0,1.0,1.0,5,4,4,4.0,2.0,2.0,1.0,2.0,1.0,3.0,3.0,3,1.0,1,Medium
4.0,3.0,3.0,8.0,0.0,35.0,49.0,2.0,1.267,3,4.0,3.0,4.0,4.0,1.0,1.0,1.0,1.0,1.0,1.0,3,2,8,4.0,2.0,2.0,2.0,2.0,2.0,2.0,2.0,8,0.0,0,Medium
4.0,4.0,4.0,2.0,1.0,55.0,54.0,4.0,0.712,3,5.0,4.0,4.0,5.0,1.0,1.0,1.0,1.0,1.0,1.0,5,2,9,4.0,4.0,4.0,4.0,5.0,2.0,3.0,4.0,3,0.0,0,Medium
5.0,4.0,2.0,2.0,1.0,58.0,66.0,3.0,0.712,3,5.0,4.0,2.0,5.0,1.0,1.0,1.0,1.0,1.0,1.0,4,5,9,4.0,3.0,4.0,3.0,6.0,1.0,3.0,3.0,4,0.0,1,High
4.0,3.0,5.0,4.0,0.0,44.0,37.0,2.0,1.267,3,3.0,3.0,1.0,4.0,1.0,1.0,1.0,3.0,2.0,1.0,3,4,6,4.0,3.0,3.0,1.0,3.0,3.0,2.0,2.0,2,2.0,0,Low
3.0,3.0,2.0,8.0,0.0,56.0,63.0,3.0,0.242,3,5.0,4.0,5.0,5.0,1.0,1.0,1.0,1.0,1.0,1.0,3,2,2,4.0,4.0,3.0,2.0,4.0,2.0,4.0,3.0,8,0.0,1,High
3.0,3.0,3.0,5.0,1.0,39.0,45.0,3.0,-1.215,1,4.0,3.0,1.0,5.0,2.0,3.0,2.0,2.0,1.0,2.0,1,1,7,3.0,3.0,3.0,3.0,3.0,3.0,3.0,3.0,2,5.0,0,Medium
4.0,4.0,3.0,8.0,,79.0,58.0,3.0,-1.485,1,5.0,5.0,5.0,5.0,1.0,1.0,1.0,1.0,1.0,1.0,2,1,1,3.0,3.0,3.0,3.0,5.0,3.0,3.0,3.0,5,0.0,1,Medium
4.0,1.0,3.0,6.0,0.0,16.0,54.0,2.0,-0.188,3,1.0,1.0,1.0,1.0,1.0,1.0,1.0,1.0,1.0,1.0,1,3,2,1.0,1.0,1.0,1.0,1.0,3.0,2.0,2.0,4,0.0,0,Medium
5.0,4.0,5.0,2.0,1.0,57.0,35.0,3.0,0.242,3,5.0,4.0,5.0,5.0,2.0,2.0,2.0,3.0,1.0,1.0,1,1,3,5.0,3.0,4.0,2.0,3.0,1.0,3.0,3.0,6,4.0,0,Low
5.0,4.0,3.0,8.0,0.0,50.0,75.0,4.0,0.712,3,5.0,5.0,5.0,5.0,1.0,1.0,1.0,1.0,1.0,1.0,2,2,1,4.0,4.0,4.0,4.0,5.0,1.0,3.0,3.0,8,0.0,1,High
4.0,3.0,4.0,4.0,0.0,43.0,74.0,4.0,-0.57,2,5.0,5.0,5.0,5.0,1.0,1.0,1.0,1.0,1.0,1.0,3,2,9,3.0,4.0,5.0,2.0,5.0,3.0,2.0,3.0,3,0.0,1,High
2.0,2.0,2.0,2.0,0.0,32.0,44.0,2.0,-0.188,3,3.0,1.0,1.0,4.0,1.0,1.0,1.0,1.0,1.0,1.0,3,1,5,4.0,4.0,3.0,3.0,1.0,1.0,3.0,3.0,5,0.0,0,Medium
5.0,5.0,2.0,3.0,1.0,65.0,74.0,4.0,-0.188,3,5.0,4.0,5.0,5.0,1.0,1.0,1.0,1.0,1.0,1.0,4,2,8,5.0,5.0,5.0,4.0,6.0,1.0,3.0,3.0,6,0.0,1,High
5.0,3.0,3.0,8.0,1.0,58.0,55.0,3.0,0.712,3,5.0,3.0,3.0,5.0,1.0,1.0,1.0,1.0,1.0,1.0,5,3,8,5.0,4.0,4.0,4.0,5.0,1.0,3.0,2.0,6,0.0,1,Medium
4.0,4.0,2.0,4.0,0.0,56.0,75.0,4.0,0.712,3,5.0,5.0,5.0,5.0,1.0,1.0,1.0,1.0,1.0,1.0,4,2,9,3.0,4.0,4.0,4.0,4.0,2.0,3.0,3.0,6,0.0,1,High
4.0,1.0,5.0,6.0,0.0,28.0,25.0,1.0,-0.909,2,1.0,1.0,1.0,3.0,3.0,3.0,2.0,3.0,3.0,2.0,1,4,1,3.0,3.0,3.0,3.0,1.0,1.0,3.0,1.0,4,6.0,0,Low
5.0,1.0,4.0,5.0,0.0,12.0,32.0,1.0,-0.909,2,5.0,1.0,1.0,5.0,1.0,1.0,1.0,1.0,1.0,1.0,3,1,1,1.0,1.0,1.0,1.0,2.0,3.0,3.0,4.0,2,0.0,0,Low
5.0,4.0,4.0,8.0,1.0,61.0,60.0,4.0,-0.188,3,5.0,5.0,5.0,5.0,1.0,1.0,1.0,1.0,1.0,1.0,5,2,8,5.0,5.0,5.0,5.0,6.0,1.0,4.0,4.0,6,0.0,1,Medium
4.0,4.0,2.0,8.0,0.0,62.0,69.0,4.0,0.242,3,4.0,5.0,4.0,5.0,1.0,1.0,1.0,1.0,2.0,1.0,3,1,8,4.0,4.0,4.0,4.0,5.0,1.0,4.0,3.0,5,1.0,1,High
4.0,3.0,4.0,4.0,0.0,49.0,43.0,3.0,0.242,3,5.0,1.0,2.0,4.0,1.0,1.0,1.0,1.0,1.0,1.0,4,5,8,4.0,4.0,2.0,1.0,1.0,2.0,2.0,2.0,4,0.0,0,Low
3.0,3.0,1.0,7.0,0.0,45.0,51.0,2.0,-1.713,2,5.0,5.0,2.0,5.0,2.0,2.0,2.0,2.0,2.0,2.0,2,2,1,3.0,3.0,3.0,3.0,6.0,2.0,3.0,4.0,2,6.0,0,Medium
3.0,3.0,4.0,3.0,1.0,44.0,58.0,3.0,-1.215,2,4.0,3.0,2.0,4.0,1.0,1.0,1.0,1.0,1.0,1.0,2,4,8,4.0,4.0,4.0,4.0,4.0,2.0,2.0,3.0,6,0.0,1,Medium
4.0,3.0,3.0,2.0,0.0,37.0,46.0,2.0,-1.215,1,2.0,2.0,3.0,3.0,2.0,2.0,2.0,2.0,2.0,2.0,5,2,8,4.0,3.0,2.0,3.0,3.0,3.0,3.0,2.0,2,6.0,0,Medium
3.0,3.0,3.0,4.0,1.0,44.0,57.0,4.0,-1.713,2,5.0,4.0,4.0,5.0,1.0,1.0,1.0,1.0,1.0,1.0,2,5,2,4.0,3.0,3.0,3.0,3.0,2.0,3.0,3.0,3,0.0,1,Medium
5.0,5.0,2.0,8.0,1.0,66.0,73.0,4.0,0.712,3,5.0,5.0,5.0,5.0,1.0,1.0,1.0,1.0,1.0,1.0,3,2,7,3.0,4.0,4.0,3.0,6.0,2.0,4.0,4.0,8,0.0,1,High
5.0,3.0,4.0,2.0,1.0,55.0,25.0,3.0,-0.57,2,2.0,3.0,2.0,4.0,2.0,2.0,1.0,2.0,2.0,1.0,2,2,3,4.0,4.0,4.0,4.0,1.0,2.0,2.0,2.0,2,4.0,0,Low
4.0,3.0,4.0,2.0,0.0,43.0,52.0,3.0,-0.57,3,5.0,4.0,2.0,4.0,1.0,1.0,1.0,1.0,1.0,1.0,2,3,7,4.0,3.0,3.0,3.0,4.0,3.0,2.0,3.0,4,0.0,0,Medium
5.0,4.0,2.0,2.0,1.0,64.0,75.0,4.0,0.242,3,5.0,4.0,5.0,5.0,1.0,1.0,1.0,1.0,1.0,1.0,5,4,9,5.0,4.0,4.0,4.0,6.0,1.0,3.0,4.0,2,0.0,1,High
5.0,4.0,3.0,8.0,0.0,56.0,73.0,4.0,0.712,3,5.0,4.0,5.0,1.0,1.0,1.0,1.0,1.0,1.0,1.0,3,1,5,2.0,2.0,4.0,3.0,5.0,2.0,3.0,4.0,6,0.0,1,High
2.0,2.0,5.0,6.0,0.0,24.0,37.0,2.0,-1.485,2,4.0,2.0,4.0,4.0,2.0,2.0,1.0,1.0,1.0,2.0,3,3,1,1.0,1.0,1.0,1.0,2.0,2.0,2.0,2.0,2,3.0,0,Low
5.0,4.0,2.0,1.0,1.0,54.0,62.0,4.0,0.242,2,5.0,4.0,1.0,3.0,1.0,1.0,1.0,1.0,1.0,1.0,2,5,4,4.0,4.0,4.0,4.0,6.0,2.0,2.0,3.0,1,0.0,1,High
4.0,3.0,4.0,2.0,1.0,43.0,44.0,3.0,-0.909,3,5.0,5.0,5.0,5.0,1.0,1.0,1.0,2.0,2.0,1.0,2,2,2,4.0,4.0,4.0,3.0,4.0,3.0,3.0,3.0,4,2.0,0,Medium
4.0,3.0,3.0,3.0,0.0,43.0,51.0,3.0,-0.909,3,4.0,3.0,2.0,5.0,1.0,1.0,1.0,1.0,1.0,1.0,4,3,7,4.0,3.0,3.0,3.0,3.0,1.0,2.0,3.0,5,0.0,0,Medium
4.0,4.0,4.0,3.0,1.0,52.0,50.0,3.0,0.242,3,5.0,5.0,5.0,5.0,1.0,1.0,1.0,1.0,1.0,1.0,4,4,8,4.0,4.0,4.0,3.0,3.0,2.0,3.0,3.0,2,0.0,0,Medium
4.0,4.0,2.0,2.0,1.0,57.0,70.0,4.0,-0.57,2,5.0,5.0,4.0,4.0,1.0,1.0,1.0,1.0,1.0,1.0,2,5,4,4.0,4.0,4.0,4.0,5.0,3.0,3.0,4.0,2,0.0,1,High
5.0,5.0,1.0,8.0,0.0,74.0,95.0,4.0,1.267,3,5.0,5.0,5.0,5.0,1.0,1.0,1.0,1.0,1.0,1.0,4,1,6,1.0,1.0,1.0,2.0,4.0,1.0,4.0,4.0,6,0.0,1,High
5.0,4.0,4.0,2.0,1.0,56.0,57.0,3.0,0.242,3,5.0,4.0,1.0,5.0,1.0,1.0,1.0,1.0,1.0,1.0,4,2,7,5.0,4.0,5.0,4.0,6.0,1.0,3.0,4.0,2,0.0,1,Medium
5.0,4.0,2.0,2.0,0.0,85.0,70.0,4.0,0.712,3,5.0,4.0,3.0,5.0,1.0,1.0,1.0,1.0,1.0,1.0,5,5,9,5.0,4.0,4.0,4.0,6.0,2.0,2.0,4.0,4,0.0,1,High
4.0,3.0,3.0,8.0,0.0,47.0,68.0,3.0,1.267,3,5.0,5.0,5.0,5.0,1.0,1.0,1.0,1.0,1.0,1.0,5,2,8,3.0,4.0,3.0,4.0,4.0,2.0,3.0,3.0,8,0.0,1,High
4.0,2.0,2.0,2.0,0.0,29.0,51.0,2.0,0.242,3,5.0,5.0,2.0,5.0,1.0,1.0,1.0,1.0,1.0,1.0,2,2,3,2.0,3.0,2.0,2.0,5.0,1.0,4.0,3.0,6,0.0,0,Medium
4.0,2.0,4.0,1.0,1.0,37.0,34.0,2.0,-0.188,3,3.0,2.0,1.0,3.0,2.0,2.0,2.0,1.0,1.0,2.0,2,1,3,3.0,4.0,4.0,4.0,1.0,2.0,3.0,3.0,5,4.0,0,Low
4.0,3.0,2.0,4.0,0.0,45.0,49.0,3.0,-0.188,3,3.0,4.0,1.0,5.0,1.0,1.0,1.0,1.0,1.0,1.0,3,3,4,4.0,4.0,4.0,4.0,4.0,2.0,3.0,4.0,3,0.0,0,Medium
5.0,4.0,3.0,1.0,1.0,62.0,61.0,4.0,0.242,3,5.0,4.0,4.0,4.0,1.0,1.0,1.0,1.0,1.0,1.0,4,5,9,5.0,5.0,5.0,5.0,6.0,1.0,3.0,4.0,4,0.0,1,High
3.0,3.0,3.0,8.0,0.0,42.0,51.0,3.0,-0.909,2,3.0,3.0,1.0,3.0,1.0,1.0,2.0,1.0,1.0,1.0,1,1,1,3.0,3.0,3.0,3.0,3.0,2.0,2.0,2.0,5,1.0,0,Medium
2.0,2.0,5.0,2.0,1.0,32.0,33.0,2.0,-1.485,2,3.0,2.0,1.0,4.0,2.0,1.0,1.0,2.0,1.0,1.0,2,4,3,4.0,2.0,4.0,2.0,3.0,1.0,3.0,3.0,3,2.0,0,Low
3.0,3.0,4.0,2.0,0.0,43.0,34.0,2.0,-0.57,2,3.0,2.0,1.0,3.0,2.0,2.0,1.0,2.0,2.0,1.0,3,1,1,3.0,3.0,3.0,3.0,3.0,3.0,3.0,3.0,4,4.0,0,Low
4.0,4.0,3.0,2.0,1.0,54.0,58.0,4.0,0.712,3,4.0,4.0,2.0,3.0,1.0,1.0,1.0,1.0,1.0,1.0,5,3,9,4.0,4.0,4.0,4.0,6.0,2.0,3.0,4.0,4,0.0,1,Medium
5.0,4.0,2.0,8.0,1.0,58.0,49.0,4.0,0.712,3,5.0,5.0,1.0,5.0,1.0,1.0,1.0,1.0,1.0,1.0,2,2,3,5.0,4.0,4.0,4.0,5.0,1.0,3.0,3.0,6,0.0,0,Medium
5.0,4.0,3.0,2.0,1.0,51.0,60.0,4.0,-0.188,2,5.0,4.0,2.0,5.0,1.0,1.0,1.0,1.0,1.0,1.0,5,2,5,4.0,3.0,4.0,3.0,3.0,2.0,3.0,3.0,7,0.0,1,Medium
5.0,5.0,2.0,3.0,1.0,67.0,67.0,4.0,1.267,3,5.0,5.0,5.0,5.0,1.0,1.0,1.0,1.0,1.0,1.0,4,4,7,2.0,4.0,5.0,4.0,6.0,2.0,3.0,4.0,3,0.0,1,High
5.0,3.0,4.0,1.0,1.0,44.0,47.0,3.0,0.712,3,5.0,5.0,5.0,5.0,1.0,1.0,1.0,1.0,1.0,1.0,3,1,2,4.0,4.0,4.0,4.0,4.0,1.0,3.0,4.0,8,0.0,0,Medium
3.0,2.0,4.0,6.0,0.0,34.0,39.0,2.0,-0.188,3,4.0,3.0,2.0,4.0,3.0,2.0,1.0,3.0,2.0,1.0,2,2,1,4.0,4.0,3.0,3.0,2.0,2.0,3.0,3.0,5,4.0,0,Low
5.0,4.0,2.0,2.0,0.0,57.0,55.0,3.0,-0.909,2,5.0,4.0,4.0,4.0,1.0,1.0,1.0,1.0,1.0,1.0,2,2,6,5.0,5.0,4.0,4.0,5.0,2.0,3.0,3.0,4,0.0,1,Medium
5.0,5.0,3.0,8.0,0.0,85.0,87.0,4.0,-0.57,2,5.0,5.0,1.0,5.0,1.0,1.0,1.0,1.0,1.0,1.0,4,2,7,4.0,2.0,2.0,3.0,5.0,1.0,4.0,4.0,7,0.0,1,High
4.0,4.0,5.0,2.0,0.0,42.0,47.0,3.0,1.267,3,5.0,3.0,5.0,5.0,1.0,1.0,1.0,1.0,1.0,1.0,3,4,7,2.0,4.0,4.0,4.0,5.0,1.0,3.0,3.0,4,0.0,0,Medium
4.0,4.0,2.0,8.0,1.0,48.0,46.0,3.0,0.242,3,5.0,4.0,2.0,5.0,1.0,1.0,1.0,2.0,2.0,1.0,3,3,9,4.0,2.0,3.0,3.0,3.0,2.0,3.0,3.0,5,2.0,0,Medium
5.0,4.0,3.0,2.0,1.0,55.0,62.0,4.0,1.267,3,5.0,4.0,5.0,5.0,1.0,1.0,1.0,1.0,1.0,1.0,3,2,4,4.0,4.0,4.0,4.0,6.0,2.0,3.0,3.0,4,0.0,1,High
2.0,1.0,5.0,2.0,0.0,22.0,43.0,1.0,0.712,3,1.0,1.0,1.0,2.0,3.0,3.0,3.0,3.0,2.0,2.0,2,2,1,1.0,1.0,1.0,1.0,1.0,4.0,1.0,2.0,2,6.0,0,Low
5.0,5.0,1.0,2.0,1.0,79.0,46.0,4.0,-1.713,2,5.0,5.0,5.0,5.0,1.0,1.0,1.0,1.0,1.0,1.0,1,2,3,5.0,5.0,5.0,5.0,6.0,4.0,4.0,4.0,6,0.0,0,Medium
3.0,1.0,5.0,3.0,0.0,21.0,29.0,1.0,-1.215,3,3.0,3.0,2.0,3.0,3.0,3.0,3.0,1.0,2.0,1.0,3,4,1,4.0,1.0,4.0,1.0,1.0,2.0,2.0,2.0,1,4.0,0,Low
4.0,3.0,3.0,8.0,0.0,43.0,65.0,3.0,-0.57,2,5.0,4.0,1.0,5.0,1.0,1.0,1.0,1.0,1.0,1.0,2,1,2,2.0,2.0,3.0,3.0,4.0,3.0,2.0,3.0,8,0.0,1,High
3.0,3.0,3.0,8.0,0.0,35.0,47.0,3.0,-0.57,3,3.0,4.0,3.0,3.0,1.0,2.0,2.0,2.0,1.0,1.0,5,1,5,3.0,4.0,3.0,4.0,3.0,3.0,2.0,2.0,5,3.0,0,Medium
5.0,5.0,5.0,4.0,0.0,68.0,33.0,3.0,-1.215,2,5.0,5.0,1.0,5.0,2.0,2.0,2.0,2.0,2.0,1.0,2,4,4,4.0,4.0,4.0,4.0,2.0,1.0,3.0,3.0,4,5.0,0,Low
3.0,2.0,3.0,2.0,0.0,41.0,47.0,3.0,-0.57,2,2.0,3.0,2.0,3.0,2.0,2.0,2.0,2.0,2.0,2.0,3,3,1,3.0,3.0,3.0,3.0,3.0,2.0,3.0,3.0,4,6.0,0,Medium
5.0,3.0,4.0,3.0,0.0,69.0,63.0,4.0,-0.57,3,5.0,5.0,5.0,5.0,1.0,1.0,1.0,2.0,2.0,1.0,5,5,8,4.0,3.0,4.0,1.0,6.0,2.0,2.0,4.0,4,2.0,1,High
4.0,3.0,4.0,2.0,0.0,57.0,53.0,,-0.57,0,4.0,4.0,1.0,4.0,2.0,2.0,1.0,1.0,1.0,1.0,1,2,2,3.0,3.0,4.0,2.0,4.0,2.0,3.0,2.0,4,2.0,0,Medium
4.0,4.0,3.0,8.0,0.0,47.0,53.0,4.0,-0.909,2,5.0,4.0,5.0,5.0,1.0,1.0,1.0,1.0,1.0,1.0,5,1,4,3.0,3.0,3.0,3.0,5.0,2.0,3.0,3.0,6,0.0,0,Medium
3.0,3.0,3.0,8.0,1.0,41.0,58.0,3.0,0.242,3,4.0,4.0,3.0,4.0,1.0,1.0,1.0,1.0,1.0,1.0,3,2,4,4.0,4.0,4.0,4.0,4.0,2.0,3.0,3.0,7,0.0,1,Medium
4.0,3.0,3.0,7.0,1.0,41.0,64.0,3.0,-0.188,1,5.0,1.0,1.0,5.0,2.0,1.0,1.0,2.0,1.0,1.0,4,1,4,2.0,3.0,4.0,2.0,4.0,2.0,2.0,3.0,6,2.0,1,High
5.0,4.0,4.0,8.0,1.0,50.0,61.0,4.0,0.242,3,5.0,5.0,5.0,5.0,1.0,1.0,1.0,1.0,1.0,1.0,4,2,6,4.0,4.0,4.0,4.0,5.0,2.0,3.0,4.0,5,0.0,1,High
4.0,3.0,4.0,1.0,1.0,53.0,44.0,2.0,0.712,3,5.0,4.0,2.0,4.0,1.0,1.0,1.0,3.0,2.0,1.0,5,1,8,2.0,3.0,4.0,3.0,2.0,2.0,3.0,4.0,6,2.0,0,Medium
5.0,3.0,3.0,8.0,0.0,43.0,56.0,3.0,0.712,3,5.0,4.0,5.0,4.0,1.0,1.0,1.0,1.0,1.0,1.0,3,2,4,2.0,4.0,3.0,3.0,4.0,2.0,3.0,3.0,8,0.0,1,Medium
3.0,3.0,4.0,4.0,1.0,50.0,34.0,1.0,-0.909,1,5.0,4.0,1.0,5.0,1.0,1.0,1.0,1.0,1.0,1.0,3,3,1,5.0,3.0,3.0,4.0,2.0,2.0,2.0,3.0,2,0.0,0,Low
4.0,5.0,4.0,3.0,1.0,52.0,46.0,4.0,-0.57,1,5.0,4.0,5.0,3.0,2.0,3.0,1.0,2.0,1.0,2.0,3,5,1,4.0,4.0,5.0,5.0,6.0,1.0,4.0,3.0,2,4.0,0,Medium
4.0,4.0,3.0,8.0,0.0,36.0,52.0,3.0,-0.188,2,5.0,5.0,5.0,5.0,1.0,1.0,1.0,1.0,1.0,1.0,3,2,4,4.0,4.0,4.0,3.0,4.0,3.0,3.0,3.0,7,0.0,0,Medium
5.0,3.0,4.0,3.0,0.0,43.0,44.0,3.0,-0.909,1,5.0,3.0,3.0,4.0,1.0,1.0,1.0,2.0,2.0,1.0,3,2,1,3.0,3.0,4.0,3.0,3.0,4.0,2.0,3.0,4,2.0,0,Medium
4.0,3.0,2.0,8.0,1.0,41.0,59.0,3.0,-0.909,3,5.0,4.0,4.0,4.0,1.0,1.0,1.0,1.0,1.0,1.0,5,2,7,3.0,3.0,4.0,3.0,5.0,3.0,3.0,3.0,8,0.0,1,Medium
5.0,5.0,4.0,2.0,1.0,78.0,69.0,4.0,-0.188,3,5.0,5.0,5.0,5.0,1.0,1.0,1.0,1.0,1.0,1.0,4,2,9,5.0,5.0,5.0,4.0,6.0,1.0,3.0,4.0,4,0.0,1,High
5.0,4.0,4.0,2.0,1.0,56.0,53.0,3.0,-0.188,3,5.0,4.0,4.0,5.0,1.0,1.0,1.0,1.0,1.0,1.0,4,2,8,4.0,4.0,2.0,2.0,4.0,3.0,2.0,3.0,3,0.0,0,Medium
4.0,3.0,3.0,2.0,0.0,46.0,58.0,3.0,0.712,3,5.0,4.0,4.0,4.0,1.0,1.0,1.0,1.0,1.0,1.0,3,2,4,3.0,3.0,3.0,3.0,4.0,2.0,3.0,3.0,6,0.0,1,Medium
3.0,3.0,3.0,8.0,0.0,42.0,54.0,2.0,-0.188,2,4.0,2.0,1.0,4.0,2.0,2.0,1.0,1.0,1.0,2.0,1,2,2,4.0,3.0,4.0,3.0,4.0,2.0,2.0,2.0,8,3.0,0,Medium
3.0,3.0,5.0,6.0,1.0,58.0,27.0,4.0,-0.909,1,4.0,3.0,1.0,5.0,3.0,3.0,1.0,1.0,1.0,2.0,1,1,1,5.0,5.0,5.0,4.0,6.0,1.0,3.0,3.0,6,3.0,0,Low
5.0,3.0,4.0,4.0,1.0,71.0,71.0,3.0,-1.215,2,5.0,3.0,5.0,5.0,1.0,1.0,1.0,1.0,1.0,1.0,2,3,4,1.0,5.0,5.0,1.0,4.0,4.0,2.0,3.0,2,0.0,1,High
5.0,3.0,2.0,8.0,0.0,43.0,68.0,3.0,0.712,3,5.0,5.0,5.0,1.0,1.0,1.0,1.0,1.0,1.0,1.0,4,2,8,2.0,3.0,2.0,2.0,2.0,2.0,2.0,3.0,7,0.0,1,High
5.0,5.0,4.0,5.0,1.0,64.0,36.0,4.0,-0.909,3,4.0,4.0,4.0,4.0,1.0,1.0,1.0,1.0,1.0,1.0,3,3,7,5.0,5.0,5.0,5.0,5.0,4.0,4.0,4.0,2,0.0,0,Low
4.0,5.0,3.0,2.0,1.0,61.0,65.0,4.0,0.242,2,5.0,5.0,5.0,5.0,1.0,1.0,1.0,1.0,1.0,1.0,4,1,8,5.0,5.0,5.0,5.0,6.0,1.0,3.0,3.0,6,0.0,1,High
4.0,4.0,4.0,2.0,1.0,57.0,55.0,4.0,-0.909,2,2.0,3.0,1.0,4.0,1.0,1.0,1.0,1.0,1.0,1.0,5,2,9,3.0,4.0,4.0,3.0,5.0,1.0,4.0,4.0,2,0.0,1,Medium
5.0,4.0,2.0,8.0,1.0,67.0,81.0,4.0,0.712,3,4.0,5.0,5.0,5.0,1.0,1.0,1.0,1.0,1.0,1.0,4,2,9,4.0,4.0,4.0,4.0,6.0,1.0,3.0,3.0,6,0.0,1,High
5.0,4.0,2.0,8.0,1.0,57.0,56.0,4.0,0.242,3,5.0,5.0,5.0,4.0,1.0,1.0,1.0,1.0,2.0,1.0,3,2,3,4.0,4.0,4.0,4.0,6.0,2.0,4.0,4.0,7,1.0,1,Medium
4.0,4.0,2.0,8.0,1.0,47.0,70.0,3.0,-0.57,3,5.0,4.0,4.0,4.0,1.0,1.0,1.0,1.0,1.0,1.0,3,1,8,4.0,4.0,4.0,3.0,6.0,2.0,2.0,3.0,7,0.0,1,High
4.0,2.0,5.0,2.0,1.0,74.0,34.0,3.0,0.712,3,4.0,3.0,1.0,2.0,1.0,1.0,1.0,1.0,1.0,1.0,4,5,8,1.0,2.0,3.0,2.0,2.0,1.0,4.0,3.0,4,0.0,0,Low
5.0,5.0,1.0,8.0,1.0,85.0,73.0,4.0,0.712,3,5.0,5.0,5.0,5.0,1.0,1.0,1.0,1.0,1.0,1.0,5,1,3,1.0,5.0,5.0,3.0,6.0,1.0,4.0,4.0,8,0.0,1,High
4.0,4.0,1.0,,1.0,47.0,47.0,4.0,-0.57,1,5.0,5.0,5.0,5.0,1.0,1.0,1.0,1.0,1.0,1.0,1,2,4,4.0,4.0,4.0,5.0,2.0,4.0,3.0,4.0,2,0.0,0,Medium
4.0,4.0,2.0,7.0,1.0,63.0,83.0,4.0,1.267,2,5.0,4.0,5.0,5.0,1.0,1.0,1.0,1.0,1.0,1.0,2,4,8,4.0,4.0,4.0,4.0,6.0,2.0,3.0,3.0,1,0.0,1,High
4.0,4.0,3.0,2.0,1.0,50.0,49.0,3.0,-1.215,1,4.0,4.0,3.0,4.0,2.0,1.0,2.0,2.0,2.0,1.0,3,3,1,4.0,4.0,4.0,4.0,5.0,2.0,3.0,3.0,2,4.0,0,Medium
4.0,3.0,4.0,2.0,1.0,49.0,48.0,3.0,1.267,3,5.0,4.0,1.0,5.0,2.0,1.0,1.0,1.0,1.0,1.0,3,4,4,4.0,4.0,4.0,3.0,5.0,1.0,3.0,3.0,3,1.0,0,Medium
4.0,4.0,2.0,8.0,0.0,80.0,79.0,4.0,0.242,3,5.0,5.0,5.0,5.0,1.0,1.0,1.0,1.0,1.0,1.0,5,2,6,1.0,3.0,4.0,4.0,6.0,1.0,3.0,3.0,6,0.0,1,High
1.0,3.0,3.0,8.0,0.0,34.0,36.0,3.0,-1.215,2,3.0,1.0,1.0,5.0,1.0,1.0,1.0,1.0,1.0,1.0,2,3,1,3.0,3.0,3.0,3.0,1.0,1.0,2.0,2.0,6,0.0,0,Low
5.0,5.0,3.0,1.0,1.0,70.0,71.0,3.0,-0.57,3,5.0,5.0,5.0,5.0,1.0,1.0,1.0,1.0,1.0,1.0,4,2,2,3.0,5.0,5.0,4.0,6.0,1.0,4.0,4.0,4,0.0,1,High
5.0,5.0,3.0,2.0,1.0,51.0,50.0,4.0,-0.188,3,5.0,4.0,2.0,4.0,2.0,2.0,1.0,1.0,1.0,1.0,3,2,6,4.0,4.0,5.0,4.0,5.0,1.0,3.0,3.0,2,2.0,0,Medium
5.0,4.0,2.0,2.0,1.0,61.0,67.0,3.0,0.242,3,5.0,3.0,5.0,4.0,1.0,1.0,1.0,1.0,1.0,1.0,4,4,7,4.0,4.0,5.0,4.0,5.0,2.0,3.0,4.0,2,0.0,1,High
3.0,3.0,4.0,2.0,0.0,37.0,61.0,3.0,-0.188,3,4.0,4.0,4.0,4.0,1.0,1.0,1.0,1.0,1.0,1.0,4,1,7,2.0,3.0,2.0,2.0,5.0,2.0,3.0,3.0,6,0.0,1,High
5.0,3.0,3.0,2.0,1.0,57.0,63.0,3.0,0.242,3,5.0,4.0,5.0,4.0,1.0,1.0,1.0,1.0,1.0,1.0,4,5,9,3.0,4.0,4.0,3.0,6.0,1.0,4.0,3.0,4,0.0,1,High
4.0,3.0,1.0,8.0,1.0,51.0,63.0,3.0,-0.57,2,5.0,3.0,2.0,2.0,1.0,1.0,1.0,1.0,1.0,1.0,3,2,7,4.0,2.0,3.0,3.0,4.0,2.0,3.0,2.0,6,0.0,1,High
4.0,3.0,1.0,6.0,0.0,40.0,57.0,3.0,-0.188,2,5.0,3.0,4.0,3.0,1.0,1.0,1.0,1.0,1.0,1.0,3,1,6,3.0,3.0,3.0,3.0,5.0,2.0,3.0,2.0,4,0.0,1,Medium
5.0,4.0,2.0,8.0,1.0,62.0,83.0,4.0,0.712,3,5.0,5.0,5.0,5.0,1.0,1.0,1.0,1.0,1.0,1.0,5,2,9,2.0,4.0,4.0,4.0,4.0,2.0,4.0,4.0,8,0.0,1,High
3.0,2.0,5.0,2.0,1.0,42.0,42.0,2.0,0.712,3,4.0,2.0,1.0,4.0,1.0,1.0,1.0,1.0,1.0,1.0,5,4,9,2.0,3.0,4.0,2.0,2.0,3.0,2.0,2.0,2,0.0,0,Low
3.0,3.0,4.0,2.0,1.0,45.0,55.0,3.0,0.242,3,5.0,3.0,2.0,4.0,1.0,1.0,1.0,1.0,1.0,1.0,5,2,4,4.0,4.0,3.0,3.0,4.0,2.0,2.0,3.0,3,0.0,1,Medium
5.0,4.0,3.0,8.0,0.0,65.0,78.0,4.0,0.712,3,5.0,5.0,5.0,5.0,1.0,1.0,1.0,1.0,1.0,1.0,5,2,8,3.0,3.0,3.0,2.0,5.0,2.0,3.0,4.0,7,0.0,1,High
2.0,2.0,5.0,2.0,0.0,33.0,41.0,4.0,0.712,3,4.0,1.0,5.0,4.0,1.0,1.0,1.0,1.0,1.0,1.0,5,5,8,1.0,2.0,1.0,2.0,5.0,2.0,3.0,3.0,4,0.0,0,Low
4.0,3.0,4.0,2.0,1.0,43.0,30.0,3.0,-0.188,3,5.0,3.0,1.0,5.0,1.0,2.0,3.0,2.0,1.0,1.0,3,2,5,4.0,3.0,2.0,1.0,1.0,2.0,3.0,2.0,6,3.0,0,Low
3.0,4.0,5.0,2.0,1.0,64.0,39.0,3.0,-0.57,3,4.0,4.0,2.0,5.0,3.0,2.0,3.0,2.0,3.0,2.0,3,5,4,5.0,4.0,5.0,2.0,5.0,3.0,3.0,4.0,2,6.0,0,Low
5.0,4.0,2.0,8.0,1.0,50.0,58.0,3.0,0.242,2,5.0,4.0,5.0,5.0,1.0,1.0,1.0,1.0,1.0,1.0,3,1,2,5.0,4.0,5.0,5.0,6.0,3.0,2.0,3.0,8,0.0,1,Medium
5.0,4.0,3.0,1.0,1.0,61.0,69.0,3.0,-0.188,3,5.0,5.0,5.0,5.0,1.0,1.0,1.0,1.0,1.0,1.0,1,5,6,5.0,5.0,5.0,5.0,6.0,1.0,4.0,3.0,6,0.0,1,High
3.0,3.0,4.0,8.0,1.0,51.0,42.0,3.0,0.242,3,3.0,3.0,2.0,4.0,1.0,1.0,1.0,2.0,2.0,1.0,5,3,5,4.0,4.0,4.0,3.0,5.0,1.0,3.0,3.0,6,2.0,0,Low
1.0,1.0,5.0,3.0,1.0,39.0,34.0,3.0,-1.215,1,5.0,3.0,1.0,5.0,2.0,1.0,1.0,1.0,1.0,2.0,3,2,1,2.0,3.0,3.0,2.0,1.0,2.0,2.0,2.0,2,2.0,0,Low
4.0,3.0,3.0,2.0,1.0,44.0,50.0,3.0,0.712,3,5.0,4.0,5.0,5.0,1.0,1.0,1.0,1.0,1.0,1.0,5,2,8,5.0,3.0,4.0,3.0,6.0,3.0,2.0,3.0,4,0.0,0,Medium
2.0,4.0,3.0,3.0,1.0,58.0,47.0,3.0,-0.57,3,5.0,2.0,3.0,4.0,1.0,1.0,1.0,1.0,1.0,1.0,3,4,6,2.0,2.0,4.0,2.0,4.0,2.0,3.0,3.0,3,0.0,0,Medium
4.0,4.0,3.0,8.0,1.0,57.0,63.0,4.0,0.242,3,5.0,4.0,5.0,5.0,1.0,1.0,1.0,1.0,1.0,1.0,5,1,8,3.0,3.0,4.0,3.0,5.0,2.0,3.0,3.0,7,0.0,1,High
3.0,3.0,5.0,6.0,1.0,41.0,28.0,3.0,-0.909,0,2.0,3.0,3.0,3.0,2.0,2.0,3.0,1.0,3.0,3.0,2,3,3,3.0,3.0,3.0,3.0,1.0,2.0,2.0,2.0,4,5.0,0,Low
5.0,4.0,3.0,2.0,1.0,51.0,63.0,4.0,0.242,3,5.0,5.0,5.0,5.0,1.0,1.0,1.0,1.0,1.0,1.0,3,2,8,5.0,5.0,5.0,5.0,3.0,2.0,3.0,3.0,5,0.0,1,High
3.0,2.0,3.0,2.0,,28.0,44.0,2.0,-0.57,3,4.0,3.0,1.0,4.0,1.0,1.0,1.0,1.0,2.0,1.0,5,1,9,5.0,2.0,2.0,1.0,1.0,2.0,1.0,1.0,4,1.0,0,Medium
4.0,3.0,1.0,4.0,0.0,42.0,72.0,2.0,-0.57,3,5.0,4.0,1.0,5.0,2.0,1.0,1.0,2.0,1.0,1.0,1,2,1,4.0,5.0,4.0,4.0,5.0,1.0,4.0,4.0,6,2.0,1,High
5.0,5.0,2.0,8.0,0.0,58.0,68.0,3.0,1.267,3,5.0,5.0,5.0,5.0,1.0,1.0,1.0,1.0,1.0,1.0,2,1,7,2.0,3.0,4.0,2.0,6.0,1.0,4.0,4.0,8,0.0,1,High
5.0,5.0,4.0,4.0,0.0,78.0,62.0,3.0,-0.188,3,5.0,5.0,5.0,5.0,1.0,1.0,1.0,1.0,1.0,1.0,3,4,9,3.0,3.0,3.0,3.0,6.0,1.0,3.0,3.0,2,0.0,1,High
4.0,3.0,3.0,3.0,0.0,49.0,58.0,3.0,0.712,3,5.0,5.0,5.0,4.0,1.0,1.0,1.0,1.0,1.0,1.0,3,3,9,2.0,2.0,2.0,2.0,4.0,2.0,3.0,3.0,4,0.0,1,Medium
4.0,4.0,4.0,1.0,1.0,57.0,51.0,3.0,-0.188,3,4.0,4.0,2.0,4.0,1.0,1.0,1.0,1.0,1.0,1.0,5,2,6,3.0,4.0,4.0,3.0,4.0,2.0,3.0,3.0,2,0.0,0,Medium
5.0,5.0,4.0,8.0,1.0,58.0,78.0,4.0,0.712,3,5.0,5.0,5.0,5.0,1.0,1.0,1.0,1.0,1.0,1.0,3,2,8,5.0,4.0,4.0,4.0,3.0,1.0,3.0,3.0,8,0.0,1,High
5.0,5.0,3.0,8.0,1.0,55.0,57.0,3.0,0.242,2,5.0,3.0,2.0,4.0,1.0,1.0,1.0,1.0,1.0,1.0,2,2,3,4.0,3.0,4.0,2.0,6.0,3.0,2.0,3.0,7,0.0,1,Medium
5.0,4.0,4.0,2.0,0.0,50.0,52.0,4.0,-0.188,2,5.0,4.0,5.0,4.0,1.0,1.0,1.0,1.0,1.0,1.0,2,4,6,4.0,3.0,4.0,3.0,6.0,3.0,3.0,4.0,3,0.0,0,Medium
4.0,3.0,4.0,8.0,0.0,45.0,65.0,3.0,0.712,3,5.0,4.0,5.0,5.0,1.0,1.0,1.0,1.0,1.0,1.0,2,2,7,4.0,4.0,4.0,3.0,5.0,,3.0,3.0,8,0.0,1,High
5.0,4.0,5.0,2.0,1.0,43.0,60.0,3.0,0.242,3,5.0,4.0,5.0,5.0,1.0,1.0,1.0,1.0,1.0,1.0,4,4,7,5.0,4.0,4.0,2.0,6.0,2.0,2.0,3.0,2,0.0,1,Medium
4.0,3.0,3.0,8.0,1.0,40.0,55.0,3.0,0.242,3,5.0,5.0,5.0,5.0,1.0,1.0,1.0,1.0,1.0,1.0,2,1,1,4.0,4.0,4.0,4.0,5.0,2.0,3.0,3.0,8,0.0,1,Medium
4.0,3.0,4.0,2.0,1.0,47.0,39.0,3.0,0.712,3,5.0,4.0,1.0,4.0,3.0,2.0,1.0,2.0,2.0,1.0,4,2,4,4.0,4.0,4.0,4.0,5.0,2.0,2.0,2.0,1,4.0,0,Low
5.0,3.0,3.0,2.0,1.0,51.0,64.0,4.0,0.242,3,5.0,3.0,3.0,3.0,1.0,1.0,1.0,1.0,1.0,1.0,3,2,3,4.0,4.0,3.0,3.0,5.0,2.0,2.0,3.0,2,0.0,1,High
3.0,1.0,5.0,2.0,0.0,46.0,18.0,3.0,-0.188,1,3.0,2.0,1.0,2.0,1.0,3.0,2.0,2.0,2.0,3.0,5,4,6,1.0,2.0,1.0,2.0,6.0,3.0,3.0,3.0,3,5.0,0,Low
5.0,2.0,2.0,4.0,1.0,70.0,56.0,4.0,-1.713,1,5.0,5.0,3.0,5.0,1.0,2.0,1.0,1.0,1.0,1.0,1,4,1,5.0,5.0,5.0,3.0,6.0,1.0,4.0,4.0,2,1.0,1,Medium
,4.0,2.0,2.0,1.0,42.0,73.0,3.0,0.712,3,5.0,4.0,5.0,2.0,1.0,1.0,1.0,1.0,1.0,1.0,5,2,8,3.0,3.0,4.0,3.0,4.0,2.0,2.0,2.0,2,0.0,1,High
5.0,5.0,4.0,2.0,1.0,53.0,70.0,3.0,0.242,3,5.0,5.0,5.0,5.0,1.0,1.0,1.0,1.0,1.0,1.0,4,2,9,4.0,4.0,4.0,4.0,5.0,1.0,4.0,3.0,4,0.0,1,High
4.0,4.0,4.0,2.0,1.0,55.0,42.0,3.0,0.712,3,5.0,3.0,2.0,4.0,1.0,1.0,1.0,1.0,1.0,1.0,4,2,5,4.0,3.0,4.0,3.0,5.0,1.0,3.0,3.0,5,0.0,0,Low
1.0,1.0,5.0,3.0,1.0,33.0,32.0,1.0,0.242,2,4.0,1.0,1.0,4.0,2.0,2.0,1.0,1.0,1.0,1.0,3,2,1,4.0,3.0,4.0,4.0,2.0,1.0,2.0,2.0,5,2.0,0,Low
3.0,1.0,3.0,8.0,0.0,29.0,41.0,1.0,-0.188,3,3.0,1.0,1.0,5.0,1.0,1.0,1.0,1.0,1.0,1.0,2,2,2,3.0,3.0,3.0,3.0,3.0,1.0,1.0,1.0,7,0.0,0,Low
5.0,5.0,5.0,1.0,1.0,42.0,48.0,4.0,-1.215,2,5.0,5.0,3.0,5.0,2.0,1.0,1.0,2.0,1.0,1.0,1,4,1,5.0,5.0,5.0,5.0,6.0,1.0,2.0,4.0,3,2.0,0,Medium
5.0,4.0,3.0,2.0,1.0,59.0,65.0,4.0,0.242,3,5.0,3.0,4.0,4.0,1.0,1.0,1.0,1.0,1.0,1.0,5,2,8,2.0,4.0,4.0,2.0,6.0,1.0,3.0,3.0,4,0.0,1,High
4.0,4.0,2.0,8.0,1.0,55.0,51.0,3.0,-0.909,2,3.0,3.0,2.0,4.0,1.0,1.0,1.0,1.0,1.0,1.0,4,1,4,4.0,4.0,3.0,3.0,6.0,1.0,2.0,3.0,8,0.0,0,Medium
3.0,3.0,2.0,8.0,1.0,39.0,44.0,3.0,0.242,2,5.0,3.0,1.0,5.0,1.0,1.0,1.0,1.0,1.0,1.0,2,1,2,3.0,3.0,3.0,3.0,3.0,1.0,3.0,3.0,5,0.0,0,Medium
4.0,3.0,3.0,8.0,0.0,41.0,51.0,2.0,-0.57,3,4.0,3.0,3.0,4.0,1.0,2.0,2.0,1.0,2.0,1.0,2,2,1,4.0,3.0,3.0,3.0,4.0,2.0,3.0,3.0,7,3.0,0,Medium
5.0,5.0,5.0,2.0,1.0,77.0,72.0,4.0,0.242,3,5.0,5.0,5.0,5.0,1.0,1.0,1.0,1.0,1.0,1.0,5,2,7,5.0,5.0,5.0,5.0,6.0,1.0,1.0,1.0,5,0.0,1,High
5.0,3.0,4.0,2.0,1.0,50.0,59.0,3.0,-0.909,3,5.0,4.0,5.0,5.0,1.0,1.0,1.0,1.0,1.0,1.0,5,3,5,5.0,4.0,4.0,4.0,5.0,1.0,2.0,3.0,3,0.0,1,Medium
4.0,3.0,4.0,2.0,0.0,37.0,40.0,1.0,-0.188,3,4.0,2.0,1.0,3.0,2.0,1.0,1.0,2.0,2.0,1.0,3,4,6,4.0,3.0,3.0,3.0,2.0,2.0,3.0,2.0,5,3.0,0,Low
5.0,5.0,3.0,2.0,0.0,51.0,37.0,4.0,-0.909,3,5.0,5.0,3.0,5.0,1.0,1.0,1.0,2.0,2.0,1.0,2,4,6,4.0,4.0,4.0,4.0,2.0,1.0,4.0,4.0,6,2.0,0,Low
5.0,5.0,1.0,2.0,0.0,50.0,69.0,4.0,-0.57,3,5.0,5.0,3.0,1.0,1.0,1.0,1.0,1.0,1.0,1.0,2,2,7,2.0,3.0,3.0,2.0,5.0,1.0,4.0,4.0,5,0.0,1,High
4.0,4.0,2.0,8.0,0.0,50.0,70.0,4.0,0.712,3,5.0,5.0,5.0,5.0,1.0,1.0,1.0,1.0,1.0,1.0,2,2,4,4.0,4.0,4.0,4.0,5.0,2.0,4.0,3.0,8,0.0,1,High
5.0,5.0,2.0,8.0,1.0,57.0,62.0,4.0,0.712,3,5.0,5.0,3.0,5.0,1.0,1.0,1.0,1.0,1.0,1.0,3,1,2,4.0,4.0,4.0,4.0,5.0,1.0,3.0,3.0,6,0.0,1,High
4.0,2.0,3.0,2.0,1.0,42.0,56.0,3.0,-0.57,2,5.0,3.0,4.0,5.0,1.0,1.0,1.0,1.0,1.0,1.0,2,4,8,4.0,4.0,4.0,4.0,6.0,2.0,3.0,3.0,4,0.0,1,Medium
3.0,3.0,3.0,,0.0,42.0,49.0,3.0,-1.713,1,3.0,3.0,3.0,3.0,2.0,2.0,2.0,2.0,2.0,2.0,1,4,3,3.0,3.0,3.0,3.0,4.0,2.0,2.0,2.0,2,6.0,0,Medium
5.0,2.0,4.0,3.0,0.0,35.0,33.0,2.0,-0.57,3,5.0,3.0,4.0,3.0,1.0,1.0,1.0,1.0,1.0,1.0,2,2,4,4.0,3.0,2.0,2.0,5.0,2.0,3.0,2.0,7,0.0,0,Low
3.0,4.0,3.0,2.0,0.0,59.0,44.0,4.0,-1.215,2,5.0,5.0,5.0,5.0,1.0,2.0,1.0,2.0,1.0,1.0,1,5,1,4.0,4.0,4.0,4.0,6.0,1.0,4.0,4.0,3,2.0,0,Medium
4.0,4.0,3.0,8.0,1.0,62.0,75.0,4.0,1.267,3,5.0,4.0,5.0,5.0,1.0,1.0,1.0,1.0,1.0,1.0,5,2,9,4.0,5.0,5.0,5.0,5.0,2.0,3.0,4.0,8,0.0,1,High
3.0,2.0,5.0,1.0,1.0,34.0,37.0,3.0,0.712,3,4.0,3.0,1.0,1.0,1.0,1.0,2.0,1.0,1.0,1.0,2,3,7,1.0,2.0,3.0,1.0,1.0,3.0,2.0,2.0,1,1.0,0,Low
5.0,5.0,1.0,8.0,1.0,63.0,72.0,4.0,0.242,3,5.0,5.0,5.0,5.0,1.0,1.0,1.0,1.0,1.0,1.0,2,1,3,4.0,4.0,4.0,2.0,5.0,2.0,3.0,3.0,8,0.0,1,High
5.0,5.0,1.0,5.0,1.0,85.0,65.0,4.0,-1.215,2,5.0,5.0,3.0,5.0,1.0,1.0,1.0,1.0,1.0,1.0,3,3,2,5.0,5.0,5.0,5.0,6.0,1.0,4.0,1.0,2,0.0,1,High
4.0,3.0,5.0,8.0,1.0,40.0,33.0,3.0,0.242,2,5.0,4.0,1.0,5.0,1.0,2.0,1.0,1.0,1.0,1.0,3,1,1,4.0,4.0,4.0,3.0,2.0,2.0,2.0,2.0,7,1.0,0,Low
5.0,4.0,2.0,8.0,0.0,51.0,55.0,4.0,0.242,3,5.0,4.0,4.0,5.0,1.0,1.0,1.0,1.0,1.0,1.0,2,4,8,4.0,4.0,4.0,3.0,6.0,2.0,4.0,4.0,6,0.0,1,Medium
3.0,2.0,5.0,2.0,1.0,35.0,23.0,3.0,-0.188,3,3.0,3.0,3.0,3.0,3.0,3.0,2.0,3.0,2.0,1.0,3,4,1,3.0,4.0,3.0,3.0,4.0,2.0,3.0,2.0,2,5.0,0,Low
5.0,2.0,4.0,3.0,1.0,19.0,33.0,2.0,-0.188,1,1.0,3.0,1.0,3.0,1.0,1.0,1.0,1.0,1.0,1.0,3,3,7,5.0,2.0,5.0,1.0,3.0,3.0,2.0,2.0,1,0.0,0,Low
4.0,3.0,1.0,8.0,1.0,45.0,51.0,3.0,-0.188,3,5.0,3.0,5.0,5.0,1.0,1.0,1.0,2.0,1.0,1.0,3,2,6,5.0,4.0,4.0,4.0,5.0,1.0,2.0,4.0,6,1.0,0,Medium
5.0,4.0,2.0,8.0,0.0,63.0,60.0,3.0,-0.909,3,5.0,5.0,4.0,5.0,1.0,1.0,1.0,1.0,1.0,1.0,4,1,2,3.0,3.0,3.0,3.0,3.0,2.0,3.0,3.0,8,0.0,1,Medium
3.0,3.0,1.0,8.0,0.0,43.0,64.0,3.0,-0.909,2,5.0,1.0,1.0,5.0,1.0,1.0,1.0,1.0,1.0,1.0,1,4,4,2.0,2.0,2.0,2.0,2.0,1.0,4.0,4.0,6,0.0,1,High
4.0,3.0,2.0,8.0,0.0,48.0,64.0,4.0,1.267,3,5.0,5.0,5.0,5.0,1.0,1.0,1.0,1.0,1.0,1.0,2,2,5,3.0,4.0,3.0,3.0,5.0,1.0,3.0,3.0,5,0.0,1,High
5.0,4.0,2.0,2.0,0.0,64.0,74.0,3.0,0.712,3,5.0,4.0,5.0,5.0,1.0,1.0,1.0,1.0,1.0,1.0,5,5,8,4.0,3.0,3.0,3.0,6.0,1.0,3.0,4.0,3,0.0,1,High
3.0,3.0,3.0,6.0,0.0,42.0,24.0,3.0,-0.57,1,3.0,3.0,3.0,3.0,1.0,1.0,1.0,1.0,1.0,1.0,2,3,3,3.0,3.0,3.0,3.0,4.0,1.0,1.0,1.0,3,0.0,0,Low
4.0,4.0,3.0,8.0,1.0,45.0,57.0,3.0,1.267,3,5.0,4.0,5.0,4.0,1.0,1.0,1.0,1.0,1.0,1.0,4,2,8,4.0,4.0,4.0,3.0,5.0,2.0,2.0,3.0,5,0.0,1,Medium
4.0,3.0,3.0,2.0,0.0,39.0,56.0,3.0,-1.215,2,5.0,4.0,2.0,5.0,1.0,1.0,1.0,1.0,1.0,1.0,3,1,7,5.0,4.0,3.0,2.0,4.0,2.0,2.0,2.0,3,0.0,1,Medium
4.0,3.0,2.0,8.0,0.0,45.0,67.0,3.0,0.242,3,5.0,5.0,5.0,5.0,1.0,1.0,1.0,1.0,1.0,1.0,3,1,4,4.0,4.0,4.0,3.0,5.0,2.0,3.0,3.0,8,0.0,1,High
5.0,4.0,2.0,2.0,0.0,51.0,57.0,3.0,0.242,3,5.0,4.0,4.0,4.0,1.0,1.0,1.0,1.0,1.0,1.0,4,4,9,3.0,3.0,3.0,2.0,5.0,2.0,3.0,4.0,4,0.0,1,Medium
5.0,3.0,4.0,8.0,0.0,39.0,59.0,3.0,-0.909,3,5.0,5.0,5.0,4.0,1.0,1.0,1.0,1.0,1.0,1.0,4,2,8,2.0,2.0,2.0,2.0,6.0,2.0,3.0,2.0,7,0.0,1,Medium
3.0,4.0,4.0,2.0,1.0,47.0,38.0,2.0,-1.215,3,4.0,3.0,3.0,4.0,2.0,1.0,2.0,1.0,2.0,1.0,4,1,7,4.0,4.0,4.0,3.0,5.0,1.0,2.0,3.0,2,3.0,0,Low
5.0,5.0,1.0,2.0,1.0,67.0,73.0,4.0,0.242,3,5.0,4.0,4.0,5.0,1.0,1.0,1.0,1.0,1.0,1.0,5,2,9,2.0,5.0,5.0,5.0,6.0,1.0,4.0,4.0,4,0.0,1,High
5.0,3.0,4.0,8.0,0.0,40.0,45.0,2.0,-0.57,2,5.0,3.0,1.0,5.0,2.0,2.0,1.0,1.0,1.0,1.0,2,1,5,5.0,2.0,2.0,2.0,3.0,3.0,2.0,2.0,7,2.0,0,Medium
4.0,4.0,4.0,2.0,1.0,60.0,61.0,4.0,-0.57,1,5.0,5.0,5.0,5.0,1.0,1.0,1.0,1.0,1.0,1.0,3,2,8,4.0,4.0,4.0,4.0,6.0,2.0,3.0,3.0,4,0.0,1,High
4.0,4.0,3.0,8.0,1.0,57.0,67.0,4.0,1.267,3,5.0,5.0,5.0,5.0,1.0,1.0,1.0,1.0,1.0,1.0,5,5,8,2.0,4.0,4.0,3.0,6.0,3.0,3.0,3.0,8,0.0,1,High
4.0,2.0,3.0,3.0,0.0,33.0,59.0,3.0,0.242,3,5.0,3.0,4.0,3.0,1.0,1.0,1.0,1.0,1.0,1.0,4,2,4,2.0,1.0,2.0,1.0,4.0,2.0,2.0,3.0,2,0.0,1,Medium
1.0,3.0,1.0,8.0,0.0,51.0,59.0,4.0,-0.57,3,5.0,5.0,5.0,5.0,1.0,1.0,1.0,1.0,1.0,1.0,3,2,4,3.0,4.0,2.0,2.0,3.0,1.0,3.0,4.0,6,0.0,1,Medium
5.0,5.0,2.0,8.0,1.0,54.0,81.0,4.0,0.242,3,5.0,5.0,5.0,5.0,1.0,1.0,1.0,1.0,1.0,1.0,3,2,9,5.0,5.0,5.0,5.0,6.0,1.0,3.0,4.0,8,0.0,1,High
3.0,3.0,2.0,4.0,1.0,42.0,53.0,2.0,-0.57,2,5.0,5.0,3.0,5.0,1.0,1.0,1.0,1.0,1.0,1.0,3,4,7,3.0,4.0,3.0,4.0,3.0,3.0,2.0,3.0,3,0.0,0,Medium
4.0,3.0,2.0,8.0,1.0,47.0,78.0,3.0,-0.57,3,5.0,4.0,5.0,5.0,1.0,1.0,1.0,1.0,1.0,1.0,2,2,6,4.0,3.0,3.0,3.0,5.0,1.0,3.0,3.0,8,0.0,1,High
2.0,2.0,5.0,6.0,1.0,28.0,38.0,1.0,-1.215,2,2.0,1.0,2.0,2.0,2.0,2.0,1.0,1.0,1.0,1.0,2,3,1,3.0,3.0,3.0,3.0,2.0,1.0,1.0,1.0,4,2.0,0,Low
4.0,5.0,3.0,8.0,1.0,70.0,95.0,4.0,0.712,3,5.0,5.0,5.0,5.0,1.0,1.0,1.0,1.0,1.0,1.0,4,1,7,4.0,5.0,5.0,5.0,6.0,3.0,3.0,4.0,6,0.0,1,High
5.0,4.0,3.0,2.0,1.0,62.0,71.0,4.0,-0.188,3,5.0,4.0,5.0,5.0,1.0,1.0,1.0,1.0,1.0,1.0,2,3,7,4.0,3.0,3.0,2.0,6.0,3.0,2.0,3.0,2,0.0,1,High
3.0,3.0,3.0,2.0,0.0,43.0,51.0,3.0,1.267,3,5.0,4.0,4.0,4.0,1.0,1.0,1.0,1.0,1.0,1.0,3,2,8,4.0,4.0,4.0,3.0,4.0,3.0,3.0,3.0,6,0.0,0,Medium
5.0,4.0,4.0,2.0,1.0,50.0,56.0,4.0,-0.57,3,5.0,4.0,3.0,4.0,1.0,1.0,1.0,1.0,1.0,1.0,3,2,6,4.0,4.0,4.0,3.0,4.0,3.0,2.0,3.0,2,0.0,1,Medium
5.0,3.0,4.0,2.0,1.0,43.0,60.0,3.0,0.712,3,5.0,4.0,4.0,4.0,1.0,1.0,1.0,1.0,1.0,1.0,3,3,9,3.0,3.0,4.0,3.0,5.0,3.0,2.0,3.0,6,0.0,1,Medium
5.0,4.0,3.0,2.0,1.0,58.0,65.0,4.0,0.712,3,5.0,5.0,5.0,5.0,1.0,1.0,1.0,1.0,1.0,1.0,5,3,8,3.0,4.0,4.0,4.0,5.0,1.0,4.0,4.0,2,0.0,1,High
2.0,2.0,3.0,4.0,,27.0,68.0,2.0,-0.188,2,1.0,1.0,1.0,1.0,2.0,2.0,2.0,2.0,2.0,2.0,2,3,1,2.0,2.0,2.0,2.0,2.0,4.0,4.0,4.0,6,6.0,1,High
4.0,3.0,4.0,2.0,1.0,38.0,51.0,3.0,-0.57,3,4.0,4.0,1.0,4.0,1.0,1.0,1.0,1.0,1.0,1.0,4,4,9,4.0,4.0,4.0,3.0,5.0,2.0,2.0,3.0,2,0.0,0,Medium
5.0,5.0,3.0,2.0,1.0,81.0,81.0,3.0,-0.57,3,5.0,5.0,4.0,5.0,1.0,1.0,1.0,1.0,1.0,1.0,5,2,9,4.0,4.0,4.0,4.0,5.0,2.0,3.0,4.0,4,0.0,1,High
4.0,3.0,4.0,2.0,1.0,43.0,46.0,2.0,0.242,3,4.0,4.0,1.0,5.0,1.0,1.0,1.0,2.0,1.0,1.0,4,3,6,4.0,3.0,3.0,3.0,3.0,2.0,2.0,3.0,5,1.0,0,Medium
5.0,5.0,,,1.0,65.0,69.0,4.0,0.712,3,5.0,5.0,5.0,5.0,1.0,1.0,1.0,1.0,1.0,1.0,4,2,8,4.0,4.0,4.0,4.0,6.0,,,,4,0.0,1,High
3.0,3.0,3.0,2.0,1.0,44.0,53.0,2.0,-0.909,3,4.0,4.0,4.0,4.0,1.0,1.0,1.0,1.0,1.0,1.0,1,4,3,4.0,4.0,4.0,4.0,5.0,2.0,3.0,3.0,3,0.0,0,Medium
5.0,4.0,1.0,8.0,1.0,58.0,60.0,3.0,1.267,3,5.0,4.0,5.0,5.0,1.0,1.0,1.0,1.0,1.0,1.0,3,2,6,4.0,4.0,4.0,4.0,5.0,2.0,3.0,4.0,8,0.0,1,Medium
3.0,3.0,3.0,2.0,1.0,46.0,46.0,3.0,0.242,3,4.0,4.0,2.0,4.0,1.0,1.0,1.0,1.0,1.0,1.0,2,4,3,4.0,4.0,2.0,2.0,3.0,2.0,3.0,3.0,4,0.0,0,Medium
4.0,2.0,5.0,6.0,0.0,41.0,21.0,1.0,-0.188,2,5.0,3.0,1.0,4.0,3.0,2.0,3.0,3.0,3.0,1.0,2,2,2,3.0,3.0,3.0,2.0,3.0,2.0,2.0,1.0,4,5.0,0,Low
4.0,4.0,3.0,7.0,0.0,51.0,40.0,3.0,-0.909,2,4.0,4.0,1.0,1.0,1.0,1.0,1.0,1.0,1.0,1.0,1,3,3,3.0,4.0,3.0,2.0,3.0,2.0,4.0,3.0,3,0.0,0,Low
5.0,4.0,3.0,2.0,1.0,46.0,60.0,4.0,0.242,3,5.0,4.0,5.0,3.0,1.0,1.0,1.0,1.0,1.0,1.0,5,3,8,5.0,5.0,5.0,4.0,2.0,2.0,2.0,4.0,3,0.0,1,Medium
5.0,5.0,3.0,2.0,1.0,42.0,48.0,3.0,-1.713,0,5.0,5.0,5.0,5.0,1.0,1.0,1.0,1.0,1.0,1.0,2,2,6,5.0,5.0,5.0,5.0,6.0,4.0,4.0,4.0,2,0.0,0,Medium
4.0,3.0,5.0,3.0,0.0,44.0,44.0,4.0,0.712,3,5.0,4.0,5.0,3.0,1.0,1.0,2.0,1.0,1.0,1.0,4,4,9,2.0,2.0,2.0,2.0,3.0,2.0,2.0,2.0,2,1.0,0,Medium
2.0,2.0,5.0,2.0,0.0,33.0,29.0,2.0,-1.215,2,2.0,2.0,1.0,1.0,3.0,3.0,3.0,3.0,3.0,2.0,2,2,1,3.0,3.0,3.0,3.0,3.0,2.0,4.0,3.0,2,6.0,0,Low
2.0,2.0,4.0,2.0,1.0,41.0,53.0,3.0,-0.188,3,5.0,3.0,2.0,4.0,1.0,1.0,1.0,1.0,1.0,1.0,3,1,8,4.0,4.0,4.0,4.0,5.0,3.0,3.0,2.0,5,0.0,0,Medium
4.0,3.0,5.0,2.0,0.0,40.0,36.0,3.0,1.267,3,5.0,2.0,5.0,4.0,1.0,1.0,1.0,1.0,1.0,1.0,5,4,8,3.0,4.0,2.0,2.0,4.0,2.0,3.0,3.0,3,0.0,0,Low
5.0,5.0,4.0,2.0,1.0,64.0,57.0,4.0,-0.188,3,5.0,5.0,5.0,5.0,1.0,1.0,2.0,1.0,1.0,1.0,4,3,9,4.0,4.0,5.0,5.0,6.0,2.0,2.0,2.0,2,1.0,1,Medium
5.0,4.0,3.0,1.0,1.0,54.0,58.0,3.0,1.267,3,5.0,4.0,5.0,5.0,1.0,1.0,1.0,1.0,1.0,1.0,3,2,7,4.0,4.0,4.0,4.0,5.0,2.0,3.0,3.0,5,0.0,1,Medium
5.0,2.0,4.0,3.0,0.0,42.0,52.0,2.0,0.712,3,5.0,2.0,2.0,5.0,1.0,1.0,1.0,1.0,1.0,1.0,4,2,7,5.0,4.0,4.0,4.0,4.0,2.0,2.0,3.0,6,0.0,0,Medium
5.0,5.0,5.0,4.0,1.0,75.0,55.0,4.0,-0.188,2,5.0,5.0,4.0,5.0,1.0,1.0,1.0,1.0,1.0,1.0,1,5,3,5.0,4.0,3.0,4.0,5.0,1.0,4.0,4.0,2,0.0,1,Medium
5.0,3.0,3.0,8.0,1.0,27.0,44.0,1.0,-0.57,3,5.0,3.0,4.0,5.0,1.0,1.0,1.0,1.0,1.0,1.0,2,1,2,4.0,2.0,2.0,2.0,1.0,3.0,3.0,2.0,8,0.0,0,Medium
5.0,3.0,3.0,6.0,0.0,39.0,60.0,2.0,-1.215,2,5.0,2.0,3.0,2.0,1.0,1.0,1.0,1.0,1.0,1.0,2,2,3,2.0,2.0,3.0,2.0,2.0,1.0,3.0,3.0,5,0.0,1,Medium
5.0,5.0,2.0,2.0,1.0,73.0,86.0,4.0,0.242,3,5.0,5.0,5.0,4.0,1.0,1.0,1.0,1.0,1.0,1.0,5,3,8,2.0,5.0,5.0,4.0,6.0,1.0,2.0,4.0,2,0.0,1,High
4.0,3.0,4.0,3.0,1.0,50.0,63.0,3.0,1.267,3,5.0,3.0,1.0,3.0,1.0,1.0,1.0,1.0,1.0,1.0,3,2,8,2.0,3.0,2.0,3.0,5.0,2.0,3.0,2.0,6,0.0,1,High
4.0,3.0,3.0,2.0,1.0,39.0,65.0,3.0,-0.188,2,5.0,3.0,2.0,5.0,1.0,1.0,1.0,1.0,1.0,1.0,3,2,8,3.0,3.0,3.0,3.0,3.0,2.0,3.0,3.0,5,0.0,1,High
5.0,4.0,4.0,2.0,1.0,53.0,49.0,4.0,-0.188,3,5.0,4.0,5.0,4.0,1.0,1.0,1.0,2.0,1.0,1.0,3,1,5,4.0,4.0,4.0,4.0,5.0,1.0,3.0,2.0,6,1.0,0,Medium
5.0,5.0,4.0,2.0,1.0,85.0,86.0,4.0,-0.188,2,5.0,5.0,5.0,5.0,1.0,1.0,1.0,1.0,1.0,1.0,5,5,9,3.0,4.0,4.0,4.0,6.0,3.0,3.0,4.0,4,0.0,1,High
3.0,3.0,3.0,2.0,1.0,43.0,49.0,3.0,-0.57,3,5.0,3.0,2.0,4.0,1.0,1.0,2.0,1.0,1.0,1.0,4,1,3,4.0,4.0,4.0,4.0,5.0,3.0,4.0,4.0,2,1.0,0,Medium
5.0,4.0,4.0,2.0,1.0,49.0,63.0,3.0,0.242,2,5.0,4.0,5.0,4.0,1.0,1.0,1.0,1.0,1.0,1.0,4,4,9,3.0,3.0,4.0,2.0,5.0,2.0,3.0,4.0,3,0.0,1,High
5.0,3.0,2.0,8.0,0.0,54.0,69.0,2.0,-0.188,3,5.0,4.0,5.0,5.0,1.0,1.0,1.0,1.0,1.0,1.0,4,3,6,5.0,4.0,2.0,2.0,6.0,2.0,3.0,3.0,8,0.0,1,High
3.0,4.0,4.0,8.0,1.0,49.0,49.0,3.0,-0.57,3,5.0,4.0,1.0,5.0,1.0,1.0,1.0,1.0,1.0,1.0,1,4,2,5.0,4.0,4.0,5.0,3.0,3.0,3.0,3.0,8,0.0,0,Medium
4.0,4.0,2.0,1.0,0.0,51.0,58.0,3.0,0.242,3,5.0,5.0,5.0,5.0,1.0,1.0,1.0,1.0,1.0,1.0,5,4,8,4.0,5.0,4.0,4.0,4.0,2.0,3.0,3.0,5,0.0,1,Medium
4.0,4.0,2.0,2.0,1.0,66.0,77.0,4.0,0.712,3,5.0,5.0,5.0,5.0,1.0,1.0,1.0,1.0,1.0,1.0,4,2,4,4.0,4.0,4.0,4.0,6.0,1.0,4.0,4.0,5,0.0,1,High
2.0,2.0,4.0,2.0,1.0,36.0,40.0,3.0,0.242,3,5.0,3.0,1.0,2.0,2.0,1.0,1.0,2.0,1.0,1.0,3,5,7,4.0,3.0,4.0,3.0,2.0,2.0,3.0,2.0,3,2.0,0,Low
4.0,4.0,2.0,2.0,1.0,56.0,55.0,3.0,0.242,3,5.0,4.0,4.0,5.0,1.0,1.0,1.0,1.0,1.0,1.0,3,2,3,4.0,4.0,3.0,4.0,5.0,2.0,3.0,2.0,2,0.0,1,Medium
5.0,5.0,2.0,8.0,1.0,60.0,86.0,4.0,1.267,3,5.0,5.0,5.0,5.0,1.0,1.0,1.0,1.0,1.0,1.0,4,2,8,4.0,4.0,4.0,4.0,4.0,2.0,3.0,3.0,7,0.0,1,High
3.0,2.0,2.0,3.0,0.0,33.0,24.0,2.0,0.712,3,3.0,2.0,1.0,5.0,1.0,1.0,1.0,1.0,2.0,1.0,3,3,6,2.0,2.0,2.0,2.0,1.0,1.0,3.0,2.0,5,1.0,0,Low
5.0,4.0,3.0,5.0,1.0,61.0,68.0,4.0,-0.188,0,5.0,5.0,5.0,5.0,1.0,1.0,1.0,1.0,1.0,1.0,3,3,7,4.0,4.0,4.0,4.0,5.0,2.0,4.0,4.0,1,0.0,1,High
5.0,5.0,1.0,8.0,1.0,82.0,63.0,4.0,-0.188,3,5.0,5.0,2.0,5.0,1.0,1.0,1.0,1.0,1.0,1.0,3,2,2,5.0,5.0,5.0,5.0,5.0,1.0,3.0,3.0,5,0.0,1,High
5.0,4.0,3.0,2.0,1.0,66.0,76.0,4.0,0.712,3,5.0,5.0,5.0,5.0,1.0,1.0,1.0,1.0,1.0,1.0,4,2,9,5.0,5.0,5.0,5.0,5.0,1.0,4.0,4.0,6,0.0,1,High
3.0,2.0,3.0,7.0,0.0,42.0,39.0,3.0,-0.57,2,4.0,4.0,1.0,5.0,1.0,1.0,1.0,1.0,1.0,1.0,2,2,2,5.0,4.0,4.0,4.0,1.0,2.0,1.0,3.0,5,0.0,0,Low
4.0,4.0,4.0,2.0,1.0,45.0,46.0,4.0,-0.188,3,5.0,5.0,3.0,5.0,1.0,1.0,1.0,1.0,1.0,1.0,2,4,3,4.0,4.0,5.0,4.0,5.0,2.0,4.0,4.0,4,0.0,0,Medium
3.0,4.0,1.0,6.0,0.0,57.0,66.0,3.0,-0.188,2,5.0,5.0,3.0,4.0,1.0,1.0,1.0,1.0,1.0,1.0,2,2,3,4.0,5.0,4.0,4.0,5.0,2.0,3.0,3.0,5,0.0,1,High
4.0,4.0,,,0.0,56.0,56.0,3.0,-1.9,0,4.0,2.0,4.0,2.0,,,,,,,3,3,8,3.0,3.0,3.0,3.0,4.0,,,,5,,1,Medium
5.0,2.0,4.0,2.0,1.0,42.0,57.0,3.0,-0.188,2,5.0,3.0,5.0,4.0,1.0,1.0,1.0,1.0,1.0,1.0,5,1,7,2.0,2.0,2.0,2.0,4.0,2.0,3.0,3.0,2,0.0,1,Medium
5.0,4.0,2.0,2.0,1.0,48.0,60.0,4.0,0.712,3,5.0,4.0,5.0,3.0,1.0,1.0,1.0,1.0,1.0,1.0,4,4,7,4.0,4.0,4.0,4.0,6.0,1.0,4.0,3.0,2,0.0,1,Medium
5.0,5.0,3.0,2.0,1.0,64.0,62.0,4.0,0.242,3,5.0,5.0,5.0,5.0,1.0,1.0,1.0,1.0,1.0,1.0,4,2,7,4.0,4.0,4.0,2.0,6.0,2.0,3.0,3.0,3,0.0,1,High
5.0,5.0,3.0,2.0,1.0,82.0,50.0,4.0,-1.713,1,4.0,4.0,4.0,4.0,1.0,1.0,1.0,1.0,1.0,1.0,1,3,3,3.0,4.0,4.0,4.0,5.0,2.0,4.0,2.0,5,0.0,0,Medium
4.0,4.0,3.0,2.0,1.0,44.0,45.0,3.0,0.242,0,5.0,3.0,2.0,5.0,1.0,1.0,1.0,1.0,1.0,1.0,4,2,7,4.0,4.0,4.0,3.0,6.0,2.0,3.0,3.0,2,0.0,0,Medium
4.0,4.0,4.0,5.0,1.0,49.0,67.0,4.0,-0.57,3,5.0,5.0,5.0,5.0,1.0,1.0,1.0,1.0,1.0,1.0,3,2,5,4.0,3.0,4.0,3.0,6.0,2.0,3.0,4.0,1,0.0,1,High
4.0,3.0,2.0,2.0,1.0,52.0,56.0,3.0,-0.188,3,5.0,3.0,2.0,3.0,1.0,1.0,1.0,1.0,1.0,1.0,4,2,5,4.0,4.0,4.0,3.0,5.0,2.0,3.0,3.0,4,0.0,1,Medium
2.0,2.0,5.0,7.0,0.0,23.0,29.0,2.0,0.242,3,3.0,3.0,1.0,2.0,1.0,1.0,1.0,1.0,1.0,1.0,3,5,4,2.0,2.0,2.0,2.0,1.0,3.0,2.0,2.0,1,0.0,0,Low
5.0,4.0,4.0,1.0,1.0,61.0,63.0,3.0,0.242,3,5.0,5.0,5.0,5.0,1.0,1.0,1.0,1.0,2.0,1.0,4,2,9,2.0,3.0,4.0,4.0,5.0,2.0,3.0,3.0,6,1.0,1,High
4.0,5.0,5.0,5.0,0.0,62.0,50.0,3.0,-0.909,3,5.0,5.0,5.0,5.0,1.0,1.0,1.0,1.0,1.0,1.0,3,3,9,5.0,5.0,5.0,5.0,6.0,3.0,2.0,3.0,1,0.0,0,Medium
4.0,3.0,4.0,2.0,0.0,55.0,64.0,3.0,0.242,3,5.0,5.0,5.0,5.0,1.0,1.0,1.0,1.0,1.0,1.0,3,1,6,4.0,3.0,3.0,2.0,6.0,2.0,3.0,3.0,3,0.0,1,High
4.0,4.0,3.0,2.0,1.0,56.0,55.0,4.0,0.712,3,5.0,3.0,5.0,5.0,1.0,1.0,1.0,1.0,1.0,1.0,4,4,8,5.0,3.0,3.0,2.0,6.0,1.0,2.0,4.0,4,0.0,1,Medium
4.0,4.0,2.0,8.0,0.0,38.0,46.0,2.0,-0.188,3,5.0,2.0,4.0,5.0,1.0,1.0,1.0,1.0,1.0,1.0,2,2,4,4.0,3.0,3.0,4.0,2.0,2.0,2.0,2.0,8,0.0,0,Medium
5.0,4.0,3.0,2.0,1.0,61.0,52.0,4.0,0.242,3,5.0,3.0,4.0,5.0,1.0,1.0,1.0,2.0,1.0,1.0,4,1,2,4.0,4.0,4.0,2.0,4.0,1.0,3.0,4.0,3,1.0,0,Medium
5.0,4.0,4.0,2.0,0.0,57.0,70.0,4.0,-0.57,2,5.0,4.0,1.0,5.0,1.0,1.0,1.0,1.0,1.0,1.0,3,1,1,3.0,4.0,4.0,4.0,6.0,2.0,3.0,4.0,5,0.0,1,High
4.0,4.0,3.0,5.0,1.0,54.0,50.0,4.0,-1.215,1,4.0,3.0,4.0,4.0,1.0,1.0,1.0,1.0,1.0,1.0,3,3,7,4.0,3.0,4.0,3.0,4.0,4.0,3.0,4.0,1,0.0,0,Medium
3.0,4.0,4.0,5.0,0.0,51.0,40.0,4.0,-1.215,2,3.0,3.0,3.0,2.0,2.0,1.0,1.0,2.0,2.0,3.0,2,5,6,3.0,4.0,3.0,3.0,4.0,3.0,2.0,3.0,1,4.0,0,Low
5.0,5.0,3.0,3.0,0.0,56.0,50.0,3.0,-1.713,2,4.0,5.0,2.0,5.0,1.0,2.0,1.0,2.0,2.0,1.0,3,2,1,5.0,5.0,5.0,5.0,4.0,1.0,3.0,3.0,2,3.0,0,Medium
5.0,5.0,4.0,2.0,1.0,62.0,72.0,4.0,-0.188,3,5.0,4.0,5.0,5.0,1.0,1.0,1.0,1.0,1.0,1.0,3,3,8,4.0,3.0,4.0,4.0,5.0,2.0,3.0,3.0,4,0.0,1,High
5.0,5.0,5.0,2.0,1.0,77.0,54.0,3.0,0.712,3,5.0,4.0,5.0,2.0,1.0,1.0,1.0,1.0,1.0,1.0,5,2,9,3.0,5.0,5.0,5.0,5.0,1.0,3.0,4.0,2,0.0,0,Medium
5.0,4.0,3.0,2.0,1.0,50.0,60.0,4.0,1.267,2,5.0,4.0,5.0,5.0,1.0,1.0,1.0,1.0,1.0,1.0,4,3,9,5.0,4.0,5.0,4.0,6.0,2.0,3.0,4.0,3,0.0,1,Medium
5.0,4.0,2.0,8.0,1.0,71.0,62.0,4.0,0.242,2,5.0,5.0,2.0,5.0,1.0,1.0,1.0,1.0,1.0,1.0,2,2,6,5.0,5.0,5.0,5.0,4.0,1.0,3.0,3.0,6,0.0,1,High
5.0,1.0,5.0,6.0,,25.0,14.0,2.0,-0.57,1,5.0,1.0,2.0,5.0,2.0,2.0,1.0,3.0,3.0,2.0,4,1,4,5.0,5.0,5.0,5.0,1.0,4.0,1.0,2.0,5,5.0,0,Low
4.0,4.0,4.0,2.0,1.0,56.0,53.0,3.0,0.242,2,5.0,4.0,2.0,4.0,1.0,1.0,1.0,1.0,1.0,1.0,2,3,6,4.0,4.0,3.0,2.0,5.0,1.0,3.0,3.0,5,0.0,0,Medium
4.0,4.0,3.0,5.0,0.0,56.0,61.0,3.0,-0.188,3,5.0,4.0,1.0,3.0,1.0,1.0,1.0,1.0,1.0,1.0,3,3,8,4.0,3.0,3.0,3.0,5.0,2.0,3.0,3.0,1,0.0,1,High
5.0,,5.0,6.0,,53.0,31.0,,-1.9,1,5.0,,5.0,5.0,1.0,1.0,3.0,,1.0,1.0,3,2,3,3.0,3.0,3.0,3.0,,2.0,3.0,,3,1.0,0,Low
5.0,5.0,5.0,5.0,1.0,54.0,21.0,2.0,-0.188,3,1.0,4.0,1.0,1.0,2.0,1.0,3.0,3.0,3.0,1.0,3,1,5,5.0,3.0,3.0,3.0,1.0,3.0,2.0,3.0,2,4.0,0,Low
3.0,2.0,4.0,2.0,1.0,33.0,55.0,4.0,-0.57,3,4.0,4.0,1.0,3.0,2.0,1.0,1.0,1.0,1.0,1.0,2,5,2,3.0,2.0,2.0,1.0,1.0,3.0,4.0,3.0,3,1.0,1,Medium
5.0,4.0,3.0,2.0,1.0,57.0,56.0,4.0,-0.57,3,5.0,4.0,4.0,4.0,1.0,1.0,1.0,2.0,1.0,1.0,3,3,8,4.0,4.0,4.0,4.0,6.0,1.0,3.0,4.0,4,1.0,1,Medium
3.0,3.0,4.0,2.0,1.0,22.0,33.0,2.0,0.242,2,4.0,3.0,1.0,3.0,1.0,1.0,2.0,1.0,1.0,1.0,2,3,3,3.0,4.0,4.0,4.0,6.0,2.0,2.0,3.0,4,1.0,0,Low
5.0,4.0,3.0,8.0,0.0,59.0,78.0,4.0,0.712,2,5.0,3.0,4.0,3.0,1.0,1.0,1.0,1.0,1.0,1.0,5,1,9,3.0,3.0,3.0,3.0,5.0,3.0,3.0,3.0,7,0.0,1,High
5.0,4.0,3.0,2.0,1.0,42.0,56.0,4.0,-0.909,3,5.0,4.0,3.0,3.0,1.0,1.0,1.0,1.0,1.0,1.0,3,4,2,4.0,3.0,3.0,3.0,5.0,2.0,3.0,3.0,3,0.0,1,Medium
5.0,4.0,2.0,2.0,1.0,54.0,77.0,4.0,1.267,3,5.0,4.0,5.0,5.0,1.0,1.0,1.0,1.0,1.0,1.0,4,2,8,2.0,4.0,3.0,3.0,6.0,1.0,3.0,4.0,4,0.0,1,High
3.0,4.0,4.0,2.0,1.0,67.0,47.0,3.0,-1.713,1,5.0,3.0,5.0,4.0,3.0,2.0,1.0,2.0,2.0,1.0,1,2,1,4.0,2.0,3.0,4.0,2.0,2.0,3.0,4.0,2,4.0,0,Medium
4.0,3.0,3.0,7.0,0.0,51.0,49.0,2.0,-0.57,3,3.0,3.0,2.0,4.0,2.0,2.0,1.0,1.0,1.0,2.0,2,5,2,3.0,3.0,4.0,3.0,3.0,2.0,2.0,3.0,3,3.0,0,Medium
5.0,3.0,4.0,2.0,0.0,40.0,55.0,3.0,-1.485,0,5.0,3.0,1.0,2.0,1.0,1.0,1.0,1.0,1.0,1.0,2,5,5,3.0,3.0,3.0,3.0,3.0,,,3.0,3,0.0,1,Medium
5.0,4.0,4.0,2.0,1.0,45.0,57.0,4.0,1.267,3,5.0,4.0,3.0,1.0,1.0,1.0,1.0,1.0,1.0,1.0,3,2,8,3.0,4.0,4.0,4.0,4.0,2.0,3.0,3.0,6,0.0,1,Medium
3.0,3.0,3.0,2.0,1.0,46.0,43.0,3.0,-0.188,3,5.0,3.0,1.0,3.0,2.0,1.0,2.0,2.0,1.0,1.0,4,2,6,3.0,4.0,4.0,3.0,5.0,1.0,3.0,2.0,2,3.0,0,Low
4.0,3.0,4.0,2.0,0.0,47.0,55.0,3.0,0.712,3,5.0,3.0,4.0,5.0,1.0,1.0,1.0,1.0,1.0,1.0,4,1,2,5.0,4.0,4.0,2.0,5.0,2.0,3.0,3.0,2,0.0,1,Medium
5.0,4.0,1.0,8.0,0.0,77.0,84.0,4.0,0.712,3,5.0,5.0,5.0,5.0,1.0,1.0,1.0,1.0,1.0,1.0,4,2,9,1.0,2.0,4.0,3.0,6.0,1.0,3.0,3.0,8,0.0,1,High
4.0,3.0,5.0,2.0,1.0,48.0,46.0,3.0,0.242,3,5.0,4.0,3.0,5.0,1.0,1.0,1.0,1.0,1.0,1.0,2,3,5,4.0,4.0,4.0,3.0,4.0,2.0,3.0,3.0,4,0.0,0,Medium
3.0,4.0,2.0,2.0,0.0,40.0,52.0,3.0,0.242,3,3.0,4.0,2.0,3.0,2.0,2.0,3.0,2.0,2.0,1.0,5,3,7,2.0,3.0,4.0,3.0,,2.0,3.0,3.0,4,5.0,0,Medium
3.0,2.0,5.0,3.0,1.0,53.0,27.0,2.0,1.267,3,4.0,3.0,1.0,5.0,1.0,1.0,1.0,2.0,2.0,2.0,3,2,4,4.0,3.0,3.0,3.0,3.0,1.0,3.0,3.0,2,3.0,0,Low
5.0,4.0,4.0,8.0,0.0,57.0,58.0,4.0,1.267,3,5.0,4.0,5.0,5.0,1.0,1.0,1.0,1.0,1.0,1.0,3,2,6,2.0,4.0,4.0,4.0,2.0,1.0,2.0,3.0,7,0.0,1,Medium
4.0,4.0,3.0,2.0,1.0,48.0,60.0,3.0,-0.57,1,5.0,4.0,3.0,5.0,1.0,1.0,1.0,1.0,1.0,1.0,3,2,8,4.0,4.0,3.0,3.0,4.0,1.0,3.0,3.0,6,0.0,1,Medium
4.0,4.0,3.0,1.0,1.0,52.0,54.0,3.0,-0.909,2,5.0,3.0,3.0,5.0,1.0,1.0,1.0,1.0,1.0,1.0,4,1,8,4.0,4.0,4.0,3.0,4.0,1.0,2.0,4.0,4,0.0,0,Medium
5.0,3.0,5.0,5.0,0.0,44.0,43.0,3.0,-0.57,3,5.0,4.0,5.0,2.0,1.0,1.0,1.0,1.0,1.0,1.0,3,3,6,2.0,3.0,3.0,3.0,5.0,2.0,1.0,3.0,1,0.0,0,Low
5.0,3.0,5.0,2.0,1.0,78.0,31.0,2.0,0.242,3,5.0,4.0,1.0,5.0,1.0,1.0,1.0,1.0,2.0,1.0,3,5,6,4.0,4.0,4.0,4.0,4.0,2.0,3.0,3.0,3,1.0,0,Low
4.0,4.0,4.0,8.0,1.0,53.0,53.0,3.0,-0.57,2,5.0,1.0,5.0,5.0,1.0,1.0,1.0,1.0,1.0,1.0,2,2,5,1.0,1.0,4.0,1.0,6.0,1.0,4.0,4.0,6,0.0,0,Medium
4.0,4.0,4.0,5.0,1.0,50.0,48.0,3.0,0.712,3,5.0,5.0,5.0,4.0,1.0,1.0,1.0,2.0,1.0,1.0,5,3,8,4.0,3.0,4.0,3.0,5.0,2.0,3.0,3.0,2,1.0,0,Medium
5.0,4.0,4.0,2.0,1.0,53.0,58.0,4.0,0.242,3,4.0,4.0,1.0,3.0,1.0,1.0,1.0,1.0,1.0,1.0,5,2,5,4.0,4.0,4.0,3.0,5.0,1.0,3.0,3.0,2,0.0,1,Medium
3.0,3.0,4.0,2.0,0.0,43.0,33.0,2.0,1.267,3,3.0,2.0,1.0,3.0,1.0,1.0,1.0,1.0,1.0,1.0,3,4,8,2.0,4.0,4.0,4.0,4.0,2.0,2.0,3.0,3,0.0,0,Low
4.0,3.0,5.0,8.0,0.0,53.0,58.0,2.0,1.267,3,5.0,5.0,5.0,5.0,1.0,1.0,1.0,1.0,1.0,1.0,2,2,7,4.0,3.0,4.0,2.0,2.0,1.0,4.0,3.0,8,0.0,1,Medium
4.0,4.0,5.0,5.0,1.0,42.0,48.0,3.0,-0.188,3,5.0,4.0,4.0,5.0,1.0,1.0,1.0,2.0,1.0,1.0,3,4,5,4.0,4.0,4.0,3.0,5.0,2.0,2.0,3.0,1,1.0,0,Medium
5.0,5.0,5.0,2.0,1.0,81.0,86.0,4.0,-0.188,3,5.0,4.0,4.0,5.0,1.0,1.0,1.0,1.0,1.0,1.0,2,3,8,4.0,5.0,4.0,2.0,5.0,1.0,3.0,4.0,4,0.0,1,High
4.0,3.0,3.0,3.0,1.0,40.0,48.0,3.0,-1.215,1,4.0,3.0,1.0,5.0,1.0,1.0,1.0,1.0,1.0,1.0,3,1,1,5.0,4.0,4.0,4.0,1.0,2.0,3.0,3.0,6,0.0,0,Medium
5.0,4.0,2.0,3.0,1.0,53.0,66.0,3.0,1.267,2,5.0,5.0,5.0,5.0,1.0,1.0,1.0,1.0,1.0,1.0,4,2,8,5.0,4.0,4.0,4.0,6.0,3.0,3.0,3.0,6,0.0,1,High
5.0,2.0,3.0,2.0,1.0,49.0,35.0,2.0,0.242,3,5.0,3.0,2.0,3.0,2.0,2.0,1.0,2.0,2.0,1.0,3,4,4,3.0,4.0,3.0,3.0,5.0,2.0,3.0,3.0,2,4.0,0,Low
5.0,4.0,3.0,2.0,1.0,82.0,66.0,4.0,0.712,3,5.0,4.0,5.0,5.0,1.0,1.0,1.0,1.0,1.0,1.0,4,5,9,2.0,5.0,4.0,2.0,3.0,1.0,4.0,4.0,2,0.0,1,High
5.0,2.0,5.0,3.0,1.0,62.0,24.0,2.0,0.242,3,4.0,2.0,1.0,2.0,1.0,1.0,1.0,2.0,2.0,1.0,4,2,6,5.0,5.0,5.0,5.0,6.0,1.0,3.0,3.0,2,2.0,0,Low
4.0,3.0,4.0,2.0,1.0,41.0,57.0,3.0,0.242,3,4.0,3.0,3.0,4.0,1.0,1.0,1.0,1.0,1.0,1.0,5,1,9,4.0,4.0,3.0,4.0,3.0,2.0,2.0,3.0,4,0.0,1,Medium
4.0,4.0,4.0,7.0,1.0,44.0,49.0,3.0,-0.188,3,4.0,4.0,3.0,5.0,1.0,1.0,1.0,1.0,1.0,1.0,2,3,6,5.0,4.0,4.0,4.0,4.0,2.0,3.0,3.0,4,0.0,0,Medium
5.0,3.0,5.0,6.0,0.0,43.0,35.0,3.0,-0.188,2,2.0,4.0,1.0,5.0,3.0,2.0,1.0,1.0,1.0,1.0,1,1,1,5.0,4.0,2.0,2.0,2.0,3.0,2.0,2.0,4,2.0,0,Low
5.0,4.0,4.0,2.0,1.0,48.0,68.0,4.0,-0.188,3,5.0,4.0,5.0,5.0,1.0,1.0,1.0,1.0,1.0,1.0,3,5,6,5.0,4.0,4.0,4.0,6.0,1.0,3.0,3.0,2,0.0,1,High
3.0,4.0,4.0,2.0,1.0,59.0,66.0,3.0,0.242,2,5.0,4.0,5.0,5.0,1.0,1.0,1.0,1.0,1.0,1.0,4,4,9,5.0,3.0,4.0,4.0,5.0,1.0,3.0,3.0,3,0.0,1,High
5.0,3.0,1.0,8.0,1.0,44.0,89.0,3.0,0.712,3,5.0,4.0,4.0,5.0,1.0,1.0,1.0,1.0,1.0,1.0,3,1,8,4.0,3.0,3.0,3.0,1.0,2.0,2.0,3.0,7,0.0,1,High
5.0,4.0,2.0,8.0,1.0,50.0,56.0,3.0,-0.909,2,5.0,5.0,5.0,5.0,1.0,1.0,1.0,1.0,1.0,1.0,1,2,3,5.0,5.0,4.0,4.0,6.0,2.0,3.0,3.0,7,0.0,1,Medium
5.0,5.0,4.0,2.0,1.0,54.0,67.0,4.0,0.242,3,5.0,5.0,5.0,4.0,1.0,1.0,1.0,1.0,1.0,1.0,5,5,7,5.0,5.0,5.0,5.0,6.0,2.0,3.0,3.0,6,0.0,1,High
5.0,3.0,4.0,4.0,1.0,44.0,48.0,3.0,-0.57,2,5.0,4.0,5.0,5.0,1.0,1.0,1.0,2.0,1.0,1.0,2,4,5,3.0,3.0,3.0,3.0,6.0,2.0,3.0,3.0,3,1.0,0,Medium
5.0,5.0,3.0,8.0,,77.0,62.0,4.0,-1.215,2,5.0,5.0,5.0,5.0,1.0,1.0,1.0,1.0,1.0,1.0,2,3,1,5.0,5.0,5.0,4.0,6.0,4.0,4.0,4.0,6,0.0,1,High
5.0,3.0,3.0,1.0,1.0,54.0,59.0,3.0,-0.57,3,5.0,4.0,4.0,5.0,1.0,1.0,1.0,1.0,1.0,1.0,4,4,8,5.0,4.0,4.0,3.0,5.0,1.0,2.0,3.0,5,0.0,1,Medium
5.0,3.0,4.0,4.0,1.0,44.0,54.0,3.0,-0.188,2,5.0,3.0,4.0,5.0,1.0,1.0,2.0,1.0,2.0,1.0,3,2,7,5.0,4.0,4.0,4.0,5.0,1.0,2.0,3.0,4,2.0,0,Medium
5.0,3.0,2.0,2.0,1.0,52.0,44.0,3.0,0.712,3,5.0,3.0,5.0,5.0,1.0,1.0,1.0,1.0,1.0,1.0,4,4,6,5.0,4.0,4.0,4.0,1.0,2.0,4.0,4.0,5,0.0,0,Medium
5.0,4.0,3.0,3.0,1.0,55.0,53.0,3.0,0.712,3,5.0,5.0,5.0,5.0,1.0,1.0,1.0,1.0,1.0,1.0,5,2,9,5.0,5.0,5.0,5.0,4.0,2.0,3.0,3.0,5,0.0,0,Medium
3.0,2.0,4.0,3.0,0.0,44.0,40.0,3.0,-0.57,1,4.0,3.0,1.0,2.0,2.0,2.0,3.0,1.0,1.0,2.0,3,1,1,4.0,4.0,3.0,2.0,4.0,2.0,2.0,2.0,2,4.0,0,Low
5.0,5.0,4.0,3.0,1.0,63.0,81.0,4.0,1.267,3,5.0,5.0,5.0,3.0,1.0,1.0,1.0,1.0,1.0,1.0,4,4,9,2.0,4.0,5.0,3.0,6.0,1.0,3.0,3.0,4,0.0,1,High
5.0,4.0,4.0,2.0,1.0,61.0,56.0,3.0,0.242,3,5.0,4.0,2.0,4.0,1.0,1.0,1.0,1.0,1.0,1.0,5,3,8,4.0,4.0,4.0,4.0,4.0,2.0,3.0,3.0,2,0.0,1,Medium
4.0,3.0,3.0,2.0,1.0,46.0,56.0,3.0,-1.215,1,3.0,3.0,4.0,3.0,1.0,1.0,1.0,1.0,1.0,1.0,1,4,3,4.0,4.0,4.0,2.0,4.0,2.0,3.0,3.0,3,0.0,1,Medium
5.0,5.0,5.0,8.0,1.0,58.0,57.0,4.0,0.712,3,5.0,4.0,1.0,5.0,1.0,1.0,1.0,1.0,1.0,1.0,3,4,7,4.0,3.0,4.0,4.0,6.0,2.0,2.0,3.0,6,0.0,1,Medium
4.0,4.0,2.0,8.0,1.0,54.0,69.0,3.0,-1.215,2,5.0,5.0,5.0,5.0,1.0,1.0,1.0,1.0,1.0,1.0,4,2,8,4.0,4.0,4.0,4.0,6.0,1.0,3.0,3.0,7,0.0,1,High
5.0,4.0,3.0,2.0,1.0,60.0,62.0,4.0,0.712,2,5.0,3.0,5.0,3.0,1.0,1.0,1.0,1.0,1.0,1.0,3,3,8,2.0,3.0,3.0,2.0,5.0,1.0,2.0,3.0,3,0.0,1,High
5.0,3.0,2.0,2.0,0.0,51.0,75.0,4.0,0.712,3,5.0,4.0,2.0,4.0,1.0,1.0,1.0,1.0,1.0,1.0,3,2,8,5.0,4.0,3.0,4.0,5.0,2.0,2.0,3.0,5,0.0,1,High
5.0,4.0,4.0,8.0,0.0,53.0,95.0,4.0,1.267,3,5.0,5.0,5.0,5.0,1.0,1.0,1.0,1.0,1.0,1.0,4,2,7,1.0,1.0,1.0,3.0,4.0,2.0,3.0,3.0,8,0.0,1,High
5.0,5.0,3.0,3.0,1.0,40.0,75.0,3.0,-0.57,3,5.0,4.0,1.0,5.0,1.0,1.0,1.0,1.0,1.0,1.0,1,3,3,4.0,4.0,4.0,1.0,4.0,1.0,1.0,3.0,4,0.0,1,High
1.0,3.0,1.0,7.0,1.0,43.0,49.0,3.0,-0.909,3,4.0,3.0,1.0,4.0,1.0,1.0,1.0,2.0,1.0,1.0,2,1,1,2.0,4.0,4.0,4.0,4.0,3.0,2.0,3.0,3,1.0,0,Medium
3.0,4.0,5.0,2.0,1.0,36.0,58.0,3.0,-1.485,0,4.0,2.0,2.0,3.0,3.0,2.0,1.0,2.0,3.0,1.0,2,2,7,3.0,1.0,2.0,2.0,3.0,3.0,2.0,2.0,3,4.0,1,Medium
5.0,4.0,1.0,2.0,1.0,85.0,72.0,3.0,0.242,3,5.0,5.0,2.0,5.0,1.0,1.0,1.0,1.0,1.0,1.0,5,4,7,5.0,4.0,4.0,2.0,3.0,2.0,3.0,3.0,5,0.0,1,High
3.0,3.0,4.0,2.0,1.0,42.0,47.0,3.0,-1.215,3,3.0,3.0,3.0,3.0,2.0,2.0,2.0,2.0,2.0,2.0,4,4,7,3.0,3.0,4.0,4.0,4.0,2.0,2.0,2.0,3,6.0,0,Medium
4.0,3.0,3.0,2.0,1.0,51.0,59.0,3.0,0.242,3,5.0,3.0,5.0,5.0,1.0,1.0,1.0,1.0,1.0,1.0,4,1,4,4.0,2.0,4.0,2.0,4.0,2.0,2.0,3.0,2,0.0,1,Medium
4.0,4.0,4.0,2.0,1.0,43.0,44.0,3.0,0.712,3,5.0,4.0,4.0,4.0,1.0,1.0,1.0,1.0,1.0,1.0,4,2,5,4.0,4.0,4.0,3.0,4.0,3.0,2.0,3.0,4,0.0,0,Medium
5.0,5.0,4.0,8.0,1.0,59.0,55.0,4.0,-0.909,2,5.0,5.0,3.0,5.0,1.0,1.0,1.0,1.0,2.0,1.0,3,5,1,5.0,4.0,4.0,4.0,6.0,3.0,3.0,3.0,6,1.0,1,Medium
4.0,3.0,3.0,1.0,1.0,44.0,71.0,3.0,-0.909,3,5.0,4.0,1.0,5.0,1.0,1.0,1.0,1.0,1.0,1.0,1,5,1,5.0,4.0,4.0,3.0,4.0,2.0,3.0,3.0,3,0.0,1,High
5.0,4.0,5.0,3.0,1.0,58.0,50.0,4.0,-0.57,3,5.0,4.0,1.0,4.0,2.0,2.0,1.0,1.0,2.0,1.0,3,2,1,4.0,5.0,5.0,3.0,6.0,1.0,4.0,4.0,4,3.0,0,Medium
3.0,2.0,5.0,6.0,0.0,45.0,46.0,3.0,-0.57,3,5.0,4.0,1.0,5.0,1.0,1.0,1.0,1.0,1.0,1.0,2,2,5,4.0,4.0,4.0,3.0,4.0,3.0,3.0,3.0,6,0.0,0,Medium
4.0,3.0,4.0,2.0,1.0,48.0,49.0,3.0,-0.909,2,4.0,3.0,2.0,3.0,1.0,1.0,1.0,1.0,1.0,1.0,2,4,3,4.0,4.0,4.0,3.0,4.0,2.0,2.0,2.0,2,0.0,0,Medium
5.0,3.0,4.0,8.0,0.0,39.0,62.0,1.0,-0.57,3,5.0,2.0,1.0,5.0,1.0,1.0,1.0,1.0,2.0,1.0,2,2,3,5.0,2.0,2.0,3.0,4.0,2.0,2.0,2.0,8,1.0,1,High
5.0,3.0,2.0,,1.0,45.0,64.0,4.0,0.712,3,5.0,4.0,5.0,5.0,1.0,1.0,1.0,1.0,1.0,1.0,4,5,6,4.0,4.0,4.0,4.0,4.0,3.0,3.0,3.0,2,0.0,1,High
3.0,3.0,3.0,,0.0,44.0,47.0,3.0,-1.713,2,3.0,3.0,3.0,4.0,1.0,3.0,2.0,2.0,1.0,2.0,4,2,1,3.0,3.0,4.0,3.0,4.0,1.0,3.0,4.0,2,4.0,0,Medium
5.0,4.0,3.0,2.0,1.0,53.0,63.0,3.0,0.712,3,5.0,4.0,5.0,5.0,1.0,1.0,1.0,1.0,1.0,1.0,3,4,8,5.0,5.0,4.0,4.0,6.0,2.0,3.0,3.0,5,0.0,1,High
4.0,3.0,4.0,2.0,1.0,45.0,44.0,3.0,-0.188,3,5.0,3.0,2.0,5.0,2.0,2.0,1.0,1.0,1.0,1.0,4,4,7,3.0,3.0,5.0,4.0,4.0,2.0,2.0,3.0,5,2.0,0,Medium
4.0,4.0,2.0,8.0,0.0,56.0,65.0,4.0,0.242,1,5.0,5.0,5.0,5.0,1.0,1.0,1.0,1.0,1.0,1.0,1,2,3,4.0,4.0,4.0,4.0,6.0,1.0,4.0,4.0,7,0.0,1,High
3.0,3.0,4.0,2.0,,50.0,45.0,4.0,-0.57,3,4.0,5.0,3.0,4.0,1.0,1.0,1.0,2.0,1.0,2.0,3,2,3,4.0,4.0,4.0,2.0,6.0,3.0,3.0,3.0,4,2.0,0,Medium
5.0,5.0,2.0,8.0,0.0,65.0,57.0,4.0,-0.909,2,5.0,5.0,5.0,5.0,1.0,1.0,1.0,1.0,1.0,1.0,2,2,4,4.0,5.0,5.0,4.0,6.0,2.0,3.0,4.0,8,0.0,1,Medium
3.0,2.0,4.0,2.0,1.0,35.0,58.0,3.0,0.712,3,4.0,1.0,1.0,1.0,1.0,1.0,1.0,1.0,1.0,1.0,3,2,7,2.0,2.0,2.0,2.0,3.0,3.0,2.0,2.0,4,0.0,1,Medium
3.0,3.0,4.0,1.0,0.0,24.0,49.0,1.0,-0.909,1,1.0,2.0,1.0,1.0,1.0,2.0,1.0,2.0,1.0,2.0,3,5,1,2.0,2.0,2.0,3.0,2.0,2.0,2.0,2.0,1,3.0,0,Medium
4.0,4.0,4.0,2.0,1.0,49.0,62.0,3.0,0.712,3,5.0,4.0,5.0,2.0,1.0,1.0,1.0,1.0,1.0,1.0,4,5,9,2.0,2.0,4.0,3.0,2.0,3.0,3.0,3.0,4,0.0,1,High
3.0,3.0,4.0,1.0,1.0,48.0,48.0,3.0,-0.57,2,5.0,3.0,2.0,4.0,2.0,2.0,1.0,1.0,1.0,2.0,3,5,2,4.0,4.0,4.0,3.0,3.0,2.0,4.0,4.0,2,3.0,0,Medium
5.0,4.0,4.0,1.0,1.0,79.0,78.0,4.0,0.712,3,5.0,5.0,4.0,4.0,1.0,1.0,1.0,1.0,1.0,1.0,5,2,9,5.0,5.0,5.0,5.0,6.0,2.0,3.0,3.0,4,0.0,1,High
4.0,4.0,3.0,7.0,0.0,42.0,56.0,3.0,-0.57,2,5.0,1.0,1.0,5.0,1.0,1.0,1.0,1.0,1.0,1.0,1,3,3,3.0,3.0,3.0,3.0,3.0,2.0,3.0,3.0,3,0.0,1,Medium
5.0,4.0,3.0,2.0,1.0,53.0,65.0,3.0,0.242,3,5.0,3.0,3.0,4.0,1.0,1.0,1.0,1.0,1.0,1.0,5,1,8,4.0,3.0,4.0,4.0,6.0,2.0,2.0,3.0,3,0.0,1,High
4.0,3.0,4.0,5.0,1.0,47.0,59.0,4.0,-0.188,3,1.0,4.0,1.0,3.0,1.0,1.0,1.0,1.0,1.0,1.0,2,2,8,4.0,4.0,4.0,3.0,5.0,3.0,4.0,4.0,1,0.0,1,Medium
5.0,4.0,4.0,4.0,1.0,73.0,50.0,4.0,-0.57,3,5.0,3.0,2.0,5.0,1.0,1.0,1.0,2.0,1.0,1.0,4,2,7,2.0,3.0,5.0,3.0,6.0,3.0,2.0,4.0,2,1.0,0,Medium
3.0,3.0,4.0,8.0,0.0,49.0,53.0,3.0,-0.188,3,5.0,4.0,5.0,4.0,1.0,1.0,1.0,1.0,1.0,1.0,5,3,3,4.0,4.0,4.0,3.0,5.0,3.0,3.0,3.0,8,0.0,0,Medium
4.0,4.0,2.0,2.0,1.0,63.0,60.0,3.0,-1.485,2,3.0,4.0,3.0,5.0,2.0,3.0,3.0,2.0,2.0,3.0,2,2,1,4.0,3.0,4.0,4.0,5.0,4.0,4.0,4.0,2,6.0,1,Medium
5.0,4.0,5.0,,0.0,79.0,48.0,4.0,-1.485,1,5.0,4.0,5.0,5.0,1.0,2.0,2.0,1.0,1.0,1.0,2,1,2,5.0,5.0,5.0,5.0,6.0,4.0,4.0,4.0,4,2.0,0,Medium
3.0,4.0,4.0,2.0,1.0,49.0,59.0,3.0,0.712,3,5.0,4.0,5.0,5.0,1.0,1.0,1.0,1.0,1.0,1.0,5,5,7,4.0,4.0,3.0,3.0,5.0,2.0,3.0,3.0,3,0.0,1,Medium
5.0,3.0,4.0,2.0,1.0,46.0,54.0,3.0,-0.188,3,5.0,2.0,4.0,5.0,1.0,1.0,1.0,1.0,1.0,1.0,4,2,8,5.0,2.0,5.0,1.0,4.0,1.0,2.0,3.0,2,0.0,0,Medium
4.0,4.0,3.0,5.0,0.0,60.0,39.0,3.0,-1.215,1,4.0,4.0,2.0,4.0,2.0,2.0,2.0,2.0,2.0,2.0,1,2,1,5.0,5.0,5.0,5.0,4.0,1.0,3.0,3.0,2,6.0,0,Low
5.0,4.0,2.0,2.0,1.0,41.0,35.0,3.0,0.242,3,5.0,2.0,5.0,5.0,1.0,1.0,1.0,1.0,2.0,1.0,3,4,8,2.0,2.0,5.0,2.0,4.0,2.0,3.0,3.0,2,1.0,0,Low
5.0,5.0,3.0,8.0,1.0,65.0,65.0,4.0,1.267,3,5.0,5.0,5.0,5.0,1.0,1.0,1.0,1.0,1.0,1.0,5,1,9,5.0,5.0,3.0,3.0,6.0,1.0,4.0,4.0,7,0.0,1,High
3.0,3.0,5.0,6.0,0.0,45.0,41.0,3.0,-0.188,3,4.0,2.0,1.0,3.0,2.0,2.0,2.0,2.0,2.0,2.0,3,1,1,3.0,3.0,3.0,3.0,4.0,4.0,2.0,2.0,2,6.0,0,Low
5.0,5.0,3.0,4.0,1.0,63.0,50.0,4.0,-0.57,3,5.0,5.0,2.0,5.0,2.0,2.0,1.0,1.0,1.0,1.0,3,5,3,5.0,5.0,5.0,5.0,4.0,1.0,4.0,3.0,2,2.0,0,Medium
5.0,3.0,4.0,4.0,1.0,48.0,50.0,2.0,0.712,3,4.0,5.0,5.0,4.0,1.0,1.0,1.0,2.0,1.0,1.0,4,5,7,2.0,2.0,2.0,2.0,4.0,2.0,4.0,3.0,5,1.0,0,Medium
4.0,4.0,2.0,8.0,1.0,50.0,60.0,3.0,0.242,3,5.0,4.0,5.0,4.0,1.0,1.0,1.0,1.0,1.0,1.0,3,2,6,4.0,4.0,4.0,4.0,6.0,1.0,4.0,2.0,6,0.0,1,Medium
5.0,5.0,,,1.0,69.0,36.0,,-1.215,1,4.0,4.0,5.0,4.0,1.0,1.0,1.0,1.0,1.0,1.0,5,4,9,5.0,5.0,4.0,4.0,5.0,,,,2,0.0,0,Low
4.0,2.0,4.0,5.0,1.0,36.0,45.0,3.0,0.242,2,5.0,3.0,1.0,4.0,1.0,1.0,1.0,1.0,2.0,1.0,3,2,6,4.0,4.0,3.0,2.0,1.0,2.0,2.0,3.0,2,1.0,0,Medium
4.0,3.0,4.0,8.0,1.0,45.0,54.0,3.0,-0.188,3,4.0,3.0,2.0,4.0,1.0,1.0,1.0,1.0,1.0,1.0,4,2,7,4.0,4.0,3.0,4.0,4.0,1.0,3.0,3.0,8,0.0,0,Medium
2.0,2.0,2.0,4.0,0.0,31.0,55.0,2.0,0.242,3,3.0,3.0,1.0,3.0,1.0,1.0,1.0,1.0,1.0,1.0,1,4,3,3.0,3.0,3.0,3.0,4.0,3.0,3.0,3.0,2,0.0,1,Medium
5.0,4.0,2.0,2.0,1.0,68.0,51.0,3.0,0.712,3,5.0,3.0,3.0,4.0,1.0,1.0,1.0,2.0,2.0,1.0,4,2,8,4.0,4.0,4.0,3.0,4.0,2.0,2.0,3.0,2,2.0,0,Medium
4.0,3.0,4.0,2.0,1.0,43.0,30.0,2.0,-0.188,3,3.0,1.0,1.0,5.0,2.0,2.0,1.0,1.0,1.0,1.0,2,2,8,5.0,4.0,5.0,3.0,2.0,2.0,4.0,3.0,4,2.0,0,Low
4.0,4.0,3.0,8.0,1.0,60.0,69.0,3.0,0.242,3,5.0,5.0,1.0,5.0,1.0,1.0,1.0,1.0,1.0,1.0,5,2,8,5.0,4.0,5.0,5.0,6.0,2.0,3.0,3.0,6,0.0,1,High
4.0,2.0,4.0,2.0,1.0,27.0,63.0,2.0,-0.188,2,4.0,3.0,3.0,2.0,1.0,1.0,1.0,1.0,1.0,1.0,5,1,6,2.0,4.0,4.0,2.0,2.0,3.0,3.0,3.0,3,0.0,1,High
4.0,5.0,4.0,4.0,0.0,46.0,41.0,3.0,-0.909,1,4.0,5.0,3.0,2.0,1.0,2.0,3.0,1.0,2.0,3.0,1,3,1,1.0,3.0,5.0,4.0,5.0,2.0,3.0,4.0,2,4.0,0,Low
4.0,4.0,5.0,3.0,0.0,56.0,40.0,4.0,0.712,3,5.0,4.0,5.0,4.0,1.0,1.0,1.0,1.0,1.0,1.0,5,1,5,4.0,4.0,4.0,3.0,1.0,2.0,2.0,3.0,2,0.0,0,Low
3.0,1.0,3.0,4.0,1.0,76.0,30.0,3.0,-0.57,2,3.0,1.0,1.0,5.0,3.0,3.0,3.0,2.0,3.0,1.0,3,1,2,5.0,3.0,5.0,3.0,1.0,1.0,3.0,4.0,4,5.0,0,Low
4.0,3.0,2.0,8.0,0.0,43.0,60.0,3.0,0.242,3,5.0,3.0,5.0,2.0,1.0,1.0,1.0,1.0,1.0,1.0,2,1,2,4.0,3.0,3.0,2.0,6.0,3.0,2.0,3.0,6,0.0,1,Medium
4.0,3.0,3.0,2.0,0.0,44.0,49.0,3.0,0.242,3,5.0,2.0,1.0,2.0,1.0,1.0,1.0,1.0,2.0,1.0,4,2,7,4.0,3.0,3.0,3.0,3.0,2.0,3.0,4.0,4,1.0,0,Medium
5.0,4.0,3.0,2.0,1.0,69.0,56.0,4.0,-0.57,3,5.0,4.0,5.0,4.0,1.0,1.0,1.0,1.0,1.0,1.0,5,2,8,3.0,4.0,5.0,4.0,5.0,2.0,4.0,4.0,2,0.0,1,Medium
3.0,3.0,3.0,1.0,1.0,46.0,42.0,3.0,-0.57,0,2.0,3.0,3.0,2.0,2.0,3.0,2.0,3.0,2.0,2.0,4,2,9,3.0,3.0,3.0,4.0,4.0,3.0,3.0,3.0,2,6.0,0,Low
4.0,4.0,2.0,8.0,1.0,50.0,61.0,4.0,0.712,3,5.0,4.0,5.0,5.0,1.0,1.0,1.0,1.0,2.0,1.0,4,2,8,3.0,3.0,4.0,3.0,5.0,2.0,3.0,3.0,6,1.0,1,High
3.0,3.0,4.0,4.0,1.0,49.0,30.0,2.0,-1.215,3,3.0,3.0,1.0,4.0,3.0,3.0,1.0,2.0,2.0,1.0,1,2,1,3.0,4.0,4.0,2.0,2.0,1.0,2.0,2.0,6,4.0,0,Low
5.0,1.0,4.0,2.0,1.0,36.0,28.0,1.0,0.242,2,4.0,1.0,1.0,1.0,2.0,1.0,1.0,1.0,1.0,1.0,2,5,7,4.0,2.0,4.0,4.0,5.0,2.0,3.0,3.0,4,1.0,0,Low
5.0,4.0,4.0,2.0,1.0,53.0,61.0,3.0,0.712,3,5.0,5.0,5.0,5.0,1.0,1.0,1.0,1.0,1.0,1.0,4,1,8,5.0,4.0,4.0,4.0,6.0,2.0,3.0,3.0,4,0.0,1,High
5.0,5.0,4.0,8.0,0.0,79.0,34.0,4.0,0.712,3,5.0,5.0,5.0,5.0,1.0,1.0,1.0,1.0,1.0,1.0,5,1,7,1.0,1.0,1.0,1.0,1.0,1.0,4.0,4.0,6,0.0,0,Low
3.0,2.0,3.0,8.0,0.0,44.0,48.0,2.0,0.712,3,3.0,4.0,1.0,4.0,1.0,1.0,1.0,1.0,1.0,1.0,5,2,8,4.0,3.0,3.0,3.0,2.0,2.0,2.0,3.0,7,0.0,0,Medium
5.0,4.0,4.0,8.0,1.0,61.0,69.0,4.0,0.242,3,5.0,5.0,5.0,5.0,1.0,1.0,1.0,1.0,1.0,1.0,2,2,7,4.0,4.0,4.0,4.0,6.0,2.0,3.0,4.0,5,0.0,1,High
5.0,4.0,3.0,4.0,1.0,55.0,56.0,4.0,0.242,3,5.0,4.0,2.0,4.0,1.0,1.0,1.0,1.0,1.0,1.0,3,2,6,3.0,4.0,4.0,3.0,5.0,1.0,4.0,4.0,6,0.0,1,Medium
5.0,5.0,4.0,2.0,1.0,54.0,70.0,4.0,-0.188,3,5.0,5.0,5.0,5.0,1.0,1.0,1.0,1.0,1.0,1.0,4,3,9,5.0,4.0,5.0,5.0,6.0,2.0,3.0,4.0,2,0.0,1,High
4.0,4.0,3.0,2.0,1.0,65.0,44.0,3.0,-0.188,3,1.0,3.0,1.0,4.0,2.0,2.0,1.0,1.0,1.0,2.0,4,3,8,5.0,4.0,4.0,4.0,4.0,2.0,3.0,3.0,3,3.0,0,Medium
5.0,5.0,1.0,4.0,0.0,71.0,86.0,4.0,-0.909,2,5.0,2.0,5.0,5.0,1.0,1.0,1.0,1.0,1.0,1.0,3,2,9,2.0,2.0,5.0,3.0,6.0,1.0,4.0,4.0,5,0.0,1,High
5.0,4.0,4.0,2.0,1.0,54.0,54.0,3.0,0.712,3,5.0,3.0,5.0,4.0,1.0,1.0,1.0,1.0,1.0,1.0,4,2,8,4.0,3.0,4.0,4.0,5.0,2.0,3.0,3.0,3,0.0,0,Medium
4.0,3.0,4.0,2.0,0.0,43.0,46.0,3.0,1.267,3,5.0,4.0,5.0,3.0,1.0,1.0,1.0,1.0,1.0,1.0,5,2,8,4.0,3.0,2.0,1.0,6.0,3.0,2.0,3.0,5,0.0,0,Medium
3.0,3.0,3.0,2.0,0.0,49.0,46.0,3.0,-1.485,2,4.0,3.0,4.0,3.0,1.0,1.0,1.0,1.0,1.0,1.0,4,2,9,2.0,2.0,2.0,2.0,4.0,2.0,3.0,2.0,2,0.0,0,Medium
5.0,3.0,1.0,8.0,1.0,44.0,57.0,3.0,0.712,3,5.0,1.0,4.0,3.0,1.0,1.0,1.0,1.0,1.0,1.0,2,2,6,1.0,2.0,3.0,3.0,5.0,2.0,4.0,2.0,6,0.0,1,Medium
5.0,3.0,4.0,8.0,1.0,62.0,65.0,4.0,0.712,3,5.0,4.0,5.0,5.0,1.0,1.0,1.0,1.0,2.0,1.0,4,2,2,4.0,4.0,4.0,4.0,5.0,1.0,3.0,3.0,6,1.0,1,High
5.0,3.0,3.0,3.0,1.0,43.0,55.0,4.0,-0.909,2,5.0,5.0,3.0,4.0,2.0,1.0,1.0,1.0,1.0,1.0,3,2,1,5.0,5.0,5.0,5.0,4.0,2.0,2.0,3.0,3,1.0,1,Medium
5.0,4.0,3.0,2.0,1.0,51.0,53.0,3.0,0.242,3,5.0,4.0,5.0,5.0,1.0,1.0,1.0,1.0,1.0,1.0,3,4,4,4.0,3.0,2.0,2.0,6.0,2.0,4.0,3.0,2,0.0,0,Medium
5.0,5.0,2.0,8.0,1.0,55.0,49.0,3.0,-0.57,2,5.0,5.0,5.0,5.0,1.0,1.0,1.0,1.0,1.0,1.0,3,1,8,5.0,5.0,4.0,4.0,5.0,4.0,3.0,4.0,8,0.0,0,Medium
4.0,3.0,3.0,8.0,1.0,36.0,33.0,2.0,-0.909,2,4.0,4.0,2.0,5.0,3.0,1.0,1.0,1.0,1.0,1.0,2,2,3,5.0,4.0,4.0,3.0,3.0,2.0,3.0,2.0,7,1.0,0,Low
5.0,4.0,3.0,2.0,1.0,55.0,65.0,4.0,0.712,3,5.0,5.0,5.0,5.0,1.0,1.0,1.0,1.0,1.0,1.0,4,4,8,4.0,4.0,4.0,4.0,6.0,2.0,3.0,4.0,4,0.0,1,High
5.0,5.0,1.0,7.0,1.0,85.0,35.0,3.0,0.242,2,5.0,5.0,2.0,5.0,1.0,1.0,1.0,2.0,1.0,2.0,4,4,5,5.0,5.0,5.0,5.0,4.0,1.0,4.0,4.0,2,2.0,0,Low
5.0,4.0,4.0,5.0,0.0,50.0,66.0,4.0,-0.188,3,1.0,4.0,1.0,1.0,1.0,1.0,1.0,1.0,1.0,1.0,2,3,9,5.0,5.0,4.0,4.0,6.0,1.0,4.0,3.0,1,0.0,1,High
4.0,5.0,5.0,1.0,0.0,54.0,42.0,3.0,-1.215,1,4.0,5.0,5.0,5.0,3.0,2.0,2.0,3.0,3.0,2.0,2,1,4,4.0,5.0,4.0,5.0,5.0,3.0,4.0,4.0,3,6.0,0,Low
4.0,3.0,2.0,5.0,1.0,50.0,61.0,3.0,-0.188,3,1.0,3.0,5.0,1.0,1.0,1.0,1.0,1.0,1.0,1.0,3,4,1,2.0,4.0,3.0,2.0,4.0,1.0,2.0,3.0,1,0.0,1,High
5.0,4.0,4.0,2.0,1.0,54.0,59.0,3.0,0.242,3,5.0,3.0,5.0,5.0,1.0,1.0,1.0,1.0,1.0,1.0,4,4,7,2.0,4.0,4.0,2.0,6.0,2.0,3.0,3.0,3,0.0,1,Medium
4.0,3.0,2.0,2.0,0.0,38.0,59.0,3.0,0.242,3,4.0,3.0,2.0,3.0,1.0,1.0,1.0,1.0,1.0,1.0,3,2,8,2.0,2.0,2.0,2.0,3.0,3.0,2.0,3.0,4,0.0,1,Medium
4.0,3.0,4.0,2.0,0.0,41.0,33.0,3.0,-0.188,3,3.0,4.0,1.0,5.0,2.0,1.0,1.0,2.0,2.0,1.0,2,2,3,5.0,4.0,4.0,2.0,2.0,1.0,4.0,3.0,3,3.0,0,Low
3.0,3.0,5.0,2.0,1.0,40.0,37.0,2.0,0.712,3,3.0,2.0,3.0,3.0,2.0,2.0,1.0,2.0,1.0,1.0,5,5,7,2.0,3.0,4.0,2.0,2.0,2.0,3.0,2.0,4,3.0,0,Low
1.0,2.0,1.0,1.0,,34.0,49.0,2.0,-1.713,1,5.0,5.0,5.0,5.0,2.0,1.0,2.0,3.0,3.0,1.0,1,4,1,4.0,4.0,4.0,3.0,6.0,2.0,2.0,4.0,3,4.0,0,Medium
4.0,3.0,1.0,8.0,0.0,45.0,78.0,4.0,0.242,3,5.0,5.0,5.0,5.0,1.0,1.0,1.0,1.0,1.0,1.0,4,2,8,3.0,3.0,3.0,3.0,5.0,2.0,2.0,3.0,8,0.0,1,High
4.0,4.0,2.0,6.0,1.0,62.0,75.0,3.0,1.267,3,5.0,5.0,5.0,5.0,1.0,1.0,1.0,1.0,1.0,1.0,3,2,6,5.0,5.0,4.0,4.0,6.0,2.0,3.0,3.0,5,0.0,1,High
4.0,4.0,2.0,8.0,0.0,45.0,71.0,3.0,-0.57,3,5.0,5.0,5.0,5.0,1.0,1.0,1.0,1.0,1.0,1.0,2,1,5,4.0,3.0,3.0,2.0,6.0,1.0,3.0,3.0,6,0.0,1,High
3.0,3.0,2.0,2.0,0.0,40.0,59.0,3.0,0.242,2,5.0,5.0,5.0,3.0,1.0,1.0,1.0,1.0,1.0,1.0,5,4,9,2.0,3.0,3.0,3.0,4.0,2.0,3.0,3.0,3,0.0,1,Medium
5.0,3.0,2.0,1.0,1.0,50.0,61.0,3.0,0.242,3,5.0,4.0,2.0,3.0,1.0,1.0,1.0,1.0,1.0,1.0,3,2,7,4.0,4.0,3.0,3.0,2.0,2.0,3.0,3.0,6,0.0,1,High
4.0,4.0,3.0,8.0,1.0,51.0,72.0,4.0,-0.57,3,5.0,5.0,5.0,5.0,1.0,1.0,1.0,1.0,1.0,1.0,3,2,7,4.0,4.0,4.0,4.0,5.0,2.0,3.0,3.0,5,0.0,1,High
3.0,3.0,2.0,8.0,0.0,46.0,50.0,3.0,-1.215,2,5.0,4.0,3.0,5.0,1.0,1.0,1.0,1.0,1.0,1.0,3,3,7,4.0,4.0,4.0,3.0,4.0,2.0,3.0,3.0,8,0.0,0,Medium
1.0,1.0,5.0,8.0,0.0,12.0,70.0,1.0,-1.713,2,1.0,1.0,1.0,1.0,3.0,3.0,3.0,3.0,3.0,3.0,3,1,4,1.0,1.0,1.0,1.0,1.0,4.0,1.0,1.0,6,6.0,1,High
5.0,3.0,4.0,7.0,0.0,41.0,45.0,3.0,-0.909,3,5.0,3.0,2.0,3.0,2.0,2.0,1.0,2.0,2.0,1.0,4,1,1,3.0,3.0,3.0,3.0,3.0,3.0,3.0,3.0,1,4.0,0,Medium
5.0,4.0,4.0,2.0,0.0,47.0,53.0,4.0,-0.57,3,5.0,4.0,5.0,4.0,1.0,1.0,1.0,1.0,1.0,1.0,3,1,6,3.0,3.0,3.0,4.0,5.0,3.0,2.0,3.0,4,0.0,0,Medium
5.0,3.0,5.0,2.0,0.0,46.0,59.0,2.0,0.712,3,5.0,2.0,2.0,1.0,1.0,1.0,1.0,1.0,1.0,1.0,3,2,9,2.0,2.0,3.0,2.0,4.0,4.0,3.0,2.0,4,0.0,1,Medium
5.0,5.0,3.0,8.0,1.0,82.0,74.0,4.0,0.242,2,5.0,5.0,5.0,5.0,1.0,1.0,1.0,1.0,1.0,1.0,5,2,7,5.0,5.0,5.0,4.0,5.0,1.0,3.0,3.0,6,0.0,1,High
5.0,4.0,3.0,8.0,1.0,62.0,68.0,4.0,-0.188,3,5.0,5.0,5.0,5.0,1.0,1.0,1.0,1.0,1.0,1.0,3,1,8,5.0,5.0,4.0,4.0,5.0,2.0,3.0,3.0,8,0.0,1,High
4.0,4.0,3.0,2.0,1.0,56.0,59.0,3.0,-0.188,3,5.0,4.0,3.0,5.0,1.0,1.0,1.0,1.0,1.0,1.0,3,4,8,4.0,4.0,4.0,4.0,5.0,2.0,3.0,4.0,2,0.0,1,Medium
5.0,4.0,3.0,2.0,1.0,55.0,59.0,4.0,1.267,3,5.0,4.0,4.0,2.0,1.0,1.0,1.0,1.0,1.0,1.0,5,3,8,3.0,4.0,4.0,3.0,6.0,1.0,3.0,3.0,3,0.0,1,Medium
4.0,4.0,3.0,2.0,1.0,55.0,73.0,3.0,-1.215,3,5.0,3.0,1.0,3.0,1.0,1.0,1.0,1.0,1.0,1.0,4,3,9,3.0,3.0,3.0,3.0,6.0,2.0,3.0,3.0,4,0.0,1,High
3.0,2.0,5.0,2.0,0.0,38.0,38.0,2.0,-0.188,3,4.0,1.0,1.0,2.0,1.0,1.0,3.0,2.0,2.0,1.0,4,3,4,3.0,3.0,4.0,3.0,1.0,4.0,2.0,2.0,2,3.0,0,Low
4.0,4.0,3.0,2.0,0.0,48.0,56.0,4.0,1.267,3,5.0,4.0,4.0,3.0,1.0,1.0,1.0,1.0,1.0,1.0,5,5,9,3.0,4.0,4.0,3.0,5.0,1.0,3.0,3.0,4,0.0,1,Medium
4.0,3.0,4.0,8.0,1.0,40.0,51.0,3.0,-0.188,3,4.0,3.0,3.0,5.0,1.0,1.0,1.0,1.0,1.0,1.0,2,3,7,4.0,3.0,4.0,4.0,5.0,3.0,3.0,2.0,6,0.0,0,Medium
4.0,2.0,4.0,3.0,1.0,45.0,37.0,2.0,-0.57,2,5.0,3.0,3.0,5.0,2.0,2.0,1.0,1.0,1.0,1.0,3,3,2,4.0,4.0,3.0,3.0,3.0,3.0,3.0,3.0,4,2.0,0,Low
4.0,3.0,3.0,6.0,0.0,42.0,47.0,3.0,-0.188,3,5.0,5.0,2.0,5.0,1.0,1.0,1.0,1.0,2.0,1.0,3,2,5,5.0,5.0,3.0,3.0,3.0,2.0,3.0,2.0,4,1.0,0,Medium
4.0,4.0,3.0,8.0,1.0,46.0,54.0,3.0,0.712,3,5.0,3.0,5.0,4.0,1.0,1.0,3.0,1.0,1.0,1.0,4,1,1,4.0,4.0,2.0,2.0,5.0,2.0,3.0,3.0,7,1.0,0,Medium
5.0,5.0,5.0,2.0,0.0,81.0,54.0,4.0,-0.909,3,5.0,5.0,4.0,5.0,3.0,3.0,1.0,1.0,2.0,1.0,3,2,1,5.0,5.0,5.0,5.0,6.0,2.0,3.0,4.0,2,3.0,0,Medium
5.0,4.0,2.0,8.0,1.0,54.0,75.0,4.0,0.242,3,5.0,5.0,5.0,5.0,1.0,1.0,1.0,1.0,1.0,1.0,2,2,5,4.0,4.0,4.0,3.0,5.0,1.0,4.0,4.0,6,0.0,1,High
3.0,3.0,4.0,8.0,1.0,42.0,59.0,4.0,-0.188,3,5.0,3.0,5.0,3.0,1.0,1.0,1.0,1.0,1.0,1.0,4,4,8,2.0,3.0,3.0,2.0,4.0,3.0,3.0,2.0,3,0.0,1,Medium
5.0,4.0,2.0,2.0,0.0,75.0,67.0,4.0,0.242,3,5.0,5.0,4.0,5.0,1.0,1.0,1.0,1.0,1.0,1.0,2,2,9,3.0,4.0,4.0,4.0,6.0,2.0,3.0,3.0,3,0.0,1,High
4.0,4.0,2.0,8.0,1.0,66.0,75.0,4.0,0.712,3,5.0,5.0,5.0,5.0,1.0,1.0,1.0,1.0,1.0,1.0,2,2,6,3.0,4.0,4.0,4.0,6.0,1.0,4.0,4.0,8,0.0,1,High
5.0,5.0,1.0,8.0,1.0,70.0,80.0,4.0,-0.188,3,5.0,5.0,5.0,5.0,1.0,1.0,1.0,1.0,1.0,1.0,1,2,5,4.0,4.0,4.0,4.0,6.0,2.0,4.0,3.0,7,0.0,1,High
5.0,4.0,3.0,2.0,1.0,64.0,59.0,3.0,1.267,3,5.0,5.0,4.0,5.0,1.0,1.0,1.0,1.0,1.0,1.0,4,3,9,5.0,4.0,4.0,4.0,6.0,1.0,3.0,4.0,5,0.0,1,Medium
5.0,4.0,5.0,1.0,1.0,69.0,41.0,3.0,-0.188,3,5.0,5.0,5.0,5.0,1.0,1.0,1.0,1.0,1.0,1.0,3,3,8,4.0,5.0,5.0,4.0,4.0,4.0,3.0,4.0,4,0.0,0,Low
5.0,3.0,4.0,4.0,1.0,35.0,54.0,3.0,0.712,3,5.0,3.0,5.0,5.0,1.0,1.0,1.0,1.0,1.0,1.0,2,5,1,4.0,2.0,4.0,2.0,4.0,2.0,3.0,3.0,1,0.0,0,Medium
3.0,3.0,4.0,2.0,1.0,42.0,51.0,3.0,-0.909,1,3.0,3.0,5.0,4.0,1.0,1.0,1.0,1.0,1.0,1.0,5,4,5,3.0,3.0,3.0,3.0,3.0,2.0,3.0,3.0,3,0.0,0,Medium
4.0,2.0,4.0,2.0,1.0,58.0,44.0,3.0,0.242,3,5.0,4.0,4.0,5.0,1.0,1.0,1.0,2.0,1.0,1.0,5,5,9,4.0,5.0,4.0,4.0,5.0,2.0,3.0,3.0,3,1.0,0,Medium
4.0,4.0,3.0,2.0,1.0,58.0,69.0,4.0,1.267,3,5.0,4.0,5.0,3.0,1.0,1.0,1.0,1.0,1.0,1.0,4,4,7,3.0,4.0,4.0,3.0,5.0,2.0,3.0,3.0,4,0.0,1,High
5.0,4.0,2.0,8.0,1.0,63.0,77.0,4.0,0.712,3,5.0,5.0,5.0,5.0,1.0,1.0,1.0,1.0,1.0,1.0,3,1,7,4.0,4.0,4.0,4.0,6.0,2.0,3.0,4.0,8,0.0,1,High
5.0,4.0,2.0,2.0,1.0,67.0,62.0,4.0,0.712,3,5.0,5.0,5.0,5.0,1.0,1.0,1.0,1.0,1.0,1.0,4,1,3,4.0,5.0,4.0,5.0,5.0,1.0,4.0,4.0,2,0.0,1,High
5.0,5.0,2.0,1.0,1.0,70.0,76.0,4.0,0.242,3,5.0,5.0,5.0,4.0,1.0,1.0,1.0,1.0,1.0,1.0,4,2,8,2.0,4.0,4.0,4.0,6.0,1.0,4.0,4.0,5,0.0,1,High
2.0,2.0,4.0,2.0,0.0,49.0,51.0,4.0,-0.57,2,5.0,4.0,1.0,5.0,1.0,1.0,1.0,1.0,1.0,1.0,2,4,7,4.0,4.0,4.0,4.0,3.0,3.0,2.0,3.0,2,0.0,0,Medium
5.0,3.0,5.0,2.0,0.0,36.0,50.0,3.0,-1.485,2,5.0,4.0,5.0,3.0,1.0,1.0,1.0,1.0,1.0,1.0,2,3,7,3.0,3.0,3.0,3.0,2.0,2.0,2.0,3.0,4,0.0,0,Medium
5.0,5.0,2.0,8.0,1.0,58.0,79.0,4.0,-0.188,3,5.0,4.0,5.0,5.0,1.0,1.0,1.0,1.0,1.0,1.0,3,1,7,3.0,3.0,3.0,4.0,5.0,2.0,3.0,3.0,8,0.0,1,High
4.0,4.0,3.0,5.0,0.0,45.0,59.0,3.0,0.242,3,5.0,5.0,5.0,3.0,1.0,1.0,1.0,1.0,1.0,1.0,2,1,1,4.0,3.0,3.0,3.0,5.0,2.0,3.0,3.0,1,0.0,1,Medium
5.0,5.0,3.0,8.0,0.0,67.0,74.0,3.0,0.242,3,5.0,5.0,5.0,5.0,1.0,1.0,1.0,1.0,1.0,1.0,3,1,6,2.0,2.0,1.0,1.0,4.0,2.0,3.0,3.0,8,0.0,1,High
4.0,3.0,2.0,8.0,0.0,39.0,53.0,3.0,0.242,3,4.0,4.0,4.0,4.0,1.0,1.0,1.0,1.0,1.0,1.0,3,1,3,4.0,4.0,3.0,3.0,5.0,2.0,2.0,2.0,7,0.0,0,Medium
4.0,4.0,2.0,8.0,1.0,52.0,77.0,4.0,0.712,3,4.0,4.0,5.0,5.0,1.0,1.0,1.0,1.0,1.0,1.0,4,2,8,4.0,4.0,4.0,4.0,6.0,2.0,3.0,3.0,6,0.0,1,High
4.0,3.0,4.0,6.0,0.0,36.0,46.0,3.0,-1.215,3,4.0,3.0,4.0,4.0,3.0,2.0,2.0,1.0,1.0,1.0,3,1,1,4.0,3.0,3.0,3.0,3.0,2.0,3.0,2.0,4,3.0,0,Medium
5.0,3.0,4.0,7.0,0.0,33.0,49.0,3.0,0.712,3,5.0,3.0,5.0,4.0,1.0,1.0,1.0,1.0,1.0,1.0,2,2,6,4.0,3.0,3.0,3.0,4.0,1.0,3.0,2.0,6,0.0,0,Medium
3.0,3.0,3.0,2.0,1.0,40.0,51.0,3.0,-1.713,2,5.0,5.0,1.0,5.0,2.0,1.0,2.0,2.0,2.0,1.0,1,2,1,4.0,4.0,4.0,3.0,4.0,3.0,1.0,3.0,3,4.0,0,Medium
5.0,5.0,4.0,2.0,1.0,74.0,52.0,4.0,-0.57,2,5.0,4.0,5.0,5.0,1.0,1.0,1.0,2.0,1.0,1.0,3,2,5,5.0,5.0,5.0,5.0,6.0,2.0,4.0,3.0,5,1.0,0,Medium
5.0,4.0,3.0,8.0,0.0,53.0,74.0,4.0,-0.188,3,5.0,5.0,5.0,5.0,1.0,1.0,1.0,1.0,1.0,1.0,4,2,8,4.0,4.0,5.0,4.0,6.0,1.0,3.0,3.0,8,0.0,1,High
3.0,4.0,4.0,2.0,1.0,55.0,56.0,4.0,-1.215,2,5.0,5.0,5.0,5.0,1.0,1.0,1.0,1.0,1.0,1.0,4,4,7,5.0,5.0,5.0,5.0,6.0,1.0,3.0,3.0,3,0.0,1,Medium
4.0,3.0,3.0,2.0,0.0,53.0,62.0,4.0,0.712,3,5.0,3.0,5.0,2.0,1.0,1.0,1.0,1.0,1.0,1.0,4,3,7,2.0,2.0,2.0,2.0,4.0,2.0,3.0,3.0,4,0.0,1,High
4.0,4.0,2.0,4.0,0.0,61.0,54.0,3.0,0.712,3,5.0,4.0,5.0,5.0,1.0,1.0,1.0,1.0,1.0,1.0,5,4,4,3.0,3.0,3.0,3.0,5.0,2.0,3.0,3.0,4,0.0,0,Medium
2.0,2.0,5.0,6.0,0.0,31.0,37.0,2.0,-0.188,3,3.0,2.0,1.0,4.0,2.0,2.0,2.0,1.0,1.0,1.0,2,2,3,1.0,3.0,2.0,4.0,1.0,1.0,4.0,3.0,4,3.0,0,Low
4.0,4.0,3.0,2.0,1.0,58.0,54.0,3.0,1.267,3,5.0,4.0,2.0,4.0,1.0,1.0,1.0,1.0,1.0,1.0,4,1,3,5.0,5.0,5.0,5.0,5.0,1.0,4.0,4.0,2,0.0,0,Medium
5.0,4.0,3.0,8.0,0.0,55.0,63.0,4.0,0.712,3,5.0,4.0,5.0,5.0,1.0,1.0,1.0,1.0,1.0,1.0,2,2,6,4.0,4.0,4.0,4.0,4.0,2.0,2.0,3.0,7,0.0,1,High
5.0,3.0,2.0,1.0,0.0,58.0,36.0,2.0,-0.57,3,5.0,5.0,1.0,5.0,1.0,1.0,1.0,1.0,1.0,1.0,2,2,3,2.0,4.0,2.0,2.0,5.0,2.0,3.0,3.0,5,0.0,0,Low
5.0,4.0,4.0,2.0,1.0,73.0,74.0,4.0,0.712,3,5.0,5.0,1.0,5.0,1.0,1.0,1.0,1.0,1.0,1.0,2,3,6,5.0,5.0,5.0,5.0,5.0,1.0,3.0,4.0,4,0.0,1,High
4.0,4.0,2.0,8.0,1.0,79.0,55.0,3.0,-0.57,1,4.0,4.0,4.0,4.0,1.0,1.0,1.0,1.0,1.0,1.0,3,2,7,4.0,4.0,4.0,4.0,5.0,4.0,4.0,4.0,7,0.0,1,Medium
5.0,5.0,1.0,8.0,0.0,85.0,85.0,4.0,0.712,3,5.0,5.0,5.0,5.0,1.0,1.0,1.0,1.0,1.0,1.0,4,2,3,3.0,3.0,3.0,3.0,4.0,1.0,4.0,4.0,6,0.0,1,High
4.0,5.0,4.0,2.0,1.0,63.0,58.0,4.0,-0.188,3,5.0,4.0,5.0,5.0,1.0,1.0,1.0,1.0,1.0,1.0,4,2,3,4.0,2.0,4.0,3.0,6.0,2.0,3.0,4.0,3,0.0,1,Medium
4.0,4.0,4.0,2.0,1.0,52.0,61.0,3.0,-0.909,1,4.0,4.0,4.0,4.0,1.0,1.0,1.0,1.0,1.0,1.0,3,1,5,4.0,4.0,4.0,4.0,6.0,3.0,3.0,3.0,4,0.0,1,High
5.0,5.0,2.0,8.0,0.0,62.0,63.0,4.0,0.712,3,5.0,5.0,5.0,5.0,1.0,1.0,1.0,1.0,1.0,1.0,5,2,5,4.0,3.0,4.0,5.0,6.0,2.0,4.0,3.0,8,0.0,1,High
5.0,3.0,1.0,8.0,1.0,41.0,67.0,3.0,0.712,3,5.0,3.0,2.0,5.0,1.0,1.0,1.0,1.0,1.0,1.0,3,2,7,4.0,3.0,4.0,3.0,6.0,2.0,2.0,3.0,6,0.0,1,High
4.0,4.0,5.0,6.0,0.0,39.0,24.0,2.0,-0.57,2,4.0,1.0,1.0,1.0,1.0,1.0,1.0,1.0,1.0,1.0,3,4,1,1.0,1.0,2.0,1.0,5.0,4.0,4.0,3.0,2,0.0,0,Low
4.0,2.0,3.0,8.0,0.0,37.0,50.0,3.0,-0.57,1,5.0,3.0,5.0,4.0,1.0,1.0,1.0,1.0,1.0,1.0,1,1,3,3.0,4.0,1.0,1.0,5.0,2.0,3.0,1.0,8,0.0,0,Medium
3.0,5.0,2.0,,0.0,85.0,79.0,4.0,-1.485,1,5.0,1.0,5.0,5.0,1.0,1.0,1.0,1.0,1.0,1.0,2,3,7,5.0,5.0,5.0,5.0,5.0,3.0,3.0,3.0,4,0.0,1,High
5.0,4.0,5.0,2.0,1.0,48.0,57.0,4.0,0.242,3,5.0,4.0,1.0,3.0,1.0,1.0,1.0,1.0,1.0,1.0,4,5,7,4.0,3.0,4.0,2.0,3.0,2.0,3.0,3.0,3,0.0,1,Medium
5.0,5.0,1.0,6.0,1.0,78.0,70.0,3.0,1.267,3,5.0,5.0,1.0,5.0,1.0,1.0,1.0,1.0,1.0,1.0,5,2,9,1.0,5.0,4.0,4.0,6.0,1.0,3.0,4.0,5,0.0,1,High
3.0,2.0,3.0,3.0,1.0,32.0,39.0,3.0,-0.188,3,2.0,2.0,2.0,3.0,1.0,1.0,1.0,2.0,2.0,1.0,2,1,2,3.0,3.0,3.0,2.0,4.0,2.0,2.0,2.0,4,2.0,0,Low
3.0,3.0,1.0,8.0,0.0,42.0,57.0,3.0,-0.57,1,5.0,4.0,4.0,3.0,1.0,1.0,1.0,1.0,1.0,1.0,2,2,3,3.0,3.0,3.0,3.0,4.0,2.0,3.0,3.0,6,0.0,1,Medium
4.0,3.0,4.0,3.0,1.0,45.0,48.0,3.0,0.712,3,5.0,3.0,1.0,3.0,1.0,1.0,1.0,1.0,1.0,1.0,2,3,8,4.0,4.0,4.0,1.0,3.0,4.0,3.0,2.0,1,0.0,0,Medium
4.0,4.0,3.0,2.0,1.0,56.0,40.0,3.0,0.712,3,4.0,4.0,4.0,4.0,,,,,,,2,2,7,4.0,4.0,4.0,4.0,5.0,,,,4,,0,Low
4.0,4.0,2.0,1.0,0.0,55.0,69.0,4.0,0.712,3,4.0,4.0,4.0,4.0,1.0,1.0,1.0,1.0,1.0,1.0,5,1,8,4.0,3.0,4.0,4.0,5.0,2.0,3.0,3.0,7,0.0,1,High
4.0,3.0,3.0,6.0,0.0,35.0,55.0,3.0,-0.57,3,5.0,3.0,4.0,3.0,1.0,1.0,1.0,1.0,1.0,1.0,2,2,6,2.0,3.0,2.0,2.0,2.0,3.0,2.0,3.0,5,0.0,1,Medium
5.0,5.0,2.0,3.0,0.0,64.0,61.0,3.0,0.712,3,5.0,4.0,4.0,5.0,1.0,1.0,1.0,1.0,1.0,1.0,4,1,2,4.0,4.0,4.0,2.0,5.0,1.0,2.0,3.0,6,0.0,1,High
4.0,4.0,3.0,6.0,0.0,53.0,64.0,4.0,-0.57,0,5.0,5.0,5.0,5.0,1.0,1.0,1.0,1.0,1.0,1.0,2,2,2,3.0,3.0,3.0,3.0,4.0,1.0,3.0,3.0,4,0.0,1,High
5.0,3.0,4.0,,1.0,42.0,64.0,3.0,0.712,3,4.0,4.0,4.0,5.0,1.0,1.0,1.0,1.0,1.0,1.0,5,1,9,3.0,2.0,4.0,2.0,5.0,1.0,3.0,3.0,5,0.0,1,High
5.0,4.0,2.0,1.0,0.0,53.0,63.0,3.0,0.712,3,5.0,4.0,5.0,5.0,1.0,1.0,1.0,1.0,1.0,1.0,2,2,3,4.0,2.0,4.0,3.0,5.0,2.0,3.0,3.0,5,0.0,1,High
4.0,4.0,3.0,2.0,0.0,51.0,59.0,4.0,0.242,3,5.0,5.0,5.0,5.0,1.0,1.0,1.0,1.0,1.0,1.0,5,2,8,3.0,3.0,4.0,3.0,5.0,1.0,3.0,4.0,2,0.0,1,Medium
4.0,4.0,4.0,,1.0,57.0,52.0,3.0,-0.909,2,5.0,4.0,4.0,5.0,1.0,1.0,1.0,1.0,1.0,1.0,4,1,3,4.0,4.0,4.0,4.0,5.0,1.0,4.0,4.0,5,0.0,0,Medium
5.0,4.0,4.0,2.0,1.0,55.0,60.0,4.0,0.712,3,5.0,4.0,4.0,4.0,2.0,1.0,1.0,1.0,2.0,1.0,5,4,7,4.0,4.0,4.0,4.0,2.0,1.0,3.0,3.0,4,2.0,1,Medium
4.0,3.0,3.0,8.0,1.0,41.0,47.0,3.0,0.712,3,5.0,3.0,5.0,5.0,1.0,1.0,1.0,1.0,1.0,1.0,4,2,4,3.0,3.0,3.0,3.0,4.0,1.0,3.0,3.0,6,0.0,0,Medium
5.0,5.0,2.0,2.0,0.0,79.0,67.0,4.0,-1.485,1,5.0,5.0,3.0,4.0,1.0,1.0,1.0,1.0,1.0,1.0,3,3,8,5.0,5.0,5.0,5.0,5.0,1.0,3.0,4.0,2,0.0,1,High
4.0,4.0,1.0,8.0,0.0,57.0,67.0,3.0,0.712,3,5.0,4.0,4.0,4.0,1.0,1.0,1.0,1.0,1.0,1.0,2,2,6,4.0,4.0,4.0,4.0,2.0,1.0,3.0,3.0,6,0.0,1,High
3.0,3.0,5.0,2.0,1.0,35.0,53.0,3.0,1.267,3,4.0,1.0,4.0,2.0,1.0,1.0,1.0,1.0,1.0,1.0,4,2,6,1.0,3.0,3.0,2.0,6.0,1.0,2.0,3.0,4,0.0,0,Medium
5.0,4.0,4.0,3.0,1.0,44.0,61.0,4.0,0.712,3,5.0,4.0,5.0,5.0,1.0,1.0,1.0,1.0,1.0,1.0,4,2,7,4.0,3.0,4.0,3.0,6.0,2.0,3.0,3.0,4,0.0,1,High
5.0,5.0,3.0,6.0,1.0,72.0,78.0,4.0,0.242,3,5.0,5.0,4.0,5.0,1.0,1.0,1.0,1.0,2.0,1.0,1,3,5,5.0,5.0,5.0,5.0,6.0,1.0,4.0,4.0,4,1.0,1,High
5.0,4.0,4.0,2.0,1.0,51.0,55.0,4.0,-0.188,3,5.0,4.0,1.0,2.0,1.0,1.0,1.0,1.0,1.0,1.0,1,5,5,5.0,4.0,4.0,4.0,4.0,2.0,3.0,3.0,4,0.0,1,Medium
5.0,5.0,2.0,8.0,0.0,70.0,65.0,4.0,0.712,3,5.0,5.0,5.0,5.0,1.0,1.0,1.0,1.0,1.0,1.0,3,2,6,5.0,5.0,5.0,4.0,6.0,1.0,4.0,4.0,8,0.0,1,High
4.0,3.0,3.0,8.0,1.0,36.0,52.0,2.0,-0.909,3,4.0,4.0,5.0,2.0,1.0,1.0,1.0,2.0,2.0,1.0,2,1,3,4.0,3.0,3.0,3.0,4.0,3.0,2.0,2.0,7,2.0,0,Medium
3.0,2.0,4.0,7.0,0.0,34.0,34.0,2.0,-0.57,3,5.0,4.0,2.0,5.0,1.0,1.0,1.0,2.0,1.0,1.0,2,5,3,4.0,3.0,3.0,2.0,3.0,2.0,2.0,3.0,5,1.0,0,Low
5.0,4.0,2.0,1.0,,50.0,69.0,3.0,0.242,3,5.0,5.0,4.0,5.0,1.0,1.0,1.0,1.0,1.0,1.0,2,2,7,4.0,4.0,4.0,4.0,5.0,1.0,4.0,3.0,8,0.0,1,High
4.0,3.0,4.0,4.0,0.0,34.0,42.0,3.0,0.712,3,5.0,3.0,1.0,3.0,1.0,1.0,1.0,1.0,1.0,1.0,4,4,8,4.0,3.0,3.0,3.0,2.0,2.0,3.0,2.0,4,0.0,0,Low
4.0,3.0,1.0,1.0,0.0,49.0,60.0,3.0,-0.57,3,5.0,4.0,5.0,5.0,1.0,1.0,1.0,1.0,1.0,1.0,2,4,1,3.0,3.0,3.0,3.0,3.0,1.0,3.0,3.0,4,0.0,1,Medium
5.0,3.0,5.0,3.0,0.0,38.0,66.0,3.0,-0.909,3,5.0,3.0,5.0,3.0,1.0,1.0,1.0,1.0,1.0,1.0,1,3,2,2.0,2.0,2.0,3.0,4.0,2.0,2.0,3.0,4,0.0,1,High
5.0,4.0,2.0,8.0,1.0,57.0,78.0,4.0,-0.57,2,5.0,4.0,4.0,4.0,1.0,1.0,1.0,1.0,1.0,1.0,2,2,7,5.0,4.0,4.0,3.0,4.0,1.0,3.0,3.0,6,0.0,1,High
4.0,4.0,2.0,8.0,0.0,56.0,76.0,4.0,0.712,2,5.0,3.0,5.0,5.0,1.0,1.0,1.0,1.0,1.0,1.0,4,1,8,2.0,3.0,2.0,2.0,5.0,2.0,3.0,2.0,8,0.0,1,High
5.0,4.0,2.0,2.0,1.0,64.0,78.0,4.0,-0.188,3,5.0,5.0,4.0,5.0,1.0,1.0,1.0,1.0,1.0,1.0,5,3,9,4.0,4.0,4.0,3.0,6.0,1.0,3.0,3.0,2,0.0,1,High
5.0,4.0,3.0,4.0,1.0,63.0,56.0,4.0,-0.188,3,5.0,4.0,5.0,4.0,1.0,1.0,1.0,2.0,1.0,1.0,4,2,8,4.0,4.0,4.0,4.0,6.0,2.0,2.0,3.0,6,1.0,1,Medium
5.0,1.0,4.0,6.0,0.0,31.0,51.0,2.0,-0.909,2,5.0,4.0,4.0,5.0,1.0,2.0,1.0,1.0,1.0,1.0,2,1,1,3.0,3.0,3.0,3.0,4.0,2.0,2.0,1.0,5,1.0,0,Medium
5.0,3.0,4.0,5.0,0.0,46.0,59.0,3.0,0.242,3,1.0,1.0,1.0,3.0,1.0,1.0,1.0,1.0,1.0,1.0,3,4,8,3.0,3.0,3.0,3.0,5.0,2.0,2.0,3.0,1,0.0,1,Medium
5.0,5.0,3.0,8.0,0.0,68.0,85.0,4.0,0.242,3,5.0,5.0,5.0,5.0,1.0,1.0,1.0,1.0,1.0,1.0,3,1,8,4.0,4.0,4.0,4.0,5.0,3.0,3.0,3.0,7,0.0,1,High
4.0,4.0,3.0,8.0,1.0,59.0,56.0,3.0,-0.57,2,5.0,5.0,5.0,5.0,1.0,1.0,1.0,1.0,1.0,1.0,5,2,7,4.0,4.0,4.0,4.0,6.0,1.0,4.0,4.0,6,0.0,1,Medium
5.0,3.0,5.0,2.0,1.0,58.0,61.0,4.0,0.712,3,4.0,2.0,4.0,5.0,1.0,1.0,1.0,1.0,1.0,1.0,3,5,8,2.0,2.0,2.0,2.0,2.0,2.0,2.0,2.0,3,0.0,1,High
5.0,3.0,2.0,3.0,1.0,62.0,74.0,3.0,-0.188,2,5.0,3.0,1.0,5.0,1.0,1.0,1.0,1.0,1.0,1.0,2,5,8,4.0,2.0,3.0,2.0,4.0,1.0,3.0,2.0,4,0.0,1,High
4.0,2.0,5.0,7.0,1.0,54.0,31.0,2.0,-0.188,3,4.0,2.0,1.0,5.0,2.0,2.0,1.0,1.0,1.0,2.0,2,1,1,5.0,3.0,2.0,2.0,2.0,2.0,4.0,2.0,2,3.0,0,Low
4.0,4.0,5.0,2.0,1.0,58.0,53.0,3.0,0.712,3,5.0,5.0,5.0,5.0,1.0,1.0,1.0,1.0,1.0,1.0,5,5,9,4.0,4.0,4.0,4.0,5.0,1.0,4.0,3.0,4,0.0,0,Medium
4.0,3.0,4.0,1.0,1.0,45.0,56.0,3.0,0.242,2,5.0,4.0,4.0,4.0,1.0,1.0,1.0,1.0,1.0,1.0,3,4,9,3.0,2.0,4.0,2.0,4.0,2.0,3.0,3.0,3,0.0,1,Medium
4.0,3.0,3.0,8.0,0.0,31.0,60.0,2.0,0.242,3,3.0,3.0,4.0,5.0,2.0,2.0,2.0,2.0,2.0,2.0,2,1,3,3.0,3.0,3.0,2.0,4.0,2.0,3.0,3.0,4,6.0,1,Medium
5.0,5.0,5.0,2.0,1.0,79.0,26.0,4.0,-1.485,1,5.0,5.0,5.0,5.0,1.0,1.0,1.0,1.0,1.0,1.0,2,3,5,5.0,5.0,5.0,5.0,6.0,4.0,4.0,4.0,3,0.0,0,Low
5.0,5.0,3.0,8.0,1.0,73.0,95.0,4.0,0.242,3,5.0,5.0,5.0,5.0,1.0,1.0,1.0,1.0,1.0,1.0,4,2,4,4.0,3.0,4.0,3.0,6.0,3.0,3.0,3.0,7,0.0,1,High
4.0,3.0,2.0,2.0,1.0,44.0,57.0,3.0,-0.57,2,4.0,2.0,3.0,3.0,1.0,1.0,1.0,1.0,1.0,1.0,2,5,3,4.0,3.0,3.0,2.0,4.0,2.0,3.0,2.0,3,0.0,1,Medium
4.0,4.0,2.0,5.0,1.0,82.0,68.0,4.0,-1.215,2,5.0,5.0,5.0,5.0,1.0,1.0,1.0,1.0,1.0,1.0,5,3,6,5.0,4.0,5.0,4.0,6.0,1.0,4.0,4.0,2,0.0,1,High
5.0,2.0,5.0,2.0,0.0,31.0,27.0,2.0,-0.57,3,5.0,2.0,1.0,3.0,1.0,1.0,1.0,1.0,1.0,1.0,2,4,9,4.0,3.0,1.0,1.0,2.0,2.0,3.0,2.0,4,0.0,0,Low
4.0,3.0,3.0,2.0,1.0,40.0,49.0,2.0,0.242,3,5.0,4.0,5.0,4.0,1.0,1.0,1.0,1.0,1.0,1.0,2,3,7,4.0,2.0,4.0,2.0,4.0,2.0,2.0,3.0,4,0.0,0,Medium
3.0,4.0,3.0,8.0,1.0,56.0,55.0,3.0,-1.215,2,3.0,3.0,2.0,4.0,1.0,1.0,1.0,1.0,1.0,1.0,2,1,1,4.0,4.0,4.0,3.0,5.0,4.0,3.0,3.0,8,0.0,1,Medium
5.0,4.0,4.0,2.0,1.0,69.0,48.0,3.0,0.242,2,4.0,4.0,3.0,4.0,1.0,1.0,1.0,1.0,1.0,1.0,3,1,4,4.0,5.0,3.0,3.0,4.0,2.0,3.0,3.0,2,0.0,0,Medium
5.0,4.0,4.0,8.0,1.0,59.0,75.0,4.0,0.242,3,5.0,4.0,2.0,5.0,1.0,1.0,1.0,1.0,1.0,1.0,5,2,7,4.0,5.0,3.0,4.0,5.0,2.0,2.0,4.0,6,0.0,1,High
5.0,3.0,3.0,2.0,0.0,56.0,55.0,3.0,-0.57,2,4.0,3.0,3.0,4.0,1.0,1.0,1.0,1.0,1.0,1.0,3,4,9,2.0,3.0,2.0,2.0,4.0,1.0,3.0,4.0,4,0.0,1,Medium
4.0,3.0,5.0,2.0,1.0,43.0,62.0,3.0,-0.188,2,5.0,3.0,4.0,2.0,1.0,1.0,1.0,1.0,1.0,1.0,2,2,8,2.0,3.0,3.0,2.0,4.0,1.0,3.0,2.0,5,0.0,1,High
5.0,5.0,4.0,2.0,1.0,85.0,86.0,4.0,1.267,3,5.0,5.0,5.0,5.0,1.0,1.0,1.0,1.0,1.0,1.0,3,2,8,3.0,5.0,5.0,5.0,6.0,1.0,4.0,4.0,5,0.0,1,High
3.0,3.0,3.0,8.0,1.0,51.0,50.0,3.0,-0.188,2,3.0,3.0,3.0,4.0,1.0,1.0,1.0,1.0,1.0,1.0,4,4,9,4.0,4.0,4.0,3.0,4.0,2.0,3.0,3.0,3,0.0,0,Medium
4.0,3.0,4.0,2.0,1.0,47.0,57.0,3.0,0.242,1,4.0,4.0,2.0,4.0,1.0,1.0,1.0,1.0,1.0,1.0,4,4,7,4.0,4.0,4.0,3.0,3.0,2.0,2.0,3.0,3,0.0,1,Medium
3.0,2.0,5.0,7.0,0.0,26.0,35.0,2.0,-0.57,2,4.0,2.0,3.0,3.0,2.0,2.0,3.0,1.0,1.0,1.0,3,2,7,4.0,4.0,3.0,3.0,6.0,3.0,3.0,3.0,6,3.0,0,Low
4.0,3.0,4.0,2.0,1.0,55.0,59.0,3.0,0.242,3,5.0,5.0,5.0,5.0,1.0,1.0,1.0,1.0,1.0,1.0,5,1,8,3.0,3.0,4.0,3.0,4.0,4.0,4.0,4.0,2,0.0,1,Medium
5.0,4.0,3.0,8.0,0.0,46.0,63.0,4.0,-0.188,2,5.0,5.0,5.0,5.0,1.0,1.0,1.0,1.0,1.0,1.0,2,2,5,4.0,4.0,4.0,3.0,4.0,3.0,3.0,3.0,8,0.0,1,High
5.0,4.0,4.0,2.0,1.0,55.0,47.0,4.0,-0.188,3,5.0,5.0,4.0,4.0,2.0,1.0,1.0,3.0,2.0,1.0,5,5,9,4.0,4.0,4.0,4.0,5.0,2.0,3.0,3.0,2,3.0,0,Medium
4.0,3.0,3.0,2.0,1.0,40.0,47.0,2.0,-0.188,3,5.0,4.0,1.0,4.0,1.0,1.0,1.0,1.0,1.0,1.0,2,2,5,5.0,3.0,4.0,2.0,4.0,2.0,3.0,3.0,5,0.0,0,Medium
5.0,4.0,2.0,8.0,0.0,63.0,69.0,4.0,-0.57,2,5.0,5.0,5.0,5.0,1.0,1.0,1.0,1.0,1.0,1.0,3,2,1,4.0,4.0,4.0,4.0,2.0,1.0,3.0,3.0,7,0.0,1,High
4.0,4.0,2.0,2.0,1.0,58.0,64.0,3.0,-0.188,3,5.0,4.0,3.0,4.0,1.0,1.0,1.0,1.0,1.0,1.0,3,4,8,4.0,4.0,4.0,4.0,5.0,3.0,3.0,3.0,4,0.0,1,High
4.0,4.0,3.0,2.0,1.0,47.0,50.0,3.0,-0.909,1,5.0,4.0,2.0,4.0,1.0,1.0,1.0,1.0,1.0,1.0,3,2,4,4.0,4.0,4.0,2.0,6.0,2.0,3.0,3.0,1,0.0,0,Medium
5.0,4.0,2.0,2.0,1.0,53.0,60.0,3.0,0.712,3,5.0,3.0,4.0,5.0,1.0,1.0,1.0,1.0,1.0,1.0,5,4,9,4.0,3.0,5.0,3.0,6.0,2.0,3.0,4.0,3,0.0,1,Medium
4.0,4.0,4.0,2.0,1.0,50.0,58.0,4.0,0.242,3,5.0,5.0,5.0,5.0,1.0,1.0,1.0,1.0,1.0,1.0,5,2,9,4.0,4.0,4.0,3.0,6.0,2.0,3.0,3.0,4,0.0,1,Medium
3.0,4.0,4.0,2.0,1.0,54.0,51.0,3.0,1.267,3,4.0,5.0,4.0,5.0,1.0,1.0,2.0,2.0,2.0,1.0,3,3,9,5.0,4.0,4.0,4.0,5.0,2.0,3.0,3.0,3,3.0,0,Medium
4.0,4.0,3.0,5.0,1.0,47.0,60.0,3.0,-0.57,2,5.0,4.0,5.0,5.0,1.0,1.0,1.0,1.0,1.0,1.0,3,4,9,4.0,4.0,4.0,2.0,6.0,2.0,3.0,3.0,1,0.0,1,Medium
5.0,4.0,2.0,8.0,1.0,47.0,65.0,3.0,-0.57,2,3.0,3.0,4.0,3.0,1.0,1.0,1.0,1.0,1.0,1.0,2,3,6,4.0,4.0,3.0,3.0,4.0,1.0,3.0,3.0,6,0.0,1,High
5.0,4.0,2.0,2.0,1.0,39.0,56.0,4.0,0.242,3,5.0,4.0,4.0,3.0,1.0,1.0,1.0,1.0,1.0,1.0,3,5,4,3.0,2.0,2.0,3.0,4.0,2.0,3.0,3.0,3,0.0,1,Medium
5.0,5.0,2.0,3.0,0.0,73.0,95.0,4.0,1.267,3,5.0,5.0,5.0,5.0,1.0,1.0,1.0,1.0,1.0,1.0,4,2,8,1.0,1.0,1.0,1.0,1.0,2.0,2.0,4.0,8,0.0,1,High
3.0,2.0,4.0,4.0,0.0,25.0,33.0,2.0,-0.909,3,4.0,2.0,1.0,5.0,1.0,1.0,1.0,1.0,1.0,1.0,1,2,6,4.0,2.0,2.0,2.0,3.0,3.0,2.0,3.0,5,0.0,0,Low
4.0,4.0,3.0,5.0,1.0,57.0,53.0,4.0,0.712,3,5.0,5.0,5.0,4.0,1.0,1.0,1.0,1.0,1.0,1.0,5,3,5,3.0,3.0,4.0,3.0,4.0,1.0,3.0,4.0,2,0.0,0,Medium
5.0,3.0,4.0,2.0,1.0,42.0,69.0,4.0,0.242,3,5.0,4.0,5.0,3.0,1.0,1.0,1.0,1.0,1.0,1.0,5,3,7,2.0,2.0,4.0,4.0,6.0,3.0,2.0,3.0,3,0.0,1,High
4.0,3.0,4.0,2.0,1.0,45.0,37.0,3.0,0.712,3,3.0,4.0,1.0,5.0,1.0,1.0,1.0,1.0,1.0,1.0,3,2,7,5.0,4.0,4.0,4.0,2.0,3.0,3.0,3.0,3,0.0,0,Low
3.0,3.0,4.0,1.0,1.0,37.0,49.0,3.0,-0.188,3,4.0,3.0,2.0,1.0,1.0,1.0,1.0,1.0,1.0,1.0,3,5,3,3.0,2.0,3.0,2.0,1.0,3.0,2.0,3.0,3,0.0,0,Medium
4.0,4.0,3.0,2.0,1.0,53.0,58.0,3.0,0.242,2,5.0,4.0,4.0,5.0,1.0,1.0,1.0,1.0,1.0,1.0,3,4,4,5.0,4.0,4.0,4.0,6.0,2.0,3.0,3.0,2,0.0,1,Medium
5.0,4.0,1.0,2.0,1.0,72.0,79.0,4.0,0.712,3,5.0,5.0,5.0,5.0,1.0,1.0,1.0,1.0,1.0,1.0,3,2,8,3.0,4.0,3.0,3.0,6.0,1.0,4.0,4.0,5,0.0,1,High
5.0,1.0,5.0,2.0,0.0,25.0,52.0,2.0,-1.485,2,3.0,3.0,3.0,2.0,2.0,2.0,2.0,3.0,2.0,2.0,5,2,8,5.0,5.0,5.0,1.0,4.0,1.0,1.0,1.0,5,6.0,0,Medium
5.0,5.0,,,0.0,58.0,77.0,,-2.053,0,,,,,,,,,,,2,1,1,3.0,3.0,3.0,3.0,,,,,2,,1,High
4.0,4.0,2.0,8.0,0.0,49.0,76.0,4.0,0.242,3,5.0,3.0,5.0,4.0,1.0,1.0,1.0,1.0,1.0,1.0,5,2,9,3.0,3.0,3.0,3.0,3.0,1.0,3.0,3.0,6,0.0,1,High
5.0,3.0,4.0,3.0,1.0,51.0,64.0,3.0,-0.188,3,5.0,4.0,5.0,5.0,1.0,1.0,1.0,1.0,1.0,1.0,5,5,9,4.0,3.0,4.0,2.0,3.0,2.0,2.0,3.0,4,0.0,1,High
2.0,2.0,5.0,2.0,1.0,45.0,48.0,3.0,-1.215,2,4.0,2.0,3.0,3.0,1.0,1.0,1.0,1.0,1.0,1.0,4,3,8,5.0,3.0,4.0,2.0,4.0,2.0,2.0,2.0,3,0.0,0,Medium
4.0,3.0,2.0,4.0,1.0,43.0,59.0,3.0,1.267,3,5.0,5.0,5.0,5.0,1.0,1.0,1.0,1.0,1.0,1.0,4,1,9,4.0,3.0,4.0,4.0,4.0,2.0,3.0,3.0,5,0.0,1,Medium
3.0,3.0,3.0,2.0,0.0,40.0,23.0,2.0,-1.485,2,4.0,3.0,3.0,3.0,1.0,1.0,1.0,2.0,1.0,1.0,2,1,2,4.0,4.0,3.0,3.0,3.0,3.0,3.0,3.0,3,1.0,0,Low
5.0,3.0,3.0,1.0,1.0,34.0,44.0,3.0,0.712,3,5.0,3.0,5.0,5.0,1.0,1.0,1.0,1.0,1.0,1.0,4,4,9,3.0,2.0,3.0,1.0,2.0,1.0,3.0,2.0,4,0.0,0,Medium
4.0,4.0,4.0,2.0,1.0,57.0,58.0,4.0,1.267,3,5.0,3.0,5.0,5.0,1.0,1.0,1.0,1.0,1.0,1.0,5,1,4,4.0,4.0,4.0,4.0,6.0,2.0,3.0,3.0,2,0.0,1,Medium
5.0,4.0,3.0,2.0,0.0,78.0,80.0,4.0,0.242,3,5.0,5.0,5.0,3.0,1.0,1.0,1.0,1.0,1.0,1.0,5,2,9,4.0,2.0,5.0,2.0,6.0,1.0,3.0,4.0,4,0.0,1,High
4.0,4.0,4.0,2.0,0.0,58.0,66.0,4.0,1.267,3,5.0,4.0,5.0,5.0,1.0,1.0,1.0,1.0,1.0,1.0,5,2,8,2.0,2.0,4.0,3.0,4.0,2.0,4.0,4.0,5,0.0,1,High
4.0,4.0,3.0,1.0,1.0,59.0,77.0,3.0,0.712,3,5.0,4.0,5.0,4.0,1.0,1.0,1.0,1.0,1.0,1.0,5,2,9,3.0,4.0,4.0,3.0,5.0,1.0,3.0,3.0,6,0.0,1,High
5.0,3.0,3.0,2.0,1.0,46.0,55.0,4.0,0.242,3,5.0,3.0,4.0,3.0,1.0,1.0,1.0,1.0,1.0,1.0,3,2,8,3.0,3.0,4.0,2.0,5.0,2.0,3.0,3.0,4,0.0,1,Medium
4.0,2.0,2.0,2.0,0.0,34.0,39.0,2.0,-0.57,3,5.0,3.0,1.0,1.0,1.0,1.0,1.0,1.0,1.0,1.0,2,3,7,2.0,2.0,2.0,2.0,3.0,2.0,2.0,2.0,4,0.0,0,Low
5.0,4.0,3.0,8.0,1.0,55.0,63.0,4.0,0.242,2,5.0,4.0,5.0,4.0,1.0,1.0,1.0,1.0,1.0,1.0,2,2,3,4.0,3.0,3.0,2.0,6.0,1.0,3.0,3.0,6,0.0,1,High
5.0,4.0,2.0,2.0,1.0,59.0,61.0,4.0,1.267,3,5.0,4.0,1.0,5.0,1.0,1.0,1.0,1.0,1.0,1.0,3,3,7,5.0,4.0,5.0,4.0,5.0,2.0,3.0,3.0,2,0.0,1,High
4.0,3.0,3.0,2.0,1.0,42.0,55.0,3.0,-0.57,3,4.0,4.0,4.0,4.0,1.0,1.0,1.0,1.0,1.0,1.0,5,2,9,4.0,4.0,4.0,4.0,3.0,2.0,3.0,3.0,2,0.0,1,Medium
5.0,3.0,5.0,2.0,1.0,58.0,47.0,3.0,-0.909,2,5.0,4.0,4.0,4.0,1.0,1.0,1.0,2.0,1.0,1.0,2,3,6,4.0,5.0,4.0,4.0,3.0,2.0,3.0,3.0,2,1.0,0,Medium
3.0,3.0,4.0,2.0,0.0,42.0,43.0,1.0,-1.215,2,3.0,3.0,3.0,3.0,1.0,1.0,1.0,2.0,1.0,1.0,2,2,5,3.0,3.0,3.0,2.0,4.0,2.0,2.0,2.0,4,1.0,0,Low
4.0,4.0,2.0,2.0,1.0,61.0,65.0,4.0,0.242,3,5.0,5.0,4.0,5.0,1.0,1.0,1.0,1.0,1.0,1.0,3,2,7,3.0,4.0,4.0,2.0,6.0,1.0,4.0,4.0,5,0.0,1,High
3.0,3.0,4.0,2.0,0.0,42.0,54.0,3.0,-0.188,3,5.0,3.0,5.0,4.0,1.0,1.0,1.0,1.0,1.0,1.0,3,5,4,2.0,2.0,2.0,2.0,3.0,2.0,3.0,2.0,2,0.0,0,Medium
4.0,3.0,3.0,8.0,0.0,43.0,49.0,3.0,0.242,3,5.0,4.0,2.0,4.0,1.0,1.0,1.0,1.0,1.0,1.0,4,2,8,4.0,3.0,3.0,3.0,1.0,1.0,2.0,4.0,7,0.0,0,Medium
4.0,4.0,3.0,3.0,1.0,60.0,68.0,4.0,0.242,2,5.0,4.0,5.0,5.0,1.0,1.0,1.0,1.0,1.0,1.0,3,2,7,4.0,4.0,4.0,4.0,5.0,1.0,3.0,3.0,5,0.0,1,High
3.0,3.0,3.0,1.0,1.0,42.0,45.0,2.0,-1.485,1,3.0,3.0,3.0,3.0,2.0,2.0,2.0,2.0,2.0,2.0,1,2,5,4.0,4.0,4.0,4.0,4.0,2.0,2.0,2.0,3,6.0,0,Medium
2.0,2.0,4.0,2.0,0.0,38.0,50.0,2.0,-1.215,2,4.0,3.0,1.0,3.0,2.0,2.0,2.0,1.0,1.0,1.0,2,5,2,4.0,3.0,3.0,3.0,4.0,2.0,2.0,2.0,4,3.0,0,Medium
5.0,4.0,4.0,2.0,1.0,39.0,39.0,4.0,-1.485,2,5.0,4.0,4.0,5.0,1.0,2.0,1.0,3.0,1.0,1.0,3,1,2,5.0,5.0,4.0,3.0,6.0,3.0,4.0,3.0,4,2.0,0,Low
5.0,4.0,2.0,8.0,1.0,43.0,70.0,3.0,0.242,2,5.0,4.0,5.0,5.0,1.0,1.0,1.0,1.0,1.0,1.0,1,2,3,4.0,5.0,4.0,4.0,3.0,3.0,2.0,2.0,8,0.0,1,High
5.0,5.0,3.0,2.0,1.0,65.0,71.0,4.0,0.712,3,5.0,4.0,5.0,4.0,1.0,1.0,1.0,1.0,1.0,1.0,5,3,9,4.0,4.0,4.0,5.0,6.0,1.0,3.0,3.0,3,0.0,1,High
5.0,4.0,2.0,2.0,0.0,65.0,86.0,4.0,0.242,3,4.0,5.0,5.0,4.0,1.0,1.0,1.0,1.0,1.0,1.0,4,1,8,2.0,3.0,4.0,3.0,6.0,1.0,4.0,4.0,4,0.0,1,High
4.0,3.0,2.0,8.0,1.0,55.0,67.0,4.0,0.712,3,5.0,4.0,5.0,5.0,1.0,1.0,1.0,1.0,1.0,1.0,3,2,8,3.0,4.0,4.0,4.0,5.0,2.0,2.0,3.0,6,0.0,1,High
3.0,3.0,3.0,7.0,1.0,56.0,28.0,2.0,-0.188,2,1.0,3.0,1.0,4.0,,,3.0,2.0,3.0,,3,4,9,5.0,5.0,3.0,4.0,4.0,2.0,2.0,3.0,1,3.0,0,Low
5.0,4.0,3.0,8.0,0.0,47.0,66.0,4.0,1.267,3,5.0,5.0,5.0,5.0,1.0,1.0,1.0,1.0,1.0,1.0,2,1,7,3.0,3.0,4.0,3.0,6.0,2.0,3.0,4.0,7,0.0,1,High
4.0,4.0,3.0,2.0,1.0,77.0,60.0,3.0,0.242,3,4.0,4.0,1.0,4.0,1.0,1.0,1.0,1.0,1.0,1.0,4,2,6,5.0,5.0,5.0,5.0,6.0,1.0,2.0,4.0,2,0.0,1,Medium
5.0,4.0,4.0,2.0,1.0,63.0,64.0,4.0,1.267,3,5.0,4.0,5.0,4.0,1.0,1.0,1.0,1.0,1.0,1.0,3,1,7,5.0,4.0,4.0,4.0,5.0,1.0,4.0,4.0,5,0.0,1,High
5.0,4.0,2.0,2.0,1.0,56.0,62.0,4.0,1.267,3,5.0,4.0,5.0,5.0,1.0,1.0,1.0,1.0,1.0,1.0,5,3,9,4.0,5.0,5.0,4.0,6.0,2.0,3.0,3.0,3,0.0,1,High
4.0,3.0,1.0,5.0,0.0,38.0,34.0,2.0,-0.909,1,3.0,5.0,1.0,5.0,2.0,2.0,1.0,1.0,1.0,1.0,1,1,1,5.0,5.0,4.0,2.0,5.0,1.0,3.0,1.0,5,2.0,0,Low
5.0,3.0,5.0,8.0,1.0,49.0,70.0,3.0,-0.909,1,4.0,4.0,3.0,4.0,1.0,1.0,1.0,1.0,1.0,1.0,3,2,9,3.0,4.0,3.0,3.0,5.0,3.0,3.0,3.0,7,0.0,1,High
4.0,3.0,4.0,2.0,1.0,42.0,53.0,3.0,0.242,3,5.0,2.0,2.0,2.0,1.0,1.0,1.0,1.0,1.0,1.0,3,2,9,2.0,3.0,3.0,2.0,4.0,3.0,2.0,3.0,4,0.0,0,Medium
4.0,4.0,3.0,8.0,0.0,44.0,52.0,3.0,-0.909,3,5.0,3.0,1.0,4.0,1.0,1.0,1.0,1.0,1.0,1.0,3,2,3,1.0,1.0,1.0,1.0,2.0,1.0,3.0,4.0,8,0.0,0,Medium
4.0,4.0,5.0,2.0,1.0,47.0,43.0,3.0,0.242,2,5.0,3.0,4.0,4.0,1.0,1.0,1.0,1.0,1.0,1.0,3,2,8,3.0,4.0,4.0,3.0,3.0,2.0,3.0,3.0,6,0.0,0,Low
4.0,3.0,3.0,3.0,0.0,36.0,60.0,3.0,-0.188,3,4.0,4.0,4.0,4.0,1.0,1.0,1.0,1.0,1.0,1.0,2,2,7,4.0,4.0,4.0,2.0,5.0,2.0,3.0,3.0,6,0.0,1,Medium
5.0,4.0,1.0,2.0,1.0,69.0,79.0,4.0,0.242,3,5.0,5.0,1.0,5.0,1.0,1.0,1.0,1.0,1.0,1.0,5,1,7,3.0,3.0,5.0,4.0,6.0,1.0,4.0,4.0,4,0.0,1,High
4.0,3.0,2.0,8.0,1.0,34.0,71.0,3.0,0.712,3,5.0,4.0,5.0,5.0,1.0,1.0,1.0,1.0,1.0,1.0,2,2,5,4.0,4.0,4.0,2.0,6.0,2.0,2.0,2.0,8,0.0,1,High
4.0,4.0,2.0,8.0,1.0,53.0,61.0,4.0,-0.57,2,5.0,5.0,5.0,5.0,1.0,1.0,1.0,1.0,1.0,1.0,3,2,5,3.0,4.0,4.0,2.0,4.0,2.0,3.0,3.0,7,0.0,1,High
5.0,4.0,3.0,8.0,1.0,58.0,56.0,4.0,0.242,3,5.0,4.0,3.0,5.0,1.0,1.0,1.0,1.0,2.0,1.0,3,2,5,4.0,4.0,4.0,4.0,6.0,2.0,3.0,3.0,5,1.0,1,Medium
5.0,3.0,4.0,2.0,0.0,40.0,42.0,2.0,0.242,3,5.0,3.0,1.0,3.0,1.0,1.0,1.0,1.0,1.0,1.0,3,1,3,4.0,2.0,2.0,2.0,5.0,2.0,3.0,2.0,4,0.0,0,Low
4.0,3.0,2.0,8.0,0.0,43.0,50.0,3.0,-1.485,1,5.0,3.0,1.0,4.0,1.0,1.0,1.0,1.0,1.0,1.0,2,2,1,3.0,3.0,3.0,2.0,1.0,1.0,3.0,3.0,7,0.0,0,Medium
4.0,4.0,3.0,3.0,1.0,49.0,58.0,3.0,0.242,3,5.0,5.0,1.0,3.0,1.0,1.0,1.0,1.0,1.0,1.0,4,4,7,5.0,4.0,4.0,4.0,5.0,1.0,3.0,3.0,2,0.0,1,Medium
2.0,3.0,3.0,3.0,1.0,46.0,34.0,3.0,0.242,3,3.0,3.0,1.0,5.0,1.0,1.0,1.0,2.0,1.0,1.0,3,2,8,4.0,2.0,2.0,2.0,1.0,3.0,2.0,3.0,4,1.0,0,Low
4.0,1.0,3.0,7.0,0.0,39.0,42.0,2.0,0.712,3,5.0,5.0,5.0,3.0,1.0,2.0,3.0,2.0,1.0,1.0,2,3,3,5.0,4.0,5.0,3.0,1.0,2.0,3.0,3.0,3,3.0,0,Low
4.0,3.0,4.0,3.0,1.0,43.0,49.0,3.0,-0.188,3,4.0,3.0,2.0,3.0,2.0,2.0,1.0,2.0,1.0,1.0,1,3,1,4.0,4.0,4.0,4.0,4.0,2.0,4.0,2.0,4,3.0,0,Medium
3.0,2.0,5.0,3.0,0.0,43.0,33.0,2.0,0.242,3,2.0,2.0,2.0,3.0,3.0,3.0,2.0,3.0,3.0,3.0,2,3,4,4.0,4.0,4.0,4.0,2.0,2.0,3.0,2.0,5,6.0,0,Low
3.0,3.0,3.0,2.0,1.0,42.0,45.0,3.0,-0.909,3,4.0,3.0,2.0,3.0,1.0,2.0,1.0,2.0,2.0,1.0,2,2,4,4.0,3.0,3.0,3.0,6.0,2.0,3.0,3.0,2,3.0,0,Medium
2.0,2.0,5.0,2.0,1.0,17.0,36.0,1.0,-0.57,3,4.0,1.0,1.0,5.0,2.0,2.0,1.0,1.0,1.0,1.0,3,3,8,3.0,3.0,3.0,3.0,2.0,4.0,2.0,3.0,2,2.0,0,Low
4.0,4.0,2.0,2.0,1.0,50.0,61.0,3.0,-0.188,3,5.0,4.0,4.0,5.0,1.0,1.0,1.0,1.0,1.0,1.0,2,2,8,4.0,4.0,4.0,3.0,4.0,2.0,3.0,3.0,5,0.0,1,High
5.0,4.0,3.0,8.0,0.0,66.0,81.0,3.0,0.712,3,5.0,1.0,5.0,5.0,1.0,1.0,1.0,1.0,1.0,1.0,5,2,9,3.0,2.0,3.0,3.0,6.0,2.0,4.0,4.0,8,0.0,1,High
5.0,5.0,2.0,2.0,1.0,54.0,62.0,4.0,-0.188,2,5.0,4.0,5.0,5.0,1.0,1.0,1.0,1.0,1.0,1.0,2,2,8,4.0,4.0,4.0,4.0,6.0,2.0,3.0,4.0,5,0.0,1,High
3.0,2.0,4.0,2.0,1.0,25.0,42.0,2.0,-0.57,1,5.0,2.0,1.0,5.0,2.0,2.0,1.0,1.0,1.0,1.0,2,2,2,1.0,2.0,2.0,2.0,2.0,3.0,2.0,2.0,5,2.0,0,Low
5.0,4.0,2.0,2.0,1.0,51.0,61.0,3.0,0.712,3,5.0,4.0,1.0,3.0,1.0,1.0,1.0,1.0,1.0,1.0,3,4,9,3.0,4.0,4.0,4.0,5.0,2.0,3.0,3.0,1,0.0,1,High
5.0,5.0,3.0,2.0,1.0,66.0,64.0,4.0,1.267,3,5.0,5.0,5.0,5.0,1.0,1.0,1.0,1.0,1.0,1.0,4,2,8,4.0,4.0,4.0,4.0,6.0,1.0,3.0,4.0,1,0.0,1,High
5.0,5.0,1.0,2.0,0.0,85.0,78.0,4.0,-0.57,2,5.0,5.0,5.0,5.0,1.0,1.0,1.0,1.0,1.0,1.0,2,1,7,4.0,4.0,4.0,4.0,5.0,1.0,3.0,4.0,3,0.0,1,High
4.0,5.0,3.0,2.0,1.0,62.0,68.0,3.0,0.242,3,5.0,4.0,5.0,5.0,1.0,1.0,1.0,1.0,1.0,1.0,4,2,8,4.0,4.0,3.0,3.0,5.0,1.0,4.0,3.0,4,0.0,1,High
1.0,4.0,4.0,2.0,1.0,62.0,77.0,4.0,-0.57,2,5.0,5.0,5.0,5.0,1.0,1.0,1.0,1.0,1.0,1.0,3,3,8,4.0,4.0,4.0,4.0,6.0,2.0,3.0,4.0,5,0.0,1,High
4.0,3.0,1.0,4.0,1.0,55.0,57.0,3.0,-0.909,2,4.0,4.0,4.0,5.0,2.0,1.0,1.0,2.0,1.0,1.0,3,5,8,5.0,4.0,4.0,3.0,4.0,2.0,3.0,3.0,2,2.0,1,Medium
5.0,3.0,2.0,2.0,1.0,58.0,54.0,4.0,0.712,3,5.0,3.0,2.0,4.0,1.0,1.0,1.0,1.0,1.0,1.0,5,3,8,2.0,3.0,4.0,2.0,5.0,2.0,3.0,4.0,5,0.0,0,Medium
3.0,3.0,5.0,6.0,0.0,44.0,44.0,1.0,-0.909,2,3.0,5.0,1.0,1.0,3.0,3.0,1.0,3.0,1.0,2.0,1,3,1,1.0,5.0,1.0,1.0,1.0,1.0,3.0,1.0,4,4.0,0,Medium
5.0,5.0,1.0,1.0,1.0,50.0,69.0,4.0,-0.188,2,5.0,4.0,2.0,5.0,1.0,1.0,1.0,1.0,1.0,1.0,3,1,5,3.0,3.0,3.0,3.0,2.0,2.0,3.0,4.0,4,0.0,1,High
4.0,3.0,4.0,2.0,0.0,36.0,50.0,3.0,0.242,3,4.0,3.0,2.0,3.0,1.0,1.0,1.0,1.0,1.0,1.0,3,1,7,4.0,4.0,3.0,3.0,3.0,3.0,2.0,2.0,3,0.0,0,Medium
4.0,4.0,2.0,8.0,1.0,53.0,51.0,4.0,0.242,3,5.0,4.0,5.0,5.0,1.0,1.0,1.0,1.0,1.0,1.0,5,2,7,4.0,4.0,5.0,4.0,6.0,2.0,3.0,3.0,8,0.0,0,Medium
5.0,4.0,4.0,2.0,0.0,58.0,63.0,4.0,0.712,3,5.0,5.0,5.0,5.0,1.0,1.0,1.0,1.0,1.0,1.0,4,4,9,3.0,3.0,4.0,3.0,6.0,1.0,3.0,3.0,3,0.0,1,High
3.0,5.0,3.0,2.0,,61.0,59.0,4.0,-1.215,2,4.0,3.0,3.0,3.0,1.0,1.0,1.0,1.0,1.0,1.0,4,3,6,3.0,4.0,4.0,4.0,3.0,2.0,2.0,3.0,2,0.0,1,Medium
4.0,3.0,3.0,2.0,1.0,43.0,54.0,3.0,0.712,3,4.0,4.0,2.0,4.0,1.0,1.0,1.0,2.0,2.0,1.0,3,3,6,4.0,3.0,3.0,2.0,5.0,2.0,3.0,3.0,4,2.0,0,Medium
4.0,3.0,3.0,8.0,0.0,51.0,65.0,3.0,0.242,3,5.0,3.0,2.0,4.0,1.0,1.0,1.0,1.0,1.0,1.0,2,2,7,3.0,4.0,4.0,2.0,4.0,3.0,2.0,2.0,8,0.0,1,High
4.0,4.0,3.0,2.0,1.0,51.0,51.0,4.0,0.712,3,4.0,4.0,4.0,5.0,1.0,1.0,1.0,1.0,1.0,1.0,3,5,7,4.0,4.0,4.0,3.0,5.0,2.0,3.0,3.0,3,0.0,0,Medium
5.0,5.0,4.0,2.0,1.0,45.0,70.0,3.0,0.242,3,5.0,5.0,5.0,5.0,1.0,1.0,1.0,1.0,1.0,1.0,3,3,9,4.0,4.0,4.0,2.0,6.0,1.0,3.0,3.0,4,0.0,1,High
4.0,4.0,1.0,8.0,0.0,64.0,67.0,4.0,-0.188,3,5.0,5.0,5.0,5.0,1.0,1.0,1.0,1.0,1.0,1.0,4,2,6,2.0,2.0,4.0,4.0,5.0,1.0,3.0,4.0,5,0.0,1,High
3.0,3.0,3.0,,0.0,50.0,32.0,3.0,-1.713,1,3.0,3.0,1.0,3.0,1.0,1.0,1.0,2.0,2.0,2.0,2,5,8,4.0,4.0,3.0,4.0,4.0,2.0,4.0,3.0,3,3.0,0,Low
5.0,3.0,3.0,,0.0,46.0,67.0,3.0,1.267,3,5.0,4.0,5.0,4.0,1.0,1.0,1.0,1.0,1.0,1.0,4,5,8,4.0,3.0,3.0,3.0,6.0,1.0,3.0,3.0,4,0.0,1,High
3.0,3.0,2.0,5.0,0.0,37.0,63.0,3.0,0.242,3,1.0,1.0,1.0,1.0,1.0,1.0,1.0,1.0,1.0,1.0,3,3,5,4.0,3.0,3.0,3.0,5.0,3.0,3.0,3.0,1,0.0,1,High
4.0,3.0,4.0,1.0,0.0,38.0,52.0,3.0,-0.188,3,3.0,2.0,3.0,1.0,1.0,1.0,1.0,1.0,1.0,1.0,3,4,6,2.0,2.0,2.0,2.0,2.0,3.0,2.0,2.0,4,0.0,0,Medium
5.0,5.0,3.0,2.0,1.0,85.0,78.0,4.0,0.712,3,5.0,5.0,5.0,5.0,1.0,1.0,1.0,1.0,1.0,1.0,4,4,7,5.0,5.0,5.0,5.0,6.0,2.0,4.0,4.0,2,0.0,1,High
4.0,3.0,5.0,6.0,0.0,45.0,47.0,2.0,-0.57,1,4.0,4.0,3.0,4.0,1.0,1.0,1.0,1.0,1.0,1.0,3,3,8,4.0,3.0,4.0,3.0,2.0,2.0,2.0,2.0,2,0.0,0,Medium
3.0,5.0,5.0,2.0,1.0,40.0,32.0,2.0,1.267,3,5.0,2.0,1.0,1.0,3.0,1.0,1.0,1.0,1.0,1.0,3,3,3,4.0,4.0,4.0,4.0,2.0,3.0,3.0,1.0,2,1.0,0,Low
4.0,3.0,5.0,2.0,1.0,38.0,50.0,3.0,-0.57,3,4.0,3.0,4.0,4.0,1.0,1.0,1.0,1.0,1.0,1.0,3,3,9,4.0,4.0,4.0,4.0,6.0,2.0,2.0,3.0,6,0.0,0,Medium
4.0,3.0,4.0,2.0,1.0,46.0,51.0,3.0,-1.215,1,3.0,2.0,4.0,5.0,2.0,1.0,1.0,2.0,2.0,1.0,3,3,4,4.0,3.0,4.0,2.0,5.0,2.0,3.0,3.0,4,3.0,0,Medium
4.0,3.0,4.0,8.0,0.0,42.0,46.0,2.0,-0.188,2,4.0,4.0,2.0,5.0,1.0,1.0,1.0,1.0,1.0,1.0,3,2,5,4.0,4.0,4.0,4.0,3.0,2.0,3.0,3.0,8,0.0,0,Medium
5.0,4.0,5.0,8.0,1.0,49.0,72.0,3.0,1.267,3,5.0,5.0,5.0,5.0,1.0,1.0,1.0,1.0,1.0,1.0,3,1,9,3.0,4.0,4.0,3.0,6.0,3.0,2.0,3.0,7,0.0,1,High
4.0,3.0,5.0,6.0,0.0,30.0,44.0,2.0,1.267,3,5.0,4.0,1.0,4.0,1.0,1.0,1.0,1.0,1.0,1.0,2,4,7,2.0,2.0,2.0,1.0,4.0,3.0,2.0,1.0,3,0.0,0,Medium
5.0,3.0,4.0,7.0,0.0,43.0,41.0,2.0,-0.57,2,5.0,4.0,5.0,2.0,2.0,2.0,1.0,2.0,2.0,1.0,2,4,1,3.0,4.0,2.0,2.0,3.0,2.0,2.0,2.0,2,4.0,0,Low
3.0,2.0,5.0,1.0,0.0,39.0,30.0,1.0,-0.188,2,4.0,3.0,1.0,5.0,1.0,2.0,1.0,1.0,2.0,2.0,2,3,8,3.0,4.0,1.0,1.0,1.0,1.0,3.0,3.0,4,3.0,0,Low
5.0,3.0,3.0,8.0,0.0,46.0,70.0,3.0,-1.9,1,5.0,5.0,5.0,5.0,1.0,1.0,1.0,1.0,1.0,1.0,2,2,5,5.0,3.0,5.0,3.0,4.0,1.0,2.0,4.0,8,0.0,1,High
4.0,3.0,2.0,8.0,1.0,48.0,61.0,3.0,1.267,3,4.0,4.0,4.0,4.0,1.0,1.0,1.0,1.0,1.0,1.0,3,2,8,3.0,3.0,3.0,3.0,4.0,3.0,3.0,3.0,8,0.0,1,High
2.0,4.0,2.0,2.0,1.0,55.0,58.0,3.0,-1.215,1,5.0,5.0,5.0,5.0,1.0,1.0,1.0,1.0,1.0,1.0,2,2,2,4.0,4.0,4.0,4.0,4.0,2.0,3.0,3.0,3,0.0,1,Medium
4.0,4.0,4.0,2.0,1.0,54.0,42.0,3.0,-0.909,2,4.0,4.0,4.0,4.0,2.0,2.0,2.0,2.0,2.0,2.0,3,1,4,4.0,4.0,4.0,4.0,5.0,3.0,3.0,3.0,4,6.0,0,Low
4.0,4.0,4.0,2.0,1.0,46.0,54.0,3.0,-0.188,3,4.0,4.0,2.0,4.0,1.0,1.0,1.0,2.0,1.0,1.0,4,2,6,4.0,4.0,4.0,4.0,5.0,1.0,3.0,3.0,2,1.0,0,Medium
3.0,3.0,3.0,8.0,0.0,47.0,44.0,3.0,-1.215,2,4.0,3.0,1.0,4.0,1.0,1.0,1.0,1.0,1.0,1.0,1,5,1,3.0,4.0,3.0,3.0,2.0,2.0,3.0,3.0,8,0.0,0,Medium
5.0,5.0,4.0,8.0,1.0,55.0,67.0,3.0,-0.188,2,5.0,5.0,5.0,5.0,1.0,1.0,1.0,1.0,1.0,1.0,2,1,1,4.0,4.0,4.0,4.0,6.0,2.0,3.0,3.0,6,0.0,1,High
5.0,4.0,1.0,8.0,1.0,47.0,69.0,3.0,-0.909,3,3.0,4.0,3.0,5.0,1.0,1.0,1.0,1.0,1.0,1.0,2,2,6,4.0,4.0,4.0,4.0,5.0,1.0,3.0,3.0,7,0.0,1,High
5.0,3.0,4.0,2.0,1.0,66.0,32.0,3.0,0.242,3,5.0,5.0,2.0,5.0,1.0,1.0,1.0,1.0,1.0,1.0,2,3,3,5.0,5.0,4.0,4.0,5.0,1.0,4.0,4.0,4,0.0,0,Low
5.0,4.0,2.0,2.0,1.0,57.0,62.0,3.0,1.267,3,5.0,5.0,1.0,4.0,1.0,1.0,1.0,1.0,1.0,1.0,1,2,6,5.0,5.0,5.0,5.0,6.0,2.0,3.0,4.0,2,0.0,1,High
4.0,3.0,5.0,2.0,1.0,53.0,58.0,3.0,0.712,3,5.0,4.0,4.0,3.0,1.0,1.0,1.0,1.0,1.0,1.0,5,5,8,4.0,4.0,4.0,4.0,5.0,2.0,2.0,3.0,3,0.0,1,Medium
4.0,4.0,3.0,2.0,1.0,54.0,61.0,4.0,0.712,3,5.0,4.0,1.0,3.0,1.0,1.0,1.0,1.0,1.0,1.0,5,2,9,5.0,5.0,5.0,5.0,4.0,2.0,3.0,3.0,2,0.0,1,High
4.0,3.0,5.0,2.0,0.0,41.0,29.0,3.0,-0.188,3,4.0,3.0,2.0,2.0,2.0,2.0,2.0,3.0,2.0,1.0,3,2,1,3.0,4.0,3.0,3.0,3.0,2.0,2.0,3.0,2,5.0,0,Low
5.0,4.0,2.0,3.0,1.0,48.0,53.0,4.0,1.267,3,4.0,4.0,4.0,2.0,1.0,1.0,1.0,1.0,2.0,1.0,5,3,9,4.0,4.0,3.0,2.0,6.0,2.0,2.0,4.0,4,1.0,0,Medium
4.0,4.0,4.0,5.0,1.0,58.0,51.0,4.0,-0.188,2,3.0,3.0,3.0,3.0,1.0,1.0,1.0,1.0,1.0,1.0,4,3,9,3.0,3.0,3.0,3.0,4.0,2.0,3.0,4.0,2,0.0,0,Medium
5.0,4.0,4.0,2.0,1.0,53.0,57.0,4.0,0.242,3,5.0,4.0,5.0,5.0,1.0,1.0,1.0,1.0,1.0,1.0,4,4,9,2.0,4.0,5.0,4.0,6.0,1.0,3.0,4.0,2,0.0,1,Medium
2.0,2.0,2.0,4.0,0.0,35.0,35.0,3.0,-1.713,1,1.0,1.0,1.0,1.0,2.0,2.0,2.0,2.0,2.0,2.0,3,4,1,1.0,1.0,1.0,1.0,1.0,3.0,3.0,3.0,2,6.0,0,Low
3.0,3.0,5.0,,0.0,42.0,49.0,3.0,-1.215,1,1.0,1.0,1.0,1.0,2.0,2.0,2.0,2.0,2.0,2.0,2,2,1,3.0,3.0,3.0,3.0,3.0,3.0,2.0,3.0,2,6.0,0,Medium
4.0,4.0,4.0,8.0,0.0,62.0,53.0,4.0,0.242,3,3.0,1.0,1.0,4.0,1.0,1.0,1.0,1.0,2.0,1.0,3,2,3,3.0,3.0,2.0,3.0,3.0,1.0,3.0,3.0,8,1.0,0,Medium
5.0,3.0,2.0,2.0,1.0,36.0,49.0,3.0,-0.188,3,5.0,3.0,5.0,2.0,1.0,1.0,1.0,1.0,1.0,1.0,3,2,5,4.0,2.0,4.0,1.0,5.0,3.0,2.0,2.0,3,0.0,0,Medium
3.0,1.0,5.0,8.0,0.0,30.0,37.0,1.0,-0.57,2,2.0,1.0,1.0,2.0,1.0,1.0,1.0,2.0,2.0,1.0,1,1,2,1.0,1.0,1.0,1.0,1.0,3.0,2.0,1.0,8,2.0,0,Low
5.0,3.0,3.0,2.0,1.0,40.0,65.0,3.0,1.267,3,5.0,4.0,5.0,2.0,1.0,1.0,1.0,1.0,1.0,1.0,5,1,7,2.0,2.0,4.0,2.0,5.0,1.0,3.0,2.0,2,0.0,1,High
4.0,3.0,3.0,3.0,0.0,45.0,48.0,3.0,0.712,3,4.0,2.0,1.0,3.0,1.0,1.0,1.0,1.0,1.0,1.0,2,2,6,3.0,3.0,4.0,3.0,4.0,2.0,2.0,2.0,6,0.0,0,Medium
5.0,3.0,2.0,8.0,0.0,56.0,62.0,3.0,-1.215,3,5.0,3.0,5.0,3.0,1.0,1.0,1.0,1.0,1.0,1.0,3,1,8,4.0,4.0,3.0,3.0,5.0,1.0,3.0,1.0,5,0.0,1,High
3.0,3.0,4.0,7.0,1.0,45.0,49.0,3.0,-0.909,3,4.0,4.0,3.0,3.0,1.0,1.0,1.0,1.0,1.0,1.0,3,2,8,3.0,3.0,3.0,3.0,5.0,2.0,3.0,3.0,4,0.0,0,Medium
3.0,3.0,3.0,2.0,0.0,27.0,49.0,3.0,-0.909,2,3.0,2.0,2.0,2.0,1.0,1.0,1.0,1.0,1.0,2.0,2,3,3,3.0,3.0,3.0,3.0,3.0,2.0,2.0,2.0,3,1.0,0,Medium
3.0,3.0,3.0,4.0,0.0,43.0,53.0,3.0,-0.909,2,4.0,1.0,1.0,5.0,1.0,1.0,1.0,1.0,1.0,1.0,2,2,2,3.0,3.0,3.0,3.0,3.0,1.0,3.0,3.0,5,0.0,0,Medium
4.0,4.0,2.0,2.0,1.0,53.0,57.0,4.0,1.267,3,5.0,4.0,5.0,3.0,1.0,1.0,1.0,1.0,1.0,1.0,5,2,9,5.0,5.0,4.0,3.0,6.0,2.0,3.0,3.0,3,0.0,1,Medium
3.0,3.0,4.0,1.0,0.0,49.0,50.0,3.0,-0.57,2,2.0,1.0,2.0,5.0,2.0,2.0,3.0,1.0,1.0,1.0,5,1,2,4.0,2.0,3.0,3.0,2.0,1.0,3.0,3.0,4,3.0,0,Medium
4.0,3.0,3.0,2.0,0.0,39.0,53.0,3.0,-0.188,3,5.0,5.0,3.0,5.0,1.0,1.0,1.0,1.0,1.0,1.0,2,2,7,4.0,3.0,3.0,2.0,5.0,2.0,3.0,3.0,4,0.0,0,Medium
4.0,3.0,2.0,2.0,1.0,49.0,59.0,4.0,0.712,3,4.0,4.0,1.0,2.0,1.0,1.0,1.0,1.0,1.0,1.0,4,4,7,4.0,4.0,4.0,3.0,4.0,2.0,3.0,3.0,4,0.0,1,Medium
5.0,5.0,4.0,8.0,1.0,64.0,75.0,4.0,0.242,2,5.0,5.0,5.0,5.0,1.0,1.0,1.0,1.0,1.0,1.0,2,1,6,5.0,5.0,5.0,5.0,6.0,1.0,4.0,4.0,5,0.0,1,High
5.0,4.0,3.0,8.0,1.0,71.0,56.0,4.0,0.242,1,5.0,4.0,5.0,5.0,1.0,1.0,1.0,1.0,1.0,1.0,2,2,3,5.0,5.0,5.0,5.0,5.0,2.0,3.0,4.0,6,0.0,1,Medium
4.0,2.0,4.0,2.0,0.0,39.0,40.0,2.0,-0.909,2,4.0,3.0,5.0,5.0,1.0,1.0,1.0,1.0,1.0,1.0,4,5,9,4.0,3.0,2.0,2.0,4.0,2.0,2.0,3.0,4,0.0,0,Low
4.0,4.0,2.0,3.0,1.0,45.0,54.0,4.0,-1.9,1,5.0,4.0,2.0,4.0,1.0,1.0,1.0,1.0,1.0,1.0,3,2,4,5.0,5.0,5.0,5.0,2.0,1.0,4.0,4.0,2,0.0,0,Medium
3.0,3.0,4.0,2.0,0.0,40.0,46.0,3.0,-0.188,3,5.0,2.0,1.0,5.0,1.0,1.0,1.0,1.0,1.0,1.0,3,5,7,4.0,4.0,4.0,4.0,5.0,2.0,3.0,2.0,4,0.0,0,Medium
3.0,3.0,3.0,2.0,0.0,49.0,67.0,4.0,-1.215,3,5.0,5.0,5.0,5.0,1.0,1.0,1.0,1.0,1.0,1.0,2,2,3,4.0,4.0,3.0,3.0,6.0,3.0,3.0,3.0,4,0.0,1,High
4.0,3.0,2.0,8.0,1.0,48.0,52.0,3.0,-0.57,3,5.0,4.0,4.0,4.0,1.0,1.0,1.0,1.0,2.0,1.0,2,2,2,4.0,4.0,4.0,4.0,5.0,2.0,3.0,3.0,6,1.0,0,Medium
3.0,3.0,3.0,8.0,0.0,43.0,55.0,3.0,0.242,3,4.0,2.0,3.0,3.0,1.0,1.0,1.0,1.0,1.0,1.0,2,3,4,2.0,2.0,3.0,2.0,2.0,2.0,3.0,3.0,6,0.0,1,Medium
3.0,3.0,3.0,4.0,0.0,44.0,48.0,3.0,-1.215,1,3.0,1.0,2.0,2.0,2.0,2.0,2.0,2.0,2.0,2.0,5,5,8,2.0,3.0,4.0,2.0,3.0,3.0,2.0,3.0,3,6.0,0,Medium
5.0,3.0,3.0,2.0,0.0,46.0,63.0,4.0,0.242,3,5.0,5.0,5.0,3.0,1.0,1.0,1.0,1.0,1.0,1.0,3,1,9,5.0,4.0,4.0,4.0,6.0,2.0,3.0,3.0,5,0.0,1,High
5.0,3.0,3.0,1.0,1.0,40.0,50.0,3.0,0.242,3,5.0,2.0,4.0,5.0,1.0,1.0,1.0,1.0,1.0,1.0,2,2,2,5.0,4.0,3.0,4.0,1.0,2.0,2.0,3.0,3,0.0,0,Medium
5.0,3.0,3.0,3.0,1.0,43.0,51.0,3.0,-0.909,2,4.0,4.0,5.0,5.0,1.0,1.0,1.0,1.0,1.0,1.0,4,2,6,4.0,4.0,4.0,4.0,4.0,3.0,3.0,2.0,7,0.0,0,Medium
5.0,4.0,4.0,2.0,1.0,53.0,46.0,4.0,0.712,3,5.0,5.0,2.0,5.0,1.0,1.0,1.0,1.0,1.0,1.0,3,1,5,4.0,4.0,3.0,3.0,4.0,2.0,3.0,3.0,3,0.0,0,Medium
5.0,3.0,4.0,2.0,0.0,59.0,52.0,3.0,0.242,2,4.0,4.0,1.0,3.0,2.0,2.0,2.0,1.0,1.0,1.0,3,1,1,5.0,5.0,5.0,2.0,1.0,1.0,3.0,4.0,1,3.0,0,Medium
4.0,4.0,2.0,8.0,1.0,49.0,58.0,3.0,-0.57,3,4.0,4.0,4.0,4.0,1.0,1.0,1.0,1.0,1.0,1.0,3,4,6,4.0,4.0,4.0,3.0,5.0,1.0,3.0,3.0,8,0.0,1,Medium
5.0,5.0,2.0,2.0,1.0,66.0,79.0,4.0,0.712,3,5.0,5.0,4.0,5.0,1.0,1.0,1.0,1.0,1.0,1.0,4,2,9,5.0,5.0,5.0,5.0,6.0,1.0,4.0,4.0,6,0.0,1,High
5.0,3.0,2.0,2.0,1.0,46.0,62.0,3.0,1.267,3,5.0,4.0,5.0,5.0,1.0,1.0,1.0,1.0,1.0,1.0,5,4,9,4.0,3.0,4.0,3.0,6.0,1.0,4.0,4.0,4,0.0,1,High
4.0,3.0,3.0,8.0,0.0,49.0,48.0,3.0,-0.909,2,5.0,5.0,5.0,5.0,1.0,1.0,1.0,1.0,1.0,1.0,2,2,1,4.0,4.0,4.0,4.0,6.0,2.0,3.0,3.0,8,0.0,0,Medium
3.0,3.0,4.0,2.0,1.0,42.0,49.0,3.0,-0.188,2,4.0,3.0,3.0,3.0,1.0,1.0,1.0,2.0,1.0,1.0,4,3,6,4.0,3.0,4.0,3.0,4.0,2.0,2.0,3.0,1,1.0,0,Medium
4.0,3.0,4.0,3.0,0.0,44.0,59.0,4.0,-0.188,2,4.0,1.0,5.0,4.0,1.0,1.0,1.0,1.0,1.0,1.0,3,3,8,2.0,2.0,2.0,2.0,5.0,3.0,2.0,2.0,4,0.0,1,Medium
5.0,5.0,1.0,1.0,1.0,81.0,67.0,4.0,0.242,3,5.0,5.0,3.0,5.0,1.0,1.0,1.0,1.0,1.0,1.0,3,2,3,5.0,5.0,5.0,5.0,4.0,2.0,4.0,4.0,7,0.0,1,High
5.0,4.0,3.0,3.0,1.0,49.0,50.0,4.0,-0.57,2,4.0,3.0,3.0,2.0,1.0,1.0,1.0,1.0,1.0,1.0,3,1,8,4.0,3.0,4.0,4.0,3.0,1.0,3.0,3.0,6,0.0,0,Medium
4.0,3.0,4.0,2.0,0.0,39.0,52.0,3.0,0.242,3,5.0,4.0,2.0,4.0,1.0,1.0,1.0,1.0,1.0,1.0,3,2,7,3.0,3.0,3.0,3.0,4.0,2.0,3.0,3.0,4,0.0,0,Medium
3.0,3.0,,,,42.0,49.0,1.0,-0.909,1,3.0,3.0,3.0,3.0,2.0,2.0,2.0,1.0,2.0,1.0,3,5,1,3.0,3.0,3.0,3.0,4.0,,,,1,4.0,0,Medium
5.0,5.0,3.0,2.0,1.0,66.0,55.0,4.0,1.267,3,5.0,5.0,5.0,5.0,1.0,1.0,1.0,1.0,1.0,1.0,2,3,3,5.0,5.0,5.0,3.0,4.0,1.0,4.0,4.0,4,0.0,1,Medium
3.0,5.0,5.0,1.0,0.0,68.0,33.0,4.0,-0.188,2,5.0,5.0,1.0,5.0,3.0,3.0,1.0,1.0,1.0,1.0,3,2,4,5.0,3.0,3.0,4.0,3.0,1.0,3.0,2.0,2,2.0,0,Low
5.0,4.0,3.0,8.0,1.0,47.0,72.0,4.0,0.242,2,5.0,5.0,5.0,5.0,1.0,1.0,1.0,1.0,1.0,1.0,2,1,6,4.0,4.0,3.0,4.0,2.0,2.0,3.0,3.0,8,0.0,1,High
4.0,3.0,3.0,4.0,1.0,62.0,45.0,3.0,-0.57,3,3.0,4.0,1.0,5.0,2.0,2.0,1.0,2.0,2.0,1.0,2,5,4,5.0,5.0,4.0,4.0,3.0,2.0,3.0,3.0,2,4.0,0,Medium
4.0,3.0,3.0,2.0,1.0,53.0,50.0,3.0,-0.188,2,3.0,4.0,2.0,4.0,1.0,1.0,1.0,2.0,1.0,1.0,4,2,7,4.0,4.0,3.0,3.0,4.0,1.0,4.0,2.0,4,1.0,0,Medium
3.0,3.0,3.0,2.0,1.0,41.0,43.0,2.0,-1.485,2,3.0,3.0,2.0,2.0,2.0,2.0,1.0,1.0,1.0,1.0,3,2,7,3.0,4.0,3.0,3.0,4.0,2.0,3.0,3.0,2,2.0,0,Low
3.0,3.0,3.0,3.0,1.0,38.0,47.0,3.0,-0.909,1,5.0,4.0,1.0,4.0,1.0,1.0,1.0,1.0,1.0,1.0,2,2,2,3.0,3.0,3.0,3.0,3.0,2.0,3.0,2.0,3,0.0,0,Medium
5.0,5.0,1.0,2.0,1.0,60.0,73.0,4.0,0.712,3,5.0,5.0,5.0,5.0,1.0,1.0,1.0,1.0,1.0,1.0,3,2,8,4.0,4.0,4.0,3.0,6.0,3.0,3.0,3.0,8,0.0,1,High
3.0,3.0,3.0,2.0,0.0,43.0,60.0,3.0,0.712,3,4.0,3.0,3.0,4.0,1.0,1.0,1.0,1.0,1.0,1.0,3,4,9,3.0,3.0,3.0,3.0,4.0,2.0,3.0,3.0,1,0.0,1,Medium
3.0,2.0,5.0,4.0,1.0,34.0,29.0,3.0,-1.215,1,3.0,5.0,1.0,3.0,3.0,2.0,2.0,2.0,2.0,2.0,1,5,3,5.0,4.0,3.0,1.0,3.0,2.0,3.0,3.0,3,6.0,0,Low
4.0,3.0,4.0,2.0,1.0,54.0,55.0,4.0,-0.909,2,5.0,4.0,1.0,3.0,1.0,1.0,1.0,1.0,1.0,1.0,4,2,8,3.0,3.0,4.0,3.0,5.0,1.0,3.0,3.0,2,0.0,1,Medium
5.0,3.0,4.0,2.0,1.0,44.0,51.0,3.0,-0.188,3,5.0,2.0,1.0,4.0,2.0,1.0,1.0,1.0,1.0,1.0,3,1,8,4.0,4.0,4.0,3.0,2.0,3.0,2.0,4.0,3,1.0,0,Medium
4.0,4.0,3.0,8.0,1.0,38.0,39.0,3.0,-0.188,3,5.0,3.0,3.0,4.0,1.0,1.0,1.0,1.0,1.0,1.0,2,1,3,4.0,4.0,4.0,3.0,5.0,1.0,4.0,4.0,8,0.0,0,Low
3.0,3.0,5.0,1.0,1.0,42.0,49.0,3.0,-1.713,1,2.0,2.0,2.0,2.0,1.0,1.0,1.0,1.0,1.0,1.0,3,1,4,3.0,3.0,3.0,3.0,4.0,1.0,3.0,3.0,2,0.0,0,Medium
5.0,5.0,4.0,8.0,1.0,85.0,82.0,4.0,0.242,3,5.0,5.0,5.0,5.0,1.0,1.0,1.0,1.0,1.0,1.0,3,2,8,4.0,3.0,4.0,3.0,6.0,1.0,4.0,4.0,6,0.0,1,High
4.0,4.0,4.0,7.0,1.0,51.0,50.0,3.0,-0.57,1,5.0,4.0,2.0,4.0,1.0,1.0,1.0,1.0,1.0,1.0,4,2,9,4.0,5.0,4.0,4.0,5.0,1.0,4.0,4.0,2,0.0,0,Medium
3.0,2.0,4.0,2.0,0.0,42.0,27.0,3.0,-0.57,3,5.0,2.0,4.0,5.0,2.0,2.0,1.0,1.0,1.0,1.0,4,1,3,4.0,4.0,3.0,2.0,2.0,3.0,2.0,2.0,1,2.0,0,Low
5.0,4.0,5.0,5.0,1.0,48.0,51.0,4.0,-0.57,2,5.0,3.0,2.0,1.0,1.0,1.0,1.0,1.0,1.0,1.0,3,5,7,5.0,5.0,5.0,5.0,4.0,1.0,3.0,3.0,1,0.0,0,Medium
3.0,4.0,3.0,2.0,0.0,54.0,65.0,4.0,0.242,3,5.0,4.0,5.0,5.0,1.0,1.0,1.0,1.0,1.0,1.0,4,2,8,3.0,3.0,3.0,2.0,5.0,2.0,4.0,3.0,4,0.0,1,High
5.0,3.0,2.0,6.0,0.0,25.0,19.0,1.0,-0.188,2,4.0,3.0,1.0,2.0,3.0,3.0,3.0,2.0,1.0,2.0,1,1,1,1.0,1.0,1.0,1.0,1.0,2.0,3.0,1.0,6,5.0,0,Low
5.0,4.0,4.0,2.0,1.0,50.0,66.0,4.0,0.712,3,5.0,4.0,4.0,5.0,1.0,1.0,1.0,1.0,1.0,1.0,4,1,5,4.0,4.0,3.0,4.0,6.0,2.0,3.0,3.0,4,0.0,1,High
4.0,4.0,2.0,8.0,1.0,53.0,61.0,3.0,1.267,3,5.0,4.0,5.0,5.0,1.0,1.0,1.0,1.0,1.0,1.0,5,2,7,4.0,4.0,4.0,4.0,5.0,2.0,3.0,3.0,8,0.0,1,High
3.0,3.0,3.0,2.0,1.0,42.0,68.0,3.0,-1.215,1,5.0,4.0,2.0,3.0,1.0,1.0,1.0,1.0,1.0,1.0,3,5,5,3.0,3.0,3.0,3.0,5.0,3.0,3.0,3.0,3,0.0,1,High
4.0,3.0,2.0,8.0,0.0,41.0,59.0,3.0,-0.188,2,5.0,4.0,4.0,4.0,1.0,1.0,1.0,1.0,1.0,1.0,2,2,5,4.0,4.0,4.0,4.0,5.0,3.0,3.0,3.0,8,0.0,1,Medium
4.0,3.0,2.0,8.0,,44.0,66.0,3.0,0.712,2,5.0,5.0,5.0,4.0,1.0,1.0,1.0,1.0,1.0,1.0,2,2,8,4.0,3.0,3.0,3.0,5.0,2.0,3.0,3.0,6,0.0,1,High
4.0,3.0,3.0,8.0,1.0,41.0,49.0,2.0,0.242,3,4.0,3.0,5.0,5.0,1.0,1.0,1.0,2.0,1.0,1.0,2,1,2,4.0,3.0,4.0,3.0,2.0,3.0,3.0,2.0,8,1.0,0,Medium
5.0,4.0,2.0,2.0,0.0,56.0,70.0,4.0,0.242,3,5.0,4.0,5.0,4.0,1.0,1.0,1.0,1.0,1.0,1.0,2,4,7,3.0,3.0,3.0,3.0,6.0,2.0,3.0,3.0,4,0.0,1,High
4.0,4.0,3.0,8.0,1.0,59.0,65.0,3.0,0.712,3,5.0,4.0,5.0,5.0,1.0,1.0,1.0,1.0,1.0,1.0,4,1,4,4.0,4.0,4.0,3.0,5.0,1.0,3.0,3.0,8,0.0,1,High
3.0,2.0,4.0,7.0,1.0,51.0,43.0,2.0,-0.188,2,3.0,4.0,5.0,3.0,1.0,1.0,1.0,2.0,1.0,1.0,3,5,6,4.0,4.0,4.0,4.0,5.0,3.0,2.0,2.0,2,1.0,0,Low
3.0,3.0,5.0,1.0,0.0,51.0,36.0,3.0,-0.909,3,5.0,4.0,2.0,5.0,3.0,3.0,1.0,2.0,2.0,1.0,2,2,3,4.0,4.0,3.0,3.0,3.0,1.0,3.0,3.0,4,4.0,0,Low
4.0,3.0,5.0,2.0,1.0,55.0,51.0,3.0,0.712,3,5.0,4.0,4.0,4.0,1.0,1.0,1.0,1.0,1.0,1.0,4,4,8,4.0,4.0,4.0,4.0,5.0,2.0,4.0,3.0,4,0.0,0,Medium
4.0,4.0,3.0,3.0,1.0,46.0,51.0,3.0,0.242,2,5.0,4.0,5.0,4.0,1.0,1.0,1.0,1.0,1.0,1.0,4,1,3,4.0,3.0,3.0,4.0,4.0,1.0,3.0,3.0,8,0.0,0,Medium
5.0,5.0,2.0,2.0,1.0,77.0,75.0,4.0,-0.57,1,5.0,5.0,4.0,5.0,1.0,1.0,1.0,1.0,1.0,1.0,2,4,8,5.0,5.0,5.0,5.0,5.0,1.0,4.0,4.0,3,0.0,1,High
5.0,4.0,3.0,2.0,1.0,81.0,65.0,4.0,1.267,3,5.0,5.0,5.0,5.0,1.0,1.0,1.0,1.0,1.0,1.0,2,2,9,5.0,5.0,5.0,5.0,6.0,2.0,3.0,4.0,5,0.0,1,High
3.0,4.0,3.0,2.0,1.0,49.0,58.0,4.0,0.242,3,4.0,3.0,4.0,2.0,1.0,1.0,1.0,1.0,1.0,1.0,3,3,8,3.0,3.0,4.0,4.0,5.0,2.0,3.0,4.0,4,0.0,1,Medium
4.0,4.0,2.0,8.0,1.0,64.0,80.0,4.0,1.267,3,5.0,5.0,5.0,5.0,1.0,1.0,1.0,1.0,1.0,1.0,5,2,9,3.0,4.0,5.0,4.0,6.0,2.0,3.0,4.0,8,0.0,1,High
4.0,3.0,5.0,3.0,1.0,55.0,30.0,3.0,-1.215,3,5.0,3.0,2.0,5.0,3.0,3.0,2.0,1.0,1.0,2.0,5,1,3,5.0,5.0,5.0,5.0,4.0,1.0,1.0,1.0,5,4.0,0,Low
4.0,4.0,1.0,8.0,0.0,56.0,82.0,4.0,1.267,3,5.0,4.0,5.0,5.0,1.0,1.0,1.0,1.0,1.0,1.0,2,2,6,4.0,4.0,4.0,4.0,5.0,1.0,3.0,3.0,7,0.0,1,High
5.0,5.0,1.0,8.0,1.0,80.0,68.0,3.0,-1.215,2,5.0,5.0,5.0,5.0,1.0,1.0,1.0,1.0,1.0,1.0,2,2,2,5.0,5.0,5.0,5.0,3.0,3.0,4.0,4.0,8,0.0,1,High
4.0,2.0,5.0,8.0,0.0,31.0,34.0,2.0,-0.57,3,4.0,3.0,1.0,3.0,1.0,3.0,1.0,1.0,2.0,1.0,2,2,3,3.0,2.0,2.0,2.0,1.0,3.0,1.0,1.0,8,2.0,0,Low
4.0,3.0,2.0,8.0,1.0,32.0,54.0,1.0,-0.188,3,4.0,3.0,5.0,2.0,1.0,1.0,1.0,1.0,2.0,1.0,3,2,4,4.0,3.0,2.0,2.0,2.0,4.0,1.0,2.0,6,1.0,0,Medium
4.0,4.0,4.0,2.0,1.0,49.0,54.0,4.0,0.712,3,5.0,5.0,4.0,5.0,1.0,1.0,1.0,1.0,1.0,1.0,3,3,5,5.0,5.0,5.0,5.0,5.0,2.0,3.0,4.0,6,0.0,0,Medium
5.0,3.0,4.0,2.0,0.0,37.0,56.0,3.0,0.242,3,4.0,2.0,1.0,1.0,1.0,1.0,1.0,2.0,1.0,1.0,5,2,8,1.0,2.0,2.0,2.0,3.0,2.0,3.0,3.0,3,1.0,1,Medium
4.0,4.0,3.0,2.0,1.0,59.0,52.0,3.0,-1.215,2,4.0,4.0,3.0,4.0,1.0,1.0,2.0,1.0,1.0,1.0,3,1,4,4.0,4.0,3.0,3.0,5.0,2.0,3.0,3.0,1,1.0,0,Medium
4.0,3.0,2.0,1.0,0.0,39.0,58.0,4.0,-0.188,3,5.0,4.0,2.0,5.0,1.0,1.0,1.0,1.0,1.0,1.0,1,2,3,5.0,3.0,3.0,3.0,3.0,1.0,4.0,2.0,8,0.0,1,Medium
4.0,3.0,3.0,2.0,0.0,45.0,58.0,3.0,1.267,2,5.0,5.0,5.0,5.0,1.0,1.0,1.0,1.0,1.0,1.0,4,3,7,2.0,3.0,4.0,3.0,6.0,2.0,3.0,3.0,1,0.0,1,Medium
5.0,5.0,1.0,4.0,1.0,57.0,64.0,4.0,-0.57,3,5.0,4.0,5.0,5.0,1.0,1.0,1.0,1.0,1.0,1.0,3,4,6,4.0,4.0,4.0,4.0,6.0,2.0,3.0,4.0,3,0.0,1,High
4.0,3.0,4.0,7.0,0.0,54.0,49.0,3.0,1.267,2,5.0,3.0,5.0,3.0,1.0,1.0,1.0,1.0,1.0,1.0,5,4,9,4.0,4.0,3.0,3.0,4.0,1.0,3.0,3.0,2,0.0,0,Medium
4.0,2.0,3.0,2.0,1.0,41.0,48.0,3.0,-0.188,3,5.0,3.0,4.0,5.0,1.0,1.0,1.0,1.0,1.0,1.0,2,2,6,4.0,4.0,3.0,2.0,4.0,2.0,2.0,2.0,4,0.0,0,Medium
5.0,4.0,3.0,2.0,1.0,47.0,55.0,4.0,0.242,3,4.0,4.0,3.0,5.0,1.0,1.0,1.0,1.0,1.0,1.0,4,3,8,4.0,4.0,4.0,4.0,5.0,2.0,3.0,3.0,5,0.0,1,Medium
5.0,4.0,1.0,2.0,0.0,82.0,56.0,4.0,-0.909,2,4.0,4.0,3.0,4.0,1.0,1.0,1.0,1.0,1.0,1.0,2,3,7,5.0,5.0,5.0,5.0,3.0,1.0,4.0,4.0,3,0.0,1,Medium
4.0,3.0,4.0,4.0,0.0,45.0,40.0,3.0,-0.188,3,3.0,3.0,3.0,5.0,1.0,1.0,1.0,1.0,1.0,1.0,3,4,1,3.0,3.0,3.0,3.0,2.0,1.0,3.0,3.0,3,0.0,0,Low
4.0,4.0,3.0,3.0,1.0,51.0,41.0,3.0,-0.57,3,5.0,4.0,2.0,5.0,2.0,1.0,1.0,2.0,2.0,1.0,4,1,3,4.0,4.0,4.0,3.0,5.0,2.0,3.0,3.0,6,3.0,0,Low
3.0,1.0,5.0,5.0,0.0,75.0,14.0,1.0,-0.57,3,3.0,3.0,3.0,5.0,3.0,3.0,3.0,3.0,1.0,1.0,3,2,1,4.0,4.0,3.0,3.0,1.0,2.0,2.0,2.0,4,4.0,0,Low
4.0,4.0,1.0,8.0,0.0,59.0,85.0,3.0,-0.188,1,5.0,5.0,4.0,1.0,1.0,1.0,1.0,1.0,1.0,1.0,3,2,7,4.0,3.0,3.0,3.0,3.0,2.0,2.0,3.0,8,0.0,1,High
5.0,5.0,1.0,2.0,1.0,70.0,69.0,4.0,0.242,3,5.0,5.0,5.0,5.0,1.0,1.0,1.0,1.0,1.0,1.0,3,2,8,5.0,5.0,5.0,5.0,6.0,1.0,4.0,4.0,5,0.0,1,High
4.0,3.0,4.0,2.0,0.0,41.0,32.0,3.0,-0.909,1,5.0,3.0,1.0,1.0,1.0,1.0,1.0,1.0,1.0,1.0,2,1,1,2.0,3.0,3.0,2.0,4.0,3.0,2.0,2.0,1,0.0,0,Low
4.0,3.0,2.0,8.0,1.0,50.0,49.0,3.0,0.712,3,4.0,3.0,4.0,3.0,1.0,1.0,1.0,1.0,1.0,1.0,5,1,2,2.0,3.0,3.0,2.0,2.0,2.0,2.0,2.0,7,0.0,0,Medium
5.0,4.0,3.0,2.0,0.0,44.0,61.0,3.0,0.712,3,5.0,4.0,5.0,2.0,1.0,1.0,1.0,1.0,1.0,1.0,4,1,8,3.0,4.0,4.0,4.0,6.0,2.0,3.0,3.0,3,0.0,1,High
5.0,3.0,2.0,2.0,1.0,44.0,50.0,3.0,0.712,3,4.0,4.0,1.0,5.0,1.0,1.0,1.0,2.0,2.0,1.0,4,4,9,3.0,4.0,4.0,3.0,5.0,2.0,3.0,3.0,4,2.0,0,Medium
5.0,4.0,4.0,8.0,1.0,57.0,71.0,4.0,0.242,3,5.0,5.0,5.0,5.0,1.0,1.0,1.0,1.0,1.0,1.0,3,2,6,4.0,4.0,4.0,4.0,6.0,2.0,3.0,2.0,6,0.0,1,High
5.0,5.0,2.0,2.0,1.0,78.0,71.0,4.0,1.267,3,5.0,4.0,4.0,4.0,1.0,1.0,1.0,1.0,1.0,1.0,4,1,6,5.0,5.0,5.0,5.0,4.0,1.0,3.0,4.0,2,0.0,1,High
5.0,3.0,4.0,2.0,0.0,30.0,47.0,3.0,-0.188,3,5.0,4.0,1.0,5.0,1.0,1.0,1.0,2.0,1.0,1.0,3,2,9,4.0,4.0,3.0,3.0,4.0,1.0,2.0,4.0,6,1.0,0,Medium
5.0,5.0,2.0,2.0,1.0,69.0,73.0,3.0,-0.188,3,5.0,5.0,5.0,3.0,1.0,1.0,1.0,1.0,1.0,1.0,2,2,9,2.0,3.0,4.0,3.0,6.0,2.0,3.0,4.0,5,0.0,1,High
5.0,4.0,4.0,2.0,1.0,44.0,51.0,3.0,0.242,3,5.0,3.0,1.0,3.0,1.0,1.0,1.0,1.0,1.0,1.0,4,3,8,4.0,3.0,4.0,2.0,3.0,2.0,2.0,3.0,5,0.0,0,Medium
2.0,3.0,5.0,7.0,0.0,13.0,30.0,2.0,-0.909,2,1.0,2.0,1.0,4.0,3.0,3.0,3.0,1.0,1.0,1.0,2,5,3,4.0,2.0,2.0,2.0,5.0,3.0,2.0,3.0,2,3.0,0,Low
4.0,4.0,3.0,8.0,1.0,57.0,61.0,3.0,0.712,3,5.0,4.0,5.0,4.0,1.0,1.0,1.0,1.0,1.0,1.0,5,2,9,4.0,4.0,4.0,4.0,5.0,2.0,3.0,3.0,7,0.0,1,High
4.0,5.0,4.0,2.0,1.0,60.0,49.0,3.0,-0.909,2,3.0,4.0,3.0,5.0,2.0,2.0,2.0,2.0,2.0,3.0,3,3,4,4.0,5.0,4.0,4.0,6.0,2.0,4.0,4.0,5,6.0,0,Medium
4.0,4.0,3.0,7.0,0.0,51.0,46.0,4.0,0.242,3,5.0,4.0,5.0,4.0,1.0,1.0,1.0,1.0,1.0,1.0,2,4,3,3.0,4.0,4.0,3.0,4.0,2.0,4.0,4.0,5,0.0,0,Medium
4.0,4.0,4.0,2.0,1.0,61.0,42.0,3.0,-0.188,3,5.0,3.0,2.0,4.0,1.0,1.0,1.0,1.0,1.0,1.0,5,3,7,4.0,4.0,4.0,3.0,3.0,3.0,3.0,3.0,3,0.0,0,Low
4.0,4.0,4.0,2.0,1.0,41.0,45.0,3.0,-0.909,2,5.0,4.0,4.0,4.0,3.0,2.0,1.0,2.0,1.0,1.0,2,5,1,4.0,4.0,3.0,4.0,4.0,1.0,3.0,3.0,3,3.0,0,Medium
5.0,4.0,4.0,2.0,1.0,54.0,47.0,3.0,0.242,3,5.0,4.0,1.0,5.0,1.0,2.0,1.0,2.0,3.0,1.0,3,2,4,5.0,5.0,5.0,5.0,5.0,3.0,4.0,4.0,5,3.0,0,Medium
4.0,2.0,2.0,6.0,1.0,26.0,48.0,3.0,-1.215,2,4.0,2.0,1.0,5.0,2.0,1.0,1.0,1.0,2.0,1.0,1,4,1,3.0,2.0,4.0,2.0,2.0,3.0,3.0,2.0,3,2.0,0,Medium
5.0,4.0,2.0,8.0,0.0,52.0,60.0,4.0,1.267,3,5.0,5.0,5.0,5.0,1.0,1.0,1.0,1.0,1.0,1.0,3,1,5,4.0,4.0,4.0,2.0,5.0,2.0,3.0,3.0,8,0.0,1,Medium
4.0,3.0,3.0,8.0,1.0,50.0,54.0,4.0,0.712,3,5.0,5.0,3.0,5.0,1.0,1.0,1.0,1.0,1.0,1.0,4,1,5,4.0,4.0,4.0,4.0,5.0,3.0,3.0,3.0,7,0.0,0,Medium
5.0,3.0,4.0,2.0,0.0,42.0,56.0,3.0,0.242,3,5.0,3.0,1.0,4.0,1.0,1.0,1.0,1.0,1.0,1.0,5,2,8,2.0,3.0,3.0,2.0,2.0,3.0,3.0,3.0,3,0.0,1,Medium
4.0,3.0,3.0,2.0,1.0,44.0,51.0,3.0,0.712,3,4.0,3.0,1.0,2.0,1.0,1.0,1.0,1.0,1.0,1.0,3,1,6,2.0,2.0,3.0,3.0,4.0,2.0,2.0,3.0,2,0.0,0,Medium
4.0,4.0,4.0,4.0,1.0,85.0,66.0,4.0,-0.188,3,5.0,4.0,4.0,5.0,1.0,1.0,1.0,1.0,1.0,1.0,3,4,8,2.0,2.0,4.0,1.0,5.0,3.0,3.0,3.0,6,0.0,1,High
5.0,4.0,3.0,8.0,1.0,52.0,75.0,3.0,0.712,3,5.0,1.0,5.0,5.0,1.0,1.0,1.0,1.0,1.0,1.0,4,1,9,2.0,2.0,5.0,5.0,6.0,2.0,3.0,4.0,6,0.0,1,High
5.0,4.0,2.0,8.0,1.0,55.0,63.0,4.0,1.267,3,5.0,5.0,5.0,5.0,1.0,1.0,1.0,1.0,1.0,1.0,3,2,1,5.0,4.0,5.0,5.0,4.0,2.0,3.0,3.0,6,0.0,1,High
5.0,3.0,4.0,2.0,1.0,51.0,47.0,3.0,0.712,3,5.0,4.0,2.0,4.0,1.0,1.0,1.0,1.0,1.0,1.0,5,2,6,3.0,4.0,3.0,4.0,3.0,3.0,3.0,3.0,4,0.0,0,Medium
5.0,4.0,1.0,8.0,1.0,51.0,58.0,4.0,-0.57,3,4.0,5.0,4.0,5.0,1.0,1.0,1.0,1.0,1.0,1.0,2,2,3,5.0,5.0,4.0,5.0,6.0,1.0,4.0,3.0,6,0.0,1,Medium
4.0,4.0,2.0,8.0,0.0,73.0,89.0,4.0,-1.485,3,5.0,5.0,5.0,5.0,1.0,1.0,1.0,1.0,1.0,1.0,1,2,3,4.0,3.0,3.0,3.0,6.0,4.0,4.0,4.0,8,0.0,1,High
3.0,3.0,3.0,2.0,0.0,42.0,34.0,2.0,-1.215,3,5.0,2.0,1.0,5.0,2.0,2.0,1.0,2.0,2.0,1.0,3,4,4,3.0,3.0,3.0,3.0,3.0,3.0,2.0,3.0,3,4.0,0,Low
4.0,4.0,2.0,8.0,0.0,34.0,67.0,4.0,-0.57,2,5.0,5.0,5.0,2.0,1.0,1.0,1.0,1.0,1.0,1.0,2,2,6,4.0,1.0,1.0,1.0,5.0,3.0,3.0,3.0,6,0.0,1,High
4.0,4.0,2.0,8.0,0.0,48.0,52.0,3.0,-0.188,1,5.0,5.0,5.0,5.0,1.0,1.0,1.0,1.0,1.0,1.0,1,2,3,4.0,4.0,3.0,3.0,4.0,2.0,3.0,2.0,8,0.0,0,Medium
5.0,5.0,1.0,2.0,0.0,85.0,95.0,4.0,-2.053,0,5.0,5.0,5.0,5.0,1.0,1.0,1.0,1.0,1.0,1.0,2,2,9,5.0,3.0,5.0,5.0,6.0,1.0,4.0,4.0,6,0.0,1,High
3.0,3.0,3.0,1.0,0.0,40.0,57.0,3.0,-0.909,1,5.0,3.0,3.0,2.0,1.0,1.0,1.0,1.0,1.0,1.0,3,5,1,3.0,3.0,3.0,3.0,4.0,2.0,3.0,3.0,2,0.0,1,Medium
4.0,3.0,4.0,8.0,0.0,44.0,62.0,4.0,0.712,3,5.0,4.0,5.0,5.0,1.0,1.0,1.0,1.0,1.0,1.0,4,2,8,4.0,4.0,4.0,3.0,4.0,2.0,3.0,3.0,6,0.0,1,High
5.0,4.0,2.0,8.0,1.0,53.0,81.0,4.0,0.712,3,5.0,5.0,5.0,5.0,1.0,1.0,1.0,1.0,1.0,1.0,5,2,9,4.0,4.0,4.0,4.0,6.0,2.0,3.0,3.0,6,0.0,1,High
5.0,4.0,5.0,2.0,1.0,65.0,56.0,3.0,0.712,3,5.0,5.0,1.0,5.0,1.0,1.0,1.0,1.0,1.0,1.0,5,2,5,5.0,4.0,4.0,4.0,4.0,1.0,4.0,3.0,3,0.0,1,Medium
4.0,4.0,2.0,8.0,0.0,54.0,78.0,4.0,1.267,3,5.0,5.0,5.0,4.0,1.0,1.0,1.0,1.0,1.0,1.0,5,2,8,4.0,4.0,4.0,3.0,5.0,2.0,3.0,3.0,6,0.0,1,High
4.0,2.0,4.0,2.0,0.0,43.0,40.0,2.0,0.712,3,3.0,3.0,1.0,5.0,1.0,1.0,1.0,2.0,1.0,1.0,3,4,5,2.0,2.0,2.0,2.0,4.0,2.0,2.0,2.0,3,1.0,0,Low
3.0,3.0,3.0,2.0,1.0,44.0,56.0,3.0,1.267,3,4.0,3.0,3.0,3.0,1.0,1.0,1.0,1.0,1.0,1.0,3,3,9,4.0,4.0,4.0,4.0,4.0,2.0,3.0,4.0,6,0.0,1,Medium
5.0,4.0,2.0,1.0,1.0,51.0,63.0,4.0,0.242,2,5.0,3.0,5.0,5.0,1.0,1.0,1.0,1.0,1.0,1.0,5,2,9,4.0,4.0,4.0,4.0,5.0,2.0,2.0,3.0,6,0.0,1,High
4.0,2.0,3.0,8.0,0.0,35.0,54.0,3.0,1.267,3,4.0,4.0,4.0,5.0,1.0,2.0,1.0,1.0,1.0,1.0,4,3,8,2.0,2.0,2.0,2.0,3.0,2.0,3.0,2.0,7,1.0,0,Medium
4.0,4.0,4.0,2.0,1.0,58.0,63.0,4.0,0.242,3,5.0,4.0,5.0,4.0,1.0,1.0,1.0,1.0,1.0,1.0,5,2,9,3.0,5.0,4.0,4.0,6.0,1.0,3.0,4.0,2,0.0,1,High
4.0,3.0,3.0,2.0,0.0,43.0,51.0,4.0,-0.188,3,5.0,3.0,3.0,5.0,1.0,1.0,1.0,1.0,1.0,1.0,3,2,6,4.0,4.0,3.0,3.0,4.0,2.0,2.0,3.0,5,0.0,0,Medium
5.0,5.0,2.0,8.0,0.0,42.0,61.0,4.0,0.712,3,5.0,4.0,5.0,5.0,1.0,1.0,1.0,1.0,1.0,1.0,3,1,4,2.0,3.0,2.0,2.0,4.0,2.0,3.0,2.0,7,0.0,1,High
4.0,3.0,4.0,2.0,1.0,43.0,48.0,3.0,-0.57,3,5.0,4.0,3.0,5.0,1.0,1.0,1.0,1.0,2.0,1.0,2,3,8,4.0,3.0,3.0,3.0,5.0,2.0,3.0,3.0,4,1.0,0,Medium
4.0,4.0,3.0,8.0,0.0,52.0,62.0,3.0,-1.485,3,5.0,5.0,2.0,5.0,1.0,1.0,1.0,1.0,1.0,1.0,3,2,6,4.0,3.0,3.0,2.0,4.0,3.0,3.0,3.0,7,0.0,1,High
5.0,5.0,4.0,2.0,1.0,52.0,53.0,3.0,-0.188,3,5.0,4.0,4.0,4.0,1.0,1.0,1.0,1.0,1.0,1.0,3,4,7,4.0,4.0,4.0,4.0,5.0,2.0,3.0,3.0,5,0.0,0,Medium
5.0,4.0,4.0,2.0,1.0,48.0,46.0,3.0,-0.188,3,5.0,4.0,5.0,5.0,1.0,1.0,1.0,2.0,1.0,1.0,2,2,8,4.0,4.0,4.0,2.0,4.0,2.0,3.0,2.0,4,1.0,0,Medium
3.0,3.0,4.0,8.0,1.0,41.0,52.0,2.0,-0.909,2,3.0,4.0,5.0,3.0,1.0,1.0,1.0,1.0,1.0,1.0,2,1,8,4.0,3.0,3.0,3.0,4.0,2.0,2.0,2.0,8,0.0,0,Medium
3.0,3.0,5.0,2.0,0.0,35.0,46.0,3.0,-1.485,2,2.0,1.0,2.0,2.0,2.0,2.0,2.0,2.0,2.0,2.0,3,4,3,2.0,2.0,2.0,2.0,1.0,3.0,3.0,3.0,2,6.0,0,Medium
5.0,4.0,3.0,8.0,0.0,52.0,66.0,4.0,0.712,3,5.0,5.0,5.0,5.0,1.0,1.0,1.0,1.0,1.0,1.0,2,2,4,2.0,3.0,3.0,3.0,6.0,2.0,3.0,3.0,7,0.0,1,High
5.0,5.0,,,1.0,77.0,62.0,4.0,-1.713,0,5.0,5.0,5.0,5.0,,,,,,,2,5,9,5.0,5.0,5.0,5.0,,,,,1,,1,High
5.0,4.0,2.0,2.0,1.0,64.0,68.0,4.0,0.242,3,5.0,5.0,3.0,5.0,1.0,1.0,1.0,1.0,1.0,1.0,3,2,5,5.0,5.0,4.0,4.0,6.0,3.0,3.0,4.0,2,0.0,1,High
5.0,4.0,3.0,7.0,0.0,52.0,62.0,4.0,-0.188,3,5.0,5.0,5.0,5.0,1.0,1.0,1.0,1.0,1.0,1.0,2,3,4,4.0,4.0,4.0,3.0,6.0,1.0,3.0,4.0,4,0.0,1,High
2.0,2.0,5.0,8.0,1.0,35.0,50.0,2.0,-0.909,1,2.0,2.0,1.0,2.0,3.0,3.0,3.0,3.0,3.0,2.0,2,4,1,1.0,1.0,1.0,1.0,2.0,1.0,1.0,1.0,1,6.0,0,Medium
5.0,5.0,1.0,8.0,0.0,42.0,57.0,4.0,0.712,3,5.0,5.0,5.0,5.0,1.0,1.0,1.0,1.0,1.0,1.0,2,1,7,4.0,4.0,4.0,4.0,2.0,3.0,4.0,3.0,8,0.0,1,Medium
3.0,2.0,4.0,6.0,0.0,49.0,32.0,1.0,-0.188,1,3.0,4.0,1.0,2.0,2.0,2.0,3.0,2.0,1.0,1.0,3,1,3,5.0,4.0,2.0,2.0,1.0,1.0,3.0,2.0,6,4.0,0,Low
2.0,1.0,4.0,6.0,0.0,18.0,45.0,1.0,-0.57,3,3.0,1.0,1.0,3.0,1.0,1.0,1.0,2.0,1.0,1.0,1,3,3,2.0,1.0,1.0,1.0,2.0,3.0,1.0,1.0,6,1.0,0,Medium
5.0,5.0,3.0,2.0,1.0,67.0,70.0,4.0,0.712,3,5.0,5.0,5.0,5.0,1.0,1.0,1.0,1.0,1.0,1.0,4,2,8,3.0,4.0,5.0,3.0,6.0,1.0,3.0,4.0,6,0.0,1,High
5.0,5.0,3.0,8.0,0.0,52.0,79.0,3.0,0.712,3,5.0,5.0,5.0,5.0,1.0,1.0,1.0,1.0,1.0,1.0,5,1,6,4.0,4.0,3.0,3.0,6.0,2.0,3.0,3.0,7,0.0,1,High
5.0,5.0,3.0,2.0,0.0,39.0,47.0,4.0,-0.57,1,4.0,4.0,2.0,5.0,1.0,1.0,1.0,1.0,1.0,1.0,2,4,7,5.0,5.0,4.0,5.0,6.0,2.0,2.0,2.0,5,0.0,0,Medium
4.0,3.0,3.0,4.0,0.0,61.0,54.0,3.0,-0.909,2,4.0,4.0,4.0,4.0,1.0,1.0,1.0,1.0,1.0,1.0,1,2,3,4.0,4.0,4.0,4.0,5.0,2.0,3.0,2.0,4,0.0,0,Medium
3.0,2.0,5.0,7.0,0.0,40.0,42.0,3.0,-0.909,2,4.0,4.0,4.0,3.0,2.0,1.0,1.0,1.0,2.0,1.0,4,4,3,5.0,4.0,2.0,2.0,4.0,2.0,2.0,2.0,4,2.0,0,Low
5.0,5.0,5.0,2.0,1.0,79.0,43.0,4.0,-1.485,1,5.0,5.0,5.0,5.0,1.0,1.0,1.0,1.0,1.0,1.0,1,2,3,5.0,5.0,5.0,5.0,6.0,4.0,4.0,4.0,5,0.0,0,Low
3.0,3.0,4.0,2.0,1.0,54.0,51.0,3.0,-0.57,2,5.0,5.0,3.0,5.0,1.0,1.0,1.0,2.0,1.0,1.0,3,2,3,5.0,5.0,5.0,5.0,4.0,4.0,4.0,4.0,3,1.0,0,Medium
4.0,4.0,4.0,4.0,1.0,58.0,55.0,4.0,-0.909,2,5.0,4.0,2.0,4.0,2.0,2.0,1.0,2.0,2.0,1.0,2,5,4,3.0,4.0,4.0,4.0,3.0,2.0,3.0,3.0,2,4.0,1,Medium
4.0,4.0,2.0,1.0,1.0,41.0,49.0,3.0,0.242,3,2.0,3.0,3.0,2.0,1.0,1.0,2.0,2.0,2.0,2.0,2,4,3,4.0,5.0,4.0,4.0,4.0,2.0,3.0,3.0,4,4.0,0,Medium
4.0,4.0,3.0,8.0,1.0,55.0,63.0,3.0,-0.57,3,4.0,4.0,5.0,5.0,1.0,1.0,1.0,1.0,1.0,1.0,4,1,7,3.0,2.0,4.0,2.0,5.0,2.0,3.0,3.0,7,0.0,1,High
5.0,5.0,5.0,8.0,1.0,51.0,55.0,3.0,-0.188,2,5.0,5.0,5.0,5.0,1.0,1.0,1.0,1.0,1.0,1.0,3,2,2,4.0,4.0,4.0,4.0,6.0,2.0,3.0,3.0,7,0.0,1,Medium
4.0,4.0,3.0,8.0,1.0,51.0,39.0,3.0,-1.485,2,4.0,4.0,1.0,4.0,2.0,2.0,1.0,1.0,1.0,1.0,3,1,1,5.0,4.0,4.0,3.0,4.0,1.0,3.0,3.0,6,2.0,0,Low
5.0,4.0,4.0,5.0,1.0,53.0,61.0,4.0,0.242,3,5.0,4.0,4.0,2.0,1.0,1.0,1.0,1.0,1.0,1.0,3,3,8,5.0,4.0,5.0,4.0,6.0,1.0,3.0,4.0,1,0.0,1,High
3.0,3.0,4.0,2.0,0.0,47.0,45.0,3.0,1.267,3,4.0,3.0,5.0,3.0,2.0,2.0,1.0,1.0,1.0,1.0,2,3,5,3.0,3.0,3.0,2.0,4.0,2.0,3.0,3.0,4,2.0,0,Medium
5.0,4.0,4.0,2.0,1.0,61.0,60.0,4.0,0.242,3,5.0,4.0,4.0,5.0,1.0,1.0,1.0,1.0,1.0,1.0,3,2,7,4.0,4.0,4.0,4.0,5.0,2.0,2.0,4.0,5,0.0,1,Medium
5.0,3.0,4.0,2.0,1.0,53.0,44.0,3.0,0.242,3,5.0,4.0,2.0,5.0,1.0,1.0,1.0,1.0,1.0,1.0,4,1,6,4.0,4.0,4.0,2.0,5.0,2.0,3.0,3.0,4,0.0,0,Medium
5.0,5.0,2.0,2.0,1.0,64.0,54.0,4.0,1.267,3,5.0,3.0,5.0,5.0,1.0,1.0,1.0,1.0,1.0,1.0,5,3,8,4.0,4.0,5.0,3.0,6.0,1.0,4.0,4.0,5,0.0,0,Medium
4.0,2.0,5.0,2.0,0.0,29.0,48.0,2.0,0.242,3,2.0,3.0,1.0,1.0,1.0,1.0,1.0,3.0,1.0,1.0,2,2,8,2.0,2.0,2.0,2.0,1.0,4.0,2.0,2.0,5,1.0,0,Medium
5.0,5.0,2.0,8.0,1.0,56.0,72.0,4.0,1.267,3,5.0,5.0,5.0,5.0,1.0,1.0,1.0,1.0,1.0,1.0,2,2,6,5.0,5.0,5.0,5.0,6.0,1.0,3.0,4.0,6,0.0,1,High
5.0,4.0,2.0,8.0,1.0,53.0,65.0,3.0,0.712,3,5.0,5.0,5.0,3.0,1.0,1.0,1.0,1.0,1.0,1.0,5,1,7,4.0,4.0,4.0,3.0,6.0,2.0,3.0,3.0,7,0.0,1,High
4.0,3.0,3.0,7.0,0.0,53.0,67.0,3.0,1.267,3,5.0,5.0,5.0,4.0,1.0,1.0,1.0,1.0,1.0,1.0,4,2,9,2.0,2.0,1.0,1.0,2.0,2.0,3.0,3.0,4,0.0,1,High
5.0,5.0,1.0,8.0,1.0,72.0,88.0,4.0,0.712,3,5.0,4.0,3.0,4.0,1.0,1.0,1.0,1.0,1.0,1.0,4,2,9,2.0,4.0,5.0,5.0,6.0,2.0,3.0,4.0,7,0.0,1,High
4.0,3.0,3.0,2.0,1.0,58.0,57.0,3.0,-0.188,3,5.0,3.0,5.0,3.0,1.0,1.0,1.0,1.0,1.0,1.0,4,3,7,4.0,3.0,4.0,4.0,5.0,1.0,3.0,3.0,2,0.0,1,Medium
4.0,3.0,1.0,3.0,1.0,38.0,56.0,3.0,-0.909,3,5.0,2.0,5.0,2.0,1.0,1.0,1.0,1.0,1.0,1.0,5,2,8,2.0,2.0,3.0,2.0,3.0,1.0,4.0,4.0,5,0.0,1,Medium
4.0,4.0,3.0,8.0,0.0,58.0,87.0,4.0,1.267,3,5.0,4.0,5.0,5.0,1.0,1.0,1.0,1.0,1.0,1.0,2,2,8,3.0,3.0,3.0,3.0,5.0,2.0,3.0,4.0,6,0.0,1,High
4.0,3.0,3.0,5.0,1.0,43.0,51.0,3.0,-0.57,2,3.0,3.0,3.0,3.0,1.0,1.0,1.0,1.0,1.0,1.0,3,1,1,4.0,3.0,4.0,3.0,4.0,2.0,3.0,3.0,1,0.0,0,Medium
5.0,5.0,5.0,1.0,1.0,69.0,46.0,4.0,0.242,2,4.0,5.0,5.0,5.0,2.0,1.0,3.0,1.0,1.0,1.0,4,5,6,5.0,5.0,5.0,5.0,6.0,3.0,4.0,4.0,3,2.0,0,Medium
5.0,3.0,3.0,2.0,1.0,49.0,39.0,3.0,-0.57,1,2.0,3.0,1.0,3.0,1.0,3.0,2.0,2.0,3.0,2.0,4,3,5,3.0,2.0,3.0,5.0,3.0,2.0,3.0,4.0,2,5.0,0,Low
4.0,3.0,3.0,1.0,0.0,44.0,46.0,3.0,0.242,3,4.0,3.0,4.0,4.0,1.0,1.0,1.0,1.0,1.0,1.0,2,1,2,4.0,3.0,3.0,3.0,4.0,3.0,1.0,1.0,7,0.0,0,Medium
4.0,3.0,4.0,2.0,1.0,58.0,60.0,4.0,0.712,3,5.0,5.0,4.0,3.0,1.0,1.0,1.0,1.0,1.0,1.0,5,3,9,4.0,3.0,4.0,4.0,6.0,2.0,3.0,3.0,5,0.0,1,Medium
5.0,5.0,5.0,7.0,0.0,42.0,35.0,2.0,-0.909,3,5.0,2.0,1.0,5.0,2.0,2.0,1.0,1.0,2.0,2.0,2,2,1,2.0,3.0,2.0,2.0,2.0,3.0,1.0,1.0,4,4.0,0,Low
,5.0,4.0,3.0,0.0,79.0,17.0,2.0,-0.909,1,3.0,3.0,3.0,3.0,1.0,1.0,1.0,2.0,2.0,1.0,2,2,2,3.0,3.0,3.0,3.0,1.0,2.0,2.0,2.0,2,2.0,0,Low
5.0,2.0,5.0,8.0,1.0,15.0,36.0,2.0,-0.909,1,5.0,3.0,1.0,5.0,2.0,2.0,1.0,2.0,2.0,1.0,1,2,3,3.0,3.0,3.0,3.0,3.0,2.0,2.0,2.0,6,4.0,0,Low
5.0,4.0,2.0,2.0,1.0,63.0,74.0,4.0,0.242,3,5.0,4.0,5.0,5.0,1.0,1.0,1.0,1.0,1.0,1.0,3,2,8,5.0,5.0,5.0,4.0,6.0,1.0,3.0,3.0,5,0.0,1,High
5.0,3.0,5.0,2.0,0.0,45.0,44.0,3.0,0.712,3,3.0,3.0,1.0,5.0,1.0,1.0,1.0,1.0,1.0,1.0,3,3,6,1.0,1.0,1.0,1.0,5.0,3.0,2.0,4.0,6,0.0,0,Medium
5.0,2.0,5.0,2.0,1.0,32.0,28.0,2.0,-0.57,3,5.0,3.0,3.0,4.0,3.0,3.0,1.0,2.0,1.0,1.0,2,2,7,4.0,4.0,3.0,3.0,3.0,2.0,3.0,3.0,4,3.0,0,Low
4.0,3.0,3.0,2.0,1.0,51.0,59.0,3.0,0.712,3,5.0,4.0,1.0,5.0,1.0,1.0,1.0,1.0,1.0,1.0,2,2,5,3.0,3.0,3.0,2.0,3.0,2.0,3.0,3.0,6,0.0,1,Medium
4.0,4.0,3.0,2.0,1.0,60.0,68.0,4.0,1.267,3,5.0,5.0,5.0,4.0,1.0,1.0,1.0,1.0,1.0,1.0,5,2,6,3.0,3.0,3.0,3.0,5.0,2.0,3.0,3.0,3,0.0,1,High
4.0,3.0,3.0,2.0,1.0,39.0,62.0,3.0,0.242,3,5.0,1.0,4.0,4.0,1.0,1.0,1.0,1.0,1.0,1.0,4,2,9,1.0,2.0,1.0,1.0,6.0,2.0,2.0,3.0,4,0.0,1,High
5.0,5.0,1.0,8.0,0.0,64.0,85.0,4.0,0.242,3,5.0,5.0,5.0,5.0,1.0,1.0,1.0,1.0,1.0,1.0,2,2,8,5.0,5.0,5.0,5.0,6.0,2.0,3.0,4.0,7,0.0,1,High
5.0,4.0,4.0,6.0,1.0,44.0,55.0,3.0,-1.485,2,5.0,4.0,3.0,4.0,1.0,1.0,1.0,1.0,1.0,1.0,3,1,7,3.0,3.0,3.0,4.0,5.0,3.0,3.0,4.0,2,0.0,1,Medium
4.0,4.0,2.0,2.0,1.0,54.0,56.0,3.0,-0.188,2,5.0,4.0,2.0,5.0,1.0,1.0,1.0,1.0,1.0,1.0,2,1,3,4.0,4.0,4.0,4.0,4.0,1.0,3.0,3.0,4,0.0,1,Medium
4.0,2.0,4.0,2.0,1.0,38.0,38.0,1.0,1.267,3,4.0,2.0,1.0,4.0,1.0,1.0,1.0,1.0,1.0,1.0,2,2,4,2.0,3.0,2.0,2.0,2.0,3.0,2.0,2.0,6,0.0,0,Low
5.0,4.0,3.0,8.0,1.0,52.0,62.0,4.0,1.267,3,5.0,5.0,5.0,5.0,1.0,1.0,1.0,1.0,1.0,1.0,4,2,5,4.0,4.0,4.0,3.0,4.0,1.0,3.0,3.0,8,0.0,1,High
3.0,3.0,4.0,1.0,1.0,47.0,27.0,3.0,-0.909,0,2.0,2.0,2.0,3.0,3.0,3.0,1.0,1.0,1.0,2.0,2,1,1,3.0,3.0,3.0,3.0,1.0,1.0,3.0,2.0,2,3.0,0,Low
5.0,5.0,2.0,8.0,0.0,73.0,95.0,4.0,0.242,3,5.0,5.0,5.0,5.0,1.0,1.0,1.0,1.0,1.0,1.0,5,2,4,4.0,4.0,3.0,4.0,6.0,2.0,4.0,4.0,6,0.0,1,High
4.0,4.0,2.0,8.0,0.0,41.0,51.0,3.0,-0.909,3,5.0,5.0,4.0,5.0,1.0,1.0,1.0,1.0,1.0,1.0,2,1,2,4.0,3.0,3.0,3.0,3.0,1.0,3.0,3.0,8,0.0,0,Medium
4.0,4.0,3.0,4.0,1.0,76.0,54.0,4.0,-0.57,2,4.0,4.0,4.0,5.0,1.0,1.0,1.0,1.0,1.0,1.0,2,1,1,5.0,5.0,5.0,5.0,5.0,1.0,3.0,3.0,4,0.0,0,Medium
3.0,3.0,3.0,5.0,0.0,63.0,36.0,3.0,-0.909,0,3.0,4.0,4.0,3.0,1.0,1.0,1.0,1.0,1.0,1.0,2,3,7,3.0,4.0,4.0,3.0,4.0,3.0,2.0,3.0,1,0.0,0,Low
3.0,2.0,5.0,4.0,0.0,28.0,32.0,2.0,-0.57,3,2.0,3.0,1.0,4.0,1.0,1.0,1.0,1.0,1.0,1.0,3,4,7,5.0,4.0,2.0,2.0,3.0,2.0,3.0,3.0,4,0.0,0,Low
4.0,4.0,1.0,8.0,1.0,44.0,59.0,3.0,-0.188,2,5.0,5.0,5.0,5.0,1.0,1.0,1.0,1.0,1.0,1.0,1,2,6,5.0,4.0,4.0,3.0,4.0,3.0,3.0,3.0,6,0.0,1,Medium
4.0,3.0,3.0,1.0,0.0,57.0,51.0,3.0,0.242,2,5.0,4.0,3.0,4.0,1.0,1.0,1.0,1.0,1.0,1.0,3,2,3,5.0,5.0,4.0,5.0,3.0,1.0,3.0,3.0,5,0.0,0,Medium
5.0,4.0,2.0,3.0,1.0,59.0,64.0,4.0,0.242,3,5.0,5.0,4.0,5.0,1.0,1.0,1.0,1.0,2.0,1.0,5,4,8,2.0,3.0,4.0,3.0,5.0,2.0,3.0,3.0,7,1.0,1,High
5.0,4.0,2.0,1.0,1.0,46.0,60.0,4.0,-0.57,1,5.0,4.0,5.0,4.0,1.0,1.0,1.0,2.0,2.0,1.0,4,4,6,4.0,4.0,4.0,4.0,6.0,2.0,3.0,3.0,2,2.0,1,Medium
3.0,3.0,4.0,1.0,1.0,51.0,42.0,3.0,-0.909,0,3.0,2.0,2.0,5.0,2.0,2.0,1.0,1.0,1.0,1.0,1,5,1,4.0,3.0,4.0,4.0,4.0,2.0,2.0,4.0,3,2.0,0,Low
4.0,4.0,4.0,2.0,1.0,66.0,49.0,3.0,1.267,3,5.0,4.0,5.0,4.0,1.0,1.0,1.0,1.0,2.0,1.0,4,2,4,5.0,5.0,5.0,5.0,6.0,2.0,4.0,3.0,2,1.0,0,Medium
4.0,3.0,4.0,8.0,1.0,34.0,55.0,3.0,-1.485,2,5.0,4.0,5.0,5.0,1.0,1.0,1.0,1.0,1.0,1.0,3,2,6,5.0,4.0,4.0,3.0,5.0,3.0,3.0,2.0,7,0.0,1,Medium
4.0,3.0,3.0,6.0,0.0,39.0,45.0,2.0,-1.215,2,5.0,4.0,1.0,5.0,2.0,1.0,1.0,1.0,1.0,1.0,1,3,2,5.0,4.0,3.0,3.0,1.0,1.0,3.0,2.0,4,1.0,0,Medium
4.0,4.0,1.0,8.0,0.0,56.0,66.0,3.0,-0.57,3,5.0,5.0,5.0,5.0,1.0,1.0,1.0,1.0,1.0,1.0,3,5,8,4.0,4.0,4.0,4.0,6.0,1.0,1.0,1.0,4,0.0,1,High
5.0,5.0,3.0,8.0,0.0,51.0,59.0,3.0,1.267,3,5.0,5.0,5.0,3.0,1.0,1.0,1.0,1.0,1.0,1.0,5,2,6,5.0,4.0,4.0,4.0,2.0,1.0,4.0,3.0,5,0.0,1,Medium
5.0,3.0,5.0,1.0,0.0,28.0,33.0,3.0,-0.57,2,5.0,4.0,2.0,5.0,3.0,2.0,3.0,1.0,1.0,1.0,3,2,1,5.0,4.0,3.0,3.0,3.0,1.0,4.0,4.0,5,3.0,0,Low
4.0,2.0,2.0,7.0,1.0,31.0,59.0,1.0,-0.57,3,5.0,1.0,1.0,4.0,1.0,1.0,1.0,1.0,1.0,1.0,3,4,8,1.0,1.0,1.0,2.0,1.0,3.0,1.0,2.0,4,0.0,1,Medium
4.0,3.0,2.0,2.0,1.0,40.0,55.0,3.0,-0.188,2,5.0,4.0,5.0,5.0,1.0,1.0,1.0,1.0,1.0,1.0,2,5,3,4.0,4.0,3.0,3.0,4.0,3.0,3.0,3.0,4,0.0,1,Medium
4.0,3.0,4.0,7.0,1.0,48.0,31.0,3.0,-1.9,1,3.0,2.0,1.0,4.0,2.0,2.0,2.0,2.0,2.0,2.0,1,5,1,3.0,4.0,3.0,3.0,3.0,1.0,2.0,2.0,4,6.0,0,Low
4.0,3.0,3.0,1.0,1.0,41.0,41.0,3.0,0.712,3,5.0,3.0,1.0,4.0,1.0,1.0,1.0,1.0,1.0,1.0,4,2,8,3.0,3.0,1.0,1.0,2.0,3.0,3.0,2.0,5,0.0,0,Low
4.0,4.0,2.0,8.0,0.0,76.0,75.0,4.0,1.267,3,5.0,5.0,5.0,5.0,1.0,1.0,1.0,1.0,1.0,1.0,2,1,9,4.0,4.0,5.0,5.0,6.0,1.0,3.0,3.0,6,0.0,1,High
4.0,4.0,4.0,2.0,0.0,55.0,55.0,3.0,-1.215,2,4.0,3.0,1.0,5.0,1.0,1.0,1.0,1.0,1.0,1.0,5,2,4,3.0,3.0,3.0,3.0,5.0,3.0,3.0,4.0,3,0.0,1,Medium
4.0,3.0,4.0,4.0,1.0,38.0,38.0,2.0,-0.909,3,4.0,4.0,1.0,3.0,2.0,1.0,1.0,2.0,1.0,1.0,3,5,2,4.0,4.0,3.0,2.0,2.0,2.0,3.0,2.0,2,2.0,0,Low
1.0,1.0,1.0,7.0,0.0,33.0,23.0,1.0,0.242,3,3.0,1.0,1.0,2.0,1.0,2.0,3.0,1.0,1.0,2.0,2,2,1,5.0,1.0,1.0,1.0,1.0,4.0,1.0,1.0,2,3.0,0,Low
4.0,4.0,3.0,3.0,0.0,43.0,65.0,4.0,-0.57,2,5.0,4.0,1.0,5.0,1.0,1.0,1.0,1.0,1.0,1.0,3,2,1,4.0,3.0,3.0,3.0,5.0,2.0,3.0,3.0,3,0.0,1,High
5.0,4.0,4.0,,1.0,68.0,77.0,4.0,0.242,2,5.0,5.0,5.0,5.0,1.0,1.0,1.0,1.0,1.0,1.0,1,5,5,5.0,5.0,5.0,4.0,6.0,3.0,2.0,4.0,4,0.0,1,High
4.0,3.0,4.0,2.0,1.0,50.0,46.0,3.0,-0.188,3,2.0,4.0,1.0,4.0,1.0,1.0,1.0,2.0,2.0,1.0,2,4,6,4.0,3.0,4.0,2.0,4.0,3.0,2.0,4.0,2,2.0,0,Medium
5.0,4.0,4.0,4.0,0.0,42.0,48.0,4.0,-0.909,1,4.0,4.0,4.0,4.0,2.0,2.0,1.0,1.0,1.0,1.0,1,2,1,3.0,4.0,3.0,3.0,1.0,1.0,4.0,3.0,3,2.0,0,Medium
3.0,3.0,3.0,8.0,0.0,40.0,42.0,2.0,-0.909,2,5.0,4.0,1.0,3.0,2.0,2.0,1.0,1.0,2.0,1.0,2,1,1,2.0,2.0,3.0,3.0,2.0,3.0,2.0,2.0,6,3.0,0,Low
4.0,3.0,3.0,1.0,1.0,49.0,52.0,3.0,1.267,3,5.0,4.0,5.0,5.0,1.0,1.0,1.0,1.0,1.0,1.0,4,3,5,3.0,4.0,4.0,4.0,4.0,2.0,3.0,3.0,8,0.0,0,Medium
4.0,2.0,5.0,2.0,1.0,31.0,58.0,2.0,-1.215,2,5.0,3.0,2.0,4.0,1.0,1.0,1.0,3.0,3.0,1.0,3,1,3,4.0,3.0,3.0,3.0,1.0,3.0,2.0,2.0,3,2.0,1,Medium
4.0,3.0,3.0,8.0,1.0,45.0,42.0,3.0,-0.909,1,4.0,3.0,2.0,4.0,1.0,1.0,1.0,1.0,1.0,1.0,2,1,3,4.0,4.0,4.0,4.0,2.0,1.0,3.0,1.0,7,0.0,0,Low
5.0,5.0,4.0,2.0,1.0,57.0,64.0,4.0,0.712,3,5.0,5.0,5.0,4.0,1.0,1.0,1.0,1.0,1.0,1.0,5,3,7,5.0,5.0,5.0,4.0,6.0,1.0,4.0,4.0,2,0.0,1,High
4.0,3.0,4.0,8.0,1.0,45.0,60.0,3.0,0.242,3,5.0,3.0,2.0,5.0,1.0,1.0,1.0,1.0,1.0,1.0,4,3,9,4.0,4.0,3.0,3.0,5.0,1.0,3.0,3.0,6,0.0,1,Medium
3.0,3.0,5.0,6.0,0.0,48.0,38.0,3.0,-1.215,0,4.0,3.0,3.0,4.0,2.0,2.0,3.0,2.0,1.0,2.0,2,5,2,4.0,3.0,3.0,3.0,1.0,3.0,4.0,1.0,5,5.0,0,Low
4.0,3.0,3.0,7.0,0.0,49.0,37.0,2.0,-0.57,1,2.0,3.0,3.0,1.0,1.0,2.0,1.0,1.0,1.0,1.0,1,2,1,3.0,3.0,3.0,3.0,5.0,1.0,3.0,2.0,4,1.0,0,Low
4.0,3.0,3.0,2.0,1.0,41.0,49.0,3.0,-0.909,1,4.0,3.0,1.0,3.0,1.0,1.0,1.0,1.0,1.0,1.0,2,2,6,4.0,3.0,3.0,3.0,3.0,3.0,2.0,2.0,2,0.0,0,Medium
4.0,4.0,2.0,1.0,1.0,61.0,67.0,4.0,0.712,3,5.0,4.0,4.0,5.0,1.0,1.0,1.0,1.0,1.0,1.0,5,3,9,5.0,5.0,5.0,5.0,6.0,2.0,3.0,3.0,4,0.0,1,High
3.0,3.0,5.0,1.0,1.0,52.0,53.0,4.0,-1.485,0,3.0,1.0,1.0,5.0,3.0,2.0,1.0,3.0,3.0,1.0,1,1,1,3.0,3.0,4.0,3.0,4.0,1.0,4.0,2.0,4,4.0,0,Medium
4.0,3.0,3.0,2.0,0.0,44.0,49.0,3.0,-0.188,2,4.0,3.0,5.0,3.0,2.0,1.0,1.0,1.0,1.0,1.0,2,5,3,5.0,5.0,3.0,4.0,4.0,1.0,1.0,2.0,2,1.0,0,Medium
4.0,2.0,4.0,2.0,0.0,42.0,50.0,2.0,-1.215,2,5.0,3.0,2.0,4.0,2.0,1.0,1.0,2.0,2.0,1.0,3,2,4,4.0,3.0,3.0,3.0,4.0,2.0,2.0,2.0,5,3.0,0,Medium
3.0,3.0,3.0,2.0,0.0,56.0,53.0,3.0,-0.188,3,4.0,4.0,4.0,3.0,1.0,1.0,1.0,1.0,1.0,1.0,4,2,8,4.0,4.0,4.0,4.0,4.0,2.0,2.0,3.0,2,0.0,0,Medium
5.0,4.0,2.0,8.0,1.0,54.0,72.0,4.0,0.242,3,5.0,4.0,4.0,5.0,1.0,1.0,1.0,1.0,1.0,1.0,5,2,9,5.0,3.0,4.0,2.0,4.0,1.0,3.0,3.0,6,0.0,1,High
4.0,4.0,2.0,1.0,1.0,64.0,62.0,3.0,-0.909,2,5.0,5.0,5.0,5.0,2.0,1.0,1.0,1.0,1.0,1.0,2,5,5,5.0,5.0,5.0,5.0,5.0,2.0,3.0,,2,1.0,1,High
4.0,3.0,4.0,6.0,0.0,48.0,34.0,2.0,-0.909,2,4.0,4.0,3.0,5.0,2.0,2.0,1.0,2.0,2.0,1.0,2,3,1,4.0,4.0,3.0,3.0,2.0,1.0,3.0,3.0,2,4.0,0,Low
3.0,3.0,5.0,3.0,0.0,33.0,37.0,2.0,0.242,3,4.0,3.0,1.0,4.0,2.0,2.0,1.0,1.0,1.0,2.0,2,2,1,3.0,3.0,3.0,3.0,2.0,2.0,2.0,3.0,5,3.0,0,Low
5.0,4.0,5.0,2.0,0.0,67.0,43.0,4.0,-0.188,1,5.0,5.0,5.0,4.0,1.0,1.0,1.0,1.0,2.0,1.0,5,1,9,5.0,5.0,5.0,5.0,5.0,1.0,3.0,3.0,4,1.0,0,Low
1.0,5.0,5.0,8.0,0.0,73.0,75.0,4.0,-0.909,1,5.0,5.0,5.0,5.0,1.0,1.0,1.0,1.0,1.0,1.0,2,2,1,5.0,5.0,5.0,5.0,6.0,1.0,3.0,3.0,8,0.0,1,High
4.0,4.0,4.0,2.0,1.0,40.0,57.0,4.0,-0.909,3,5.0,4.0,4.0,5.0,1.0,1.0,1.0,1.0,1.0,1.0,4,4,9,4.0,4.0,4.0,4.0,5.0,3.0,2.0,3.0,4,0.0,1,Medium
4.0,3.0,3.0,2.0,0.0,35.0,49.0,2.0,-0.188,3,3.0,3.0,1.0,3.0,1.0,1.0,1.0,1.0,1.0,1.0,4,1,2,3.0,3.0,3.0,3.0,3.0,1.0,3.0,3.0,5,0.0,0,Medium
2.0,2.0,3.0,8.0,0.0,32.0,48.0,2.0,-1.215,2,3.0,3.0,2.0,3.0,2.0,2.0,1.0,1.0,2.0,1.0,2,1,2,2.0,2.0,2.0,2.0,2.0,2.0,2.0,2.0,6,3.0,0,Medium
5.0,2.0,4.0,8.0,0.0,30.0,56.0,3.0,0.242,3,5.0,4.0,5.0,1.0,1.0,1.0,1.0,1.0,2.0,1.0,4,2,5,3.0,2.0,1.0,1.0,2.0,3.0,3.0,2.0,8,1.0,1,Medium
4.0,4.0,3.0,8.0,1.0,59.0,60.0,3.0,-0.57,2,5.0,5.0,2.0,5.0,1.0,1.0,1.0,1.0,1.0,1.0,2,5,3,5.0,3.0,4.0,4.0,5.0,2.0,4.0,3.0,8,0.0,1,Medium
5.0,4.0,3.0,2.0,1.0,53.0,82.0,4.0,-0.188,3,5.0,5.0,5.0,5.0,1.0,1.0,1.0,1.0,1.0,1.0,3,2,8,3.0,3.0,5.0,3.0,6.0,1.0,4.0,4.0,5,0.0,1,High
4.0,4.0,4.0,2.0,1.0,51.0,50.0,4.0,0.242,3,5.0,5.0,1.0,5.0,1.0,1.0,1.0,2.0,1.0,1.0,4,4,7,4.0,4.0,4.0,4.0,3.0,2.0,2.0,3.0,4,1.0,0,Medium
4.0,1.0,3.0,2.0,0.0,14.0,38.0,1.0,-0.57,0,5.0,2.0,5.0,5.0,1.0,1.0,1.0,1.0,1.0,1.0,2,4,3,1.0,1.0,1.0,1.0,1.0,3.0,1.0,1.0,4,0.0,0,Low
5.0,3.0,3.0,2.0,1.0,56.0,63.0,3.0,-0.188,3,5.0,3.0,2.0,5.0,1.0,1.0,1.0,1.0,1.0,1.0,5,4,9,4.0,4.0,4.0,4.0,4.0,1.0,3.0,4.0,3,0.0,1,High
5.0,4.0,3.0,8.0,0.0,53.0,68.0,4.0,-1.215,1,5.0,3.0,3.0,5.0,2.0,1.0,1.0,1.0,1.0,1.0,4,2,5,4.0,4.0,4.0,4.0,6.0,2.0,3.0,3.0,6,1.0,1,High
4.0,3.0,5.0,6.0,0.0,39.0,36.0,3.0,0.242,2,4.0,3.0,1.0,4.0,3.0,3.0,3.0,2.0,3.0,1.0,2,1,3,4.0,4.0,4.0,4.0,1.0,3.0,3.0,2.0,4,5.0,0,Low
5.0,5.0,2.0,2.0,1.0,80.0,37.0,4.0,-1.485,1,5.0,4.0,4.0,5.0,1.0,1.0,1.0,1.0,2.0,1.0,2,2,2,5.0,5.0,5.0,5.0,6.0,1.0,3.0,4.0,4,1.0,0,Low
4.0,4.0,4.0,4.0,1.0,51.0,62.0,4.0,0.242,3,5.0,3.0,5.0,3.0,1.0,1.0,1.0,1.0,1.0,1.0,4,5,9,4.0,3.0,4.0,2.0,5.0,1.0,3.0,3.0,3,0.0,1,High
4.0,3.0,5.0,6.0,0.0,37.0,14.0,3.0,-0.909,1,4.0,4.0,1.0,2.0,3.0,3.0,1.0,1.0,1.0,1.0,1,1,1,5.0,4.0,4.0,3.0,1.0,1.0,2.0,3.0,4,2.0,0,Low
5.0,5.0,3.0,8.0,1.0,59.0,79.0,4.0,-0.57,2,5.0,5.0,5.0,4.0,1.0,1.0,1.0,1.0,1.0,1.0,2,2,5,4.0,3.0,4.0,4.0,4.0,2.0,3.0,3.0,8,0.0,1,High
4.0,3.0,2.0,7.0,1.0,39.0,48.0,3.0,-1.215,2,3.0,3.0,2.0,2.0,1.0,1.0,1.0,1.0,1.0,1.0,2,5,3,3.0,4.0,4.0,4.0,5.0,2.0,3.0,3.0,2,0.0,0,Medium
4.0,4.0,3.0,8.0,0.0,60.0,56.0,4.0,-0.909,1,5.0,5.0,5.0,5.0,1.0,1.0,2.0,1.0,1.0,1.0,2,3,5,4.0,4.0,4.0,3.0,6.0,3.0,4.0,4.0,8,1.0,1,Medium
5.0,5.0,5.0,6.0,0.0,75.0,41.0,4.0,-1.485,2,5.0,5.0,5.0,5.0,2.0,3.0,1.0,1.0,2.0,1.0,1,4,1,5.0,5.0,4.0,5.0,4.0,1.0,3.0,1.0,2,3.0,0,Low
5.0,3.0,3.0,3.0,1.0,77.0,64.0,3.0,0.712,3,5.0,5.0,5.0,5.0,1.0,1.0,1.0,1.0,1.0,1.0,3,5,7,5.0,4.0,4.0,4.0,6.0,1.0,4.0,4.0,3,0.0,1,High
3.0,3.0,4.0,8.0,0.0,30.0,36.0,3.0,-0.188,2,4.0,4.0,2.0,5.0,2.0,2.0,1.0,1.0,1.0,1.0,3,2,1,4.0,3.0,3.0,4.0,2.0,3.0,3.0,3.0,6,2.0,0,Low
5.0,5.0,2.0,2.0,1.0,54.0,78.0,3.0,-0.57,2,5.0,5.0,5.0,4.0,1.0,1.0,1.0,1.0,1.0,1.0,4,4,6,3.0,3.0,5.0,2.0,6.0,2.0,3.0,3.0,2,0.0,1,High
4.0,4.0,1.0,8.0,0.0,55.0,86.0,4.0,0.242,2,5.0,5.0,5.0,4.0,1.0,1.0,1.0,1.0,1.0,1.0,2,2,7,2.0,2.0,3.0,2.0,5.0,1.0,3.0,3.0,8,0.0,1,High
3.0,3.0,1.0,2.0,0.0,30.0,37.0,2.0,-0.188,2,5.0,2.0,3.0,4.0,1.0,1.0,1.0,1.0,1.0,1.0,2,3,3,2.0,4.0,2.0,2.0,5.0,4.0,1.0,2.0,5,0.0,0,Low
3.0,3.0,5.0,2.0,1.0,42.0,46.0,3.0,-0.909,3,4.0,4.0,1.0,5.0,2.0,2.0,3.0,2.0,1.0,1.0,3,2,4,4.0,4.0,4.0,3.0,4.0,1.0,2.0,3.0,1,4.0,0,Medium
3.0,3.0,2.0,,0.0,57.0,64.0,4.0,0.242,3,3.0,4.0,2.0,3.0,1.0,1.0,1.0,1.0,1.0,1.0,2,5,3,2.0,3.0,4.0,2.0,5.0,2.0,3.0,3.0,1,0.0,1,High
5.0,4.0,3.0,3.0,0.0,42.0,48.0,3.0,-0.188,2,5.0,3.0,3.0,1.0,1.0,1.0,1.0,1.0,1.0,1.0,3,3,3,3.0,3.0,3.0,3.0,4.0,3.0,2.0,3.0,1,0.0,0,Medium
4.0,3.0,3.0,8.0,1.0,43.0,51.0,3.0,-0.57,3,5.0,5.0,1.0,5.0,1.0,1.0,1.0,2.0,2.0,1.0,1,2,1,4.0,4.0,4.0,4.0,4.0,2.0,2.0,3.0,6,2.0,0,Medium
3.0,3.0,4.0,2.0,1.0,25.0,23.0,3.0,0.242,3,4.0,4.0,3.0,4.0,1.0,1.0,1.0,2.0,1.0,1.0,3,3,7,4.0,4.0,4.0,4.0,1.0,1.0,2.0,3.0,2,1.0,0,Low
5.0,4.0,2.0,8.0,1.0,85.0,87.0,4.0,1.267,3,5.0,5.0,4.0,5.0,1.0,1.0,1.0,1.0,1.0,1.0,4,1,7,5.0,5.0,5.0,5.0,6.0,1.0,4.0,4.0,6,0.0,1,High
2.0,3.0,4.0,2.0,1.0,31.0,46.0,3.0,0.712,3,5.0,4.0,1.0,5.0,2.0,1.0,1.0,2.0,2.0,1.0,3,2,3,4.0,2.0,2.0,2.0,4.0,2.0,2.0,3.0,4,3.0,0,Medium
5.0,4.0,4.0,2.0,1.0,49.0,80.0,4.0,0.712,3,5.0,5.0,5.0,4.0,1.0,1.0,1.0,1.0,1.0,1.0,4,2,6,2.0,3.0,3.0,2.0,5.0,2.0,3.0,3.0,1,0.0,1,High
5.0,5.0,4.0,2.0,1.0,78.0,66.0,4.0,0.242,3,5.0,4.0,5.0,4.0,1.0,1.0,1.0,1.0,1.0,1.0,5,4,9,4.0,5.0,5.0,4.0,6.0,1.0,4.0,4.0,3,0.0,1,High
5.0,5.0,1.0,8.0,1.0,62.0,70.0,4.0,0.242,3,5.0,5.0,3.0,5.0,1.0,1.0,1.0,1.0,1.0,1.0,4,2,8,2.0,4.0,4.0,4.0,5.0,1.0,4.0,4.0,8,0.0,1,High
5.0,4.0,4.0,2.0,1.0,76.0,63.0,4.0,0.242,3,5.0,4.0,5.0,1.0,1.0,1.0,1.0,1.0,1.0,1.0,5,3,9,3.0,3.0,3.0,3.0,6.0,3.0,3.0,3.0,4,0.0,1,High
4.0,4.0,3.0,4.0,1.0,41.0,49.0,3.0,-1.215,2,5.0,3.0,2.0,5.0,2.0,1.0,1.0,1.0,1.0,1.0,1,5,7,4.0,4.0,4.0,3.0,3.0,3.0,3.0,3.0,3,1.0,0,Medium
5.0,3.0,3.0,2.0,0.0,33.0,41.0,2.0,-0.909,2,5.0,1.0,1.0,3.0,1.0,1.0,1.0,1.0,1.0,1.0,2,2,8,1.0,1.0,1.0,1.0,1.0,4.0,3.0,2.0,4,0.0,0,Low
4.0,4.0,5.0,3.0,1.0,44.0,49.0,3.0,-1.215,1,4.0,4.0,5.0,4.0,2.0,2.0,3.0,2.0,2.0,2.0,3,2,1,4.0,4.0,4.0,4.0,5.0,3.0,3.0,3.0,1,6.0,0,Medium
5.0,3.0,5.0,8.0,0.0,33.0,49.0,3.0,1.267,2,5.0,4.0,5.0,3.0,2.0,1.0,1.0,1.0,1.0,1.0,2,1,3,4.0,2.0,3.0,1.0,5.0,2.0,2.0,2.0,8,1.0,0,Medium
5.0,5.0,1.0,8.0,0.0,42.0,81.0,4.0,0.242,3,5.0,1.0,5.0,5.0,1.0,1.0,1.0,1.0,1.0,1.0,2,4,4,2.0,3.0,4.0,2.0,6.0,1.0,3.0,3.0,8,0.0,1,High
5.0,4.0,2.0,8.0,0.0,51.0,68.0,4.0,1.267,3,5.0,5.0,5.0,5.0,1.0,1.0,1.0,1.0,1.0,1.0,5,2,9,4.0,4.0,4.0,4.0,5.0,2.0,3.0,3.0,8,0.0,1,High
3.0,3.0,4.0,2.0,1.0,48.0,56.0,3.0,-0.909,2,5.0,4.0,5.0,5.0,1.0,1.0,1.0,1.0,1.0,1.0,5,3,7,5.0,4.0,4.0,4.0,6.0,3.0,2.0,4.0,3,0.0,1,Medium
5.0,3.0,5.0,2.0,0.0,50.0,40.0,3.0,-0.909,2,5.0,3.0,3.0,4.0,1.0,1.0,1.0,2.0,2.0,1.0,4,4,8,4.0,2.0,3.0,2.0,5.0,1.0,3.0,3.0,3,2.0,0,Low
3.0,3.0,4.0,3.0,0.0,41.0,61.0,3.0,0.712,3,5.0,4.0,5.0,5.0,1.0,1.0,1.0,1.0,1.0,1.0,2,1,6,3.0,3.0,3.0,3.0,5.0,2.0,,3.0,4,0.0,1,High
4.0,4.0,2.0,4.0,0.0,49.0,58.0,4.0,-0.57,3,4.0,4.0,3.0,3.0,1.0,1.0,1.0,1.0,1.0,1.0,2,4,4,4.0,4.0,4.0,4.0,5.0,2.0,3.0,3.0,5,0.0,1,Medium
4.0,3.0,3.0,2.0,1.0,50.0,63.0,3.0,-0.188,3,5.0,4.0,5.0,2.0,1.0,1.0,1.0,1.0,1.0,1.0,3,2,7,4.0,3.0,4.0,2.0,5.0,2.0,3.0,3.0,3,0.0,1,High
4.0,3.0,3.0,8.0,1.0,50.0,54.0,3.0,-0.57,3,5.0,5.0,4.0,4.0,1.0,1.0,1.0,1.0,1.0,1.0,2,1,1,3.0,4.0,4.0,3.0,4.0,2.0,3.0,3.0,7,0.0,0,Medium
3.0,3.0,2.0,8.0,0.0,40.0,62.0,3.0,-1.215,1,5.0,4.0,5.0,1.0,1.0,1.0,1.0,1.0,1.0,1.0,2,2,4,4.0,4.0,4.0,4.0,5.0,2.0,2.0,2.0,7,0.0,1,High
5.0,5.0,3.0,2.0,1.0,64.0,78.0,4.0,-0.909,3,5.0,5.0,5.0,5.0,1.0,1.0,1.0,1.0,1.0,1.0,4,2,9,5.0,5.0,5.0,5.0,6.0,1.0,3.0,3.0,4,0.0,1,High
4.0,3.0,4.0,1.0,0.0,49.0,46.0,3.0,0.712,3,5.0,4.0,3.0,4.0,1.0,1.0,1.0,2.0,2.0,1.0,2,4,5,4.0,3.0,3.0,3.0,3.0,1.0,3.0,4.0,5,2.0,0,Medium
4.0,4.0,3.0,8.0,1.0,55.0,58.0,4.0,-0.188,2,5.0,5.0,5.0,5.0,1.0,1.0,1.0,1.0,1.0,1.0,2,2,2,4.0,4.0,4.0,4.0,3.0,1.0,3.0,3.0,7,0.0,1,Medium
5.0,5.0,4.0,8.0,0.0,51.0,69.0,4.0,0.712,3,5.0,5.0,5.0,5.0,1.0,1.0,1.0,1.0,1.0,1.0,5,2,6,3.0,2.0,3.0,2.0,6.0,2.0,3.0,3.0,8,0.0,1,High
3.0,3.0,3.0,6.0,0.0,42.0,55.0,3.0,-0.909,2,5.0,3.0,2.0,4.0,1.0,1.0,1.0,1.0,1.0,1.0,2,3,3,2.0,2.0,2.0,2.0,4.0,1.0,2.0,2.0,5,0.0,1,Medium
2.0,1.0,5.0,7.0,1.0,24.0,32.0,4.0,-0.909,2,3.0,1.0,1.0,1.0,3.0,3.0,1.0,3.0,1.0,1.0,2,2,1,2.0,3.0,3.0,3.0,1.0,4.0,1.0,2.0,4,3.0,0,Low
3.0,3.0,2.0,8.0,0.0,49.0,59.0,3.0,0.712,3,5.0,4.0,4.0,4.0,1.0,1.0,1.0,1.0,1.0,1.0,4,2,2,3.0,4.0,3.0,3.0,5.0,2.0,3.0,3.0,6,0.0,1,Medium
5.0,5.0,3.0,2.0,1.0,55.0,77.0,4.0,0.712,3,5.0,4.0,5.0,5.0,1.0,1.0,1.0,1.0,1.0,1.0,4,2,8,3.0,4.0,4.0,3.0,6.0,1.0,3.0,3.0,2,0.0,1,High
4.0,3.0,4.0,1.0,1.0,45.0,48.0,3.0,-0.57,3,5.0,3.0,5.0,4.0,1.0,1.0,1.0,1.0,1.0,1.0,3,4,7,4.0,3.0,3.0,2.0,4.0,2.0,2.0,3.0,3,0.0,0,Medium
3.0,3.0,2.0,2.0,1.0,37.0,47.0,3.0,-0.57,3,3.0,2.0,1.0,4.0,2.0,1.0,2.0,1.0,1.0,2.0,3,5,6,3.0,3.0,4.0,4.0,2.0,2.0,2.0,2.0,2,3.0,0,Medium
4.0,4.0,3.0,2.0,1.0,55.0,68.0,3.0,1.267,3,5.0,5.0,5.0,5.0,1.0,1.0,1.0,1.0,1.0,1.0,4,4,9,4.0,4.0,4.0,4.0,6.0,2.0,3.0,3.0,4,0.0,1,High
4.0,4.0,4.0,2.0,0.0,50.0,58.0,4.0,-0.188,2,4.0,4.0,1.0,4.0,1.0,1.0,1.0,1.0,1.0,1.0,2,2,4,4.0,4.0,3.0,2.0,2.0,1.0,3.0,3.0,5,0.0,1,Medium
5.0,5.0,5.0,4.0,1.0,69.0,29.0,3.0,-1.215,1,4.0,5.0,4.0,5.0,2.0,3.0,3.0,2.0,3.0,3.0,3,1,1,5.0,4.0,4.0,5.0,6.0,4.0,3.0,4.0,4,6.0,0,Low
3.0,2.0,,8.0,1.0,40.0,44.0,3.0,-0.909,2,4.0,3.0,4.0,4.0,2.0,2.0,1.0,2.0,2.0,1.0,2,1,2,3.0,3.0,3.0,3.0,2.0,3.0,2.0,3.0,5,4.0,0,Medium
3.0,3.0,3.0,2.0,1.0,42.0,40.0,3.0,-0.909,1,2.0,2.0,2.0,3.0,3.0,3.0,3.0,3.0,2.0,2.0,1,4,3,4.0,3.0,3.0,3.0,3.0,2.0,3.0,3.0,2,6.0,0,Low
4.0,3.0,5.0,6.0,1.0,39.0,58.0,3.0,-1.215,1,5.0,4.0,3.0,3.0,3.0,2.0,2.0,2.0,3.0,1.0,3,4,3,4.0,3.0,4.0,3.0,5.0,3.0,3.0,3.0,3,5.0,1,Medium
3.0,1.0,4.0,2.0,0.0,26.0,29.0,2.0,0.242,3,5.0,2.0,1.0,1.0,1.0,1.0,1.0,1.0,1.0,1.0,3,5,5,4.0,2.0,4.0,2.0,1.0,3.0,1.0,2.0,3,0.0,0,Low
4.0,4.0,4.0,2.0,0.0,44.0,50.0,4.0,-0.57,3,5.0,2.0,5.0,5.0,1.0,1.0,1.0,1.0,1.0,1.0,4,3,9,1.0,2.0,5.0,1.0,1.0,2.0,4.0,4.0,1,0.0,0,Medium
4.0,3.0,5.0,2.0,1.0,48.0,48.0,3.0,-0.909,3,5.0,3.0,2.0,5.0,1.0,1.0,1.0,1.0,2.0,1.0,3,2,4,3.0,3.0,4.0,3.0,1.0,1.0,4.0,3.0,4,1.0,0,Medium
4.0,5.0,2.0,2.0,0.0,71.0,48.0,2.0,-1.713,3,5.0,4.0,5.0,5.0,1.0,1.0,1.0,1.0,1.0,1.0,1,3,1,4.0,4.0,5.0,5.0,4.0,1.0,3.0,4.0,2,0.0,0,Medium
4.0,4.0,3.0,5.0,1.0,49.0,51.0,3.0,-1.215,2,4.0,4.0,4.0,4.0,1.0,1.0,1.0,1.0,1.0,1.0,3,4,1,4.0,4.0,4.0,4.0,2.0,1.0,3.0,3.0,1,0.0,0,Medium
4.0,2.0,5.0,3.0,1.0,39.0,14.0,3.0,0.242,3,3.0,3.0,1.0,4.0,2.0,2.0,1.0,1.0,2.0,1.0,3,5,7,3.0,3.0,3.0,3.0,2.0,2.0,4.0,3.0,4,3.0,0,Low
5.0,4.0,3.0,3.0,1.0,67.0,52.0,3.0,-0.188,3,4.0,4.0,4.0,5.0,1.0,1.0,1.0,1.0,1.0,1.0,2,2,2,5.0,5.0,5.0,4.0,6.0,3.0,4.0,4.0,5,0.0,0,Medium
4.0,4.0,4.0,2.0,1.0,56.0,54.0,4.0,-0.188,3,4.0,4.0,4.0,4.0,1.0,1.0,1.0,1.0,1.0,1.0,4,5,7,4.0,4.0,4.0,4.0,5.0,1.0,3.0,3.0,3,0.0,0,Medium
5.0,3.0,4.0,2.0,0.0,43.0,43.0,3.0,-0.909,2,5.0,4.0,4.0,5.0,1.0,1.0,1.0,1.0,1.0,1.0,2,2,7,4.0,4.0,4.0,3.0,4.0,1.0,3.0,3.0,4,0.0,0,Low
4.0,4.0,4.0,8.0,0.0,57.0,83.0,4.0,1.267,3,5.0,5.0,5.0,5.0,1.0,1.0,1.0,1.0,1.0,1.0,4,2,6,3.0,2.0,4.0,4.0,6.0,1.0,4.0,4.0,6,0.0,1,High
4.0,3.0,2.0,2.0,0.0,45.0,57.0,3.0,1.267,3,5.0,4.0,5.0,4.0,1.0,1.0,1.0,1.0,1.0,1.0,4,2,6,4.0,3.0,3.0,3.0,6.0,2.0,2.0,3.0,4,0.0,1,Medium
4.0,3.0,2.0,4.0,0.0,39.0,63.0,2.0,0.242,1,5.0,3.0,3.0,5.0,1.0,1.0,1.0,1.0,1.0,1.0,1,1,1,4.0,2.0,2.0,2.0,3.0,2.0,3.0,2.0,6,0.0,1,High
4.0,3.0,5.0,6.0,1.0,41.0,26.0,1.0,-0.188,3,1.0,3.0,1.0,4.0,2.0,1.0,1.0,2.0,2.0,1.0,3,2,4,4.0,3.0,4.0,3.0,2.0,2.0,3.0,3.0,8,3.0,0,Low
4.0,2.0,4.0,2.0,1.0,49.0,47.0,3.0,1.267,3,4.0,4.0,1.0,1.0,1.0,1.0,1.0,1.0,1.0,1.0,2,3,7,1.0,2.0,4.0,1.0,1.0,3.0,2.0,3.0,5,0.0,0,Medium
4.0,4.0,5.0,,1.0,44.0,45.0,4.0,0.712,3,4.0,4.0,4.0,4.0,1.0,1.0,1.0,1.0,1.0,1.0,3,2,5,4.0,4.0,4.0,4.0,2.0,2.0,3.0,3.0,4,0.0,0,Medium
5.0,5.0,1.0,8.0,1.0,66.0,76.0,4.0,-0.188,3,4.0,5.0,5.0,5.0,1.0,1.0,1.0,1.0,1.0,1.0,3,2,7,5.0,5.0,5.0,5.0,6.0,1.0,4.0,3.0,8,0.0,1,High
4.0,4.0,2.0,8.0,0.0,48.0,56.0,3.0,-0.188,2,5.0,4.0,3.0,5.0,1.0,1.0,1.0,1.0,1.0,1.0,2,2,4,4.0,4.0,4.0,3.0,5.0,3.0,3.0,3.0,8,0.0,1,Medium
5.0,5.0,2.0,2.0,1.0,58.0,76.0,4.0,-0.188,2,4.0,5.0,5.0,5.0,1.0,1.0,1.0,1.0,1.0,1.0,5,2,8,5.0,5.0,5.0,5.0,5.0,1.0,4.0,4.0,5,0.0,1,High
5.0,4.0,3.0,2.0,1.0,58.0,70.0,4.0,1.267,3,5.0,5.0,4.0,5.0,1.0,1.0,1.0,1.0,1.0,1.0,5,3,9,4.0,4.0,4.0,3.0,5.0,1.0,4.0,3.0,3,0.0,1,High
4.0,4.0,5.0,6.0,1.0,37.0,51.0,3.0,-1.215,1,5.0,4.0,4.0,5.0,2.0,1.0,1.0,1.0,1.0,1.0,1,3,6,3.0,4.0,4.0,2.0,4.0,3.0,2.0,2.0,2,1.0,0,Medium
3.0,3.0,3.0,5.0,1.0,32.0,36.0,3.0,-1.215,2,4.0,2.0,2.0,2.0,2.0,2.0,2.0,2.0,2.0,2.0,3,3,8,2.0,2.0,4.0,2.0,4.0,2.0,2.0,2.0,1,6.0,0,Low
5.0,5.0,2.0,8.0,1.0,78.0,68.0,4.0,-0.188,3,5.0,5.0,3.0,5.0,1.0,1.0,1.0,1.0,1.0,1.0,3,2,3,5.0,5.0,5.0,5.0,6.0,1.0,4.0,4.0,6,0.0,1,High
4.0,3.0,4.0,2.0,1.0,43.0,37.0,2.0,-0.188,1,3.0,3.0,2.0,5.0,1.0,2.0,3.0,2.0,3.0,1.0,3,4,9,3.0,3.0,2.0,2.0,3.0,2.0,2.0,2.0,5,4.0,0,Low
3.0,3.0,3.0,2.0,1.0,52.0,50.0,3.0,-1.713,2,3.0,3.0,1.0,4.0,2.0,2.0,2.0,3.0,3.0,2.0,3,5,4,4.0,4.0,3.0,3.0,5.0,3.0,2.0,3.0,3,6.0,0,Medium
5.0,4.0,2.0,8.0,0.0,44.0,63.0,3.0,-0.57,2,5.0,3.0,5.0,5.0,1.0,1.0,1.0,1.0,1.0,1.0,2,2,7,4.0,4.0,4.0,3.0,6.0,2.0,2.0,3.0,8,0.0,1,High
5.0,4.0,2.0,8.0,1.0,52.0,59.0,3.0,-0.188,3,5.0,5.0,5.0,5.0,1.0,1.0,1.0,1.0,1.0,1.0,4,2,7,4.0,4.0,4.0,3.0,5.0,2.0,3.0,3.0,6,0.0,1,Medium
4.0,3.0,5.0,6.0,0.0,40.0,51.0,3.0,-1.215,1,5.0,3.0,5.0,5.0,1.0,1.0,1.0,1.0,1.0,1.0,3,2,3,4.0,4.0,4.0,4.0,6.0,2.0,3.0,3.0,6,0.0,0,Medium
4.0,3.0,5.0,8.0,0.0,34.0,51.0,2.0,-0.188,3,4.0,3.0,4.0,4.0,1.0,1.0,1.0,1.0,1.0,1.0,4,2,3,3.0,3.0,3.0,3.0,3.0,2.0,3.0,3.0,7,0.0,0,Medium
4.0,3.0,3.0,2.0,0.0,46.0,50.0,3.0,-0.57,2,5.0,1.0,1.0,5.0,1.0,1.0,1.0,1.0,1.0,1.0,2,1,6,3.0,3.0,3.0,3.0,2.0,3.0,3.0,3.0,4,0.0,0,Medium
5.0,5.0,1.0,2.0,1.0,42.0,55.0,3.0,-1.9,1,4.0,3.0,3.0,3.0,2.0,1.0,2.0,1.0,1.0,3.0,2,5,7,3.0,4.0,4.0,3.0,5.0,1.0,3.0,2.0,3,3.0,1,Medium
4.0,3.0,4.0,1.0,1.0,48.0,51.0,3.0,0.712,3,4.0,2.0,1.0,1.0,1.0,1.0,1.0,1.0,1.0,1.0,5,1,7,1.0,4.0,4.0,4.0,4.0,2.0,2.0,3.0,4,0.0,0,Medium
5.0,3.0,2.0,8.0,1.0,52.0,53.0,3.0,0.242,2,5.0,4.0,1.0,5.0,1.0,1.0,1.0,1.0,1.0,1.0,2,1,7,5.0,4.0,4.0,4.0,5.0,3.0,3.0,3.0,6,0.0,0,Medium
4.0,3.0,4.0,4.0,0.0,42.0,41.0,2.0,-0.188,2,3.0,3.0,3.0,3.0,2.0,1.0,2.0,1.0,2.0,1.0,3,3,3,3.0,3.0,3.0,3.0,4.0,3.0,3.0,3.0,3,3.0,0,Low
4.0,4.0,5.0,7.0,1.0,73.0,61.0,4.0,-1.485,2,5.0,4.0,1.0,5.0,1.0,1.0,1.0,1.0,1.0,1.0,2,2,1,5.0,5.0,5.0,5.0,6.0,1.0,4.0,4.0,2,0.0,1,High
4.0,2.0,4.0,3.0,1.0,18.0,51.0,3.0,0.712,3,5.0,4.0,2.0,4.0,1.0,1.0,1.0,1.0,1.0,1.0,4,4,7,5.0,4.0,1.0,1.0,2.0,2.0,3.0,3.0,4,0.0,0,Medium
5.0,5.0,2.0,8.0,1.0,82.0,81.0,4.0,0.712,3,5.0,5.0,5.0,5.0,1.0,1.0,1.0,1.0,1.0,1.0,2,2,7,4.0,4.0,4.0,4.0,6.0,3.0,3.0,3.0,6,0.0,1,High
5.0,3.0,4.0,8.0,0.0,63.0,68.0,4.0,-1.485,2,5.0,4.0,1.0,5.0,1.0,1.0,1.0,1.0,1.0,1.0,3,2,3,5.0,4.0,3.0,4.0,4.0,1.0,3.0,4.0,6,0.0,1,High
5.0,4.0,3.0,8.0,1.0,56.0,66.0,4.0,1.267,3,5.0,5.0,5.0,4.0,1.0,1.0,1.0,1.0,1.0,1.0,5,2,9,3.0,4.0,4.0,3.0,6.0,2.0,3.0,3.0,8,0.0,1,High
5.0,5.0,4.0,2.0,1.0,70.0,68.0,3.0,0.712,3,5.0,5.0,5.0,5.0,1.0,1.0,1.0,1.0,1.0,1.0,4,4,9,3.0,4.0,4.0,4.0,5.0,2.0,3.0,3.0,4,0.0,1,High
5.0,4.0,3.0,2.0,1.0,60.0,65.0,4.0,0.242,2,5.0,5.0,3.0,5.0,1.0,1.0,1.0,1.0,1.0,1.0,5,2,9,4.0,4.0,4.0,4.0,5.0,1.0,3.0,3.0,4,0.0,1,High
5.0,5.0,3.0,8.0,1.0,57.0,74.0,4.0,-0.188,3,5.0,1.0,5.0,5.0,1.0,1.0,1.0,1.0,1.0,1.0,3,2,6,2.0,3.0,4.0,3.0,6.0,1.0,4.0,4.0,8,0.0,1,High
4.0,3.0,3.0,8.0,1.0,40.0,50.0,3.0,-0.188,3,4.0,3.0,4.0,5.0,1.0,1.0,1.0,1.0,1.0,1.0,2,3,2,4.0,3.0,3.0,3.0,5.0,2.0,3.0,3.0,7,0.0,0,Medium
5.0,4.0,2.0,8.0,0.0,44.0,75.0,3.0,0.712,3,5.0,4.0,4.0,4.0,1.0,1.0,1.0,1.0,1.0,1.0,2,2,5,2.0,2.0,1.0,2.0,5.0,2.0,2.0,2.0,6,0.0,1,High
3.0,3.0,2.0,7.0,0.0,43.0,49.0,3.0,-0.57,3,4.0,3.0,1.0,1.0,1.0,1.0,1.0,1.0,1.0,1.0,2,3,3,2.0,4.0,4.0,4.0,4.0,2.0,3.0,3.0,2,0.0,0,Medium
5.0,5.0,4.0,2.0,1.0,68.0,74.0,4.0,0.712,3,5.0,5.0,5.0,5.0,1.0,1.0,1.0,1.0,1.0,1.0,5,4,9,5.0,5.0,5.0,5.0,6.0,1.0,4.0,4.0,4,0.0,1,High
3.0,2.0,2.0,1.0,0.0,40.0,46.0,2.0,0.242,3,3.0,2.0,1.0,4.0,1.0,1.0,1.0,1.0,1.0,1.0,2,2,4,4.0,4.0,3.0,4.0,2.0,2.0,2.0,1.0,7,0.0,0,Medium
3.0,3.0,5.0,7.0,0.0,29.0,40.0,2.0,-0.57,3,2.0,3.0,2.0,3.0,2.0,2.0,2.0,2.0,1.0,1.0,1,5,1,3.0,3.0,3.0,3.0,3.0,4.0,2.0,2.0,3,4.0,0,Low
3.0,4.0,4.0,2.0,0.0,32.0,40.0,3.0,-1.215,1,4.0,2.0,2.0,4.0,2.0,1.0,1.0,1.0,1.0,2.0,5,3,4,3.0,4.0,3.0,2.0,1.0,1.0,2.0,3.0,2,2.0,0,Low
3.0,3.0,3.0,7.0,0.0,39.0,48.0,2.0,-0.909,1,3.0,2.0,1.0,1.0,2.0,2.0,3.0,1.0,1.0,1.0,3,5,5,3.0,3.0,3.0,4.0,2.0,3.0,3.0,3.0,2,3.0,0,Medium
4.0,3.0,2.0,4.0,0.0,40.0,56.0,3.0,-0.57,3,4.0,4.0,1.0,4.0,1.0,1.0,1.0,1.0,1.0,1.0,2,3,7,4.0,4.0,3.0,3.0,3.0,2.0,3.0,3.0,5,0.0,1,Medium
4.0,3.0,4.0,3.0,1.0,54.0,34.0,3.0,-1.713,2,5.0,3.0,1.0,3.0,3.0,2.0,3.0,2.0,3.0,1.0,3,2,2,4.0,4.0,4.0,3.0,6.0,2.0,3.0,3.0,1,5.0,0,Low
5.0,5.0,2.0,2.0,1.0,71.0,71.0,4.0,0.712,3,5.0,5.0,5.0,5.0,1.0,1.0,1.0,1.0,1.0,1.0,2,4,6,5.0,5.0,5.0,5.0,6.0,1.0,4.0,4.0,2,0.0,1,High
4.0,4.0,2.0,8.0,1.0,77.0,95.0,4.0,-0.57,3,5.0,5.0,5.0,5.0,1.0,1.0,1.0,1.0,1.0,1.0,4,2,7,5.0,5.0,5.0,5.0,5.0,3.0,3.0,4.0,8,0.0,1,High
5.0,4.0,3.0,4.0,1.0,52.0,65.0,3.0,1.267,3,5.0,5.0,5.0,5.0,1.0,1.0,1.0,1.0,1.0,1.0,4,3,9,3.0,3.0,4.0,3.0,6.0,2.0,3.0,3.0,4,0.0,1,High
4.0,2.0,4.0,2.0,1.0,38.0,64.0,3.0,0.712,2,4.0,4.0,3.0,2.0,1.0,1.0,1.0,1.0,1.0,1.0,2,4,6,4.0,4.0,4.0,3.0,4.0,3.0,2.0,3.0,3,0.0,1,High
4.0,3.0,3.0,8.0,1.0,34.0,50.0,2.0,0.242,3,5.0,5.0,5.0,5.0,1.0,1.0,1.0,1.0,1.0,1.0,4,2,5,4.0,4.0,4.0,4.0,6.0,1.0,4.0,3.0,6,0.0,0,Medium
3.0,2.0,3.0,4.0,0.0,27.0,52.0,3.0,-1.215,1,5.0,5.0,1.0,5.0,2.0,1.0,1.0,2.0,1.0,1.0,1,4,2,4.0,4.0,4.0,3.0,4.0,3.0,2.0,2.0,4,2.0,0,Medium
5.0,4.0,4.0,8.0,0.0,60.0,66.0,4.0,-1.215,1,5.0,5.0,5.0,3.0,1.0,1.0,1.0,1.0,1.0,1.0,2,3,3,3.0,3.0,3.0,3.0,4.0,2.0,4.0,1.0,8,0.0,1,High
5.0,4.0,5.0,6.0,1.0,56.0,58.0,3.0,-0.188,1,5.0,5.0,5.0,4.0,1.0,1.0,1.0,2.0,1.0,1.0,2,4,8,4.0,4.0,4.0,3.0,6.0,1.0,4.0,3.0,4,1.0,1,Medium
5.0,5.0,2.0,,1.0,70.0,74.0,4.0,-2.053,0,5.0,5.0,1.0,5.0,1.0,1.0,1.0,1.0,1.0,1.0,2,3,4,5.0,5.0,5.0,5.0,6.0,1.0,4.0,4.0,5,0.0,1,High
5.0,4.0,5.0,6.0,1.0,57.0,61.0,4.0,-0.188,3,4.0,3.0,3.0,4.0,1.0,1.0,1.0,2.0,2.0,1.0,2,4,7,4.0,4.0,4.0,3.0,5.0,1.0,3.0,4.0,4,2.0,1,High
5.0,5.0,4.0,3.0,0.0,56.0,71.0,4.0,0.242,3,5.0,5.0,5.0,5.0,1.0,1.0,1.0,1.0,1.0,1.0,2,1,1,4.0,4.0,3.0,4.0,6.0,1.0,3.0,3.0,4,0.0,1,High
5.0,5.0,1.0,,1.0,85.0,95.0,4.0,0.242,3,5.0,5.0,5.0,5.0,1.0,1.0,1.0,1.0,1.0,1.0,2,2,5,5.0,5.0,5.0,5.0,6.0,2.0,4.0,4.0,6,0.0,1,High
5.0,4.0,4.0,2.0,1.0,54.0,54.0,3.0,-0.188,1,5.0,3.0,5.0,4.0,1.0,1.0,1.0,1.0,1.0,1.0,3,2,4,4.0,2.0,4.0,3.0,6.0,2.0,3.0,3.0,2,0.0,0,Medium
4.0,3.0,4.0,8.0,0.0,45.0,51.0,3.0,0.712,3,5.0,4.0,1.0,5.0,1.0,1.0,1.0,1.0,1.0,1.0,2,1,1,5.0,4.0,4.0,3.0,1.0,1.0,3.0,3.0,6,0.0,0,Medium
5.0,4.0,2.0,3.0,0.0,68.0,58.0,4.0,0.242,3,5.0,4.0,5.0,5.0,1.0,1.0,1.0,1.0,1.0,1.0,2,2,6,5.0,5.0,5.0,5.0,5.0,2.0,3.0,3.0,8,0.0,1,Medium
4.0,3.0,4.0,2.0,1.0,47.0,56.0,3.0,0.712,3,5.0,3.0,2.0,4.0,1.0,1.0,1.0,1.0,1.0,1.0,5,1,8,4.0,3.0,4.0,3.0,5.0,1.0,2.0,3.0,2,0.0,1,Medium
5.0,4.0,3.0,8.0,0.0,43.0,49.0,4.0,0.712,2,5.0,3.0,5.0,5.0,1.0,1.0,1.0,1.0,2.0,1.0,5,2,7,2.0,2.0,3.0,3.0,5.0,1.0,3.0,2.0,8,1.0,0,Medium
4.0,4.0,3.0,8.0,1.0,57.0,42.0,4.0,-1.485,1,3.0,4.0,3.0,3.0,2.0,2.0,1.0,2.0,1.0,1.0,2,2,1,4.0,4.0,4.0,4.0,5.0,3.0,3.0,3.0,6,3.0,0,Low
5.0,3.0,3.0,2.0,1.0,48.0,56.0,4.0,0.242,3,5.0,5.0,4.0,4.0,1.0,1.0,1.0,2.0,1.0,1.0,3,5,6,4.0,3.0,4.0,2.0,3.0,3.0,3.0,4.0,1,1.0,1,Medium
5.0,5.0,3.0,2.0,1.0,55.0,63.0,4.0,0.242,3,5.0,5.0,5.0,5.0,1.0,1.0,1.0,1.0,1.0,1.0,3,3,9,3.0,3.0,3.0,3.0,5.0,2.0,3.0,3.0,4,0.0,1,High
3.0,3.0,3.0,7.0,0.0,42.0,49.0,3.0,-1.713,1,3.0,1.0,1.0,1.0,2.0,2.0,2.0,2.0,2.0,2.0,1,5,2,3.0,3.0,3.0,3.0,2.0,3.0,3.0,3.0,2,6.0,0,Medium
5.0,5.0,4.0,2.0,1.0,56.0,56.0,3.0,0.242,3,5.0,5.0,4.0,3.0,1.0,1.0,1.0,1.0,1.0,1.0,5,2,8,4.0,4.0,5.0,5.0,6.0,2.0,3.0,3.0,4,0.0,1,Medium
3.0,3.0,4.0,5.0,0.0,45.0,50.0,4.0,-1.215,3,1.0,4.0,1.0,1.0,2.0,1.0,1.0,1.0,1.0,1.0,3,3,7,4.0,3.0,3.0,3.0,4.0,2.0,3.0,4.0,1,1.0,0,Medium
5.0,3.0,2.0,8.0,1.0,46.0,55.0,3.0,1.267,3,4.0,3.0,1.0,5.0,1.0,2.0,1.0,1.0,1.0,1.0,4,1,2,4.0,3.0,3.0,3.0,1.0,3.0,2.0,2.0,6,1.0,1,Medium
3.0,3.0,3.0,8.0,0.0,37.0,36.0,2.0,-0.909,2,3.0,4.0,1.0,5.0,2.0,1.0,1.0,1.0,1.0,1.0,1,3,3,5.0,4.0,3.0,3.0,2.0,2.0,2.0,2.0,8,1.0,0,Low
5.0,4.0,3.0,8.0,0.0,44.0,62.0,4.0,0.712,3,5.0,4.0,5.0,3.0,1.0,1.0,1.0,1.0,1.0,1.0,4,2,6,3.0,3.0,3.0,3.0,5.0,2.0,3.0,3.0,8,0.0,1,High
5.0,5.0,3.0,2.0,1.0,62.0,35.0,3.0,-1.485,1,5.0,4.0,2.0,5.0,1.0,1.0,2.0,1.0,1.0,1.0,2,4,4,5.0,5.0,5.0,5.0,2.0,4.0,4.0,4.0,3,1.0,0,Low
4.0,4.0,4.0,1.0,1.0,53.0,43.0,3.0,-0.57,3,2.0,4.0,1.0,4.0,1.0,1.0,1.0,1.0,1.0,1.0,2,2,8,4.0,2.0,2.0,3.0,2.0,3.0,3.0,3.0,5,0.0,0,Low
2.0,2.0,5.0,6.0,1.0,36.0,24.0,1.0,-1.713,2,1.0,2.0,1.0,1.0,3.0,3.0,3.0,1.0,2.0,1.0,1,2,1,2.0,2.0,3.0,3.0,3.0,4.0,3.0,3.0,2,4.0,0,Low
4.0,3.0,5.0,2.0,1.0,34.0,48.0,2.0,-0.188,3,4.0,3.0,1.0,4.0,1.0,1.0,1.0,1.0,1.0,1.0,3,3,8,4.0,2.0,2.0,2.0,2.0,2.0,2.0,2.0,4,0.0,0,Medium
5.0,5.0,1.0,2.0,1.0,75.0,74.0,4.0,-0.188,1,5.0,3.0,2.0,5.0,1.0,1.0,1.0,1.0,1.0,1.0,4,4,7,3.0,5.0,5.0,5.0,5.0,1.0,4.0,4.0,3,0.0,1,High
4.0,3.0,3.0,,1.0,51.0,69.0,3.0,-1.485,1,5.0,4.0,4.0,2.0,1.0,1.0,1.0,1.0,1.0,1.0,4,3,8,4.0,3.0,4.0,4.0,5.0,2.0,3.0,4.0,4,0.0,1,High
3.0,3.0,4.0,3.0,1.0,41.0,42.0,3.0,-0.909,1,5.0,3.0,1.0,2.0,1.0,1.0,1.0,1.0,1.0,1.0,3,1,1,3.0,3.0,3.0,3.0,2.0,1.0,3.0,4.0,3,0.0,0,Low
5.0,5.0,2.0,8.0,0.0,57.0,64.0,4.0,0.242,3,5.0,5.0,5.0,5.0,1.0,1.0,1.0,1.0,1.0,1.0,4,2,8,4.0,4.0,4.0,4.0,5.0,2.0,4.0,4.0,8,0.0,1,High
4.0,4.0,3.0,4.0,1.0,57.0,63.0,4.0,0.242,3,5.0,4.0,5.0,5.0,1.0,1.0,1.0,1.0,1.0,1.0,3,3,9,5.0,5.0,5.0,5.0,6.0,1.0,3.0,4.0,7,0.0,1,High
4.0,4.0,5.0,8.0,0.0,61.0,49.0,3.0,-1.485,2,5.0,5.0,4.0,4.0,1.0,1.0,1.0,1.0,1.0,1.0,2,1,1,5.0,5.0,4.0,4.0,6.0,1.0,4.0,3.0,7,0.0,0,Medium
5.0,3.0,3.0,4.0,1.0,42.0,61.0,3.0,0.242,3,5.0,4.0,5.0,5.0,1.0,1.0,1.0,1.0,1.0,1.0,2,2,8,4.0,4.0,4.0,4.0,5.0,2.0,3.0,3.0,5,0.0,1,High
3.0,5.0,2.0,1.0,1.0,61.0,65.0,4.0,-1.713,1,4.0,5.0,3.0,5.0,1.0,1.0,1.0,1.0,1.0,1.0,1,4,1,5.0,5.0,5.0,5.0,5.0,1.0,4.0,3.0,3,0.0,1,High
5.0,5.0,3.0,3.0,1.0,81.0,62.0,3.0,-1.485,1,5.0,5.0,5.0,5.0,1.0,1.0,1.0,1.0,1.0,1.0,1,4,1,5.0,4.0,4.0,4.0,5.0,2.0,4.0,4.0,2,0.0,1,High
4.0,3.0,5.0,2.0,0.0,43.0,51.0,3.0,0.242,2,5.0,3.0,1.0,2.0,1.0,1.0,1.0,1.0,1.0,1.0,3,2,3,4.0,3.0,3.0,3.0,1.0,2.0,2.0,3.0,4,0.0,0,Medium
5.0,5.0,2.0,2.0,1.0,77.0,77.0,4.0,-0.188,2,5.0,5.0,5.0,5.0,1.0,1.0,1.0,1.0,1.0,1.0,4,2,8,5.0,5.0,5.0,5.0,6.0,1.0,3.0,4.0,3,0.0,1,High
4.0,4.0,2.0,2.0,1.0,54.0,66.0,4.0,0.242,3,5.0,5.0,5.0,5.0,1.0,1.0,1.0,1.0,1.0,1.0,4,2,8,4.0,4.0,4.0,4.0,6.0,2.0,3.0,3.0,5,0.0,1,High
4.0,4.0,5.0,6.0,0.0,35.0,64.0,4.0,-0.188,3,5.0,1.0,5.0,5.0,1.0,1.0,3.0,3.0,1.0,1.0,5,1,9,1.0,1.0,1.0,1.0,6.0,3.0,2.0,2.0,2,2.0,1,High
4.0,2.0,2.0,1.0,1.0,34.0,53.0,2.0,0.242,3,3.0,2.0,1.0,2.0,2.0,1.0,1.0,2.0,1.0,2.0,3,5,5,2.0,4.0,4.0,3.0,2.0,3.0,1.0,2.0,4,3.0,0,Medium
4.0,3.0,3.0,2.0,0.0,47.0,70.0,3.0,-0.57,1,5.0,5.0,5.0,5.0,1.0,1.0,1.0,1.0,1.0,1.0,5,1,5,4.0,3.0,4.0,3.0,6.0,1.0,3.0,3.0,2,0.0,1,High
4.0,4.0,2.0,8.0,0.0,46.0,59.0,4.0,-0.188,3,5.0,4.0,5.0,5.0,1.0,1.0,1.0,1.0,1.0,1.0,3,2,3,3.0,4.0,3.0,3.0,1.0,,3.0,3.0,7,0.0,1,Medium
5.0,4.0,4.0,1.0,0.0,54.0,84.0,4.0,-0.57,2,5.0,5.0,5.0,5.0,1.0,1.0,1.0,1.0,1.0,1.0,2,2,7,2.0,3.0,3.0,2.0,5.0,3.0,2.0,2.0,4,0.0,1,High
4.0,4.0,1.0,3.0,1.0,60.0,71.0,4.0,1.267,3,5.0,5.0,5.0,5.0,1.0,1.0,1.0,1.0,1.0,1.0,5,2,9,4.0,4.0,4.0,4.0,5.0,2.0,3.0,3.0,8,0.0,1,High
5.0,4.0,4.0,1.0,1.0,54.0,62.0,3.0,0.712,3,5.0,5.0,5.0,5.0,1.0,1.0,1.0,1.0,1.0,1.0,5,3,8,4.0,4.0,4.0,3.0,6.0,1.0,3.0,4.0,4,0.0,1,High
5.0,4.0,3.0,1.0,1.0,53.0,53.0,4.0,0.712,3,5.0,4.0,5.0,5.0,1.0,1.0,1.0,1.0,1.0,1.0,2,2,7,4.0,4.0,4.0,3.0,5.0,1.0,3.0,3.0,5,0.0,0,Medium
4.0,2.0,3.0,8.0,0.0,46.0,58.0,3.0,-0.57,3,5.0,4.0,4.0,4.0,1.0,1.0,1.0,1.0,1.0,1.0,5,1,2,3.0,3.0,3.0,3.0,4.0,3.0,3.0,3.0,8,0.0,1,Medium
4.0,3.0,1.0,2.0,1.0,47.0,59.0,3.0,-0.909,2,5.0,3.0,2.0,5.0,1.0,1.0,1.0,1.0,1.0,1.0,2,4,8,4.0,4.0,4.0,4.0,6.0,1.0,3.0,3.0,5,0.0,1,Medium
5.0,5.0,1.0,8.0,0.0,85.0,84.0,4.0,0.242,1,5.0,5.0,5.0,5.0,1.0,1.0,1.0,1.0,1.0,1.0,5,1,9,5.0,5.0,5.0,5.0,6.0,1.0,4.0,4.0,6,0.0,1,High
4.0,3.0,4.0,1.0,1.0,56.0,59.0,4.0,0.242,3,5.0,3.0,2.0,4.0,1.0,1.0,1.0,1.0,1.0,1.0,5,4,5,3.0,4.0,4.0,4.0,6.0,2.0,3.0,4.0,3,0.0,1,Medium
4.0,4.0,4.0,1.0,1.0,53.0,65.0,4.0,0.712,3,5.0,5.0,5.0,5.0,1.0,1.0,1.0,1.0,1.0,1.0,5,3,9,4.0,4.0,4.0,4.0,5.0,2.0,3.0,3.0,4,0.0,1,High
3.0,3.0,1.0,6.0,,58.0,62.0,4.0,-1.215,2,5.0,5.0,5.0,5.0,1.0,1.0,1.0,1.0,1.0,1.0,1,1,1,3.0,3.0,3.0,3.0,6.0,1.0,4.0,4.0,2,0.0,1,High
5.0,3.0,4.0,2.0,1.0,47.0,57.0,2.0,0.242,3,3.0,3.0,1.0,2.0,1.0,1.0,1.0,1.0,1.0,1.0,3,4,4,2.0,2.0,2.0,2.0,3.0,2.0,2.0,2.0,2,0.0,1,Medium
5.0,4.0,2.0,8.0,0.0,42.0,52.0,3.0,-0.57,3,5.0,5.0,3.0,5.0,1.0,1.0,1.0,1.0,1.0,1.0,3,2,2,5.0,5.0,5.0,4.0,4.0,1.0,4.0,3.0,7,0.0,0,Medium
3.0,3.0,2.0,7.0,0.0,44.0,48.0,2.0,0.242,3,4.0,1.0,1.0,1.0,1.0,1.0,1.0,1.0,1.0,1.0,5,2,3,4.0,4.0,2.0,2.0,2.0,2.0,3.0,3.0,5,0.0,0,Medium
5.0,5.0,4.0,2.0,0.0,71.0,48.0,3.0,0.712,3,5.0,5.0,5.0,5.0,1.0,1.0,1.0,1.0,1.0,1.0,3,1,3,2.0,2.0,4.0,4.0,5.0,1.0,4.0,4.0,4,0.0,0,Medium
1.0,1.0,2.0,8.0,0.0,16.0,40.0,3.0,-0.188,3,5.0,5.0,1.0,5.0,1.0,2.0,1.0,1.0,1.0,1.0,1,2,1,5.0,5.0,1.0,2.0,1.0,1.0,4.0,2.0,7,1.0,0,Low
5.0,5.0,5.0,2.0,1.0,61.0,55.0,4.0,0.712,3,5.0,4.0,5.0,5.0,1.0,1.0,1.0,1.0,1.0,1.0,4,2,8,4.0,4.0,4.0,3.0,5.0,1.0,3.0,3.0,5,0.0,1,Medium
4.0,3.0,5.0,8.0,1.0,42.0,53.0,3.0,0.712,3,5.0,4.0,2.0,5.0,1.0,1.0,1.0,1.0,1.0,1.0,3,2,6,4.0,3.0,3.0,3.0,3.0,3.0,2.0,3.0,7,0.0,0,Medium
4.0,4.0,4.0,8.0,0.0,53.0,60.0,4.0,-1.485,1,5.0,4.0,5.0,5.0,1.0,1.0,1.0,1.0,1.0,1.0,2,3,3,4.0,4.0,3.0,4.0,6.0,1.0,4.0,4.0,8,0.0,1,Medium
5.0,5.0,1.0,8.0,1.0,58.0,66.0,4.0,0.712,3,5.0,5.0,5.0,3.0,1.0,1.0,1.0,1.0,1.0,1.0,5,2,7,4.0,4.0,5.0,4.0,2.0,1.0,3.0,3.0,8,0.0,1,High
3.0,2.0,3.0,6.0,0.0,59.0,62.0,4.0,-1.485,2,5.0,5.0,3.0,5.0,1.0,1.0,1.0,1.0,1.0,1.0,2,2,7,5.0,4.0,2.0,3.0,4.0,1.0,3.0,3.0,3,0.0,1,High
5.0,4.0,2.0,8.0,1.0,50.0,67.0,4.0,-0.57,2,5.0,4.0,4.0,5.0,1.0,1.0,1.0,1.0,1.0,1.0,2,1,5,4.0,4.0,3.0,3.0,5.0,2.0,3.0,3.0,4,0.0,1,High
3.0,2.0,5.0,1.0,0.0,41.0,39.0,2.0,0.712,3,3.0,2.0,1.0,4.0,2.0,2.0,1.0,2.0,2.0,1.0,2,1,1,4.0,3.0,2.0,3.0,1.0,1.0,3.0,2.0,6,4.0,0,Low
4.0,4.0,4.0,1.0,1.0,57.0,75.0,4.0,1.267,3,5.0,5.0,5.0,5.0,1.0,1.0,1.0,1.0,1.0,1.0,5,2,7,3.0,5.0,5.0,4.0,6.0,2.0,3.0,4.0,6,0.0,1,High
5.0,4.0,3.0,8.0,0.0,56.0,66.0,4.0,0.712,3,5.0,3.0,4.0,5.0,1.0,1.0,1.0,1.0,1.0,1.0,5,1,7,4.0,4.0,3.0,2.0,4.0,2.0,3.0,3.0,6,0.0,1,High
4.0,3.0,1.0,8.0,0.0,54.0,30.0,2.0,0.712,3,5.0,3.0,1.0,5.0,2.0,2.0,2.0,2.0,3.0,1.0,4,2,2,4.0,4.0,3.0,3.0,2.0,1.0,3.0,3.0,8,5.0,0,Low
4.0,4.0,5.0,2.0,1.0,53.0,58.0,3.0,0.712,3,5.0,4.0,2.0,5.0,1.0,1.0,1.0,1.0,1.0,1.0,3,3,8,5.0,4.0,3.0,4.0,4.0,1.0,3.0,3.0,5,0.0,1,Medium
4.0,3.0,4.0,4.0,0.0,57.0,43.0,4.0,0.242,3,5.0,4.0,1.0,4.0,2.0,1.0,1.0,1.0,1.0,1.0,3,2,1,4.0,4.0,3.0,4.0,4.0,1.0,3.0,3.0,4,1.0,0,Low
4.0,4.0,4.0,4.0,1.0,50.0,51.0,3.0,-1.215,3,4.0,3.0,5.0,4.0,2.0,1.0,1.0,1.0,2.0,1.0,2,1,1,4.0,4.0,4.0,3.0,3.0,2.0,3.0,3.0,2,2.0,0,Medium
5.0,5.0,3.0,1.0,1.0,85.0,69.0,4.0,-0.188,3,5.0,5.0,5.0,5.0,1.0,1.0,1.0,1.0,1.0,1.0,4,2,4,5.0,5.0,5.0,5.0,6.0,1.0,3.0,4.0,2,0.0,1,High
5.0,5.0,4.0,2.0,1.0,76.0,63.0,4.0,0.712,3,5.0,1.0,5.0,4.0,1.0,1.0,1.0,1.0,1.0,1.0,3,4,7,2.0,3.0,5.0,2.0,3.0,2.0,3.0,4.0,2,0.0,1,High
4.0,4.0,5.0,2.0,1.0,65.0,49.0,4.0,0.242,3,5.0,5.0,5.0,4.0,1.0,1.0,1.0,1.0,1.0,1.0,4,4,6,4.0,3.0,4.0,5.0,5.0,4.0,2.0,3.0,3,0.0,0,Medium
5.0,4.0,2.0,8.0,1.0,51.0,80.0,4.0,0.242,3,5.0,4.0,4.0,5.0,1.0,1.0,1.0,1.0,1.0,1.0,2,2,6,4.0,4.0,4.0,4.0,6.0,1.0,3.0,3.0,6,0.0,1,High
4.0,3.0,1.0,1.0,1.0,58.0,58.0,3.0,0.242,3,5.0,4.0,4.0,5.0,1.0,1.0,1.0,1.0,1.0,1.0,2,2,6,5.0,5.0,5.0,4.0,4.0,1.0,3.0,4.0,5,0.0,1,Medium
4.0,4.0,3.0,2.0,1.0,57.0,59.0,4.0,1.267,3,5.0,3.0,4.0,4.0,1.0,1.0,1.0,1.0,1.0,1.0,4,2,7,3.0,3.0,4.0,3.0,5.0,1.0,2.0,3.0,6,0.0,1,Medium
5.0,5.0,4.0,8.0,1.0,71.0,79.0,4.0,0.242,3,5.0,4.0,5.0,5.0,1.0,1.0,1.0,1.0,1.0,1.0,3,2,9,5.0,5.0,5.0,4.0,6.0,2.0,4.0,4.0,6,0.0,1,High
5.0,5.0,4.0,4.0,1.0,64.0,62.0,4.0,-1.713,3,5.0,5.0,5.0,5.0,3.0,3.0,3.0,3.0,3.0,3.0,2,3,1,5.0,5.0,5.0,5.0,6.0,4.0,2.0,3.0,2,6.0,1,High
4.0,4.0,1.0,5.0,1.0,60.0,64.0,4.0,-0.57,3,5.0,5.0,5.0,5.0,1.0,1.0,1.0,1.0,1.0,1.0,3,1,8,4.0,4.0,4.0,4.0,6.0,1.0,4.0,4.0,1,0.0,1,High
4.0,4.0,2.0,2.0,1.0,50.0,67.0,3.0,1.267,3,5.0,4.0,5.0,3.0,1.0,1.0,1.0,1.0,1.0,1.0,5,2,9,4.0,4.0,4.0,2.0,5.0,2.0,4.0,4.0,2,0.0,1,High
4.0,3.0,4.0,2.0,0.0,45.0,60.0,3.0,0.242,3,5.0,3.0,3.0,5.0,1.0,1.0,1.0,1.0,1.0,1.0,4,2,7,2.0,4.0,2.0,2.0,3.0,2.0,3.0,3.0,3,0.0,1,Medium
5.0,3.0,3.0,1.0,1.0,63.0,49.0,3.0,-0.57,2,5.0,2.0,3.0,5.0,1.0,1.0,1.0,1.0,1.0,1.0,2,5,6,4.0,3.0,4.0,3.0,4.0,3.0,2.0,3.0,3,0.0,0,Medium
5.0,3.0,4.0,2.0,1.0,47.0,56.0,3.0,0.712,3,5.0,4.0,2.0,5.0,1.0,1.0,1.0,1.0,1.0,1.0,4,3,9,5.0,5.0,4.0,4.0,4.0,2.0,3.0,3.0,5,0.0,1,Medium
4.0,3.0,4.0,8.0,1.0,44.0,52.0,3.0,-0.188,2,5.0,3.0,4.0,4.0,1.0,1.0,1.0,1.0,1.0,1.0,3,1,5,4.0,4.0,4.0,3.0,5.0,2.0,2.0,3.0,8,0.0,0,Medium
5.0,5.0,1.0,3.0,1.0,85.0,95.0,4.0,-0.909,2,5.0,5.0,5.0,5.0,1.0,1.0,1.0,1.0,1.0,1.0,2,1,3,5.0,5.0,5.0,5.0,6.0,1.0,4.0,4.0,6,0.0,1,High
3.0,3.0,4.0,2.0,1.0,39.0,44.0,3.0,-1.485,2,5.0,4.0,3.0,1.0,2.0,2.0,3.0,1.0,1.0,1.0,4,2,1,3.0,4.0,4.0,2.0,1.0,1.0,2.0,3.0,2,3.0,0,Medium
3.0,3.0,4.0,1.0,1.0,42.0,46.0,3.0,-1.215,1,4.0,4.0,4.0,4.0,2.0,2.0,2.0,2.0,2.0,2.0,2,3,2,4.0,4.0,4.0,4.0,6.0,3.0,2.0,3.0,1,6.0,0,Medium
3.0,3.0,2.0,8.0,0.0,38.0,61.0,3.0,-0.57,3,4.0,4.0,4.0,4.0,1.0,1.0,1.0,1.0,1.0,1.0,2,2,3,4.0,3.0,3.0,2.0,4.0,2.0,4.0,2.0,8,0.0,1,High
3.0,4.0,2.0,8.0,1.0,49.0,54.0,4.0,-0.57,3,5.0,5.0,5.0,5.0,1.0,1.0,1.0,1.0,1.0,1.0,2,1,3,5.0,5.0,5.0,5.0,6.0,1.0,3.0,4.0,7,0.0,0,Medium
5.0,5.0,2.0,8.0,0.0,62.0,76.0,4.0,1.267,3,5.0,5.0,5.0,5.0,1.0,1.0,1.0,1.0,1.0,1.0,5,2,9,2.0,2.0,2.0,2.0,6.0,2.0,3.0,2.0,6,0.0,1,High
4.0,4.0,2.0,8.0,0.0,72.0,80.0,3.0,-0.909,3,5.0,4.0,5.0,5.0,1.0,1.0,1.0,1.0,1.0,1.0,2,1,2,3.0,4.0,3.0,3.0,5.0,2.0,3.0,3.0,8,0.0,1,High
4.0,3.0,2.0,8.0,0.0,48.0,47.0,3.0,-0.57,3,5.0,4.0,5.0,5.0,1.0,1.0,1.0,1.0,1.0,1.0,3,1,6,3.0,3.0,3.0,3.0,5.0,1.0,3.0,3.0,8,0.0,0,Medium
5.0,3.0,2.0,2.0,1.0,58.0,63.0,3.0,0.242,3,5.0,3.0,5.0,4.0,1.0,1.0,1.0,1.0,1.0,1.0,4,4,9,3.0,4.0,3.0,3.0,4.0,2.0,2.0,3.0,4,0.0,1,High
4.0,4.0,2.0,3.0,0.0,44.0,51.0,3.0,0.242,2,5.0,5.0,2.0,5.0,1.0,1.0,1.0,1.0,1.0,1.0,4,2,3,4.0,4.0,4.0,4.0,4.0,2.0,3.0,3.0,8,0.0,0,Medium
5.0,4.0,3.0,8.0,1.0,46.0,78.0,4.0,0.242,3,5.0,5.0,5.0,5.0,1.0,1.0,1.0,1.0,1.0,1.0,5,1,9,4.0,4.0,4.0,4.0,6.0,1.0,2.0,3.0,8,0.0,1,High
4.0,4.0,1.0,2.0,1.0,53.0,68.0,4.0,-0.188,2,5.0,4.0,1.0,2.0,1.0,1.0,1.0,1.0,1.0,1.0,2,2,2,4.0,4.0,4.0,4.0,2.0,2.0,3.0,3.0,3,0.0,1,High
4.0,4.0,3.0,8.0,0.0,51.0,70.0,4.0,0.712,3,5.0,5.0,5.0,5.0,1.0,1.0,1.0,1.0,1.0,1.0,4,1,5,5.0,1.0,4.0,2.0,6.0,1.0,4.0,3.0,8,0.0,1,High
5.0,5.0,3.0,8.0,0.0,56.0,69.0,4.0,0.242,2,5.0,1.0,5.0,5.0,1.0,1.0,1.0,1.0,1.0,1.0,2,1,3,5.0,4.0,3.0,4.0,5.0,3.0,3.0,3.0,8,0.0,1,High
5.0,3.0,1.0,2.0,1.0,45.0,77.0,4.0,-0.57,2,5.0,4.0,3.0,5.0,1.0,1.0,1.0,1.0,1.0,1.0,3,2,8,4.0,4.0,4.0,3.0,5.0,1.0,3.0,4.0,3,0.0,1,High
4.0,4.0,3.0,8.0,1.0,49.0,57.0,3.0,0.242,3,5.0,4.0,4.0,5.0,1.0,1.0,1.0,1.0,1.0,1.0,2,1,1,4.0,4.0,3.0,3.0,2.0,2.0,3.0,3.0,8,0.0,1,Medium
4.0,4.0,1.0,8.0,0.0,54.0,65.0,3.0,-0.57,2,5.0,5.0,5.0,5.0,1.0,1.0,1.0,1.0,1.0,1.0,2,2,7,4.0,4.0,3.0,4.0,4.0,1.0,3.0,3.0,8,0.0,1,High
4.0,4.0,1.0,8.0,0.0,53.0,66.0,4.0,0.242,3,5.0,4.0,5.0,5.0,1.0,1.0,1.0,1.0,1.0,1.0,3,5,2,3.0,3.0,3.0,3.0,3.0,2.0,2.0,3.0,6,0.0,1,High
4.0,4.0,4.0,8.0,1.0,58.0,59.0,4.0,0.242,3,5.0,5.0,4.0,3.0,1.0,1.0,1.0,1.0,1.0,1.0,5,2,8,3.0,4.0,4.0,3.0,4.0,1.0,3.0,3.0,4,0.0,1,Medium
4.0,4.0,3.0,2.0,1.0,54.0,72.0,4.0,-0.188,2,5.0,4.0,5.0,5.0,1.0,1.0,1.0,1.0,1.0,1.0,4,3,8,4.0,4.0,4.0,4.0,6.0,2.0,3.0,3.0,3,0.0,1,High
5.0,4.0,3.0,8.0,1.0,56.0,56.0,3.0,1.267,3,4.0,4.0,3.0,4.0,1.0,1.0,1.0,1.0,1.0,1.0,5,1,6,4.0,4.0,5.0,4.0,4.0,2.0,3.0,3.0,6,0.0,1,Medium
5.0,5.0,4.0,2.0,1.0,47.0,45.0,4.0,0.242,2,5.0,4.0,1.0,5.0,1.0,1.0,1.0,2.0,1.0,1.0,3,2,6,5.0,5.0,5.0,5.0,6.0,1.0,4.0,4.0,5,1.0,0,Medium
5.0,4.0,2.0,8.0,0.0,50.0,49.0,3.0,-0.188,3,5.0,5.0,5.0,5.0,1.0,1.0,1.0,1.0,2.0,1.0,3,1,1,3.0,3.0,3.0,3.0,5.0,1.0,3.0,3.0,5,1.0,0,Medium
5.0,4.0,3.0,2.0,0.0,38.0,53.0,3.0,-0.188,2,5.0,5.0,5.0,1.0,1.0,1.0,1.0,1.0,1.0,1.0,3,2,8,3.0,3.0,3.0,2.0,6.0,3.0,2.0,3.0,4,0.0,0,Medium
4.0,3.0,4.0,5.0,1.0,49.0,46.0,3.0,-1.485,3,4.0,3.0,1.0,4.0,1.0,1.0,1.0,1.0,1.0,1.0,3,3,2,5.0,2.0,3.0,3.0,3.0,4.0,2.0,4.0,1,0.0,0,Medium
5.0,3.0,3.0,8.0,1.0,60.0,54.0,3.0,-0.188,3,5.0,4.0,5.0,5.0,1.0,1.0,1.0,1.0,1.0,1.0,3,1,4,3.0,3.0,4.0,3.0,5.0,3.0,3.0,3.0,7,0.0,0,Medium
4.0,4.0,2.0,3.0,0.0,49.0,68.0,4.0,0.242,3,4.0,4.0,5.0,2.0,1.0,1.0,1.0,1.0,1.0,1.0,4,3,8,3.0,4.0,3.0,2.0,6.0,1.0,2.0,3.0,5,0.0,1,High
4.0,4.0,2.0,8.0,1.0,50.0,63.0,4.0,1.267,3,4.0,4.0,4.0,5.0,1.0,1.0,1.0,1.0,1.0,1.0,4,2,7,4.0,3.0,4.0,3.0,4.0,2.0,3.0,3.0,8,0.0,1,High
4.0,3.0,3.0,8.0,0.0,43.0,53.0,3.0,-0.57,3,5.0,4.0,5.0,5.0,1.0,1.0,1.0,1.0,1.0,1.0,2,1,2,4.0,4.0,3.0,3.0,5.0,2.0,3.0,3.0,8,0.0,0,Medium
5.0,5.0,4.0,2.0,0.0,77.0,86.0,4.0,-0.57,3,5.0,5.0,1.0,3.0,1.0,1.0,1.0,1.0,1.0,1.0,3,3,9,3.0,5.0,4.0,4.0,6.0,2.0,3.0,4.0,6,0.0,1,High
4.0,3.0,2.0,4.0,1.0,27.0,48.0,,0.242,3,3.0,4.0,4.0,4.0,1.0,1.0,1.0,1.0,2.0,1.0,1,5,3,4.0,4.0,2.0,3.0,2.0,2.0,2.0,2.0,1,1.0,0,Medium
5.0,4.0,5.0,2.0,1.0,56.0,68.0,4.0,0.712,3,5.0,4.0,3.0,5.0,1.0,1.0,1.0,1.0,1.0,1.0,3,2,9,3.0,4.0,5.0,2.0,6.0,1.0,3.0,3.0,5,0.0,1,High
5.0,5.0,3.0,8.0,1.0,52.0,80.0,4.0,1.267,3,5.0,5.0,5.0,5.0,1.0,1.0,1.0,1.0,1.0,1.0,3,2,7,5.0,5.0,5.0,5.0,6.0,1.0,4.0,4.0,8,0.0,1,High
3.0,5.0,4.0,2.0,1.0,56.0,60.0,4.0,-0.909,1,5.0,4.0,5.0,5.0,1.0,1.0,1.0,1.0,1.0,1.0,3,2,6,4.0,5.0,5.0,4.0,6.0,2.0,4.0,4.0,2,0.0,1,Medium
5.0,2.0,3.0,4.0,0.0,41.0,63.0,3.0,-0.188,1,5.0,3.0,3.0,3.0,1.0,1.0,1.0,1.0,1.0,1.0,5,4,9,4.0,2.0,2.0,2.0,2.0,2.0,2.0,3.0,4,0.0,1,High
5.0,3.0,3.0,2.0,1.0,56.0,72.0,3.0,0.242,3,5.0,1.0,5.0,4.0,1.0,1.0,1.0,1.0,1.0,1.0,3,1,9,1.0,2.0,4.0,2.0,5.0,2.0,2.0,3.0,6,0.0,1,High
4.0,4.0,3.0,8.0,0.0,49.0,50.0,4.0,-0.188,2,4.0,5.0,2.0,4.0,1.0,1.0,1.0,1.0,1.0,1.0,3,1,4,4.0,4.0,4.0,3.0,5.0,2.0,3.0,3.0,5,0.0,0,Medium
3.0,3.0,5.0,2.0,1.0,47.0,40.0,3.0,0.712,3,2.0,3.0,1.0,5.0,2.0,2.0,1.0,1.0,2.0,1.0,5,3,7,5.0,4.0,3.0,3.0,4.0,3.0,2.0,2.0,4,3.0,0,Low
3.0,2.0,2.0,3.0,0.0,35.0,43.0,2.0,-0.188,1,1.0,2.0,1.0,5.0,2.0,2.0,2.0,2.0,2.0,1.0,2,2,2,2.0,2.0,2.0,2.0,2.0,3.0,2.0,2.0,1,5.0,0,Low
4.0,3.0,3.0,2.0,1.0,45.0,55.0,3.0,0.712,3,5.0,4.0,5.0,5.0,1.0,1.0,1.0,1.0,1.0,1.0,1,2,6,4.0,3.0,4.0,4.0,6.0,4.0,3.0,3.0,4,0.0,1,Medium
5.0,4.0,2.0,8.0,1.0,80.0,81.0,4.0,-0.57,3,5.0,4.0,2.0,4.0,1.0,1.0,1.0,1.0,1.0,1.0,3,1,6,3.0,4.0,4.0,4.0,6.0,2.0,4.0,4.0,7,0.0,1,High
5.0,4.0,3.0,2.0,1.0,61.0,53.0,3.0,0.242,3,5.0,4.0,4.0,5.0,1.0,1.0,1.0,1.0,1.0,1.0,4,1,6,3.0,3.0,4.0,4.0,6.0,2.0,3.0,3.0,2,0.0,0,Medium
3.0,3.0,5.0,8.0,0.0,43.0,50.0,3.0,-1.713,1,3.0,3.0,3.0,3.0,2.0,2.0,2.0,2.0,2.0,2.0,2,1,2,3.0,3.0,3.0,3.0,4.0,2.0,2.0,2.0,8,6.0,0,Medium
3.0,3.0,4.0,4.0,0.0,42.0,36.0,2.0,0.242,1,5.0,4.0,2.0,5.0,1.0,1.0,1.0,1.0,1.0,1.0,1,2,1,4.0,4.0,3.0,3.0,4.0,2.0,3.0,2.0,4,0.0,0,Low
5.0,3.0,4.0,1.0,0.0,50.0,59.0,2.0,0.242,3,4.0,3.0,2.0,5.0,1.0,1.0,1.0,1.0,1.0,1.0,4,1,7,4.0,3.0,3.0,2.0,4.0,1.0,3.0,3.0,6,0.0,1,Medium
5.0,4.0,4.0,3.0,0.0,61.0,61.0,4.0,-0.909,1,5.0,5.0,4.0,5.0,1.0,1.0,1.0,1.0,1.0,1.0,3,4,5,5.0,5.0,4.0,4.0,5.0,3.0,3.0,4.0,2,0.0,1,High
5.0,3.0,2.0,8.0,0.0,42.0,57.0,2.0,0.242,2,5.0,4.0,5.0,5.0,1.0,1.0,1.0,1.0,1.0,1.0,2,3,7,2.0,3.0,3.0,2.0,4.0,2.0,2.0,3.0,6,0.0,1,Medium
4.0,4.0,2.0,2.0,0.0,53.0,49.0,3.0,-1.485,1,3.0,3.0,3.0,3.0,2.0,2.0,2.0,2.0,2.0,2.0,4,2,7,4.0,4.0,4.0,3.0,4.0,3.0,3.0,3.0,3,6.0,0,Medium
5.0,5.0,2.0,8.0,1.0,65.0,76.0,4.0,0.712,3,5.0,5.0,5.0,5.0,1.0,1.0,1.0,1.0,1.0,1.0,5,2,8,4.0,4.0,5.0,4.0,5.0,1.0,4.0,3.0,8,0.0,1,High
4.0,2.0,5.0,2.0,1.0,40.0,33.0,1.0,0.242,3,5.0,3.0,2.0,5.0,2.0,2.0,1.0,2.0,1.0,1.0,4,5,8,4.0,4.0,4.0,3.0,4.0,2.0,3.0,3.0,3,3.0,0,Low
4.0,5.0,5.0,1.0,1.0,65.0,47.0,3.0,-1.713,2,4.0,5.0,4.0,4.0,3.0,3.0,3.0,1.0,1.0,2.0,2,5,2,5.0,5.0,5.0,5.0,6.0,2.0,3.0,4.0,3,4.0,0,Medium
4.0,4.0,3.0,8.0,1.0,53.0,53.0,4.0,-0.188,3,4.0,3.0,3.0,5.0,1.0,1.0,1.0,1.0,1.0,1.0,3,1,7,4.0,4.0,4.0,4.0,,,,,8,0.0,0,Medium
3.0,3.0,3.0,2.0,1.0,42.0,45.0,3.0,-1.215,0,3.0,3.0,3.0,3.0,2.0,2.0,2.0,2.0,2.0,2.0,2,3,7,3.0,3.0,3.0,3.0,4.0,3.0,3.0,3.0,3,6.0,0,Medium
4.0,4.0,3.0,8.0,,45.0,59.0,3.0,-1.485,3,5.0,4.0,5.0,5.0,1.0,1.0,1.0,1.0,1.0,1.0,2,1,1,4.0,4.0,4.0,4.0,4.0,3.0,3.0,3.0,8,0.0,1,Medium
4.0,3.0,2.0,8.0,0.0,40.0,55.0,3.0,0.242,3,5.0,5.0,5.0,5.0,1.0,1.0,1.0,1.0,1.0,1.0,1,2,3,2.0,2.0,2.0,2.0,4.0,1.0,3.0,2.0,8,0.0,1,Medium
5.0,4.0,2.0,8.0,0.0,52.0,73.0,4.0,0.712,3,5.0,4.0,5.0,5.0,1.0,1.0,1.0,1.0,1.0,1.0,4,2,9,4.0,4.0,4.0,4.0,5.0,2.0,3.0,3.0,8,0.0,1,High
5.0,4.0,4.0,8.0,0.0,55.0,79.0,4.0,-0.57,3,5.0,4.0,4.0,5.0,1.0,1.0,1.0,1.0,1.0,1.0,3,1,6,3.0,4.0,4.0,3.0,6.0,2.0,3.0,3.0,8,0.0,1,High
4.0,3.0,4.0,4.0,0.0,50.0,45.0,2.0,-0.909,2,4.0,4.0,1.0,5.0,1.0,1.0,1.0,1.0,1.0,1.0,3,5,4,3.0,2.0,3.0,2.0,3.0,3.0,3.0,3.0,3,0.0,0,Medium
4.0,4.0,2.0,2.0,1.0,42.0,50.0,4.0,-1.215,1,5.0,4.0,5.0,5.0,1.0,1.0,1.0,1.0,1.0,1.0,2,2,1,5.0,4.0,4.0,5.0,4.0,3.0,3.0,2.0,2,0.0,0,Medium
5.0,5.0,3.0,,1.0,55.0,51.0,4.0,-0.909,1,5.0,5.0,5.0,5.0,2.0,2.0,2.0,1.0,2.0,2.0,2,4,3,4.0,4.0,4.0,4.0,6.0,1.0,3.0,4.0,2,5.0,0,Medium
4.0,4.0,4.0,2.0,1.0,58.0,61.0,4.0,1.267,3,5.0,4.0,4.0,4.0,1.0,1.0,1.0,1.0,1.0,1.0,4,4,9,4.0,4.0,4.0,4.0,5.0,1.0,3.0,3.0,3,0.0,1,High
5.0,5.0,1.0,3.0,1.0,85.0,83.0,4.0,0.242,2,5.0,5.0,5.0,5.0,1.0,1.0,1.0,1.0,1.0,1.0,3,4,8,5.0,5.0,5.0,5.0,6.0,2.0,4.0,4.0,1,0.0,1,High
5.0,5.0,2.0,8.0,0.0,34.0,63.0,3.0,-1.215,1,5.0,3.0,5.0,5.0,1.0,1.0,1.0,1.0,1.0,1.0,2,1,1,4.0,3.0,4.0,4.0,5.0,3.0,3.0,3.0,7,0.0,1,High
4.0,4.0,2.0,8.0,1.0,42.0,60.0,3.0,-0.909,1,5.0,4.0,3.0,5.0,1.0,1.0,1.0,1.0,1.0,1.0,1,3,2,5.0,4.0,4.0,3.0,5.0,1.0,3.0,3.0,6,0.0,1,Medium
3.0,3.0,4.0,7.0,1.0,46.0,50.0,4.0,0.242,3,4.0,4.0,3.0,4.0,1.0,1.0,1.0,3.0,3.0,1.0,2,2,4,4.0,2.0,5.0,2.0,3.0,2.0,3.0,3.0,1,2.0,0,Medium
4.0,3.0,4.0,8.0,1.0,41.0,49.0,3.0,-0.909,3,5.0,3.0,2.0,4.0,1.0,1.0,1.0,1.0,2.0,1.0,2,2,3,3.0,4.0,4.0,3.0,2.0,2.0,3.0,3.0,6,1.0,0,Medium
4.0,4.0,3.0,2.0,1.0,51.0,57.0,3.0,0.242,3,5.0,4.0,4.0,4.0,1.0,1.0,1.0,1.0,2.0,1.0,4,2,9,4.0,4.0,4.0,4.0,5.0,2.0,3.0,3.0,4,1.0,1,Medium
5.0,4.0,2.0,4.0,0.0,54.0,73.0,4.0,1.267,3,5.0,5.0,5.0,4.0,1.0,1.0,1.0,1.0,1.0,1.0,5,4,9,4.0,4.0,4.0,3.0,6.0,1.0,3.0,3.0,3,0.0,1,High
5.0,4.0,3.0,3.0,1.0,47.0,50.0,2.0,-1.215,1,2.0,3.0,5.0,5.0,1.0,1.0,1.0,1.0,1.0,1.0,2,2,2,3.0,3.0,3.0,4.0,4.0,1.0,2.0,3.0,6,0.0,0,Medium
5.0,3.0,5.0,2.0,0.0,42.0,49.0,1.0,-0.188,2,4.0,3.0,3.0,5.0,1.0,1.0,1.0,1.0,1.0,1.0,4,2,8,3.0,3.0,3.0,3.0,2.0,2.0,2.0,2.0,5,0.0,0,Medium
5.0,4.0,5.0,6.0,1.0,66.0,60.0,2.0,-1.713,0,3.0,4.0,3.0,4.0,2.0,2.0,1.0,2.0,2.0,3.0,2,2,1,5.0,3.0,3.0,5.0,6.0,4.0,3.0,4.0,2,5.0,1,Medium
4.0,4.0,3.0,1.0,1.0,85.0,71.0,4.0,1.267,3,5.0,5.0,5.0,5.0,1.0,1.0,1.0,1.0,1.0,1.0,5,2,9,4.0,4.0,4.0,4.0,5.0,3.0,3.0,3.0,5,0.0,1,High
5.0,3.0,3.0,6.0,1.0,51.0,62.0,4.0,0.712,3,5.0,4.0,3.0,4.0,1.0,1.0,1.0,1.0,1.0,1.0,3,3,6,4.0,3.0,3.0,3.0,3.0,2.0,3.0,3.0,5,0.0,1,High
5.0,4.0,2.0,8.0,1.0,60.0,68.0,3.0,0.242,2,5.0,5.0,5.0,5.0,1.0,1.0,1.0,1.0,1.0,1.0,2,2,4,4.0,5.0,3.0,3.0,6.0,1.0,4.0,3.0,7,0.0,1,High
5.0,3.0,4.0,2.0,1.0,33.0,37.0,2.0,-0.188,3,5.0,3.0,1.0,4.0,3.0,3.0,1.0,1.0,1.0,1.0,2,3,2,4.0,4.0,4.0,3.0,1.0,3.0,2.0,3.0,2,2.0,0,Low
4.0,3.0,4.0,1.0,0.0,43.0,57.0,3.0,1.267,3,5.0,3.0,1.0,4.0,1.0,1.0,1.0,1.0,1.0,1.0,5,1,9,3.0,2.0,2.0,2.0,5.0,2.0,3.0,2.0,6,0.0,1,Medium
5.0,3.0,2.0,7.0,0.0,34.0,44.0,3.0,0.242,3,5.0,3.0,5.0,2.0,2.0,3.0,3.0,2.0,2.0,1.0,3,3,7,1.0,2.0,4.0,1.0,2.0,1.0,2.0,2.0,3,5.0,0,Medium
2.0,3.0,4.0,8.0,1.0,41.0,54.0,3.0,0.712,3,5.0,3.0,5.0,5.0,1.0,1.0,1.0,1.0,1.0,1.0,4,2,7,4.0,3.0,4.0,3.0,5.0,2.0,3.0,3.0,6,0.0,0,Medium
5.0,4.0,,,0.0,58.0,59.0,2.0,-2.053,0,4.0,4.0,3.0,4.0,,,,,,,3,5,4,3.0,3.0,3.0,3.0,5.0,,,,1,,1,Medium
4.0,4.0,4.0,2.0,1.0,56.0,62.0,4.0,-0.188,3,5.0,3.0,1.0,3.0,1.0,1.0,1.0,1.0,1.0,1.0,3,1,8,4.0,3.0,4.0,4.0,4.0,2.0,3.0,3.0,6,0.0,1,High
5.0,5.0,4.0,1.0,1.0,54.0,70.0,4.0,-0.57,3,5.0,5.0,5.0,3.0,1.0,1.0,1.0,1.0,1.0,1.0,4,3,3,4.0,4.0,4.0,4.0,5.0,3.0,1.0,3.0,4,0.0,1,High
4.0,3.0,5.0,8.0,0.0,36.0,51.0,3.0,-0.57,3,3.0,4.0,3.0,3.0,1.0,1.0,1.0,1.0,1.0,1.0,3,1,6,4.0,4.0,3.0,3.0,3.0,3.0,3.0,2.0,7,0.0,0,Medium
5.0,5.0,2.0,2.0,1.0,64.0,57.0,3.0,-0.57,2,5.0,4.0,4.0,5.0,1.0,2.0,1.0,1.0,1.0,1.0,3,3,7,4.0,4.0,4.0,4.0,4.0,1.0,3.0,4.0,4,1.0,1,Medium
4.0,4.0,3.0,2.0,1.0,46.0,63.0,4.0,0.712,3,5.0,4.0,4.0,5.0,1.0,1.0,1.0,1.0,1.0,1.0,4,2,8,5.0,5.0,5.0,5.0,6.0,2.0,3.0,3.0,5,0.0,1,High
5.0,4.0,4.0,2.0,1.0,59.0,55.0,4.0,-0.57,3,5.0,5.0,5.0,4.0,1.0,1.0,1.0,1.0,1.0,1.0,3,5,7,5.0,2.0,3.0,3.0,6.0,1.0,3.0,3.0,4,0.0,1,Medium
5.0,5.0,2.0,8.0,0.0,85.0,95.0,4.0,1.267,3,5.0,5.0,5.0,5.0,1.0,1.0,1.0,1.0,1.0,1.0,2,2,9,1.0,1.0,1.0,1.0,6.0,1.0,4.0,4.0,7,0.0,1,High
2.0,5.0,2.0,2.0,1.0,64.0,65.0,4.0,-0.188,2,5.0,5.0,5.0,5.0,1.0,1.0,1.0,1.0,1.0,1.0,4,1,3,5.0,5.0,4.0,4.0,6.0,1.0,3.0,4.0,2,0.0,1,High
5.0,5.0,4.0,2.0,1.0,69.0,67.0,4.0,0.712,3,5.0,5.0,5.0,5.0,1.0,1.0,1.0,1.0,1.0,1.0,4,3,9,4.0,4.0,3.0,2.0,6.0,2.0,3.0,4.0,4,0.0,1,High
5.0,4.0,2.0,1.0,1.0,56.0,62.0,4.0,1.267,3,4.0,4.0,4.0,4.0,1.0,1.0,1.0,1.0,1.0,1.0,3,2,5,4.0,4.0,4.0,4.0,4.0,2.0,3.0,3.0,6,0.0,1,High
5.0,4.0,1.0,2.0,,58.0,63.0,4.0,-0.57,3,5.0,4.0,4.0,4.0,1.0,1.0,1.0,1.0,1.0,1.0,5,1,7,5.0,5.0,5.0,5.0,6.0,1.0,4.0,4.0,7,0.0,1,High
,4.0,3.0,8.0,1.0,42.0,59.0,3.0,0.242,3,4.0,3.0,2.0,3.0,1.0,1.0,1.0,1.0,1.0,1.0,3,2,8,3.0,4.0,4.0,3.0,5.0,2.0,2.0,2.0,4,0.0,1,Medium
5.0,4.0,3.0,5.0,1.0,63.0,59.0,4.0,0.712,3,5.0,4.0,5.0,5.0,1.0,1.0,1.0,1.0,1.0,1.0,3,3,8,5.0,5.0,4.0,4.0,5.0,1.0,4.0,3.0,2,0.0,1,Medium
5.0,4.0,5.0,8.0,1.0,57.0,81.0,4.0,0.712,3,5.0,5.0,5.0,5.0,1.0,1.0,1.0,1.0,1.0,1.0,3,2,7,3.0,3.0,4.0,4.0,6.0,1.0,3.0,3.0,6,0.0,1,High
5.0,3.0,3.0,2.0,1.0,58.0,58.0,3.0,0.712,3,5.0,4.0,4.0,5.0,1.0,1.0,1.0,1.0,1.0,1.0,4,2,9,4.0,3.0,3.0,2.0,4.0,1.0,3.0,3.0,4,0.0,1,Medium
5.0,3.0,2.0,2.0,1.0,45.0,58.0,3.0,0.712,3,5.0,3.0,2.0,2.0,1.0,1.0,1.0,1.0,1.0,1.0,2,2,7,2.0,2.0,3.0,2.0,5.0,2.0,3.0,3.0,5,0.0,1,Medium
4.0,1.0,3.0,8.0,0.0,32.0,47.0,2.0,-0.188,2,5.0,3.0,1.0,5.0,1.0,1.0,2.0,1.0,1.0,1.0,2,1,2,4.0,2.0,3.0,2.0,1.0,1.0,4.0,2.0,6,1.0,0,Medium
3.0,4.0,2.0,2.0,1.0,56.0,68.0,4.0,-0.909,2,5.0,4.0,5.0,3.0,1.0,1.0,1.0,1.0,1.0,1.0,3,1,5,5.0,5.0,5.0,5.0,6.0,3.0,1.0,4.0,3,0.0,1,High
5.0,4.0,1.0,8.0,1.0,63.0,53.0,4.0,0.712,2,5.0,4.0,5.0,3.0,1.0,1.0,1.0,1.0,1.0,1.0,4,1,8,5.0,5.0,5.0,3.0,5.0,1.0,3.0,3.0,6,0.0,0,Medium
4.0,4.0,3.0,1.0,1.0,57.0,67.0,4.0,0.242,3,5.0,5.0,5.0,4.0,1.0,1.0,1.0,1.0,1.0,1.0,3,4,6,3.0,3.0,3.0,3.0,5.0,2.0,3.0,3.0,2,0.0,1,High
4.0,3.0,3.0,2.0,1.0,41.0,51.0,3.0,0.712,3,5.0,4.0,5.0,4.0,1.0,1.0,1.0,1.0,1.0,1.0,5,4,7,4.0,4.0,3.0,2.0,4.0,1.0,3.0,3.0,3,0.0,0,Medium
3.0,3.0,5.0,2.0,1.0,42.0,49.0,3.0,-1.215,1,3.0,3.0,3.0,3.0,2.0,2.0,1.0,1.0,1.0,1.0,1,3,4,3.0,3.0,3.0,3.0,5.0,3.0,4.0,3.0,2,2.0,0,Medium
4.0,4.0,5.0,8.0,1.0,51.0,64.0,3.0,0.712,3,5.0,4.0,5.0,2.0,1.0,1.0,1.0,1.0,1.0,1.0,4,2,3,4.0,4.0,4.0,3.0,4.0,2.0,3.0,3.0,7,0.0,1,High
3.0,3.0,3.0,2.0,1.0,35.0,49.0,3.0,-1.485,2,5.0,3.0,4.0,5.0,1.0,1.0,1.0,1.0,1.0,1.0,2,4,6,4.0,3.0,3.0,4.0,4.0,3.0,3.0,3.0,5,0.0,0,Medium
5.0,3.0,5.0,2.0,1.0,33.0,46.0,3.0,-0.57,2,5.0,2.0,1.0,5.0,1.0,1.0,1.0,2.0,1.0,1.0,2,2,5,4.0,3.0,4.0,3.0,4.0,4.0,2.0,2.0,2,1.0,0,Medium
4.0,3.0,3.0,8.0,1.0,43.0,61.0,4.0,0.242,3,5.0,2.0,4.0,3.0,1.0,1.0,1.0,1.0,1.0,1.0,4,1,7,2.0,2.0,3.0,2.0,5.0,3.0,2.0,3.0,6,0.0,1,High
5.0,4.0,5.0,5.0,1.0,60.0,45.0,4.0,-1.215,3,5.0,5.0,1.0,5.0,1.0,1.0,1.0,2.0,1.0,1.0,3,3,5,5.0,4.0,5.0,4.0,6.0,2.0,3.0,3.0,1,1.0,0,Medium
5.0,3.0,5.0,2.0,0.0,41.0,67.0,4.0,-0.188,3,5.0,4.0,3.0,2.0,1.0,1.0,1.0,1.0,1.0,1.0,4,2,7,2.0,2.0,3.0,1.0,2.0,2.0,3.0,3.0,2,0.0,1,High
5.0,5.0,2.0,1.0,1.0,66.0,58.0,4.0,1.267,3,5.0,4.0,5.0,5.0,1.0,1.0,1.0,1.0,1.0,1.0,3,2,8,5.0,4.0,4.0,4.0,5.0,2.0,3.0,4.0,4,0.0,1,Medium
4.0,3.0,3.0,3.0,0.0,53.0,80.0,3.0,0.712,3,5.0,4.0,5.0,4.0,1.0,1.0,1.0,1.0,1.0,1.0,5,3,9,4.0,2.0,2.0,2.0,5.0,3.0,2.0,3.0,5,0.0,1,High
3.0,3.0,4.0,7.0,0.0,45.0,53.0,4.0,-0.57,3,3.0,3.0,3.0,3.0,1.0,2.0,1.0,1.0,1.0,1.0,3,1,1,4.0,4.0,4.0,2.0,5.0,3.0,3.0,4.0,3,1.0,0,Medium
4.0,3.0,3.0,2.0,1.0,48.0,54.0,3.0,-0.57,3,5.0,4.0,3.0,5.0,1.0,2.0,1.0,1.0,1.0,1.0,3,3,3,5.0,4.0,5.0,4.0,3.0,2.0,2.0,4.0,2,1.0,0,Medium
4.0,3.0,3.0,2.0,0.0,38.0,70.0,3.0,1.267,3,5.0,4.0,5.0,4.0,1.0,1.0,1.0,1.0,1.0,1.0,5,1,8,4.0,2.0,3.0,2.0,5.0,2.0,3.0,3.0,4,0.0,1,High
5.0,4.0,2.0,1.0,1.0,58.0,60.0,4.0,-0.188,3,5.0,4.0,4.0,5.0,1.0,1.0,1.0,1.0,1.0,1.0,2,2,6,4.0,4.0,4.0,4.0,5.0,1.0,3.0,3.0,7,0.0,1,Medium
3.0,3.0,3.0,8.0,0.0,44.0,53.0,3.0,-1.485,1,5.0,3.0,4.0,5.0,1.0,1.0,1.0,1.0,1.0,1.0,5,2,8,2.0,3.0,3.0,3.0,4.0,3.0,2.0,2.0,7,0.0,0,Medium
5.0,4.0,5.0,1.0,1.0,72.0,69.0,4.0,0.242,3,5.0,5.0,4.0,5.0,1.0,1.0,1.0,1.0,1.0,1.0,3,1,8,2.0,4.0,4.0,4.0,5.0,2.0,4.0,4.0,2,0.0,1,High
5.0,5.0,5.0,7.0,1.0,75.0,52.0,4.0,-1.485,1,5.0,5.0,5.0,5.0,2.0,1.0,1.0,1.0,1.0,1.0,2,2,2,5.0,5.0,5.0,5.0,6.0,3.0,3.0,4.0,2,1.0,0,Medium
5.0,4.0,2.0,8.0,1.0,53.0,76.0,3.0,0.242,3,5.0,5.0,5.0,5.0,1.0,1.0,1.0,1.0,1.0,1.0,5,2,7,5.0,4.0,5.0,5.0,5.0,1.0,3.0,3.0,8,0.0,1,High
5.0,4.0,4.0,5.0,1.0,44.0,59.0,3.0,-0.188,3,5.0,4.0,5.0,5.0,1.0,1.0,1.0,1.0,1.0,1.0,3,4,8,3.0,3.0,4.0,3.0,6.0,2.0,3.0,3.0,1,0.0,1,Medium
4.0,4.0,3.0,2.0,1.0,58.0,60.0,3.0,-0.188,2,5.0,4.0,4.0,4.0,1.0,1.0,1.0,1.0,1.0,1.0,5,3,8,4.0,4.0,4.0,4.0,5.0,3.0,3.0,3.0,2,0.0,1,Medium
4.0,3.0,5.0,2.0,1.0,47.0,42.0,3.0,0.242,3,4.0,3.0,4.0,5.0,2.0,2.0,2.0,3.0,2.0,1.0,4,4,4,2.0,4.0,4.0,2.0,2.0,2.0,3.0,3.0,1,5.0,0,Low
4.0,3.0,4.0,3.0,0.0,39.0,35.0,3.0,-0.188,3,4.0,4.0,3.0,3.0,2.0,2.0,1.0,1.0,1.0,1.0,1,5,6,4.0,4.0,3.0,4.0,3.0,2.0,3.0,3.0,2,2.0,0,Low
4.0,3.0,4.0,8.0,0.0,45.0,69.0,3.0,0.712,3,4.0,4.0,4.0,4.0,1.0,1.0,1.0,1.0,1.0,1.0,5,1,8,4.0,3.0,3.0,2.0,4.0,3.0,2.0,3.0,8,0.0,1,High
3.0,3.0,2.0,8.0,1.0,40.0,53.0,2.0,1.267,3,5.0,3.0,2.0,4.0,1.0,1.0,1.0,1.0,1.0,1.0,3,4,6,2.0,3.0,4.0,2.0,3.0,2.0,2.0,2.0,6,0.0,0,Medium
4.0,4.0,4.0,2.0,1.0,43.0,60.0,4.0,1.267,3,5.0,4.0,5.0,5.0,1.0,1.0,1.0,1.0,1.0,1.0,4,4,8,4.0,4.0,4.0,4.0,4.0,2.0,3.0,3.0,4,0.0,1,Medium
5.0,5.0,1.0,2.0,1.0,78.0,68.0,4.0,0.242,3,5.0,5.0,4.0,5.0,1.0,1.0,1.0,1.0,1.0,1.0,5,3,6,5.0,5.0,5.0,5.0,6.0,1.0,3.0,4.0,7,0.0,1,High
5.0,3.0,3.0,2.0,0.0,51.0,39.0,3.0,-0.909,1,3.0,5.0,5.0,3.0,2.0,1.0,3.0,2.0,1.0,1.0,2,4,5,3.0,4.0,5.0,3.0,5.0,3.0,3.0,4.0,3,3.0,0,Low
3.0,3.0,5.0,6.0,0.0,44.0,53.0,3.0,-0.57,2,3.0,3.0,3.0,3.0,3.0,3.0,3.0,3.0,2.0,1.0,2,1,2,3.0,3.0,3.0,3.0,4.0,2.0,2.0,3.0,3,5.0,0,Medium
3.0,2.0,5.0,8.0,1.0,28.0,31.0,3.0,-0.188,3,2.0,2.0,1.0,4.0,2.0,1.0,1.0,1.0,1.0,1.0,5,2,7,2.0,2.0,1.0,1.0,1.0,2.0,2.0,2.0,7,1.0,0,Low
4.0,3.0,3.0,7.0,0.0,45.0,47.0,2.0,-0.909,3,5.0,4.0,1.0,5.0,1.0,1.0,1.0,1.0,1.0,1.0,4,3,9,4.0,4.0,3.0,4.0,4.0,1.0,3.0,3.0,5,0.0,0,Medium
4.0,4.0,4.0,3.0,1.0,46.0,51.0,4.0,-0.188,3,4.0,4.0,3.0,4.0,1.0,1.0,1.0,1.0,1.0,1.0,4,4,7,4.0,4.0,4.0,2.0,4.0,2.0,3.0,3.0,2,0.0,0,Medium
5.0,3.0,3.0,2.0,1.0,46.0,52.0,3.0,-0.188,3,5.0,4.0,3.0,5.0,2.0,2.0,1.0,1.0,3.0,1.0,3,5,8,5.0,4.0,4.0,3.0,6.0,2.0,3.0,3.0,3,3.0,0,Medium
5.0,5.0,3.0,8.0,1.0,54.0,69.0,4.0,-0.57,3,5.0,5.0,4.0,5.0,1.0,1.0,1.0,1.0,1.0,1.0,5,3,8,5.0,5.0,5.0,5.0,4.0,1.0,3.0,3.0,7,0.0,1,High
5.0,3.0,2.0,8.0,1.0,48.0,58.0,3.0,-0.188,3,5.0,4.0,3.0,4.0,1.0,1.0,1.0,1.0,1.0,1.0,4,4,8,4.0,4.0,3.0,3.0,5.0,1.0,3.0,3.0,5,0.0,1,Medium
5.0,5.0,2.0,8.0,1.0,60.0,76.0,4.0,0.242,2,5.0,5.0,5.0,5.0,1.0,1.0,1.0,1.0,1.0,1.0,5,2,8,5.0,5.0,5.0,5.0,6.0,1.0,3.0,4.0,6,0.0,1,High
5.0,4.0,3.0,8.0,1.0,53.0,59.0,3.0,0.242,3,5.0,5.0,5.0,4.0,1.0,1.0,1.0,1.0,1.0,1.0,5,1,5,4.0,4.0,4.0,3.0,5.0,1.0,3.0,3.0,6,0.0,1,Medium
4.0,3.0,4.0,1.0,1.0,51.0,53.0,3.0,-0.188,3,5.0,4.0,3.0,2.0,3.0,2.0,2.0,2.0,2.0,2.0,3,5,7,4.0,4.0,3.0,3.0,5.0,3.0,3.0,3.0,2,6.0,0,Medium
4.0,3.0,3.0,6.0,0.0,47.0,49.0,3.0,-0.188,2,4.0,4.0,1.0,3.0,1.0,1.0,1.0,2.0,1.0,1.0,2,3,1,4.0,4.0,3.0,3.0,5.0,2.0,3.0,3.0,5,1.0,0,Medium
2.0,2.0,4.0,1.0,0.0,32.0,57.0,2.0,-0.909,1,5.0,3.0,2.0,3.0,1.0,1.0,1.0,1.0,1.0,1.0,2,2,4,3.0,3.0,3.0,3.0,3.0,2.0,2.0,2.0,4,0.0,1,Medium
1.0,5.0,5.0,8.0,0.0,42.0,27.0,1.0,0.242,3,5.0,1.0,1.0,1.0,1.0,3.0,1.0,1.0,2.0,1.0,2,2,5,5.0,2.0,5.0,1.0,6.0,4.0,1.0,3.0,6,2.0,0,Low
2.0,3.0,2.0,8.0,1.0,41.0,55.0,3.0,0.712,3,4.0,4.0,3.0,5.0,1.0,1.0,1.0,1.0,1.0,1.0,3,1,7,4.0,4.0,4.0,4.0,5.0,3.0,3.0,3.0,8,0.0,1,Medium
4.0,3.0,2.0,1.0,0.0,45.0,55.0,3.0,1.267,3,4.0,4.0,5.0,2.0,1.0,1.0,1.0,1.0,1.0,1.0,4,3,3,2.0,2.0,2.0,2.0,3.0,3.0,3.0,2.0,1,0.0,1,Medium
4.0,4.0,3.0,4.0,0.0,42.0,60.0,4.0,0.712,3,5.0,5.0,5.0,5.0,1.0,1.0,1.0,1.0,1.0,1.0,4,3,8,2.0,3.0,4.0,2.0,6.0,2.0,2.0,2.0,4,0.0,1,Medium
5.0,4.0,5.0,2.0,1.0,61.0,64.0,3.0,1.267,3,5.0,4.0,5.0,2.0,1.0,1.0,1.0,2.0,2.0,1.0,5,2,9,4.0,4.0,3.0,2.0,6.0,1.0,4.0,4.0,2,2.0,1,High
5.0,3.0,4.0,7.0,0.0,55.0,70.0,4.0,-0.57,3,1.0,2.0,1.0,5.0,1.0,1.0,1.0,1.0,1.0,1.0,3,4,6,3.0,5.0,2.0,2.0,6.0,1.0,4.0,3.0,1,0.0,1,High
4.0,4.0,1.0,6.0,1.0,42.0,49.0,3.0,-0.188,0,3.0,4.0,3.0,3.0,3.0,3.0,3.0,3.0,3.0,3.0,2,3,8,3.0,3.0,3.0,3.0,4.0,2.0,2.0,2.0,3,6.0,0,Medium
4.0,3.0,4.0,3.0,0.0,43.0,52.0,3.0,-0.188,3,5.0,3.0,5.0,2.0,1.0,1.0,1.0,1.0,1.0,1.0,2,2,7,4.0,4.0,4.0,2.0,5.0,2.0,3.0,3.0,7,0.0,0,Medium
4.0,2.0,4.0,2.0,1.0,26.0,26.0,2.0,-0.909,2,4.0,2.0,1.0,3.0,3.0,2.0,1.0,2.0,1.0,1.0,2,2,2,4.0,4.0,4.0,1.0,2.0,2.0,1.0,3.0,2,3.0,0,Low
5.0,4.0,5.0,8.0,1.0,36.0,56.0,3.0,-0.57,2,5.0,5.0,5.0,5.0,1.0,1.0,1.0,1.0,1.0,1.0,2,2,2,4.0,4.0,4.0,4.0,3.0,3.0,2.0,2.0,6,0.0,1,Medium
3.0,3.0,4.0,6.0,1.0,40.0,47.0,3.0,-0.188,3,4.0,4.0,3.0,4.0,2.0,2.0,1.0,1.0,1.0,1.0,1,4,1,4.0,4.0,4.0,4.0,5.0,1.0,3.0,3.0,6,2.0,0,Medium
4.0,3.0,3.0,2.0,1.0,44.0,52.0,3.0,-1.215,2,5.0,2.0,5.0,5.0,3.0,3.0,3.0,3.0,2.0,3.0,3,3,2,3.0,3.0,3.0,3.0,6.0,,2.0,,3,6.0,0,Medium
4.0,4.0,3.0,3.0,0.0,54.0,51.0,3.0,-0.57,2,4.0,3.0,1.0,3.0,1.0,1.0,1.0,1.0,1.0,1.0,2,3,1,3.0,3.0,3.0,3.0,5.0,1.0,3.0,3.0,2,0.0,0,Medium
5.0,5.0,1.0,1.0,1.0,56.0,39.0,4.0,-1.215,1,5.0,5.0,5.0,5.0,1.0,1.0,1.0,2.0,2.0,1.0,2,1,2,5.0,5.0,5.0,5.0,6.0,3.0,3.0,3.0,1,2.0,0,Low
5.0,5.0,2.0,4.0,1.0,66.0,77.0,4.0,-0.188,3,5.0,5.0,5.0,3.0,1.0,1.0,1.0,1.0,1.0,1.0,4,4,8,4.0,4.0,5.0,2.0,6.0,3.0,3.0,4.0,2,0.0,1,High
3.0,2.0,4.0,2.0,1.0,40.0,41.0,2.0,-0.57,2,4.0,5.0,1.0,4.0,2.0,2.0,3.0,2.0,1.0,2.0,2,5,5,5.0,4.0,3.0,3.0,4.0,2.0,3.0,3.0,3,5.0,0,Low
4.0,3.0,4.0,5.0,1.0,39.0,50.0,2.0,-0.188,3,1.0,2.0,1.0,4.0,1.0,1.0,1.0,1.0,1.0,1.0,3,3,8,5.0,2.0,5.0,2.0,4.0,2.0,2.0,3.0,1,0.0,0,Medium
5.0,3.0,4.0,2.0,1.0,38.0,44.0,2.0,-0.188,3,3.0,2.0,1.0,4.0,3.0,3.0,1.0,1.0,1.0,2.0,2,5,4,3.0,3.0,4.0,4.0,2.0,2.0,3.0,3.0,3,3.0,0,Medium
4.0,3.0,2.0,6.0,0.0,56.0,56.0,3.0,-0.188,2,5.0,5.0,5.0,5.0,1.0,1.0,1.0,1.0,1.0,1.0,2,1,3,4.0,4.0,4.0,3.0,5.0,2.0,3.0,3.0,6,0.0,1,Medium
3.0,5.0,3.0,5.0,1.0,82.0,53.0,4.0,0.712,3,5.0,4.0,1.0,5.0,1.0,1.0,1.0,1.0,1.0,1.0,3,4,1,5.0,5.0,5.0,5.0,6.0,1.0,4.0,4.0,1,0.0,0,Medium
4.0,2.0,4.0,6.0,0.0,49.0,17.0,2.0,-0.57,3,5.0,4.0,1.0,5.0,3.0,3.0,1.0,1.0,2.0,1.0,1,1,1,5.0,5.0,4.0,3.0,3.0,1.0,3.0,2.0,5,3.0,0,Low
4.0,4.0,2.0,7.0,0.0,58.0,57.0,4.0,0.712,3,5.0,4.0,5.0,5.0,1.0,1.0,1.0,1.0,1.0,1.0,3,1,7,5.0,3.0,4.0,3.0,6.0,2.0,3.0,4.0,4,0.0,1,Medium
5.0,4.0,3.0,8.0,1.0,32.0,40.0,2.0,-0.909,2,5.0,5.0,3.0,4.0,1.0,1.0,1.0,1.0,1.0,1.0,3,1,3,5.0,4.0,4.0,3.0,4.0,2.0,3.0,1.0,5,0.0,0,Low
5.0,5.0,2.0,4.0,1.0,58.0,61.0,4.0,0.242,3,5.0,4.0,5.0,4.0,1.0,1.0,1.0,2.0,1.0,1.0,4,2,6,5.0,5.0,5.0,5.0,6.0,3.0,2.0,4.0,3,1.0,1,High
4.0,4.0,3.0,2.0,1.0,48.0,60.0,3.0,-0.188,1,3.0,3.0,3.0,3.0,1.0,1.0,1.0,1.0,1.0,1.0,3,1,6,3.0,3.0,3.0,3.0,4.0,2.0,3.0,3.0,3,0.0,1,Medium
4.0,4.0,5.0,2.0,1.0,51.0,56.0,3.0,-0.188,3,4.0,4.0,4.0,3.0,1.0,1.0,1.0,1.0,1.0,1.0,3,5,6,4.0,4.0,4.0,4.0,3.0,3.0,2.0,3.0,3,0.0,1,Medium
5.0,4.0,3.0,2.0,1.0,85.0,72.0,4.0,0.242,3,5.0,3.0,5.0,5.0,1.0,1.0,1.0,1.0,1.0,1.0,3,2,8,3.0,3.0,4.0,3.0,6.0,1.0,4.0,4.0,4,0.0,1,High
4.0,4.0,3.0,6.0,0.0,43.0,44.0,2.0,-1.215,3,5.0,4.0,3.0,5.0,1.0,1.0,1.0,1.0,1.0,1.0,3,1,1,5.0,5.0,5.0,5.0,2.0,1.0,3.0,3.0,6,0.0,0,Medium
2.0,2.0,4.0,1.0,0.0,40.0,55.0,2.0,-0.909,2,4.0,2.0,1.0,3.0,1.0,1.0,1.0,1.0,1.0,1.0,3,4,6,2.0,2.0,3.0,2.0,4.0,2.0,2.0,3.0,4,0.0,1,Medium
4.0,4.0,,4.0,1.0,54.0,42.0,3.0,-2.053,0,5.0,5.0,5.0,5.0,,,,,,,2,2,2,5.0,5.0,4.0,4.0,6.0,,,,2,,0,Low
4.0,2.0,2.0,2.0,0.0,39.0,52.0,3.0,-0.57,3,3.0,2.0,1.0,1.0,1.0,1.0,1.0,1.0,1.0,1.0,2,1,3,2.0,2.0,2.0,2.0,5.0,4.0,3.0,2.0,4,0.0,0,Medium
4.0,3.0,,8.0,0.0,36.0,55.0,3.0,-1.713,2,4.0,3.0,4.0,4.0,1.0,1.0,1.0,1.0,1.0,1.0,2,1,4,3.0,3.0,3.0,3.0,4.0,2.0,2.0,2.0,8,0.0,1,Medium
4.0,4.0,3.0,6.0,0.0,52.0,68.0,4.0,-0.57,3,5.0,4.0,5.0,4.0,1.0,1.0,1.0,1.0,1.0,1.0,3,1,3,4.0,2.0,3.0,2.0,6.0,2.0,2.0,3.0,5,0.0,1,High
5.0,5.0,1.0,8.0,0.0,69.0,81.0,4.0,-0.188,2,5.0,5.0,5.0,5.0,1.0,1.0,1.0,1.0,1.0,1.0,1,4,6,4.0,4.0,4.0,4.0,6.0,1.0,4.0,4.0,7,0.0,1,High
4.0,4.0,3.0,2.0,0.0,54.0,58.0,3.0,0.242,3,5.0,4.0,4.0,5.0,1.0,1.0,1.0,1.0,1.0,1.0,2,1,4,4.0,4.0,4.0,4.0,5.0,1.0,3.0,3.0,4,0.0,1,Medium
3.0,4.0,4.0,1.0,1.0,48.0,48.0,3.0,-1.485,0,4.0,4.0,3.0,3.0,2.0,2.0,2.0,2.0,2.0,3.0,2,3,5,4.0,4.0,3.0,3.0,3.0,3.0,3.0,2.0,2,6.0,0,Medium
5.0,5.0,1.0,8.0,0.0,85.0,85.0,4.0,0.242,3,5.0,5.0,1.0,5.0,1.0,1.0,1.0,1.0,1.0,1.0,3,2,2,5.0,5.0,5.0,5.0,6.0,1.0,4.0,4.0,6,0.0,1,High
4.0,3.0,4.0,2.0,0.0,49.0,41.0,2.0,-0.188,3,5.0,3.0,2.0,4.0,1.0,1.0,1.0,1.0,1.0,1.0,1,1,4,2.0,3.0,3.0,2.0,4.0,2.0,2.0,3.0,4,0.0,0,Low
5.0,4.0,2.0,2.0,0.0,45.0,56.0,3.0,-0.188,3,5.0,4.0,5.0,5.0,1.0,1.0,1.0,1.0,1.0,1.0,2,2,1,4.0,4.0,4.0,4.0,4.0,1.0,2.0,3.0,4,0.0,1,Medium
4.0,3.0,3.0,8.0,0.0,50.0,62.0,2.0,0.242,2,5.0,4.0,4.0,5.0,1.0,1.0,1.0,1.0,1.0,1.0,1,1,1,4.0,4.0,4.0,4.0,4.0,1.0,3.0,3.0,8,0.0,1,High
4.0,4.0,1.0,8.0,1.0,45.0,55.0,3.0,0.242,3,5.0,3.0,2.0,4.0,1.0,1.0,1.0,1.0,1.0,1.0,3,3,2,3.0,4.0,4.0,4.0,3.0,1.0,3.0,3.0,7,0.0,1,Medium
5.0,5.0,3.0,4.0,0.0,76.0,95.0,4.0,0.712,3,5.0,1.0,5.0,5.0,1.0,1.0,1.0,1.0,1.0,1.0,2,2,8,1.0,1.0,1.0,1.0,5.0,1.0,4.0,4.0,7,0.0,1,High
5.0,5.0,4.0,2.0,0.0,72.0,76.0,4.0,-0.57,3,5.0,5.0,5.0,5.0,1.0,1.0,1.0,1.0,1.0,1.0,2,4,7,5.0,4.0,4.0,4.0,5.0,1.0,3.0,3.0,4,0.0,1,High
4.0,2.0,5.0,2.0,1.0,23.0,41.0,3.0,-0.57,1,5.0,1.0,3.0,5.0,2.0,2.0,1.0,2.0,1.0,1.0,2,5,3,1.0,1.0,2.0,1.0,1.0,3.0,3.0,2.0,2,3.0,0,Low
5.0,3.0,1.0,,1.0,35.0,55.0,3.0,0.242,3,5.0,5.0,5.0,5.0,1.0,1.0,1.0,1.0,1.0,1.0,2,4,3,4.0,4.0,4.0,4.0,6.0,1.0,3.0,3.0,5,0.0,1,Medium
4.0,4.0,3.0,2.0,1.0,54.0,59.0,3.0,0.242,3,5.0,5.0,5.0,5.0,1.0,1.0,1.0,1.0,1.0,1.0,3,3,8,4.0,4.0,4.0,4.0,5.0,2.0,3.0,3.0,4,0.0,1,Medium
5.0,4.0,2.0,,1.0,78.0,67.0,4.0,0.712,3,5.0,4.0,5.0,5.0,1.0,1.0,1.0,1.0,1.0,1.0,5,2,9,2.0,5.0,4.0,4.0,6.0,2.0,4.0,4.0,4,0.0,1,High
3.0,3.0,3.0,8.0,0.0,51.0,65.0,3.0,-0.909,3,5.0,4.0,5.0,5.0,1.0,1.0,1.0,1.0,1.0,1.0,3,1,3,4.0,4.0,3.0,3.0,4.0,1.0,3.0,3.0,8,0.0,1,High
5.0,4.0,4.0,8.0,0.0,60.0,55.0,4.0,0.712,3,5.0,5.0,4.0,5.0,1.0,1.0,1.0,1.0,1.0,1.0,3,2,2,5.0,3.0,4.0,3.0,6.0,2.0,3.0,3.0,8,0.0,1,Medium
3.0,3.0,4.0,2.0,0.0,42.0,49.0,3.0,-0.57,2,4.0,3.0,3.0,4.0,2.0,1.0,1.0,1.0,1.0,1.0,3,5,5,3.0,3.0,3.0,3.0,4.0,1.0,3.0,3.0,3,1.0,0,Medium
4.0,3.0,3.0,8.0,1.0,52.0,63.0,3.0,-0.57,3,4.0,4.0,3.0,5.0,1.0,1.0,1.0,1.0,1.0,1.0,2,1,5,3.0,4.0,4.0,3.0,4.0,2.0,2.0,3.0,8,0.0,1,High
5.0,4.0,4.0,3.0,1.0,69.0,57.0,4.0,1.267,3,5.0,3.0,2.0,5.0,1.0,1.0,1.0,1.0,1.0,1.0,3,5,8,5.0,5.0,5.0,5.0,6.0,1.0,3.0,4.0,5,0.0,1,Medium
2.0,1.0,4.0,7.0,0.0,33.0,49.0,3.0,-0.57,2,4.0,3.0,1.0,3.0,3.0,3.0,2.0,1.0,3.0,3.0,3,5,3,2.0,2.0,2.0,2.0,1.0,2.0,3.0,2.0,2,5.0,0,Medium
5.0,4.0,2.0,2.0,1.0,77.0,55.0,4.0,-0.57,2,5.0,5.0,5.0,5.0,1.0,1.0,1.0,1.0,1.0,1.0,3,4,8,4.0,4.0,4.0,4.0,6.0,2.0,3.0,3.0,3,0.0,1,Medium
4.0,4.0,1.0,8.0,1.0,61.0,61.0,4.0,0.242,3,5.0,4.0,3.0,5.0,1.0,1.0,1.0,1.0,1.0,1.0,1,2,2,5.0,4.0,3.0,4.0,5.0,1.0,3.0,3.0,7,0.0,1,High
4.0,4.0,2.0,8.0,1.0,54.0,68.0,4.0,0.712,3,5.0,5.0,5.0,5.0,1.0,1.0,1.0,1.0,1.0,1.0,2,2,5,2.0,4.0,3.0,3.0,6.0,2.0,3.0,3.0,6,0.0,1,High
4.0,4.0,3.0,2.0,1.0,56.0,74.0,4.0,0.242,3,5.0,5.0,5.0,5.0,1.0,1.0,1.0,1.0,1.0,1.0,4,4,9,4.0,4.0,4.0,4.0,6.0,2.0,3.0,3.0,4,0.0,1,High
5.0,5.0,1.0,8.0,0.0,72.0,75.0,4.0,0.712,3,5.0,5.0,5.0,5.0,1.0,1.0,1.0,1.0,1.0,1.0,4,2,7,4.0,3.0,5.0,4.0,6.0,2.0,3.0,4.0,7,0.0,1,High
5.0,5.0,2.0,8.0,1.0,51.0,81.0,4.0,-0.188,3,5.0,5.0,5.0,5.0,1.0,1.0,1.0,1.0,1.0,1.0,2,2,7,4.0,4.0,4.0,2.0,6.0,2.0,2.0,3.0,8,0.0,1,High
4.0,4.0,4.0,8.0,0.0,46.0,75.0,3.0,0.712,3,5.0,4.0,5.0,4.0,1.0,1.0,1.0,1.0,1.0,1.0,2,3,3,2.0,3.0,4.0,3.0,4.0,2.0,3.0,3.0,8,0.0,1,High
5.0,4.0,1.0,8.0,0.0,54.0,75.0,4.0,0.242,3,5.0,5.0,5.0,4.0,1.0,1.0,1.0,1.0,1.0,1.0,3,2,7,2.0,3.0,4.0,3.0,5.0,2.0,3.0,3.0,6,0.0,1,High
4.0,4.0,4.0,2.0,1.0,42.0,36.0,4.0,-0.188,3,4.0,4.0,3.0,5.0,1.0,2.0,1.0,2.0,2.0,1.0,2,3,4,4.0,4.0,4.0,3.0,4.0,3.0,2.0,2.0,4,3.0,0,Low
4.0,2.0,4.0,4.0,0.0,32.0,35.0,2.0,-0.57,2,5.0,2.0,2.0,5.0,2.0,2.0,1.0,1.0,1.0,1.0,2,5,2,4.0,2.0,2.0,2.0,2.0,2.0,2.0,2.0,5,2.0,0,Low
5.0,4.0,1.0,8.0,0.0,56.0,83.0,4.0,-1.215,2,5.0,5.0,3.0,5.0,1.0,1.0,1.0,1.0,1.0,1.0,2,2,9,4.0,4.0,4.0,4.0,6.0,1.0,3.0,3.0,5,0.0,1,High
5.0,3.0,3.0,7.0,0.0,45.0,54.0,3.0,-0.188,3,5.0,3.0,2.0,5.0,1.0,1.0,1.0,1.0,1.0,1.0,3,2,8,4.0,3.0,4.0,4.0,5.0,1.0,2.0,3.0,3,0.0,0,Medium
5.0,3.0,4.0,5.0,1.0,27.0,42.0,3.0,-0.188,3,5.0,4.0,4.0,1.0,1.0,1.0,1.0,3.0,2.0,1.0,3,2,8,1.0,1.0,1.0,1.0,1.0,2.0,3.0,3.0,1,2.0,0,Low
4.0,4.0,2.0,8.0,0.0,47.0,59.0,3.0,-0.909,1,5.0,4.0,2.0,4.0,1.0,1.0,1.0,1.0,1.0,1.0,2,3,7,5.0,4.0,5.0,3.0,5.0,1.0,3.0,3.0,6,0.0,1,Medium
5.0,3.0,3.0,8.0,1.0,53.0,64.0,4.0,-0.57,1,5.0,4.0,5.0,4.0,1.0,1.0,1.0,1.0,1.0,1.0,2,2,6,5.0,4.0,4.0,4.0,5.0,2.0,3.0,2.0,8,0.0,1,High
5.0,5.0,5.0,,0.0,80.0,44.0,4.0,0.242,3,4.0,5.0,5.0,5.0,3.0,3.0,1.0,1.0,1.0,1.0,3,1,1,4.0,5.0,5.0,5.0,3.0,4.0,3.0,3.0,4,2.0,0,Medium
4.0,3.0,4.0,8.0,0.0,44.0,41.0,2.0,-0.909,2,4.0,3.0,3.0,5.0,1.0,1.0,1.0,1.0,1.0,1.0,3,1,3,4.0,3.0,3.0,3.0,4.0,3.0,2.0,3.0,8,0.0,0,Low
4.0,3.0,5.0,4.0,1.0,37.0,45.0,2.0,-1.713,2,5.0,2.0,2.0,4.0,3.0,1.0,1.0,3.0,2.0,1.0,2,4,5,4.0,3.0,4.0,3.0,3.0,2.0,2.0,3.0,3,3.0,0,Medium
5.0,4.0,1.0,3.0,0.0,54.0,66.0,4.0,-0.909,2,5.0,5.0,1.0,5.0,1.0,1.0,1.0,1.0,1.0,1.0,4,2,9,3.0,5.0,5.0,4.0,5.0,2.0,3.0,4.0,6,0.0,1,High
3.0,3.0,1.0,8.0,1.0,48.0,55.0,3.0,0.242,3,5.0,4.0,5.0,5.0,1.0,1.0,1.0,1.0,1.0,1.0,3,3,8,3.0,4.0,4.0,2.0,4.0,2.0,4.0,4.0,6,0.0,1,Medium
4.0,4.0,2.0,4.0,1.0,50.0,63.0,3.0,0.712,3,5.0,4.0,4.0,4.0,1.0,1.0,1.0,1.0,1.0,1.0,2,2,4,2.0,4.0,3.0,4.0,5.0,1.0,3.0,3.0,5,0.0,1,High
5.0,4.0,4.0,2.0,1.0,59.0,50.0,4.0,0.712,3,5.0,5.0,5.0,5.0,1.0,1.0,1.0,2.0,1.0,1.0,3,1,5,5.0,5.0,5.0,5.0,6.0,2.0,3.0,3.0,3,1.0,0,Medium
3.0,3.0,4.0,2.0,0.0,46.0,52.0,3.0,-0.57,3,5.0,4.0,4.0,5.0,1.0,1.0,1.0,1.0,1.0,1.0,4,3,7,3.0,3.0,3.0,3.0,4.0,2.0,2.0,2.0,3,0.0,0,Medium
5.0,5.0,2.0,2.0,1.0,70.0,66.0,4.0,-0.188,3,5.0,5.0,5.0,5.0,1.0,1.0,1.0,1.0,1.0,1.0,5,2,8,4.0,4.0,3.0,5.0,6.0,1.0,3.0,4.0,6,0.0,1,High
4.0,3.0,1.0,8.0,0.0,54.0,79.0,3.0,0.712,3,5.0,5.0,5.0,5.0,1.0,1.0,1.0,1.0,1.0,1.0,2,1,4,3.0,3.0,3.0,3.0,5.0,1.0,3.0,3.0,8,0.0,1,High
4.0,3.0,4.0,8.0,0.0,42.0,37.0,3.0,-0.188,2,5.0,3.0,3.0,5.0,1.0,1.0,1.0,1.0,1.0,1.0,3,2,3,4.0,4.0,3.0,4.0,3.0,3.0,3.0,3.0,6,0.0,0,Low
4.0,4.0,4.0,2.0,1.0,57.0,60.0,3.0,0.242,3,5.0,4.0,5.0,5.0,1.0,1.0,1.0,1.0,1.0,1.0,4,3,9,4.0,4.0,4.0,4.0,6.0,2.0,3.0,3.0,3,0.0,1,Medium
5.0,5.0,2.0,1.0,1.0,55.0,62.0,4.0,-0.909,2,5.0,5.0,5.0,5.0,1.0,1.0,1.0,1.0,1.0,1.0,3,2,7,5.0,4.0,5.0,4.0,6.0,2.0,3.0,4.0,4,0.0,1,High
5.0,5.0,2.0,2.0,0.0,52.0,60.0,3.0,-0.57,2,5.0,5.0,5.0,5.0,1.0,1.0,1.0,1.0,1.0,1.0,2,2,7,4.0,3.0,4.0,4.0,5.0,1.0,3.0,4.0,4,0.0,1,Medium
4.0,2.0,2.0,2.0,0.0,30.0,46.0,3.0,-0.188,2,5.0,2.0,4.0,1.0,1.0,1.0,1.0,1.0,1.0,1.0,2,3,3,1.0,2.0,1.0,1.0,6.0,3.0,2.0,3.0,6,0.0,0,Medium
5.0,5.0,2.0,2.0,1.0,60.0,70.0,4.0,-0.57,1,5.0,5.0,5.0,5.0,1.0,1.0,1.0,1.0,1.0,1.0,2,2,4,4.0,4.0,4.0,4.0,5.0,3.0,3.0,3.0,6,0.0,1,High
2.0,2.0,3.0,2.0,,42.0,52.0,3.0,-0.909,1,3.0,3.0,3.0,4.0,1.0,1.0,1.0,1.0,1.0,1.0,5,4,1,3.0,4.0,3.0,3.0,4.0,3.0,3.0,3.0,4,0.0,0,Medium
5.0,5.0,3.0,8.0,0.0,49.0,64.0,4.0,-0.57,3,4.0,5.0,4.0,5.0,1.0,1.0,1.0,1.0,1.0,1.0,3,2,8,3.0,3.0,3.0,3.0,5.0,1.0,2.0,3.0,6,0.0,1,High
4.0,4.0,4.0,7.0,1.0,55.0,47.0,3.0,-1.9,1,4.0,4.0,4.0,4.0,2.0,2.0,2.0,2.0,2.0,3.0,2,3,3,3.0,3.0,4.0,3.0,5.0,3.0,3.0,3.0,4,6.0,0,Medium
3.0,3.0,3.0,2.0,1.0,42.0,54.0,2.0,0.712,3,4.0,3.0,4.0,4.0,1.0,1.0,1.0,1.0,1.0,1.0,4,4,8,4.0,4.0,4.0,4.0,4.0,2.0,3.0,2.0,2,0.0,0,Medium
4.0,3.0,2.0,8.0,1.0,52.0,39.0,3.0,-0.188,3,3.0,3.0,1.0,2.0,1.0,1.0,1.0,1.0,2.0,1.0,2,3,3,3.0,3.0,3.0,3.0,4.0,1.0,4.0,3.0,8,1.0,0,Low
5.0,4.0,2.0,1.0,1.0,68.0,62.0,4.0,-0.57,2,5.0,4.0,1.0,5.0,2.0,1.0,1.0,1.0,1.0,1.0,3,4,3,4.0,4.0,5.0,4.0,4.0,1.0,3.0,3.0,2,1.0,1,High
3.0,3.0,4.0,2.0,1.0,44.0,52.0,3.0,0.242,3,4.0,3.0,2.0,4.0,1.0,1.0,1.0,1.0,1.0,1.0,2,2,5,3.0,3.0,3.0,3.0,4.0,2.0,2.0,2.0,6,0.0,0,Medium
5.0,5.0,5.0,4.0,1.0,77.0,52.0,4.0,-0.57,1,4.0,4.0,5.0,5.0,1.0,1.0,1.0,2.0,1.0,1.0,2,1,3,4.0,4.0,4.0,4.0,4.0,3.0,3.0,4.0,1,1.0,0,Medium
3.0,3.0,2.0,7.0,0.0,42.0,52.0,3.0,-1.215,3,5.0,5.0,5.0,5.0,2.0,2.0,2.0,2.0,2.0,2.0,3,3,4,3.0,3.0,3.0,3.0,3.0,1.0,4.0,3.0,1,6.0,0,Medium
4.0,4.0,5.0,3.0,1.0,39.0,50.0,3.0,-0.57,3,5.0,3.0,1.0,5.0,1.0,1.0,1.0,1.0,1.0,1.0,3,2,8,4.0,4.0,4.0,4.0,3.0,2.0,2.0,3.0,2,0.0,0,Medium
5.0,5.0,4.0,1.0,1.0,64.0,65.0,4.0,-0.188,3,5.0,5.0,5.0,5.0,1.0,1.0,1.0,3.0,1.0,1.0,4,1,9,4.0,5.0,5.0,5.0,5.0,1.0,4.0,4.0,4,1.0,1,High
4.0,4.0,2.0,8.0,1.0,48.0,61.0,3.0,0.712,3,5.0,5.0,4.0,5.0,1.0,1.0,1.0,1.0,1.0,1.0,3,2,5,4.0,4.0,4.0,4.0,6.0,1.0,3.0,4.0,7,0.0,1,High
4.0,4.0,3.0,2.0,1.0,58.0,61.0,4.0,0.242,2,4.0,4.0,4.0,5.0,1.0,1.0,1.0,1.0,1.0,1.0,2,2,6,5.0,5.0,5.0,5.0,5.0,2.0,4.0,4.0,5,0.0,1,High
5.0,5.0,2.0,8.0,1.0,57.0,82.0,4.0,0.242,3,5.0,5.0,5.0,5.0,1.0,1.0,1.0,1.0,1.0,1.0,2,2,5,5.0,5.0,5.0,4.0,6.0,1.0,3.0,4.0,6,0.0,1,High
5.0,3.0,3.0,8.0,0.0,46.0,65.0,3.0,-1.215,3,5.0,5.0,5.0,4.0,1.0,1.0,1.0,1.0,1.0,1.0,2,2,3,4.0,3.0,2.0,2.0,4.0,3.0,3.0,3.0,8,0.0,1,High
,4.0,3.0,8.0,1.0,58.0,50.0,4.0,-0.909,2,5.0,3.0,1.0,3.0,1.0,1.0,1.0,1.0,1.0,1.0,1,5,2,4.0,3.0,5.0,4.0,3.0,3.0,2.0,2.0,2,0.0,0,Medium
5.0,5.0,3.0,1.0,0.0,57.0,75.0,3.0,-0.188,3,5.0,5.0,5.0,5.0,1.0,1.0,1.0,1.0,1.0,1.0,3,2,9,2.0,2.0,2.0,2.0,6.0,1.0,3.0,4.0,5,0.0,1,High
4.0,4.0,4.0,8.0,0.0,43.0,37.0,4.0,-1.215,2,5.0,3.0,1.0,1.0,2.0,3.0,1.0,1.0,3.0,2.0,1,1,1,3.0,4.0,4.0,4.0,2.0,1.0,1.0,1.0,5,4.0,0,Low
3.0,2.0,3.0,8.0,0.0,38.0,44.0,3.0,-0.909,2,4.0,3.0,1.0,4.0,1.0,1.0,1.0,1.0,1.0,1.0,1,2,2,3.0,3.0,2.0,2.0,2.0,2.0,4.0,3.0,8,0.0,0,Medium
3.0,3.0,2.0,4.0,1.0,50.0,50.0,4.0,-0.57,2,5.0,4.0,5.0,5.0,2.0,2.0,1.0,1.0,1.0,1.0,3,4,4,4.0,4.0,4.0,3.0,5.0,2.0,2.0,3.0,2,2.0,0,Medium
4.0,4.0,3.0,2.0,1.0,47.0,50.0,3.0,0.242,3,5.0,4.0,1.0,5.0,1.0,1.0,1.0,1.0,1.0,1.0,5,3,8,4.0,4.0,4.0,4.0,5.0,2.0,3.0,3.0,3,0.0,0,Medium
5.0,4.0,2.0,8.0,0.0,61.0,54.0,3.0,-0.57,1,5.0,4.0,3.0,5.0,1.0,1.0,1.0,1.0,1.0,1.0,2,1,1,5.0,4.0,4.0,3.0,6.0,2.0,3.0,3.0,7,0.0,0,Medium
4.0,3.0,2.0,3.0,0.0,55.0,50.0,4.0,0.242,3,5.0,4.0,1.0,5.0,1.0,1.0,1.0,2.0,1.0,1.0,1,4,6,4.0,3.0,4.0,3.0,3.0,1.0,3.0,3.0,1,1.0,0,Medium
3.0,3.0,3.0,8.0,1.0,45.0,67.0,3.0,0.242,3,5.0,4.0,5.0,5.0,1.0,1.0,1.0,1.0,1.0,1.0,2,1,8,3.0,3.0,3.0,3.0,4.0,2.0,2.0,3.0,6,0.0,1,High
3.0,3.0,3.0,2.0,1.0,42.0,35.0,2.0,-0.57,3,3.0,3.0,3.0,3.0,1.0,1.0,1.0,1.0,2.0,2.0,2,2,5,3.0,3.0,3.0,3.0,4.0,1.0,4.0,2.0,4,2.0,0,Low
4.0,2.0,4.0,8.0,1.0,37.0,53.0,2.0,-1.215,0,5.0,3.0,3.0,5.0,1.0,1.0,1.0,1.0,1.0,1.0,2,2,9,4.0,4.0,4.0,3.0,5.0,2.0,2.0,2.0,6,0.0,0,Medium
5.0,4.0,2.0,8.0,1.0,56.0,64.0,4.0,0.712,3,5.0,3.0,1.0,4.0,1.0,1.0,1.0,1.0,1.0,1.0,2,2,1,4.0,4.0,4.0,3.0,4.0,2.0,4.0,3.0,6,0.0,1,High
5.0,5.0,1.0,3.0,1.0,71.0,66.0,4.0,0.712,3,5.0,5.0,5.0,5.0,1.0,1.0,1.0,1.0,1.0,1.0,3,2,6,3.0,5.0,5.0,5.0,6.0,1.0,3.0,3.0,5,0.0,1,High
4.0,4.0,3.0,2.0,0.0,56.0,47.0,3.0,-0.909,2,3.0,3.0,3.0,3.0,1.0,1.0,1.0,1.0,1.0,1.0,3,3,4,4.0,4.0,4.0,4.0,5.0,4.0,4.0,4.0,2,0.0,0,Medium
5.0,4.0,1.0,8.0,1.0,49.0,68.0,4.0,0.712,3,5.0,4.0,5.0,4.0,1.0,1.0,1.0,1.0,1.0,1.0,5,2,8,4.0,4.0,4.0,4.0,4.0,1.0,2.0,3.0,8,0.0,1,High
5.0,3.0,4.0,8.0,1.0,62.0,44.0,3.0,-0.188,3,5.0,5.0,2.0,5.0,1.0,1.0,1.0,1.0,1.0,1.0,3,2,4,5.0,5.0,4.0,5.0,4.0,3.0,4.0,3.0,6,0.0,0,Medium
4.0,4.0,2.0,5.0,1.0,50.0,60.0,4.0,0.712,3,1.0,4.0,1.0,3.0,1.0,1.0,1.0,1.0,1.0,1.0,2,4,7,4.0,4.0,4.0,3.0,5.0,3.0,3.0,3.0,1,0.0,1,Medium
5.0,4.0,3.0,8.0,1.0,54.0,66.0,4.0,0.712,3,5.0,5.0,5.0,5.0,1.0,1.0,1.0,1.0,1.0,1.0,2,2,2,4.0,4.0,5.0,4.0,5.0,2.0,3.0,4.0,8,0.0,1,High
5.0,3.0,3.0,8.0,0.0,48.0,60.0,3.0,0.712,3,5.0,4.0,5.0,5.0,1.0,1.0,1.0,1.0,1.0,1.0,3,3,5,4.0,4.0,3.0,2.0,5.0,2.0,3.0,3.0,6,0.0,1,Medium
4.0,2.0,3.0,6.0,0.0,34.0,47.0,3.0,-0.57,2,5.0,3.0,2.0,5.0,1.0,1.0,1.0,2.0,1.0,1.0,2,2,2,4.0,3.0,4.0,3.0,2.0,3.0,2.0,3.0,8,1.0,0,Medium
5.0,4.0,3.0,2.0,1.0,45.0,68.0,4.0,0.712,2,5.0,4.0,3.0,3.0,1.0,1.0,1.0,1.0,1.0,1.0,3,1,7,4.0,4.0,4.0,4.0,5.0,2.0,2.0,3.0,4,0.0,1,High
4.0,4.0,3.0,8.0,,56.0,56.0,4.0,1.267,3,5.0,4.0,4.0,5.0,1.0,1.0,1.0,1.0,1.0,1.0,3,2,7,5.0,5.0,4.0,4.0,6.0,1.0,3.0,3.0,5,0.0,1,Medium
4.0,5.0,3.0,2.0,1.0,62.0,23.0,2.0,-0.57,2,3.0,2.0,1.0,4.0,2.0,2.0,1.0,3.0,3.0,1.0,3,2,4,5.0,5.0,4.0,3.0,6.0,1.0,3.0,3.0,5,4.0,0,Low
5.0,4.0,3.0,3.0,0.0,50.0,72.0,3.0,0.242,3,5.0,4.0,5.0,4.0,1.0,1.0,1.0,1.0,1.0,1.0,4,2,7,4.0,5.0,3.0,4.0,6.0,2.0,3.0,3.0,7,0.0,1,High
4.0,4.0,4.0,3.0,1.0,52.0,54.0,4.0,0.242,3,5.0,5.0,5.0,5.0,1.0,1.0,1.0,1.0,1.0,1.0,5,5,7,3.0,4.0,4.0,3.0,6.0,2.0,4.0,4.0,4,0.0,0,Medium
5.0,4.0,2.0,8.0,1.0,71.0,68.0,4.0,-0.57,3,5.0,5.0,5.0,5.0,1.0,1.0,1.0,1.0,1.0,1.0,5,1,7,2.0,4.0,4.0,4.0,6.0,3.0,3.0,3.0,8,0.0,1,High
5.0,4.0,2.0,2.0,1.0,57.0,64.0,3.0,0.712,3,5.0,5.0,4.0,5.0,1.0,1.0,1.0,1.0,1.0,1.0,2,2,7,4.0,4.0,4.0,4.0,6.0,1.0,3.0,3.0,5,0.0,1,High
2.0,2.0,3.0,2.0,1.0,33.0,50.0,3.0,-0.57,1,5.0,2.0,1.0,1.0,1.0,2.0,1.0,1.0,1.0,1.0,2,2,8,3.0,3.0,3.0,3.0,3.0,3.0,3.0,3.0,3,1.0,0,Medium
4.0,3.0,3.0,2.0,1.0,42.0,38.0,3.0,0.712,3,5.0,3.0,4.0,5.0,1.0,1.0,1.0,1.0,1.0,1.0,3,2,6,4.0,4.0,4.0,4.0,6.0,2.0,3.0,3.0,6,0.0,0,Low
5.0,4.0,3.0,8.0,0.0,49.0,66.0,4.0,0.712,2,5.0,4.0,5.0,5.0,1.0,1.0,1.0,1.0,1.0,1.0,2,1,6,3.0,3.0,3.0,2.0,5.0,3.0,3.0,3.0,8,0.0,1,High
,3.0,5.0,7.0,,38.0,19.0,1.0,-0.188,2,4.0,3.0,1.0,5.0,3.0,3.0,1.0,1.0,1.0,1.0,1,4,1,4.0,4.0,4.0,1.0,4.0,2.0,2.0,3.0,2,2.0,0,Low
5.0,3.0,2.0,2.0,0.0,46.0,64.0,2.0,-0.57,2,4.0,4.0,4.0,4.0,1.0,1.0,1.0,1.0,1.0,1.0,4,4,9,2.0,3.0,4.0,2.0,4.0,2.0,3.0,4.0,3,0.0,1,High
5.0,4.0,4.0,8.0,1.0,53.0,59.0,4.0,1.267,3,5.0,4.0,5.0,5.0,1.0,1.0,1.0,1.0,1.0,1.0,4,2,8,5.0,2.0,4.0,4.0,5.0,2.0,3.0,3.0,6,0.0,1,Medium
3.0,3.0,3.0,7.0,1.0,48.0,60.0,3.0,-2.053,0,5.0,5.0,1.0,4.0,1.0,1.0,1.0,1.0,1.0,1.0,3,2,1,3.0,4.0,3.0,3.0,5.0,2.0,2.0,3.0,1,0.0,1,Medium
5.0,4.0,4.0,1.0,1.0,76.0,61.0,4.0,1.267,3,5.0,5.0,3.0,5.0,1.0,1.0,1.0,1.0,1.0,1.0,3,3,9,2.0,4.0,4.0,4.0,5.0,2.0,3.0,4.0,5,0.0,1,High
5.0,4.0,2.0,8.0,0.0,58.0,63.0,4.0,0.712,3,5.0,4.0,5.0,5.0,1.0,1.0,1.0,1.0,1.0,1.0,3,2,7,4.0,5.0,4.0,4.0,5.0,1.0,4.0,3.0,6,0.0,1,High
3.0,3.0,2.0,1.0,0.0,40.0,52.0,3.0,0.712,3,4.0,3.0,3.0,4.0,1.0,1.0,2.0,2.0,1.0,2.0,4,5,3,3.0,3.0,4.0,3.0,3.0,2.0,3.0,4.0,4,3.0,0,Medium
4.0,3.0,3.0,1.0,1.0,40.0,50.0,3.0,0.242,3,4.0,3.0,2.0,4.0,1.0,1.0,1.0,1.0,1.0,1.0,4,3,6,3.0,4.0,4.0,3.0,4.0,1.0,3.0,3.0,6,0.0,0,Medium
4.0,3.0,2.0,6.0,0.0,50.0,29.0,3.0,-0.909,3,5.0,5.0,1.0,4.0,2.0,2.0,1.0,2.0,2.0,1.0,1,1,1,5.0,4.0,4.0,3.0,1.0,2.0,3.0,3.0,5,4.0,0,Low
4.0,4.0,3.0,8.0,0.0,51.0,72.0,4.0,1.267,3,5.0,5.0,5.0,5.0,1.0,1.0,1.0,1.0,1.0,1.0,2,2,4,3.0,4.0,3.0,3.0,5.0,1.0,3.0,3.0,7,0.0,1,High
3.0,3.0,4.0,3.0,0.0,44.0,41.0,3.0,-0.57,2,3.0,2.0,1.0,2.0,2.0,2.0,2.0,2.0,1.0,1.0,1,1,1,3.0,3.0,3.0,3.0,2.0,3.0,2.0,3.0,1,4.0,0,Low
5.0,3.0,3.0,1.0,1.0,31.0,69.0,3.0,0.712,3,5.0,4.0,5.0,3.0,1.0,1.0,1.0,1.0,1.0,1.0,4,3,9,2.0,2.0,4.0,1.0,6.0,2.0,3.0,3.0,1,0.0,1,High
5.0,3.0,4.0,3.0,1.0,50.0,60.0,4.0,0.712,3,5.0,4.0,4.0,4.0,1.0,1.0,1.0,1.0,1.0,1.0,3,2,5,3.0,4.0,4.0,3.0,2.0,2.0,4.0,4.0,6,0.0,1,Medium
3.0,2.0,4.0,6.0,0.0,35.0,35.0,3.0,-0.57,2,2.0,2.0,2.0,4.0,3.0,2.0,3.0,2.0,2.0,2.0,1,1,1,3.0,3.0,4.0,3.0,3.0,3.0,2.0,2.0,5,6.0,0,Low
4.0,3.0,3.0,1.0,0.0,46.0,62.0,2.0,-0.57,3,5.0,4.0,3.0,5.0,1.0,1.0,1.0,1.0,1.0,1.0,4,3,5,5.0,3.0,3.0,2.0,4.0,2.0,3.0,3.0,6,0.0,1,High
1.0,3.0,5.0,7.0,0.0,66.0,28.0,3.0,-1.485,1,3.0,1.0,1.0,3.0,3.0,3.0,3.0,3.0,1.0,1.0,2,3,1,1.0,3.0,1.0,3.0,1.0,3.0,3.0,1.0,3,4.0,0,Low
4.0,2.0,4.0,6.0,0.0,25.0,37.0,1.0,-1.215,2,1.0,1.0,1.0,4.0,2.0,2.0,1.0,2.0,3.0,3.0,1,2,1,4.0,3.0,3.0,1.0,1.0,2.0,3.0,2.0,4,5.0,0,Low
5.0,4.0,3.0,2.0,0.0,45.0,68.0,4.0,-0.909,3,5.0,3.0,5.0,5.0,1.0,1.0,1.0,1.0,1.0,1.0,3,2,7,4.0,3.0,3.0,3.0,4.0,2.0,3.0,3.0,5,0.0,1,High
5.0,5.0,1.0,2.0,1.0,85.0,86.0,4.0,-0.909,3,5.0,5.0,5.0,5.0,1.0,1.0,1.0,1.0,1.0,1.0,4,3,3,5.0,5.0,5.0,5.0,6.0,4.0,4.0,4.0,3,0.0,1,High
4.0,4.0,3.0,2.0,0.0,55.0,60.0,4.0,-0.909,3,5.0,4.0,5.0,4.0,1.0,1.0,1.0,1.0,1.0,1.0,3,3,8,4.0,2.0,4.0,2.0,5.0,2.0,3.0,3.0,1,0.0,1,Medium
4.0,4.0,3.0,1.0,0.0,48.0,56.0,2.0,-0.57,3,5.0,5.0,5.0,4.0,1.0,1.0,1.0,1.0,1.0,1.0,2,2,3,4.0,4.0,3.0,4.0,3.0,2.0,3.0,3.0,8,0.0,1,Medium
5.0,4.0,4.0,7.0,0.0,76.0,40.0,3.0,-0.57,3,5.0,3.0,1.0,5.0,2.0,2.0,1.0,2.0,2.0,1.0,2,2,1,5.0,5.0,5.0,5.0,2.0,1.0,3.0,4.0,4,4.0,0,Low
4.0,3.0,2.0,8.0,1.0,49.0,59.0,3.0,-0.909,2,4.0,4.0,4.0,4.0,1.0,1.0,1.0,1.0,1.0,1.0,2,2,5,4.0,4.0,4.0,2.0,4.0,2.0,3.0,3.0,5,0.0,1,Medium
5.0,4.0,3.0,8.0,1.0,75.0,68.0,3.0,0.242,3,5.0,5.0,4.0,5.0,1.0,1.0,1.0,1.0,1.0,1.0,3,2,5,5.0,4.0,4.0,3.0,5.0,1.0,3.0,3.0,7,0.0,1,High
5.0,4.0,3.0,1.0,0.0,35.0,67.0,3.0,0.242,3,5.0,5.0,5.0,1.0,1.0,1.0,1.0,1.0,1.0,1.0,2,1,2,4.0,1.0,1.0,1.0,3.0,3.0,3.0,3.0,5,0.0,1,High
5.0,5.0,2.0,1.0,1.0,73.0,53.0,3.0,-0.909,1,5.0,5.0,4.0,5.0,1.0,1.0,1.0,1.0,1.0,1.0,3,4,7,5.0,5.0,5.0,5.0,6.0,1.0,4.0,4.0,4,0.0,0,Medium
5.0,3.0,5.0,5.0,1.0,44.0,51.0,4.0,0.712,3,5.0,4.0,5.0,4.0,3.0,1.0,2.0,2.0,1.0,1.0,3,1,1,2.0,2.0,4.0,4.0,2.0,3.0,2.0,3.0,1,3.0,0,Medium
5.0,3.0,4.0,4.0,1.0,38.0,25.0,2.0,0.242,3,5.0,3.0,1.0,4.0,2.0,2.0,1.0,2.0,1.0,1.0,2,3,6,4.0,4.0,4.0,3.0,1.0,1.0,3.0,2.0,5,3.0,0,Low
5.0,4.0,2.0,2.0,1.0,53.0,66.0,4.0,0.712,3,5.0,4.0,5.0,5.0,1.0,1.0,1.0,1.0,1.0,1.0,3,1,7,4.0,4.0,4.0,3.0,5.0,2.0,4.0,4.0,6,0.0,1,High
4.0,3.0,3.0,2.0,1.0,38.0,48.0,3.0,0.242,2,3.0,3.0,3.0,3.0,1.0,1.0,1.0,1.0,1.0,2.0,2,4,8,3.0,3.0,4.0,3.0,4.0,,,3.0,4,1.0,0,Medium
4.0,4.0,5.0,2.0,1.0,41.0,51.0,4.0,-1.215,2,5.0,4.0,5.0,3.0,1.0,1.0,1.0,2.0,1.0,1.0,3,2,8,4.0,4.0,4.0,4.0,4.0,2.0,3.0,3.0,2,1.0,0,Medium
2.0,3.0,4.0,8.0,0.0,42.0,53.0,3.0,-1.215,1,5.0,5.0,5.0,5.0,1.0,1.0,1.0,1.0,1.0,1.0,3,2,1,4.0,4.0,4.0,4.0,4.0,1.0,3.0,3.0,6,0.0,0,Medium
1.0,1.0,,,,10.0,70.0,,-2.053,0,5.0,5.0,5.0,5.0,,,,,,,3,2,1,3.0,3.0,3.0,3.0,3.0,,,,8,,1,High
5.0,5.0,4.0,2.0,1.0,75.0,75.0,4.0,0.242,3,5.0,5.0,5.0,5.0,1.0,1.0,1.0,1.0,1.0,1.0,5,2,8,5.0,5.0,5.0,3.0,6.0,1.0,3.0,4.0,4,0.0,1,High
4.0,3.0,3.0,2.0,0.0,43.0,54.0,3.0,-0.57,2,4.0,3.0,1.0,4.0,2.0,2.0,1.0,2.0,2.0,1.0,1,5,1,4.0,3.0,3.0,2.0,3.0,1.0,3.0,3.0,1,4.0,0,Medium
5.0,4.0,1.0,8.0,1.0,49.0,72.0,4.0,-0.57,2,5.0,5.0,5.0,5.0,1.0,1.0,1.0,1.0,1.0,1.0,2,2,5,3.0,4.0,4.0,3.0,6.0,1.0,4.0,4.0,7,0.0,1,High
5.0,5.0,2.0,8.0,1.0,85.0,95.0,4.0,-0.909,2,5.0,5.0,5.0,5.0,1.0,1.0,1.0,1.0,1.0,1.0,3,2,8,5.0,5.0,5.0,5.0,6.0,1.0,4.0,4.0,7,0.0,1,High
5.0,5.0,2.0,8.0,1.0,48.0,63.0,4.0,0.712,2,5.0,4.0,3.0,5.0,1.0,1.0,1.0,1.0,1.0,1.0,3,2,7,4.0,4.0,4.0,4.0,5.0,3.0,3.0,3.0,7,0.0,1,High
5.0,3.0,2.0,8.0,0.0,51.0,74.0,3.0,0.712,3,5.0,5.0,5.0,4.0,1.0,1.0,1.0,1.0,1.0,1.0,3,2,8,4.0,3.0,3.0,2.0,1.0,2.0,3.0,3.0,4,0.0,1,High
5.0,4.0,2.0,8.0,0.0,52.0,82.0,4.0,-0.188,2,5.0,5.0,5.0,2.0,1.0,1.0,1.0,1.0,1.0,1.0,3,1,7,3.0,3.0,3.0,3.0,4.0,3.0,3.0,3.0,5,0.0,1,High
5.0,4.0,4.0,2.0,0.0,58.0,69.0,4.0,1.267,3,5.0,3.0,5.0,4.0,1.0,1.0,1.0,1.0,1.0,1.0,4,4,8,4.0,4.0,2.0,2.0,3.0,2.0,3.0,3.0,3,0.0,1,High
5.0,3.0,3.0,7.0,0.0,30.0,57.0,3.0,-0.188,3,5.0,3.0,5.0,5.0,1.0,1.0,1.0,1.0,1.0,1.0,2,1,4,4.0,3.0,3.0,3.0,5.0,3.0,2.0,3.0,5,0.0,1,Medium
4.0,4.0,4.0,1.0,1.0,47.0,53.0,3.0,0.712,3,5.0,4.0,5.0,5.0,1.0,1.0,1.0,1.0,1.0,1.0,3,1,9,4.0,4.0,4.0,4.0,4.0,2.0,3.0,3.0,5,0.0,0,Medium
4.0,4.0,2.0,2.0,1.0,56.0,56.0,4.0,0.712,3,5.0,4.0,2.0,5.0,1.0,1.0,1.0,1.0,1.0,1.0,5,3,6,4.0,4.0,4.0,4.0,6.0,1.0,4.0,4.0,6,0.0,1,Medium
2.0,2.0,3.0,6.0,0.0,24.0,34.0,2.0,-0.188,3,1.0,1.0,1.0,1.0,1.0,1.0,2.0,2.0,2.0,2.0,1,1,6,1.0,1.0,1.0,1.0,1.0,3.0,2.0,3.0,4,4.0,0,Low
5.0,5.0,4.0,2.0,1.0,56.0,72.0,4.0,-0.57,3,5.0,5.0,5.0,5.0,1.0,1.0,1.0,1.0,1.0,1.0,4,3,8,5.0,5.0,5.0,4.0,6.0,1.0,3.0,4.0,5,0.0,1,High
5.0,5.0,5.0,7.0,0.0,73.0,40.0,4.0,-1.485,1,5.0,5.0,5.0,5.0,3.0,3.0,3.0,3.0,3.0,3.0,1,1,1,4.0,4.0,4.0,4.0,5.0,4.0,4.0,4.0,3,6.0,0,Low
4.0,4.0,3.0,8.0,0.0,48.0,61.0,4.0,-0.57,3,5.0,5.0,5.0,5.0,1.0,1.0,1.0,1.0,1.0,1.0,5,2,6,4.0,4.0,4.0,4.0,5.0,2.0,4.0,3.0,8,0.0,1,High
5.0,4.0,1.0,8.0,0.0,49.0,60.0,3.0,0.242,3,5.0,4.0,1.0,5.0,1.0,1.0,1.0,1.0,1.0,1.0,4,3,1,5.0,4.0,4.0,4.0,2.0,2.0,3.0,3.0,8,0.0,1,Medium
5.0,3.0,2.0,4.0,1.0,47.0,47.0,3.0,0.242,3,5.0,3.0,1.0,5.0,1.0,2.0,1.0,2.0,1.0,1.0,2,3,3,4.0,3.0,3.0,3.0,4.0,2.0,3.0,3.0,4,2.0,0,Medium
4.0,3.0,3.0,2.0,0.0,35.0,45.0,3.0,-1.215,2,4.0,4.0,3.0,4.0,2.0,2.0,1.0,2.0,1.0,1.0,3,3,3,4.0,4.0,4.0,4.0,4.0,2.0,4.0,2.0,2,3.0,0,Medium
5.0,3.0,3.0,5.0,1.0,42.0,50.0,3.0,-0.188,2,5.0,4.0,2.0,4.0,1.0,1.0,1.0,1.0,1.0,1.0,2,2,7,5.0,4.0,3.0,3.0,4.0,1.0,3.0,3.0,3,0.0,0,Medium
5.0,4.0,2.0,8.0,1.0,50.0,73.0,4.0,0.712,3,5.0,5.0,5.0,5.0,1.0,1.0,1.0,1.0,1.0,1.0,2,2,4,4.0,4.0,4.0,4.0,6.0,1.0,3.0,4.0,8,0.0,1,High
2.0,2.0,2.0,3.0,1.0,15.0,49.0,2.0,-0.188,3,2.0,3.0,1.0,1.0,1.0,1.0,1.0,1.0,1.0,1.0,3,1,2,1.0,2.0,2.0,2.0,3.0,3.0,2.0,2.0,3,0.0,0,Medium
4.0,4.0,1.0,8.0,1.0,51.0,66.0,4.0,-0.188,3,5.0,4.0,2.0,2.0,1.0,1.0,1.0,1.0,1.0,1.0,3,2,4,4.0,4.0,4.0,4.0,3.0,3.0,3.0,3.0,8,0.0,1,High
5.0,5.0,2.0,2.0,1.0,81.0,71.0,4.0,-0.188,2,5.0,4.0,3.0,5.0,1.0,1.0,1.0,1.0,1.0,1.0,3,3,7,5.0,5.0,5.0,5.0,3.0,2.0,3.0,4.0,3,0.0,1,High
4.0,4.0,3.0,8.0,1.0,40.0,58.0,2.0,0.242,3,5.0,4.0,5.0,4.0,1.0,1.0,1.0,1.0,1.0,1.0,3,1,1,4.0,4.0,4.0,3.0,3.0,1.0,3.0,3.0,6,0.0,1,Medium
3.0,2.0,3.0,3.0,0.0,34.0,31.0,3.0,0.242,3,3.0,3.0,2.0,3.0,1.0,1.0,1.0,1.0,1.0,1.0,3,5,9,3.0,4.0,4.0,3.0,2.0,3.0,3.0,3.0,1,0.0,0,Low
5.0,4.0,2.0,2.0,1.0,69.0,69.0,4.0,0.712,3,5.0,5.0,5.0,4.0,1.0,1.0,1.0,1.0,1.0,1.0,4,1,7,4.0,4.0,5.0,4.0,6.0,1.0,3.0,4.0,4,0.0,1,High
5.0,4.0,4.0,1.0,0.0,64.0,76.0,4.0,-0.188,2,5.0,5.0,5.0,4.0,1.0,1.0,1.0,1.0,1.0,1.0,3,1,8,4.0,3.0,4.0,5.0,6.0,2.0,3.0,3.0,4,0.0,1,High
4.0,3.0,4.0,2.0,0.0,38.0,44.0,2.0,-1.713,2,3.0,3.0,3.0,3.0,1.0,1.0,1.0,1.0,1.0,1.0,1,5,5,4.0,3.0,3.0,2.0,2.0,4.0,3.0,3.0,3,0.0,0,Medium
5.0,4.0,4.0,2.0,1.0,59.0,65.0,4.0,1.267,3,5.0,3.0,5.0,4.0,1.0,1.0,1.0,1.0,1.0,1.0,3,2,8,2.0,2.0,4.0,2.0,6.0,2.0,3.0,4.0,4,0.0,1,High
4.0,4.0,3.0,2.0,1.0,53.0,70.0,3.0,0.712,2,5.0,4.0,5.0,4.0,1.0,1.0,1.0,1.0,1.0,1.0,5,2,7,4.0,3.0,4.0,4.0,5.0,1.0,3.0,3.0,3,0.0,1,High
5.0,5.0,2.0,2.0,1.0,75.0,86.0,4.0,-0.57,3,5.0,5.0,5.0,5.0,1.0,1.0,1.0,1.0,1.0,1.0,4,2,9,4.0,3.0,4.0,4.0,6.0,1.0,3.0,3.0,6,0.0,1,High
5.0,4.0,3.0,3.0,1.0,43.0,48.0,3.0,-0.188,2,4.0,4.0,5.0,4.0,1.0,1.0,2.0,1.0,1.0,1.0,3,5,8,4.0,4.0,4.0,4.0,6.0,2.0,3.0,3.0,1,1.0,0,Medium
4.0,4.0,1.0,8.0,0.0,41.0,58.0,4.0,-1.713,2,5.0,4.0,2.0,5.0,1.0,1.0,1.0,1.0,1.0,1.0,1,1,1,4.0,4.0,4.0,4.0,2.0,3.0,3.0,3.0,6,0.0,1,Medium
5.0,4.0,3.0,8.0,0.0,66.0,75.0,4.0,-0.188,2,5.0,1.0,5.0,5.0,1.0,1.0,1.0,1.0,1.0,1.0,3,1,4,2.0,3.0,3.0,2.0,5.0,2.0,4.0,3.0,8,0.0,1,High
3.0,3.0,4.0,2.0,0.0,42.0,49.0,3.0,-0.57,2,3.0,3.0,3.0,3.0,1.0,1.0,1.0,1.0,1.0,1.0,2,4,7,3.0,3.0,3.0,3.0,5.0,3.0,3.0,3.0,3,0.0,0,Medium
4.0,4.0,3.0,3.0,0.0,52.0,52.0,4.0,0.242,2,5.0,5.0,5.0,5.0,1.0,1.0,1.0,1.0,1.0,1.0,4,3,5,3.0,2.0,3.0,2.0,5.0,1.0,4.0,3.0,5,0.0,0,Medium
5.0,3.0,5.0,6.0,1.0,56.0,53.0,3.0,0.242,3,5.0,4.0,1.0,3.0,1.0,1.0,1.0,2.0,2.0,1.0,3,1,9,4.0,4.0,4.0,2.0,4.0,3.0,3.0,3.0,5,2.0,0,Medium
5.0,5.0,4.0,8.0,0.0,85.0,95.0,4.0,-0.909,2,5.0,5.0,5.0,5.0,1.0,1.0,1.0,1.0,1.0,1.0,2,2,1,5.0,5.0,5.0,5.0,6.0,1.0,3.0,3.0,6,0.0,1,High
5.0,4.0,3.0,2.0,1.0,58.0,65.0,4.0,0.712,3,5.0,4.0,5.0,4.0,1.0,1.0,1.0,1.0,1.0,1.0,3,2,6,4.0,4.0,5.0,4.0,5.0,1.0,3.0,3.0,4,0.0,1,High
3.0,3.0,4.0,4.0,0.0,29.0,43.0,2.0,-0.909,1,3.0,1.0,1.0,4.0,3.0,3.0,1.0,2.0,2.0,1.0,2,5,4,2.0,4.0,3.0,3.0,1.0,3.0,2.0,3.0,2,4.0,0,Low
5.0,4.0,3.0,8.0,1.0,50.0,61.0,3.0,0.242,3,5.0,4.0,4.0,5.0,1.0,1.0,1.0,1.0,1.0,1.0,4,5,4,5.0,4.0,5.0,4.0,4.0,2.0,3.0,3.0,8,0.0,1,High
4.0,3.0,4.0,2.0,0.0,44.0,48.0,2.0,0.712,3,3.0,3.0,3.0,3.0,2.0,3.0,2.0,2.0,2.0,1.0,2,5,5,3.0,3.0,3.0,3.0,2.0,2.0,3.0,2.0,5,5.0,0,Medium
5.0,5.0,3.0,1.0,1.0,85.0,86.0,4.0,1.267,3,5.0,5.0,5.0,5.0,1.0,1.0,1.0,1.0,1.0,1.0,3,4,9,1.0,1.0,5.0,1.0,6.0,1.0,4.0,4.0,2,0.0,1,High
4.0,3.0,3.0,2.0,1.0,42.0,47.0,3.0,0.242,3,5.0,4.0,3.0,5.0,1.0,1.0,1.0,1.0,1.0,1.0,3,2,8,4.0,4.0,4.0,3.0,4.0,1.0,2.0,3.0,4,0.0,0,Medium
5.0,5.0,3.0,1.0,0.0,54.0,75.0,3.0,-0.909,3,5.0,5.0,5.0,5.0,1.0,1.0,1.0,1.0,1.0,1.0,4,1,4,3.0,4.0,3.0,3.0,5.0,3.0,3.0,3.0,4,0.0,1,High
2.0,3.0,4.0,2.0,1.0,59.0,38.0,3.0,-0.909,2,4.0,2.0,1.0,5.0,2.0,3.0,3.0,3.0,3.0,1.0,3,4,2,4.0,4.0,4.0,4.0,6.0,4.0,4.0,4.0,2,5.0,0,Low
4.0,4.0,3.0,8.0,0.0,53.0,63.0,3.0,1.267,3,5.0,5.0,5.0,5.0,1.0,1.0,1.0,1.0,1.0,1.0,2,1,2,5.0,5.0,5.0,5.0,6.0,2.0,3.0,3.0,8,0.0,1,High
4.0,4.0,2.0,2.0,1.0,58.0,57.0,4.0,0.712,3,5.0,5.0,5.0,5.0,1.0,1.0,1.0,1.0,1.0,1.0,4,2,9,3.0,4.0,4.0,3.0,6.0,2.0,3.0,4.0,4,0.0,1,Medium
3.0,3.0,4.0,2.0,1.0,40.0,50.0,3.0,-1.713,0,3.0,3.0,1.0,3.0,2.0,2.0,1.0,1.0,1.0,1.0,4,2,3,3.0,4.0,4.0,3.0,4.0,3.0,3.0,3.0,1,2.0,0,Medium
4.0,3.0,3.0,8.0,0.0,49.0,51.0,3.0,-0.909,3,5.0,5.0,1.0,5.0,3.0,2.0,1.0,1.0,1.0,1.0,2,2,1,5.0,5.0,4.0,4.0,4.0,1.0,3.0,3.0,6,2.0,0,Medium
4.0,3.0,2.0,5.0,0.0,44.0,56.0,3.0,0.242,3,5.0,4.0,1.0,3.0,1.0,1.0,1.0,1.0,1.0,1.0,3,4,8,4.0,4.0,4.0,2.0,5.0,2.0,2.0,3.0,1,0.0,1,Medium
4.0,4.0,4.0,2.0,1.0,78.0,61.0,3.0,0.712,3,5.0,4.0,4.0,5.0,1.0,1.0,1.0,1.0,1.0,1.0,4,4,7,4.0,4.0,4.0,4.0,5.0,1.0,3.0,4.0,5,0.0,1,High
5.0,5.0,3.0,8.0,1.0,72.0,80.0,4.0,1.267,3,5.0,4.0,5.0,5.0,1.0,1.0,1.0,1.0,1.0,1.0,4,2,9,5.0,5.0,5.0,5.0,6.0,1.0,3.0,4.0,6,0.0,1,High
3.0,3.0,4.0,2.0,1.0,50.0,40.0,3.0,1.267,3,5.0,5.0,4.0,5.0,1.0,1.0,1.0,1.0,1.0,1.0,4,1,7,5.0,4.0,4.0,4.0,4.0,4.0,3.0,3.0,4,0.0,0,Low
3.0,2.0,3.0,8.0,0.0,29.0,51.0,2.0,-0.909,2,3.0,3.0,1.0,5.0,1.0,1.0,1.0,1.0,1.0,1.0,5,1,7,3.0,2.0,2.0,2.0,2.0,1.0,3.0,3.0,5,0.0,0,Medium
5.0,5.0,3.0,8.0,0.0,69.0,74.0,4.0,0.242,3,5.0,5.0,5.0,5.0,1.0,1.0,1.0,1.0,1.0,1.0,2,2,7,1.0,1.0,1.0,3.0,6.0,1.0,3.0,3.0,6,0.0,1,High
4.0,4.0,1.0,8.0,0.0,47.0,64.0,3.0,1.267,3,5.0,4.0,5.0,5.0,1.0,1.0,1.0,1.0,1.0,1.0,3,1,6,4.0,4.0,4.0,4.0,2.0,2.0,2.0,2.0,7,0.0,1,High
3.0,3.0,3.0,2.0,0.0,41.0,55.0,3.0,-0.909,1,3.0,4.0,2.0,4.0,1.0,1.0,1.0,1.0,1.0,1.0,2,1,3,3.0,3.0,3.0,3.0,5.0,2.0,3.0,3.0,3,0.0,1,Medium
5.0,4.0,3.0,2.0,1.0,58.0,59.0,4.0,-0.909,2,5.0,4.0,3.0,4.0,1.0,1.0,1.0,3.0,2.0,1.0,2,3,3,5.0,5.0,5.0,4.0,4.0,1.0,4.0,4.0,4,2.0,1,Medium
4.0,4.0,3.0,5.0,1.0,55.0,50.0,3.0,-0.909,2,1.0,1.0,4.0,3.0,1.0,1.0,1.0,1.0,1.0,1.0,3,1,8,3.0,4.0,4.0,4.0,1.0,2.0,3.0,3.0,1,0.0,0,Medium
5.0,4.0,2.0,1.0,0.0,54.0,67.0,4.0,1.267,3,5.0,5.0,5.0,4.0,1.0,1.0,1.0,1.0,1.0,1.0,5,2,7,2.0,4.0,3.0,3.0,6.0,1.0,4.0,4.0,7,0.0,1,High
4.0,4.0,4.0,2.0,1.0,55.0,58.0,3.0,0.712,3,5.0,4.0,4.0,4.0,1.0,1.0,1.0,1.0,1.0,1.0,3,3,9,4.0,4.0,4.0,4.0,5.0,2.0,3.0,3.0,5,0.0,1,Medium
3.0,3.0,2.0,8.0,0.0,57.0,61.0,3.0,-0.909,2,5.0,4.0,1.0,5.0,1.0,1.0,1.0,1.0,1.0,1.0,3,1,2,4.0,4.0,4.0,4.0,5.0,3.0,3.0,3.0,8,0.0,1,High
5.0,5.0,4.0,8.0,0.0,42.0,69.0,4.0,0.242,3,5.0,5.0,5.0,5.0,1.0,1.0,1.0,1.0,1.0,1.0,4,2,8,1.0,1.0,4.0,3.0,6.0,2.0,3.0,4.0,5,0.0,1,High
4.0,4.0,4.0,8.0,0.0,38.0,66.0,4.0,-0.57,3,5.0,4.0,2.0,4.0,1.0,1.0,1.0,1.0,1.0,1.0,3,3,8,3.0,4.0,4.0,3.0,4.0,2.0,2.0,3.0,8,0.0,1,High
2.0,3.0,2.0,3.0,0.0,53.0,59.0,3.0,-0.188,2,5.0,5.0,5.0,5.0,1.0,1.0,1.0,1.0,1.0,1.0,1,4,1,5.0,5.0,3.0,4.0,6.0,1.0,4.0,3.0,4,0.0,1,Medium
4.0,4.0,2.0,2.0,0.0,53.0,54.0,3.0,-0.188,3,5.0,4.0,3.0,4.0,1.0,1.0,1.0,1.0,1.0,1.0,4,4,7,4.0,4.0,4.0,4.0,5.0,2.0,3.0,3.0,3,0.0,0,Medium
4.0,4.0,3.0,3.0,1.0,56.0,57.0,4.0,-0.188,3,5.0,4.0,4.0,5.0,1.0,1.0,1.0,1.0,1.0,1.0,2,2,5,4.0,4.0,4.0,3.0,6.0,4.0,3.0,3.0,6,0.0,1,Medium
4.0,2.0,4.0,3.0,0.0,35.0,32.0,3.0,-0.909,2,5.0,2.0,1.0,5.0,3.0,3.0,1.0,2.0,1.0,1.0,2,2,1,4.0,4.0,4.0,4.0,2.0,3.0,3.0,3.0,2,3.0,0,Low
5.0,4.0,3.0,8.0,1.0,54.0,50.0,4.0,0.712,3,5.0,4.0,5.0,5.0,1.0,1.0,1.0,1.0,1.0,1.0,3,1,3,5.0,4.0,4.0,3.0,4.0,2.0,3.0,3.0,8,0.0,0,Medium
5.0,4.0,2.0,8.0,1.0,57.0,80.0,4.0,1.267,3,5.0,5.0,5.0,5.0,1.0,1.0,1.0,1.0,1.0,1.0,4,2,6,4.0,4.0,5.0,4.0,5.0,2.0,4.0,4.0,7,0.0,1,High
4.0,4.0,3.0,3.0,0.0,45.0,42.0,3.0,-0.909,3,5.0,5.0,5.0,5.0,1.0,2.0,2.0,1.0,1.0,1.0,3,5,7,4.0,4.0,4.0,2.0,4.0,2.0,3.0,3.0,1,2.0,0,Low
3.0,3.0,3.0,8.0,0.0,36.0,50.0,3.0,0.712,3,4.0,3.0,4.0,5.0,1.0,1.0,1.0,1.0,1.0,1.0,1,1,5,4.0,4.0,2.0,3.0,3.0,3.0,3.0,2.0,8,0.0,0,Medium
4.0,4.0,1.0,8.0,0.0,54.0,84.0,4.0,-0.188,2,5.0,3.0,5.0,5.0,1.0,1.0,1.0,1.0,1.0,1.0,2,2,6,4.0,3.0,3.0,4.0,4.0,3.0,3.0,3.0,8,0.0,1,High
4.0,4.0,4.0,2.0,1.0,58.0,47.0,2.0,-0.188,3,4.0,4.0,1.0,4.0,1.0,1.0,1.0,1.0,1.0,1.0,2,5,3,5.0,4.0,3.0,3.0,3.0,1.0,3.0,3.0,3,0.0,0,Medium
4.0,4.0,2.0,8.0,0.0,47.0,81.0,3.0,-0.188,3,5.0,4.0,5.0,4.0,1.0,1.0,1.0,1.0,1.0,1.0,4,2,7,4.0,3.0,4.0,3.0,5.0,1.0,3.0,3.0,8,0.0,1,High
3.0,3.0,5.0,2.0,1.0,41.0,48.0,3.0,-0.909,3,4.0,4.0,1.0,5.0,3.0,2.0,2.0,1.0,2.0,2.0,3,3,1,5.0,5.0,3.0,4.0,3.0,3.0,2.0,3.0,2,5.0,0,Medium
5.0,5.0,2.0,8.0,1.0,60.0,75.0,4.0,-0.188,3,5.0,4.0,5.0,5.0,1.0,1.0,1.0,1.0,1.0,1.0,3,2,6,3.0,3.0,4.0,4.0,6.0,1.0,3.0,4.0,7,0.0,1,High
4.0,4.0,2.0,,1.0,57.0,49.0,4.0,-1.215,1,4.0,4.0,4.0,4.0,1.0,1.0,1.0,1.0,1.0,1.0,3,2,7,3.0,3.0,4.0,4.0,5.0,2.0,4.0,4.0,6,0.0,0,Medium
4.0,4.0,3.0,8.0,1.0,58.0,66.0,4.0,-0.188,3,5.0,4.0,3.0,5.0,1.0,1.0,1.0,1.0,1.0,1.0,3,2,7,4.0,4.0,4.0,4.0,5.0,3.0,3.0,3.0,7,0.0,1,High
5.0,5.0,2.0,8.0,1.0,57.0,69.0,4.0,1.267,3,5.0,5.0,5.0,5.0,1.0,1.0,1.0,1.0,1.0,1.0,4,2,9,5.0,5.0,5.0,5.0,6.0,1.0,3.0,3.0,6,0.0,1,High
4.0,4.0,4.0,8.0,1.0,76.0,58.0,4.0,0.712,3,4.0,4.0,2.0,4.0,1.0,1.0,1.0,1.0,1.0,1.0,2,2,7,5.0,5.0,5.0,5.0,4.0,3.0,3.0,3.0,6,0.0,1,Medium
4.0,4.0,4.0,2.0,1.0,55.0,69.0,3.0,-0.57,1,4.0,3.0,4.0,3.0,1.0,1.0,1.0,1.0,1.0,1.0,3,2,4,4.0,4.0,4.0,4.0,5.0,2.0,1.0,1.0,1,0.0,1,High
4.0,4.0,3.0,8.0,1.0,47.0,58.0,4.0,-0.188,2,4.0,4.0,4.0,4.0,1.0,1.0,1.0,1.0,1.0,1.0,3,2,6,3.0,4.0,4.0,4.0,4.0,3.0,3.0,3.0,7,0.0,1,Medium
4.0,4.0,4.0,2.0,1.0,58.0,57.0,4.0,0.242,3,5.0,4.0,2.0,4.0,1.0,1.0,1.0,1.0,1.0,1.0,2,3,7,4.0,4.0,4.0,2.0,5.0,2.0,3.0,3.0,5,0.0,1,Medium
4.0,4.0,3.0,2.0,1.0,53.0,57.0,4.0,-0.909,2,5.0,4.0,3.0,5.0,1.0,1.0,1.0,1.0,1.0,1.0,2,2,7,3.0,3.0,4.0,3.0,2.0,1.0,3.0,3.0,5,0.0,1,Medium
4.0,4.0,3.0,4.0,1.0,46.0,70.0,3.0,1.267,3,5.0,5.0,5.0,5.0,1.0,1.0,1.0,1.0,1.0,1.0,4,1,6,4.0,4.0,4.0,3.0,5.0,2.0,3.0,3.0,8,0.0,1,High
4.0,3.0,5.0,4.0,1.0,56.0,30.0,2.0,-1.215,2,5.0,4.0,5.0,4.0,3.0,2.0,3.0,2.0,2.0,1.0,3,4,3,5.0,5.0,5.0,4.0,2.0,2.0,3.0,3.0,2,5.0,0,Low
5.0,4.0,2.0,2.0,1.0,57.0,61.0,3.0,-0.57,3,5.0,4.0,3.0,4.0,1.0,1.0,1.0,1.0,1.0,1.0,3,2,8,3.0,3.0,4.0,3.0,6.0,3.0,2.0,3.0,5,0.0,1,High
3.0,3.0,5.0,8.0,1.0,40.0,54.0,3.0,-0.188,2,5.0,3.0,2.0,5.0,1.0,1.0,1.0,1.0,1.0,1.0,4,3,8,4.0,4.0,4.0,4.0,6.0,2.0,2.0,2.0,6,0.0,0,Medium
4.0,4.0,4.0,8.0,1.0,57.0,52.0,3.0,-0.188,2,4.0,4.0,1.0,5.0,1.0,1.0,1.0,1.0,1.0,1.0,2,3,1,4.0,4.0,3.0,3.0,5.0,2.0,3.0,3.0,6,0.0,0,Medium
4.0,2.0,3.0,8.0,0.0,37.0,35.0,1.0,-0.57,3,5.0,4.0,1.0,5.0,2.0,1.0,1.0,1.0,1.0,1.0,3,1,1,4.0,4.0,2.0,2.0,2.0,3.0,2.0,2.0,6,1.0,0,Low
5.0,5.0,2.0,8.0,1.0,58.0,57.0,4.0,-0.909,2,5.0,5.0,5.0,5.0,1.0,1.0,1.0,1.0,1.0,1.0,2,2,5,5.0,4.0,3.0,2.0,5.0,1.0,4.0,3.0,6,0.0,1,Medium
5.0,5.0,3.0,1.0,1.0,59.0,73.0,4.0,1.267,3,5.0,5.0,5.0,5.0,1.0,1.0,1.0,1.0,1.0,1.0,3,2,7,5.0,5.0,5.0,4.0,6.0,3.0,4.0,4.0,8,0.0,1,High
3.0,2.0,2.0,2.0,0.0,47.0,49.0,3.0,-1.215,1,5.0,4.0,4.0,5.0,1.0,1.0,1.0,1.0,1.0,1.0,3,2,6,4.0,4.0,4.0,3.0,4.0,1.0,3.0,3.0,4,0.0,0,Medium
5.0,5.0,2.0,8.0,1.0,57.0,63.0,3.0,-0.57,2,5.0,5.0,5.0,5.0,1.0,1.0,1.0,1.0,1.0,1.0,5,1,9,5.0,5.0,5.0,5.0,5.0,1.0,3.0,3.0,8,0.0,1,High
3.0,2.0,3.0,2.0,1.0,37.0,61.0,3.0,-0.909,3,5.0,4.0,4.0,4.0,1.0,1.0,1.0,1.0,1.0,1.0,3,1,4,4.0,5.0,3.0,3.0,6.0,2.0,3.0,4.0,3,0.0,1,High
2.0,3.0,4.0,8.0,1.0,58.0,52.0,3.0,-0.57,2,5.0,5.0,4.0,5.0,2.0,2.0,1.0,1.0,1.0,1.0,2,1,4,5.0,5.0,4.0,4.0,6.0,1.0,3.0,3.0,6,2.0,0,Medium
2.0,2.0,4.0,2.0,0.0,29.0,46.0,,-0.909,1,2.0,2.0,2.0,2.0,3.0,3.0,2.0,3.0,2.0,2.0,2,3,1,3.0,3.0,3.0,3.0,3.0,2.0,2.0,2.0,1,6.0,0,Medium
4.0,3.0,3.0,8.0,0.0,39.0,52.0,3.0,0.712,3,5.0,4.0,5.0,5.0,1.0,1.0,1.0,3.0,2.0,1.0,1,2,3,4.0,4.0,4.0,3.0,2.0,1.0,3.0,2.0,8,2.0,0,Medium
4.0,3.0,3.0,8.0,0.0,51.0,59.0,3.0,-1.215,3,5.0,5.0,5.0,5.0,1.0,1.0,1.0,1.0,1.0,1.0,2,2,2,3.0,3.0,3.0,3.0,6.0,3.0,3.0,3.0,8,0.0,1,Medium
4.0,3.0,3.0,4.0,0.0,46.0,44.0,4.0,-0.57,1,5.0,5.0,5.0,5.0,2.0,2.0,1.0,2.0,1.0,1.0,1,3,4,4.0,4.0,4.0,3.0,5.0,3.0,3.0,3.0,4,3.0,0,Medium
5.0,4.0,3.0,4.0,1.0,56.0,61.0,3.0,1.267,3,5.0,4.0,5.0,5.0,1.0,1.0,1.0,1.0,1.0,1.0,2,5,6,5.0,4.0,4.0,3.0,5.0,2.0,3.0,3.0,3,0.0,1,High
5.0,3.0,3.0,6.0,0.0,42.0,52.0,3.0,-1.215,2,5.0,4.0,1.0,5.0,1.0,1.0,1.0,2.0,2.0,1.0,1,2,2,4.0,4.0,4.0,4.0,4.0,3.0,3.0,3.0,4,2.0,0,Medium
4.0,3.0,3.0,8.0,1.0,46.0,55.0,3.0,-0.57,3,5.0,4.0,5.0,5.0,1.0,1.0,1.0,1.0,1.0,1.0,3,2,3,4.0,4.0,4.0,4.0,5.0,2.0,3.0,3.0,6,0.0,1,Medium
4.0,4.0,2.0,8.0,0.0,49.0,71.0,3.0,-0.57,2,5.0,5.0,5.0,5.0,1.0,1.0,1.0,1.0,1.0,1.0,3,2,8,3.0,4.0,3.0,4.0,4.0,2.0,3.0,3.0,8,0.0,1,High
4.0,4.0,2.0,8.0,0.0,55.0,95.0,3.0,1.267,3,5.0,5.0,5.0,5.0,1.0,1.0,1.0,1.0,1.0,1.0,5,1,5,4.0,4.0,3.0,3.0,6.0,2.0,4.0,4.0,8,0.0,1,High
5.0,3.0,3.0,2.0,0.0,44.0,44.0,3.0,-0.57,3,5.0,3.0,1.0,3.0,1.0,1.0,1.0,1.0,1.0,1.0,2,4,6,1.0,1.0,1.0,1.0,1.0,2.0,3.0,3.0,3,0.0,0,Medium
4.0,3.0,2.0,1.0,1.0,46.0,56.0,3.0,0.712,3,5.0,3.0,4.0,4.0,1.0,1.0,1.0,1.0,1.0,1.0,3,2,9,2.0,3.0,3.0,3.0,4.0,2.0,3.0,3.0,5,0.0,1,Medium
4.0,4.0,3.0,2.0,1.0,58.0,60.0,4.0,0.242,3,4.0,4.0,2.0,2.0,1.0,1.0,1.0,1.0,1.0,1.0,4,5,9,4.0,4.0,5.0,4.0,4.0,1.0,2.0,3.0,2,0.0,1,Medium
3.0,3.0,3.0,6.0,0.0,41.0,33.0,3.0,-0.909,2,4.0,3.0,1.0,5.0,1.0,1.0,1.0,1.0,1.0,1.0,3,4,3,3.0,3.0,3.0,3.0,3.0,1.0,3.0,3.0,6,0.0,0,Low
4.0,4.0,3.0,8.0,1.0,79.0,86.0,4.0,-1.485,1,5.0,5.0,5.0,5.0,1.0,1.0,1.0,1.0,1.0,1.0,2,2,7,5.0,5.0,5.0,5.0,6.0,3.0,3.0,3.0,6,0.0,1,High
3.0,2.0,4.0,8.0,1.0,41.0,54.0,2.0,-1.215,2,5.0,5.0,2.0,5.0,2.0,1.0,1.0,1.0,1.0,1.0,3,1,1,4.0,4.0,3.0,3.0,4.0,2.0,3.0,2.0,5,1.0,0,Medium
5.0,5.0,3.0,8.0,1.0,82.0,67.0,4.0,-0.909,3,5.0,5.0,5.0,5.0,1.0,1.0,1.0,1.0,1.0,1.0,4,1,1,5.0,5.0,5.0,5.0,6.0,2.0,4.0,4.0,4,0.0,1,High
3.0,3.0,4.0,2.0,0.0,42.0,38.0,2.0,-0.188,2,5.0,3.0,2.0,4.0,1.0,1.0,1.0,1.0,1.0,1.0,1,5,8,4.0,2.0,2.0,2.0,2.0,3.0,2.0,2.0,4,0.0,0,Low
4.0,4.0,1.0,8.0,1.0,73.0,78.0,4.0,0.242,3,5.0,4.0,4.0,5.0,1.0,1.0,1.0,1.0,1.0,1.0,5,1,5,4.0,4.0,4.0,3.0,6.0,2.0,3.0,3.0,8,0.0,1,High
5.0,4.0,2.0,8.0,1.0,58.0,65.0,4.0,-0.188,2,5.0,1.0,5.0,5.0,1.0,1.0,1.0,1.0,2.0,1.0,4,4,9,5.0,5.0,5.0,5.0,6.0,2.0,4.0,4.0,6,1.0,1,High
5.0,5.0,2.0,8.0,1.0,57.0,64.0,4.0,0.242,2,5.0,4.0,2.0,5.0,1.0,1.0,1.0,1.0,1.0,1.0,3,3,7,4.0,4.0,5.0,4.0,5.0,1.0,3.0,3.0,6,0.0,1,High
4.0,4.0,4.0,2.0,1.0,58.0,54.0,4.0,-1.713,2,5.0,4.0,4.0,4.0,1.0,1.0,1.0,1.0,1.0,1.0,2,4,1,4.0,4.0,4.0,4.0,5.0,3.0,3.0,3.0,4,0.0,0,Medium
2.0,4.0,5.0,2.0,1.0,65.0,59.0,4.0,-0.57,3,5.0,3.0,4.0,5.0,1.0,1.0,1.0,1.0,1.0,1.0,2,2,6,5.0,4.0,5.0,4.0,5.0,2.0,2.0,3.0,2,0.0,1,Medium
3.0,2.0,3.0,8.0,0.0,31.0,50.0,2.0,0.242,2,3.0,3.0,1.0,4.0,2.0,2.0,1.0,2.0,2.0,1.0,2,1,2,4.0,3.0,2.0,2.0,2.0,1.0,2.0,1.0,7,4.0,0,Medium
4.0,4.0,2.0,2.0,1.0,56.0,59.0,4.0,1.267,3,5.0,5.0,4.0,5.0,1.0,1.0,1.0,1.0,1.0,1.0,3,1,5,4.0,4.0,4.0,4.0,5.0,2.0,3.0,3.0,4,0.0,1,Medium
5.0,2.0,5.0,5.0,0.0,30.0,39.0,4.0,-0.57,2,5.0,2.0,1.0,1.0,1.0,1.0,1.0,1.0,1.0,1.0,3,4,3,4.0,2.0,2.0,2.0,2.0,3.0,3.0,3.0,1,0.0,0,Low
4.0,3.0,5.0,4.0,1.0,43.0,47.0,3.0,0.242,3,5.0,4.0,1.0,5.0,1.0,1.0,1.0,1.0,2.0,1.0,3,1,2,3.0,4.0,4.0,4.0,5.0,1.0,3.0,3.0,6,1.0,0,Medium
4.0,3.0,1.0,8.0,1.0,30.0,54.0,3.0,0.242,2,5.0,4.0,1.0,5.0,1.0,1.0,1.0,2.0,2.0,1.0,3,3,4,5.0,4.0,3.0,3.0,4.0,1.0,4.0,3.0,6,2.0,0,Medium
3.0,3.0,4.0,7.0,1.0,39.0,27.0,3.0,-0.188,3,2.0,1.0,1.0,1.0,3.0,3.0,2.0,1.0,1.0,2.0,2,2,2,2.0,2.0,3.0,2.0,2.0,3.0,2.0,3.0,4,4.0,0,Low
3.0,2.0,5.0,2.0,1.0,30.0,34.0,3.0,-0.909,1,2.0,2.0,2.0,2.0,1.0,1.0,1.0,1.0,1.0,1.0,4,5,9,2.0,2.0,2.0,2.0,1.0,3.0,2.0,2.0,4,0.0,0,Low
2.0,2.0,2.0,3.0,0.0,31.0,43.0,2.0,0.242,3,4.0,3.0,4.0,2.0,1.0,1.0,1.0,1.0,1.0,1.0,3,3,8,3.0,2.0,2.0,2.0,3.0,4.0,3.0,3.0,2,0.0,0,Low
5.0,3.0,3.0,3.0,1.0,47.0,57.0,4.0,0.712,3,5.0,5.0,5.0,5.0,1.0,1.0,2.0,1.0,2.0,1.0,3,4,5,5.0,4.0,4.0,4.0,5.0,2.0,3.0,3.0,1,2.0,1,Medium
3.0,3.0,4.0,3.0,1.0,35.0,38.0,3.0,0.242,3,1.0,2.0,1.0,3.0,1.0,1.0,3.0,1.0,1.0,1.0,5,2,1,4.0,4.0,5.0,4.0,6.0,3.0,2.0,2.0,3,1.0,0,Low
5.0,4.0,3.0,1.0,1.0,55.0,54.0,3.0,1.267,3,4.0,4.0,3.0,3.0,1.0,1.0,1.0,1.0,1.0,1.0,4,4,7,4.0,4.0,4.0,4.0,5.0,2.0,3.0,3.0,5,0.0,0,Medium
4.0,4.0,2.0,6.0,1.0,51.0,61.0,3.0,-1.485,2,5.0,4.0,5.0,5.0,1.0,1.0,1.0,1.0,1.0,1.0,3,3,2,3.0,3.0,4.0,4.0,4.0,2.0,3.0,3.0,4,0.0,1,High
5.0,4.0,3.0,8.0,1.0,49.0,55.0,3.0,-0.188,2,1.0,4.0,1.0,5.0,1.0,1.0,3.0,1.0,1.0,1.0,3,5,1,4.0,4.0,4.0,4.0,3.0,1.0,3.0,3.0,6,1.0,1,Medium
4.0,4.0,2.0,4.0,1.0,50.0,61.0,3.0,-0.57,2,5.0,4.0,5.0,5.0,1.0,1.0,1.0,1.0,1.0,1.0,2,2,3,4.0,4.0,4.0,3.0,5.0,1.0,3.0,3.0,5,0.0,1,High
5.0,3.0,3.0,8.0,1.0,54.0,68.0,2.0,1.267,3,5.0,5.0,5.0,5.0,1.0,1.0,1.0,1.0,1.0,1.0,4,2,7,3.0,4.0,4.0,3.0,6.0,2.0,2.0,3.0,5,0.0,1,High
3.0,4.0,4.0,6.0,1.0,45.0,61.0,3.0,0.242,3,5.0,4.0,4.0,5.0,1.0,1.0,1.0,1.0,2.0,1.0,4,2,4,4.0,3.0,4.0,4.0,6.0,2.0,2.0,3.0,6,1.0,1,High
1.0,3.0,1.0,7.0,1.0,40.0,49.0,3.0,-0.909,2,5.0,4.0,1.0,3.0,1.0,1.0,1.0,1.0,1.0,1.0,2,1,1,4.0,4.0,4.0,4.0,1.0,3.0,3.0,3.0,4,0.0,0,Medium
4.0,3.0,3.0,3.0,1.0,55.0,49.0,4.0,-0.188,1,5.0,4.0,2.0,5.0,1.0,1.0,1.0,2.0,1.0,1.0,3,4,7,4.0,4.0,4.0,4.0,3.0,2.0,3.0,4.0,3,1.0,0,Medium
5.0,3.0,4.0,8.0,0.0,40.0,59.0,2.0,-0.57,3,5.0,3.0,1.0,4.0,1.0,1.0,1.0,1.0,1.0,1.0,2,2,2,5.0,4.0,4.0,2.0,4.0,2.0,2.0,3.0,8,0.0,1,Medium
5.0,5.0,5.0,8.0,0.0,79.0,34.0,4.0,-1.485,1,5.0,5.0,5.0,5.0,1.0,1.0,1.0,1.0,1.0,1.0,1,2,1,5.0,5.0,5.0,5.0,6.0,4.0,4.0,4.0,6,0.0,0,Low
3.0,3.0,2.0,8.0,1.0,43.0,51.0,3.0,1.267,3,5.0,4.0,4.0,3.0,1.0,1.0,1.0,1.0,1.0,1.0,2,1,2,4.0,4.0,4.0,4.0,6.0,2.0,3.0,3.0,8,0.0,0,Medium
4.0,3.0,2.0,4.0,0.0,40.0,41.0,2.0,-0.909,2,5.0,3.0,1.0,5.0,1.0,1.0,1.0,1.0,1.0,1.0,1,2,2,4.0,4.0,3.0,4.0,4.0,1.0,3.0,3.0,6,0.0,0,Low
3.0,4.0,4.0,2.0,1.0,47.0,50.0,3.0,-0.188,3,5.0,5.0,5.0,5.0,1.0,1.0,1.0,1.0,1.0,1.0,5,1,6,5.0,4.0,4.0,3.0,6.0,2.0,3.0,3.0,6,0.0,0,Medium
5.0,4.0,3.0,8.0,0.0,44.0,47.0,3.0,0.242,3,5.0,4.0,2.0,4.0,1.0,1.0,1.0,1.0,1.0,1.0,2,2,5,3.0,4.0,3.0,3.0,3.0,2.0,2.0,3.0,6,0.0,0,Medium
4.0,3.0,3.0,8.0,1.0,58.0,62.0,3.0,1.267,3,5.0,4.0,4.0,4.0,1.0,1.0,1.0,1.0,1.0,1.0,3,2,5,4.0,4.0,4.0,3.0,4.0,1.0,3.0,3.0,6,0.0,1,High
5.0,5.0,2.0,8.0,0.0,56.0,84.0,4.0,1.267,3,5.0,5.0,5.0,5.0,1.0,1.0,1.0,1.0,1.0,1.0,5,2,8,2.0,2.0,2.0,2.0,5.0,1.0,3.0,3.0,7,0.0,1,High
4.0,4.0,3.0,2.0,1.0,59.0,63.0,4.0,-0.57,2,5.0,5.0,4.0,4.0,1.0,1.0,1.0,1.0,1.0,1.0,3,2,7,4.0,4.0,4.0,4.0,6.0,1.0,4.0,4.0,6,0.0,1,High
5.0,4.0,2.0,2.0,1.0,54.0,62.0,4.0,0.712,3,5.0,4.0,4.0,5.0,1.0,1.0,1.0,1.0,1.0,1.0,4,2,7,4.0,4.0,4.0,4.0,4.0,2.0,3.0,4.0,3,0.0,1,High
4.0,4.0,2.0,3.0,1.0,58.0,56.0,4.0,1.267,3,5.0,4.0,2.0,5.0,1.0,1.0,1.0,1.0,1.0,1.0,3,1,5,4.0,4.0,4.0,4.0,5.0,2.0,3.0,3.0,5,0.0,1,Medium
5.0,5.0,1.0,2.0,1.0,74.0,67.0,4.0,0.242,3,5.0,4.0,5.0,4.0,1.0,1.0,1.0,1.0,1.0,1.0,5,2,8,3.0,4.0,4.0,4.0,6.0,2.0,3.0,3.0,3,0.0,1,High
2.0,2.0,2.0,8.0,1.0,42.0,61.0,4.0,1.267,3,5.0,3.0,5.0,4.0,1.0,1.0,1.0,1.0,1.0,1.0,2,1,6,4.0,3.0,2.0,2.0,2.0,3.0,2.0,3.0,7,0.0,1,High
4.0,3.0,5.0,1.0,1.0,56.0,63.0,4.0,-0.188,3,5.0,4.0,5.0,4.0,1.0,1.0,1.0,1.0,1.0,1.0,3,2,8,4.0,3.0,4.0,3.0,5.0,2.0,3.0,3.0,6,0.0,1,High
3.0,3.0,3.0,2.0,1.0,43.0,55.0,3.0,-0.188,3,4.0,3.0,2.0,3.0,1.0,2.0,1.0,2.0,1.0,1.0,3,5,7,2.0,2.0,3.0,2.0,3.0,2.0,2.0,2.0,3,2.0,1,Medium
4.0,3.0,4.0,2.0,0.0,45.0,63.0,3.0,0.242,3,5.0,4.0,1.0,5.0,1.0,1.0,1.0,1.0,1.0,1.0,2,2,8,4.0,3.0,3.0,3.0,4.0,2.0,3.0,3.0,5,0.0,1,High
4.0,3.0,4.0,2.0,0.0,35.0,52.0,3.0,-0.909,2,3.0,3.0,1.0,3.0,1.0,1.0,1.0,1.0,1.0,1.0,3,1,5,2.0,2.0,2.0,2.0,4.0,2.0,2.0,2.0,6,0.0,0,Medium
5.0,4.0,3.0,8.0,1.0,58.0,85.0,4.0,0.712,3,5.0,4.0,5.0,5.0,1.0,1.0,1.0,1.0,1.0,1.0,3,1,1,3.0,2.0,3.0,3.0,6.0,2.0,3.0,3.0,6,0.0,1,High
5.0,4.0,2.0,8.0,1.0,61.0,73.0,4.0,0.712,3,5.0,4.0,5.0,4.0,1.0,1.0,1.0,1.0,1.0,1.0,4,2,8,4.0,3.0,4.0,3.0,3.0,3.0,3.0,3.0,8,0.0,1,High
5.0,5.0,3.0,8.0,0.0,44.0,56.0,4.0,-1.713,2,5.0,5.0,5.0,5.0,1.0,1.0,1.0,1.0,1.0,1.0,2,2,1,4.0,4.0,4.0,4.0,5.0,3.0,3.0,3.0,6,0.0,1,Medium
3.0,3.0,4.0,2.0,0.0,45.0,52.0,3.0,-0.57,3,4.0,4.0,3.0,4.0,1.0,1.0,1.0,1.0,1.0,1.0,3,4,8,2.0,2.0,3.0,2.0,2.0,2.0,3.0,3.0,4,0.0,0,Medium
5.0,4.0,2.0,8.0,1.0,71.0,69.0,4.0,1.267,3,5.0,5.0,5.0,5.0,1.0,1.0,1.0,1.0,1.0,1.0,4,3,7,5.0,5.0,5.0,4.0,6.0,1.0,4.0,4.0,7,0.0,1,High
5.0,4.0,3.0,8.0,0.0,38.0,55.0,3.0,0.242,3,5.0,4.0,5.0,5.0,1.0,1.0,1.0,1.0,1.0,1.0,4,1,2,4.0,4.0,4.0,3.0,4.0,2.0,2.0,3.0,7,0.0,1,Medium
4.0,4.0,2.0,8.0,1.0,53.0,67.0,4.0,0.242,3,5.0,5.0,5.0,5.0,1.0,1.0,1.0,1.0,1.0,1.0,5,2,7,3.0,3.0,3.0,3.0,5.0,1.0,3.0,4.0,8,0.0,1,High
5.0,4.0,2.0,6.0,1.0,39.0,41.0,2.0,-0.57,3,4.0,5.0,3.0,5.0,2.0,2.0,1.0,2.0,1.0,1.0,1,3,1,5.0,4.0,4.0,3.0,2.0,1.0,3.0,3.0,4,3.0,0,Low
4.0,5.0,2.0,2.0,1.0,82.0,66.0,4.0,0.712,3,5.0,5.0,5.0,5.0,1.0,1.0,1.0,1.0,1.0,1.0,5,5,8,5.0,5.0,5.0,5.0,6.0,1.0,3.0,4.0,3,0.0,1,High
5.0,3.0,2.0,2.0,1.0,54.0,63.0,3.0,0.712,3,5.0,4.0,2.0,5.0,1.0,1.0,1.0,1.0,1.0,1.0,4,1,7,4.0,4.0,4.0,4.0,5.0,1.0,3.0,3.0,5,0.0,1,High
3.0,3.0,4.0,2.0,1.0,35.0,43.0,3.0,-0.188,3,4.0,3.0,3.0,5.0,1.0,1.0,1.0,1.0,1.0,1.0,2,2,5,3.0,3.0,3.0,3.0,4.0,1.0,4.0,4.0,2,0.0,0,Low
4.0,3.0,5.0,3.0,1.0,58.0,51.0,4.0,-0.909,1,5.0,5.0,1.0,5.0,2.0,2.0,2.0,2.0,2.0,1.0,2,5,5,5.0,5.0,5.0,5.0,6.0,1.0,3.0,3.0,1,5.0,0,Medium
5.0,2.0,2.0,8.0,1.0,55.0,30.0,2.0,-0.909,1,5.0,4.0,1.0,5.0,3.0,3.0,1.0,1.0,2.0,1.0,2,3,1,5.0,4.0,4.0,4.0,2.0,1.0,3.0,2.0,4,3.0,0,Low
4.0,4.0,4.0,8.0,1.0,61.0,69.0,4.0,-0.57,2,5.0,4.0,3.0,5.0,1.0,1.0,1.0,1.0,1.0,1.0,3,3,6,4.0,4.0,4.0,4.0,5.0,2.0,4.0,1.0,6,0.0,1,High
5.0,3.0,2.0,8.0,0.0,44.0,62.0,2.0,1.267,3,5.0,3.0,5.0,5.0,1.0,1.0,1.0,1.0,1.0,1.0,4,2,6,5.0,2.0,3.0,2.0,2.0,2.0,3.0,1.0,8,0.0,1,High
4.0,4.0,2.0,8.0,1.0,65.0,77.0,4.0,-0.188,2,5.0,5.0,5.0,5.0,1.0,1.0,1.0,1.0,1.0,1.0,2,3,3,5.0,4.0,5.0,4.0,5.0,1.0,4.0,3.0,8,0.0,1,High
4.0,4.0,3.0,8.0,0.0,38.0,66.0,3.0,0.712,2,5.0,5.0,5.0,5.0,1.0,1.0,1.0,1.0,1.0,1.0,1,1,6,4.0,4.0,3.0,3.0,4.0,3.0,3.0,3.0,8,0.0,1,High
4.0,3.0,3.0,3.0,,49.0,58.0,3.0,-1.485,2,5.0,4.0,3.0,5.0,1.0,1.0,1.0,1.0,1.0,1.0,3,1,1,4.0,4.0,4.0,3.0,4.0,2.0,3.0,3.0,6,0.0,1,Medium
5.0,4.0,5.0,2.0,1.0,44.0,53.0,2.0,-0.188,3,5.0,2.0,1.0,5.0,2.0,1.0,1.0,1.0,1.0,1.0,2,4,5,2.0,4.0,5.0,2.0,3.0,3.0,2.0,4.0,3,1.0,0,Medium
5.0,5.0,3.0,8.0,1.0,62.0,66.0,3.0,-0.909,2,5.0,4.0,5.0,5.0,1.0,1.0,1.0,1.0,1.0,1.0,3,3,8,5.0,5.0,5.0,5.0,6.0,3.0,3.0,3.0,6,0.0,1,High
3.0,3.0,3.0,3.0,0.0,36.0,40.0,3.0,0.242,2,3.0,3.0,1.0,3.0,2.0,2.0,1.0,1.0,1.0,2.0,2,4,2,4.0,4.0,4.0,3.0,2.0,2.0,3.0,2.0,4,3.0,0,Low
5.0,2.0,3.0,8.0,1.0,54.0,48.0,2.0,-0.909,3,5.0,5.0,5.0,5.0,1.0,1.0,1.0,2.0,1.0,1.0,3,1,4,5.0,4.0,4.0,3.0,6.0,1.0,3.0,3.0,8,1.0,0,Medium
5.0,4.0,2.0,8.0,1.0,46.0,65.0,4.0,1.267,3,5.0,4.0,2.0,4.0,1.0,1.0,1.0,1.0,1.0,1.0,5,2,9,3.0,4.0,4.0,4.0,4.0,1.0,3.0,3.0,5,0.0,1,High
4.0,4.0,4.0,2.0,0.0,43.0,67.0,4.0,-0.188,2,5.0,1.0,5.0,5.0,1.0,1.0,1.0,1.0,1.0,1.0,4,2,8,3.0,3.0,3.0,3.0,5.0,2.0,3.0,3.0,2,0.0,1,High
5.0,3.0,5.0,7.0,0.0,34.0,42.0,3.0,-1.485,1,4.0,2.0,4.0,4.0,3.0,3.0,1.0,2.0,3.0,3.0,1,4,1,3.0,3.0,3.0,3.0,3.0,4.0,2.0,3.0,2,5.0,0,Low
4.0,4.0,2.0,8.0,1.0,63.0,62.0,3.0,-0.188,3,5.0,4.0,2.0,4.0,1.0,1.0,1.0,1.0,1.0,1.0,2,1,3,4.0,4.0,4.0,3.0,6.0,2.0,3.0,3.0,8,0.0,1,High
3.0,3.0,3.0,6.0,0.0,79.0,66.0,4.0,-1.215,3,5.0,4.0,4.0,4.0,1.0,1.0,1.0,1.0,1.0,1.0,2,2,6,3.0,3.0,3.0,3.0,4.0,2.0,2.0,2.0,3,0.0,1,High
4.0,4.0,2.0,8.0,0.0,48.0,61.0,3.0,0.712,2,5.0,4.0,1.0,5.0,1.0,1.0,1.0,1.0,1.0,1.0,5,2,8,4.0,3.0,3.0,4.0,4.0,1.0,3.0,3.0,6,0.0,1,High
4.0,4.0,4.0,2.0,1.0,50.0,50.0,4.0,0.242,3,5.0,5.0,4.0,5.0,1.0,1.0,1.0,1.0,1.0,1.0,3,4,7,3.0,4.0,3.0,4.0,5.0,2.0,3.0,3.0,4,0.0,0,Medium
3.0,3.0,5.0,6.0,1.0,42.0,41.0,3.0,0.242,3,4.0,4.0,4.0,4.0,2.0,2.0,1.0,1.0,2.0,1.0,3,3,3,3.0,3.0,3.0,3.0,3.0,1.0,3.0,3.0,2,3.0,0,Low
2.0,2.0,3.0,2.0,0.0,36.0,53.0,3.0,0.242,3,5.0,4.0,5.0,5.0,1.0,1.0,1.0,1.0,1.0,1.0,4,4,8,2.0,3.0,2.0,2.0,4.0,3.0,3.0,3.0,4,0.0,0,Medium
4.0,4.0,2.0,8.0,1.0,47.0,63.0,4.0,-0.188,1,5.0,4.0,3.0,5.0,1.0,1.0,1.0,2.0,1.0,1.0,2,2,7,4.0,4.0,4.0,4.0,6.0,1.0,3.0,3.0,6,1.0,1,High
4.0,4.0,3.0,8.0,1.0,49.0,60.0,4.0,1.267,3,5.0,4.0,5.0,5.0,1.0,1.0,1.0,1.0,1.0,1.0,2,1,6,4.0,4.0,4.0,3.0,5.0,3.0,3.0,3.0,8,0.0,1,Medium
5.0,5.0,1.0,8.0,1.0,55.0,95.0,4.0,0.712,3,5.0,4.0,5.0,5.0,1.0,1.0,1.0,1.0,1.0,1.0,5,1,9,2.0,2.0,4.0,2.0,6.0,2.0,4.0,3.0,8,0.0,1,High
4.0,4.0,4.0,2.0,0.0,48.0,47.0,3.0,-0.188,3,5.0,4.0,2.0,3.0,2.0,2.0,1.0,1.0,1.0,1.0,3,4,6,4.0,4.0,3.0,3.0,3.0,2.0,3.0,2.0,2,2.0,0,Medium
5.0,4.0,3.0,8.0,1.0,55.0,69.0,3.0,0.242,3,5.0,4.0,4.0,5.0,1.0,1.0,1.0,1.0,1.0,1.0,2,2,4,2.0,2.0,4.0,3.0,3.0,3.0,3.0,3.0,8,0.0,1,High
4.0,4.0,4.0,4.0,1.0,49.0,63.0,4.0,0.242,2,5.0,4.0,5.0,5.0,1.0,1.0,1.0,1.0,1.0,1.0,4,2,6,4.0,4.0,4.0,4.0,5.0,2.0,3.0,4.0,6,0.0,1,High
5.0,3.0,3.0,2.0,1.0,55.0,59.0,3.0,-0.188,3,5.0,4.0,5.0,5.0,1.0,1.0,1.0,1.0,1.0,1.0,2,1,4,4.0,4.0,4.0,4.0,5.0,2.0,3.0,3.0,5,0.0,1,Medium
5.0,5.0,3.0,8.0,0.0,55.0,67.0,4.0,-1.215,1,5.0,5.0,4.0,5.0,1.0,1.0,1.0,1.0,1.0,1.0,2,2,3,3.0,3.0,3.0,3.0,6.0,1.0,4.0,4.0,6,0.0,1,High
5.0,4.0,2.0,8.0,1.0,56.0,74.0,4.0,0.242,3,5.0,5.0,4.0,5.0,1.0,1.0,1.0,1.0,1.0,1.0,3,1,3,4.0,4.0,4.0,4.0,5.0,2.0,3.0,3.0,8,0.0,1,High
5.0,5.0,3.0,2.0,1.0,77.0,85.0,4.0,1.267,3,5.0,4.0,5.0,5.0,1.0,1.0,1.0,1.0,1.0,1.0,5,2,9,4.0,1.0,4.0,2.0,6.0,1.0,4.0,4.0,6,0.0,1,High
3.0,3.0,4.0,2.0,0.0,33.0,29.0,3.0,-1.215,2,3.0,2.0,1.0,2.0,2.0,2.0,3.0,1.0,1.0,1.0,2,2,1,3.0,4.0,3.0,3.0,4.0,2.0,2.0,2.0,3,3.0,0,Low
5.0,3.0,2.0,3.0,1.0,50.0,55.0,3.0,0.242,3,5.0,4.0,5.0,5.0,1.0,1.0,1.0,1.0,1.0,1.0,4,2,6,3.0,4.0,4.0,2.0,6.0,1.0,3.0,3.0,2,0.0,1,Medium
4.0,4.0,4.0,2.0,1.0,58.0,63.0,3.0,0.242,3,5.0,5.0,5.0,5.0,1.0,1.0,1.0,1.0,1.0,1.0,5,1,7,4.0,3.0,4.0,3.0,5.0,2.0,2.0,4.0,6,0.0,1,High
4.0,3.0,4.0,2.0,1.0,36.0,56.0,3.0,-0.909,1,4.0,4.0,3.0,3.0,1.0,1.0,1.0,1.0,1.0,1.0,5,1,6,3.0,4.0,3.0,3.0,4.0,2.0,3.0,3.0,6,0.0,1,Medium
5.0,5.0,3.0,2.0,1.0,54.0,66.0,3.0,0.242,3,5.0,4.0,4.0,5.0,1.0,1.0,1.0,1.0,1.0,1.0,3,5,8,3.0,4.0,4.0,4.0,4.0,2.0,4.0,3.0,4,0.0,1,High
5.0,5.0,4.0,8.0,1.0,57.0,58.0,4.0,0.242,3,5.0,5.0,4.0,5.0,1.0,1.0,1.0,1.0,1.0,1.0,5,1,4,4.0,4.0,4.0,3.0,5.0,1.0,3.0,3.0,8,0.0,1,Medium
4.0,4.0,4.0,8.0,0.0,52.0,71.0,4.0,-0.188,3,5.0,4.0,5.0,4.0,1.0,1.0,1.0,1.0,1.0,1.0,3,2,5,4.0,3.0,3.0,2.0,2.0,1.0,3.0,3.0,7,0.0,1,High
5.0,1.0,5.0,2.0,1.0,16.0,31.0,2.0,0.242,2,5.0,1.0,1.0,1.0,1.0,1.0,1.0,1.0,1.0,1.0,4,2,5,1.0,1.0,2.0,1.0,1.0,2.0,2.0,2.0,3,0.0,0,Low
3.0,2.0,3.0,5.0,0.0,39.0,49.0,3.0,-1.713,1,3.0,3.0,3.0,3.0,2.0,1.0,1.0,2.0,2.0,3.0,2,4,8,3.0,3.0,3.0,3.0,5.0,2.0,4.0,2.0,1,4.0,0,Medium
4.0,3.0,2.0,8.0,0.0,50.0,78.0,3.0,0.712,3,5.0,1.0,5.0,4.0,1.0,1.0,1.0,1.0,1.0,1.0,2,1,7,2.0,2.0,3.0,2.0,3.0,2.0,3.0,2.0,7,0.0,1,High
4.0,4.0,4.0,,0.0,46.0,57.0,3.0,0.712,3,5.0,3.0,5.0,5.0,1.0,1.0,1.0,1.0,1.0,1.0,4,2,8,3.0,3.0,4.0,3.0,3.0,2.0,2.0,2.0,6,0.0,1,Medium
2.0,2.0,4.0,2.0,1.0,10.0,25.0,2.0,-0.188,2,2.0,3.0,2.0,5.0,3.0,3.0,1.0,2.0,1.0,3.0,3,1,5,4.0,4.0,2.0,2.0,3.0,3.0,2.0,3.0,2,4.0,0,Low
2.0,4.0,4.0,,0.0,47.0,44.0,3.0,-1.215,0,4.0,4.0,5.0,4.0,2.0,3.0,3.0,3.0,2.0,3.0,2,3,1,3.0,4.0,4.0,3.0,3.0,3.0,3.0,3.0,2,6.0,0,Medium
5.0,5.0,5.0,7.0,1.0,81.0,60.0,4.0,-1.485,1,5.0,5.0,5.0,5.0,1.0,1.0,1.0,1.0,1.0,1.0,2,4,3,5.0,5.0,5.0,5.0,6.0,4.0,4.0,4.0,1,0.0,1,Medium
4.0,3.0,4.0,2.0,1.0,33.0,47.0,2.0,-0.57,2,5.0,2.0,4.0,3.0,1.0,1.0,1.0,1.0,1.0,1.0,3,2,2,2.0,2.0,2.0,2.0,5.0,3.0,2.0,2.0,6,0.0,0,Medium
3.0,3.0,4.0,1.0,1.0,41.0,43.0,4.0,-0.57,1,3.0,3.0,3.0,3.0,2.0,2.0,1.0,1.0,1.0,1.0,2,5,1,3.0,3.0,3.0,3.0,4.0,4.0,4.0,4.0,6,2.0,0,Low
4.0,4.0,4.0,2.0,1.0,52.0,44.0,3.0,0.242,3,5.0,3.0,3.0,3.0,1.0,1.0,1.0,1.0,1.0,1.0,5,4,8,4.0,3.0,4.0,4.0,5.0,2.0,2.0,4.0,2,0.0,0,Medium
4.0,3.0,3.0,1.0,0.0,48.0,46.0,3.0,-0.909,2,4.0,4.0,2.0,5.0,1.0,1.0,1.0,2.0,1.0,1.0,2,5,9,4.0,3.0,4.0,4.0,4.0,1.0,3.0,3.0,6,1.0,0,Medium
4.0,3.0,4.0,2.0,1.0,43.0,52.0,2.0,-1.713,2,2.0,3.0,1.0,4.0,1.0,1.0,1.0,1.0,1.0,1.0,5,3,7,3.0,3.0,4.0,3.0,4.0,3.0,3.0,3.0,6,0.0,0,Medium
3.0,3.0,2.0,8.0,0.0,57.0,63.0,3.0,-1.713,1,5.0,4.0,3.0,5.0,1.0,1.0,1.0,1.0,1.0,1.0,2,5,9,4.0,4.0,3.0,4.0,4.0,3.0,4.0,3.0,8,0.0,1,High
3.0,1.0,3.0,2.0,0.0,30.0,50.0,2.0,0.242,3,5.0,1.0,1.0,1.0,1.0,1.0,1.0,1.0,1.0,1.0,3,4,8,2.0,1.0,1.0,1.0,2.0,4.0,1.0,1.0,1,0.0,0,Medium
4.0,3.0,3.0,2.0,1.0,51.0,53.0,3.0,-0.188,2,5.0,4.0,4.0,5.0,1.0,1.0,1.0,1.0,1.0,1.0,3,2,7,4.0,3.0,4.0,3.0,4.0,2.0,2.0,3.0,2,0.0,0,Medium
3.0,3.0,3.0,7.0,0.0,41.0,53.0,4.0,-1.485,2,4.0,4.0,3.0,4.0,1.0,1.0,1.0,2.0,2.0,1.0,1,2,1,4.0,4.0,4.0,4.0,5.0,2.0,3.0,3.0,8,2.0,0,Medium
4.0,3.0,1.0,8.0,0.0,55.0,55.0,3.0,0.242,2,4.0,4.0,3.0,4.0,1.0,1.0,1.0,1.0,1.0,1.0,4,2,6,4.0,4.0,3.0,3.0,4.0,1.0,4.0,3.0,8,0.0,1,Medium
4.0,3.0,4.0,8.0,0.0,36.0,42.0,3.0,-0.909,3,3.0,4.0,3.0,5.0,1.0,1.0,1.0,1.0,2.0,1.0,3,1,1,4.0,3.0,4.0,2.0,6.0,2.0,4.0,3.0,8,1.0,0,Low
4.0,1.0,2.0,3.0,1.0,46.0,47.0,3.0,1.267,3,1.0,1.0,1.0,1.0,1.0,1.0,1.0,1.0,2.0,1.0,3,3,3,4.0,4.0,4.0,4.0,5.0,3.0,3.0,3.0,1,1.0,0,Medium
4.0,3.0,5.0,4.0,0.0,53.0,60.0,3.0,-0.188,3,5.0,3.0,5.0,3.0,1.0,1.0,1.0,1.0,1.0,1.0,3,2,8,2.0,4.0,3.0,3.0,4.0,3.0,2.0,3.0,4,0.0,1,Medium
5.0,3.0,5.0,2.0,0.0,38.0,55.0,2.0,0.242,3,5.0,4.0,1.0,1.0,2.0,1.0,1.0,2.0,1.0,1.0,3,1,5,2.0,5.0,3.0,1.0,5.0,1.0,3.0,3.0,5,2.0,1,Medium
4.0,4.0,3.0,4.0,1.0,43.0,70.0,3.0,0.242,3,4.0,4.0,5.0,5.0,1.0,1.0,1.0,1.0,1.0,1.0,5,4,9,2.0,3.0,3.0,3.0,4.0,3.0,3.0,3.0,5,0.0,1,High
3.0,3.0,3.0,2.0,1.0,51.0,59.0,4.0,0.712,3,5.0,3.0,1.0,4.0,1.0,1.0,1.0,1.0,1.0,1.0,4,2,8,3.0,3.0,3.0,1.0,2.0,2.0,3.0,3.0,5,0.0,1,Medium
4.0,3.0,4.0,1.0,0.0,38.0,57.0,4.0,-0.188,3,5.0,4.0,5.0,5.0,1.0,1.0,1.0,1.0,1.0,1.0,5,2,7,4.0,4.0,3.0,3.0,3.0,2.0,3.0,4.0,6,0.0,1,Medium
4.0,2.0,3.0,4.0,0.0,49.0,47.0,4.0,-0.909,2,4.0,5.0,1.0,5.0,1.0,2.0,1.0,1.0,1.0,2.0,5,4,4,3.0,4.0,3.0,3.0,3.0,1.0,3.0,4.0,6,2.0,0,Medium
5.0,3.0,2.0,4.0,1.0,58.0,61.0,3.0,0.242,3,5.0,4.0,5.0,5.0,1.0,1.0,1.0,1.0,1.0,1.0,5,3,7,4.0,3.0,4.0,3.0,5.0,2.0,3.0,3.0,2,0.0,1,High
4.0,4.0,5.0,6.0,1.0,52.0,46.0,3.0,0.242,3,5.0,3.0,2.0,3.0,1.0,1.0,1.0,1.0,1.0,1.0,3,4,8,3.0,3.0,2.0,2.0,5.0,2.0,2.0,2.0,5,0.0,0,Medium
5.0,4.0,4.0,2.0,1.0,53.0,58.0,4.0,0.242,3,5.0,4.0,3.0,4.0,1.0,1.0,1.0,1.0,1.0,1.0,3,1,5,4.0,4.0,4.0,3.0,5.0,1.0,3.0,3.0,6,0.0,1,Medium
4.0,4.0,2.0,8.0,1.0,55.0,50.0,3.0,-0.909,1,5.0,5.0,5.0,5.0,1.0,1.0,1.0,1.0,1.0,1.0,4,2,7,4.0,4.0,4.0,4.0,6.0,1.0,4.0,4.0,7,0.0,0,Medium
4.0,4.0,3.0,8.0,1.0,51.0,65.0,4.0,-0.188,3,5.0,5.0,5.0,5.0,1.0,1.0,1.0,1.0,1.0,1.0,2,2,3,4.0,4.0,4.0,4.0,5.0,2.0,3.0,3.0,7,0.0,1,High
4.0,4.0,2.0,6.0,0.0,54.0,63.0,3.0,-0.57,1,5.0,5.0,3.0,5.0,1.0,1.0,1.0,1.0,1.0,1.0,1,2,3,4.0,4.0,3.0,4.0,5.0,1.0,3.0,3.0,6,0.0,1,High
4.0,4.0,5.0,8.0,0.0,53.0,57.0,4.0,-0.57,2,5.0,5.0,5.0,5.0,1.0,1.0,1.0,1.0,1.0,1.0,2,1,2,3.0,4.0,4.0,4.0,4.0,1.0,3.0,3.0,8,0.0,1,Medium
5.0,4.0,1.0,8.0,,59.0,69.0,4.0,-0.57,1,5.0,4.0,3.0,4.0,1.0,1.0,1.0,1.0,1.0,1.0,3,3,9,4.0,4.0,4.0,3.0,5.0,1.0,4.0,4.0,6,0.0,1,High
5.0,4.0,2.0,2.0,1.0,51.0,54.0,3.0,0.712,3,5.0,5.0,2.0,4.0,1.0,1.0,1.0,1.0,1.0,1.0,2,2,5,5.0,4.0,4.0,3.0,5.0,1.0,4.0,4.0,2,0.0,0,Medium
4.0,3.0,2.0,2.0,1.0,49.0,40.0,4.0,-1.485,0,4.0,5.0,3.0,3.0,2.0,3.0,1.0,2.0,2.0,1.0,2,4,9,5.0,3.0,4.0,4.0,5.0,3.0,4.0,4.0,1,4.0,0,Low
5.0,5.0,2.0,8.0,1.0,66.0,95.0,4.0,-0.188,3,5.0,4.0,5.0,5.0,1.0,1.0,1.0,1.0,1.0,1.0,4,2,8,4.0,3.0,4.0,2.0,6.0,1.0,4.0,4.0,7,0.0,1,High
4.0,4.0,3.0,8.0,1.0,45.0,60.0,3.0,-0.188,3,5.0,5.0,4.0,5.0,1.0,1.0,1.0,1.0,1.0,1.0,2,1,7,4.0,4.0,4.0,4.0,5.0,3.0,2.0,3.0,7,0.0,1,Medium
4.0,4.0,2.0,8.0,0.0,55.0,70.0,3.0,1.267,3,5.0,5.0,5.0,4.0,1.0,1.0,1.0,1.0,1.0,1.0,5,1,5,1.0,3.0,3.0,2.0,5.0,1.0,3.0,3.0,7,0.0,1,High
4.0,5.0,3.0,8.0,0.0,55.0,49.0,4.0,-1.9,1,5.0,5.0,5.0,5.0,1.0,1.0,1.0,1.0,1.0,1.0,1,2,1,5.0,5.0,5.0,5.0,6.0,3.0,3.0,3.0,8,0.0,0,Medium
5.0,3.0,2.0,2.0,1.0,46.0,46.0,3.0,-0.57,3,5.0,3.0,4.0,5.0,1.0,1.0,1.0,2.0,1.0,1.0,2,2,2,4.0,3.0,5.0,2.0,4.0,2.0,2.0,3.0,5,1.0,0,Medium
4.0,4.0,2.0,8.0,0.0,49.0,66.0,3.0,0.242,3,5.0,3.0,5.0,3.0,1.0,1.0,1.0,1.0,2.0,1.0,5,2,6,3.0,4.0,4.0,3.0,5.0,3.0,2.0,3.0,7,1.0,1,High
4.0,4.0,1.0,8.0,0.0,71.0,72.0,4.0,0.242,3,5.0,5.0,5.0,5.0,1.0,1.0,1.0,1.0,1.0,1.0,5,1,1,2.0,5.0,1.0,1.0,1.0,1.0,3.0,3.0,8,0.0,1,High
2.0,3.0,3.0,8.0,0.0,40.0,47.0,2.0,0.242,3,5.0,2.0,5.0,5.0,1.0,1.0,1.0,1.0,1.0,1.0,4,2,6,4.0,4.0,4.0,3.0,2.0,1.0,4.0,2.0,6,0.0,0,Medium
5.0,3.0,3.0,2.0,0.0,39.0,54.0,3.0,0.712,3,5.0,3.0,5.0,4.0,1.0,1.0,1.0,1.0,1.0,1.0,3,4,9,4.0,2.0,3.0,2.0,4.0,2.0,1.0,3.0,5,0.0,0,Medium
3.0,1.0,3.0,8.0,0.0,28.0,46.0,1.0,-1.215,3,4.0,1.0,1.0,4.0,2.0,2.0,1.0,1.0,1.0,1.0,1,1,1,2.0,3.0,3.0,2.0,1.0,2.0,3.0,2.0,8,2.0,0,Medium
4.0,4.0,4.0,5.0,0.0,50.0,60.0,3.0,-0.57,2,5.0,5.0,5.0,2.0,1.0,1.0,1.0,1.0,1.0,1.0,3,4,8,2.0,3.0,4.0,3.0,5.0,2.0,3.0,3.0,1,0.0,1,Medium
4.0,2.0,4.0,2.0,1.0,31.0,48.0,3.0,-0.188,3,5.0,3.0,5.0,1.0,1.0,1.0,2.0,1.0,1.0,1.0,4,2,7,2.0,2.0,2.0,2.0,2.0,2.0,1.0,3.0,2,1.0,0,Medium
4.0,4.0,4.0,3.0,0.0,58.0,66.0,4.0,0.242,3,5.0,4.0,5.0,4.0,1.0,1.0,1.0,1.0,1.0,1.0,2,5,1,3.0,3.0,3.0,3.0,5.0,2.0,3.0,3.0,7,0.0,1,High
4.0,3.0,3.0,2.0,1.0,42.0,58.0,3.0,-0.188,3,5.0,4.0,5.0,5.0,1.0,1.0,1.0,1.0,1.0,1.0,2,2,6,3.0,4.0,4.0,4.0,5.0,1.0,3.0,3.0,6,0.0,1,Medium
3.0,3.0,4.0,3.0,0.0,40.0,65.0,2.0,-0.57,2,5.0,1.0,5.0,4.0,1.0,1.0,1.0,1.0,1.0,1.0,2,2,9,1.0,1.0,1.0,1.0,4.0,3.0,1.0,2.0,5,0.0,1,High
5.0,5.0,1.0,6.0,1.0,64.0,38.0,4.0,-0.57,2,5.0,5.0,3.0,5.0,2.0,2.0,1.0,1.0,1.0,1.0,3,1,1,5.0,5.0,5.0,5.0,6.0,3.0,3.0,3.0,5,2.0,0,Low
5.0,,1.0,8.0,1.0,57.0,82.0,4.0,1.267,3,5.0,5.0,5.0,5.0,1.0,1.0,1.0,1.0,1.0,1.0,5,1,7,4.0,4.0,4.0,3.0,5.0,1.0,3.0,3.0,6,0.0,1,High
4.0,3.0,4.0,1.0,0.0,49.0,55.0,3.0,1.267,3,5.0,3.0,3.0,5.0,1.0,1.0,1.0,1.0,1.0,1.0,4,2,9,2.0,2.0,3.0,2.0,2.0,2.0,2.0,3.0,7,0.0,1,Medium
4.0,4.0,1.0,5.0,1.0,32.0,43.0,2.0,-0.909,3,1.0,1.0,1.0,1.0,1.0,1.0,1.0,1.0,2.0,1.0,2,1,1,3.0,2.0,4.0,2.0,5.0,2.0,3.0,3.0,1,1.0,0,Low
1.0,3.0,4.0,2.0,0.0,21.0,42.0,3.0,0.242,2,3.0,3.0,3.0,4.0,1.0,1.0,1.0,2.0,2.0,1.0,3,2,2,5.0,4.0,2.0,1.0,1.0,2.0,3.0,2.0,6,2.0,0,Low
5.0,2.0,5.0,5.0,1.0,49.0,32.0,2.0,0.712,3,4.0,3.0,1.0,4.0,2.0,2.0,1.0,1.0,1.0,1.0,3,2,1,4.0,4.0,3.0,1.0,2.0,4.0,2.0,4.0,1,2.0,0,Low
5.0,4.0,3.0,2.0,1.0,47.0,48.0,3.0,0.712,3,5.0,4.0,4.0,3.0,1.0,1.0,1.0,1.0,1.0,1.0,3,1,8,3.0,4.0,4.0,4.0,4.0,3.0,2.0,3.0,3,0.0,0,Medium
5.0,4.0,2.0,8.0,1.0,55.0,70.0,3.0,1.267,3,5.0,4.0,5.0,5.0,1.0,1.0,1.0,1.0,1.0,1.0,4,2,7,3.0,3.0,4.0,3.0,5.0,2.0,3.0,3.0,7,0.0,1,High
3.0,3.0,3.0,8.0,0.0,41.0,54.0,2.0,-0.57,2,4.0,2.0,1.0,3.0,1.0,1.0,1.0,1.0,1.0,1.0,2,4,5,1.0,2.0,2.0,1.0,4.0,1.0,4.0,3.0,6,0.0,0,Medium
3.0,3.0,5.0,2.0,1.0,40.0,40.0,3.0,0.712,3,4.0,4.0,4.0,4.0,2.0,1.0,1.0,3.0,2.0,1.0,3,2,7,4.0,4.0,4.0,3.0,4.0,2.0,3.0,3.0,4,3.0,0,Low
3.0,3.0,3.0,,1.0,42.0,49.0,3.0,-0.909,1,3.0,3.0,3.0,3.0,2.0,2.0,2.0,2.0,2.0,2.0,3,3,2,3.0,3.0,3.0,3.0,4.0,3.0,3.0,3.0,2,6.0,0,Medium
5.0,5.0,2.0,2.0,1.0,57.0,69.0,4.0,0.242,2,4.0,4.0,4.0,4.0,1.0,1.0,1.0,1.0,1.0,1.0,2,2,7,4.0,4.0,4.0,4.0,5.0,1.0,3.0,2.0,5,0.0,1,High
5.0,5.0,2.0,8.0,0.0,61.0,77.0,4.0,0.242,3,5.0,5.0,4.0,5.0,1.0,1.0,1.0,1.0,1.0,1.0,1,5,9,5.0,4.0,3.0,3.0,3.0,3.0,3.0,3.0,7,0.0,1,High
4.0,4.0,3.0,2.0,1.0,56.0,49.0,3.0,-0.188,3,4.0,4.0,4.0,4.0,1.0,1.0,1.0,1.0,1.0,1.0,3,2,9,4.0,4.0,4.0,4.0,5.0,2.0,3.0,3.0,6,0.0,0,Medium
5.0,5.0,3.0,8.0,1.0,71.0,75.0,4.0,0.712,3,5.0,4.0,5.0,5.0,1.0,1.0,1.0,1.0,1.0,1.0,5,2,8,5.0,5.0,5.0,5.0,6.0,1.0,4.0,3.0,6,0.0,1,High
5.0,5.0,2.0,8.0,1.0,55.0,86.0,4.0,0.712,3,5.0,5.0,5.0,5.0,1.0,1.0,1.0,1.0,1.0,1.0,2,1,4,4.0,4.0,4.0,4.0,6.0,3.0,3.0,3.0,8,0.0,1,High
4.0,3.0,4.0,2.0,1.0,32.0,44.0,2.0,0.712,3,2.0,3.0,5.0,4.0,1.0,1.0,1.0,1.0,1.0,1.0,3,1,4,5.0,3.0,4.0,4.0,5.0,2.0,2.0,3.0,6,0.0,0,Medium
5.0,5.0,5.0,2.0,1.0,79.0,29.0,3.0,-1.215,1,4.0,5.0,5.0,5.0,1.0,1.0,3.0,1.0,1.0,3.0,2,3,1,5.0,5.0,5.0,5.0,6.0,4.0,4.0,4.0,2,2.0,0,Low
5.0,4.0,3.0,8.0,1.0,56.0,84.0,4.0,1.267,3,5.0,4.0,5.0,5.0,1.0,1.0,1.0,1.0,1.0,1.0,5,2,8,4.0,2.0,4.0,2.0,5.0,2.0,3.0,3.0,7,0.0,1,High
4.0,3.0,4.0,8.0,0.0,45.0,53.0,3.0,-0.188,1,5.0,4.0,4.0,4.0,1.0,2.0,1.0,1.0,1.0,1.0,2,2,4,4.0,4.0,4.0,3.0,5.0,1.0,2.0,3.0,8,1.0,0,Medium
2.0,2.0,3.0,8.0,0.0,35.0,41.0,2.0,-0.909,2,2.0,1.0,1.0,5.0,2.0,3.0,3.0,3.0,2.0,2.0,1,5,2,3.0,3.0,3.0,3.0,2.0,2.0,2.0,2.0,8,6.0,0,Low
4.0,2.0,3.0,3.0,0.0,30.0,50.0,3.0,-0.188,3,1.0,3.0,1.0,3.0,1.0,1.0,1.0,1.0,1.0,1.0,2,3,3,2.0,2.0,2.0,2.0,2.0,2.0,2.0,3.0,1,0.0,0,Medium
4.0,3.0,4.0,2.0,1.0,45.0,50.0,3.0,0.242,3,5.0,4.0,5.0,3.0,1.0,1.0,1.0,1.0,1.0,1.0,4,3,5,4.0,4.0,4.0,4.0,4.0,2.0,4.0,3.0,2,0.0,0,Medium
4.0,4.0,4.0,8.0,1.0,51.0,64.0,3.0,0.712,3,5.0,4.0,5.0,5.0,1.0,1.0,1.0,1.0,1.0,1.0,2,2,3,4.0,4.0,4.0,4.0,4.0,3.0,3.0,3.0,7,0.0,1,High
4.0,3.0,4.0,8.0,1.0,46.0,55.0,3.0,1.267,3,5.0,5.0,5.0,5.0,1.0,1.0,1.0,1.0,1.0,1.0,5,2,9,4.0,4.0,3.0,3.0,4.0,2.0,2.0,3.0,8,0.0,1,Medium
3.0,3.0,4.0,5.0,1.0,47.0,49.0,3.0,0.242,2,5.0,5.0,1.0,4.0,1.0,1.0,1.0,1.0,1.0,1.0,3,4,2,2.0,2.0,2.0,4.0,2.0,2.0,3.0,3.0,1,0.0,0,Medium
5.0,5.0,4.0,8.0,0.0,25.0,42.0,3.0,-0.909,2,5.0,5.0,3.0,5.0,1.0,2.0,1.0,1.0,1.0,1.0,2,1,1,2.0,5.0,4.0,4.0,6.0,4.0,3.0,3.0,8,1.0,0,Low
5.0,4.0,1.0,8.0,0.0,62.0,68.0,4.0,1.267,3,5.0,5.0,5.0,5.0,1.0,1.0,1.0,1.0,1.0,1.0,3,1,9,4.0,4.0,4.0,4.0,5.0,1.0,3.0,3.0,6,0.0,1,High
5.0,3.0,3.0,3.0,1.0,39.0,50.0,3.0,0.242,3,4.0,3.0,2.0,3.0,1.0,1.0,1.0,1.0,1.0,1.0,3,2,8,4.0,3.0,4.0,3.0,4.0,1.0,2.0,2.0,6,0.0,0,Medium
4.0,3.0,3.0,1.0,1.0,55.0,58.0,4.0,-0.57,0,2.0,3.0,1.0,5.0,1.0,1.0,1.0,1.0,1.0,1.0,4,1,8,4.0,3.0,5.0,4.0,1.0,2.0,3.0,4.0,2,0.0,1,Medium
5.0,5.0,2.0,8.0,1.0,58.0,76.0,4.0,0.242,3,5.0,5.0,5.0,5.0,1.0,1.0,1.0,1.0,1.0,1.0,4,2,5,4.0,4.0,4.0,4.0,6.0,2.0,3.0,4.0,6,0.0,1,High
5.0,5.0,4.0,8.0,1.0,74.0,61.0,4.0,1.267,3,5.0,5.0,4.0,5.0,1.0,1.0,1.0,1.0,1.0,1.0,4,2,5,5.0,5.0,5.0,5.0,6.0,1.0,4.0,4.0,6,0.0,1,High
4.0,2.0,5.0,8.0,0.0,30.0,21.0,2.0,0.712,3,4.0,1.0,3.0,1.0,3.0,3.0,1.0,3.0,2.0,1.0,3,1,1,4.0,3.0,2.0,2.0,4.0,2.0,2.0,2.0,6,4.0,0,Low
4.0,3.0,4.0,2.0,1.0,41.0,50.0,4.0,-0.909,3,5.0,3.0,3.0,4.0,1.0,1.0,1.0,1.0,1.0,1.0,4,5,7,4.0,4.0,4.0,4.0,5.0,1.0,2.0,3.0,2,0.0,0,Medium
4.0,2.0,4.0,8.0,1.0,10.0,26.0,1.0,0.242,3,2.0,1.0,1.0,3.0,2.0,1.0,1.0,1.0,1.0,1.0,2,3,4,2.0,2.0,2.0,2.0,1.0,3.0,1.0,3.0,6,1.0,0,Low
2.0,2.0,4.0,3.0,1.0,24.0,35.0,3.0,-1.485,1,2.0,2.0,2.0,1.0,2.0,2.0,3.0,2.0,2.0,1.0,2,5,1,2.0,2.0,2.0,2.0,2.0,2.0,2.0,2.0,1,5.0,0,Low
4.0,4.0,2.0,8.0,1.0,52.0,75.0,3.0,1.267,3,5.0,5.0,5.0,5.0,1.0,1.0,1.0,1.0,1.0,1.0,5,1,9,2.0,2.0,4.0,2.0,5.0,1.0,3.0,3.0,8,0.0,1,High
4.0,4.0,3.0,8.0,0.0,54.0,55.0,4.0,-0.188,3,5.0,4.0,3.0,5.0,1.0,1.0,1.0,1.0,1.0,1.0,3,2,7,4.0,4.0,4.0,4.0,4.0,1.0,4.0,4.0,8,0.0,1,Medium
5.0,5.0,2.0,8.0,1.0,59.0,62.0,4.0,-0.188,2,5.0,5.0,5.0,5.0,1.0,1.0,1.0,1.0,1.0,1.0,2,1,7,5.0,5.0,5.0,5.0,6.0,1.0,3.0,3.0,7,0.0,1,High
4.0,3.0,3.0,7.0,0.0,39.0,49.0,3.0,-1.215,0,3.0,3.0,4.0,2.0,2.0,2.0,2.0,3.0,2.0,1.0,2,4,8,2.0,3.0,3.0,4.0,3.0,3.0,2.0,3.0,1,5.0,0,Medium
5.0,5.0,1.0,8.0,0.0,85.0,95.0,4.0,0.712,3,5.0,3.0,5.0,5.0,1.0,1.0,1.0,1.0,1.0,1.0,5,2,8,3.0,5.0,5.0,4.0,6.0,3.0,4.0,4.0,8,0.0,1,High
5.0,5.0,3.0,2.0,0.0,67.0,65.0,4.0,1.267,3,5.0,5.0,5.0,4.0,1.0,1.0,1.0,1.0,1.0,1.0,4,2,9,4.0,4.0,4.0,4.0,6.0,2.0,3.0,4.0,5,0.0,1,High
4.0,4.0,3.0,3.0,0.0,57.0,95.0,4.0,-1.9,2,5.0,5.0,5.0,5.0,1.0,1.0,1.0,1.0,1.0,1.0,4,3,6,5.0,5.0,3.0,4.0,6.0,1.0,4.0,4.0,6,0.0,1,High
4.0,4.0,2.0,2.0,1.0,85.0,79.0,4.0,-0.909,2,5.0,5.0,5.0,5.0,1.0,1.0,1.0,1.0,1.0,1.0,3,2,8,5.0,5.0,5.0,5.0,1.0,2.0,3.0,3.0,6,0.0,1,High
5.0,4.0,1.0,8.0,1.0,63.0,64.0,4.0,-0.188,3,5.0,3.0,2.0,3.0,1.0,1.0,1.0,1.0,1.0,1.0,3,2,4,3.0,4.0,4.0,3.0,4.0,2.0,3.0,3.0,6,0.0,1,High
5.0,4.0,2.0,8.0,1.0,57.0,54.0,4.0,0.242,3,4.0,4.0,4.0,5.0,1.0,1.0,1.0,1.0,1.0,1.0,3,2,7,4.0,3.0,4.0,2.0,5.0,3.0,3.0,3.0,7,0.0,0,Medium
4.0,2.0,3.0,2.0,0.0,35.0,51.0,2.0,0.242,3,5.0,3.0,5.0,3.0,1.0,1.0,1.0,1.0,1.0,1.0,4,3,8,3.0,3.0,3.0,3.0,3.0,3.0,3.0,2.0,2,0.0,0,Medium
5.0,3.0,3.0,2.0,1.0,38.0,51.0,3.0,-0.909,3,4.0,2.0,3.0,4.0,1.0,1.0,1.0,1.0,1.0,1.0,5,2,8,4.0,2.0,2.0,2.0,3.0,2.0,3.0,2.0,2,0.0,0,Medium
5.0,,5.0,8.0,1.0,58.0,37.0,4.0,0.712,3,5.0,5.0,3.0,4.0,2.0,2.0,2.0,1.0,2.0,1.0,3,1,1,4.0,4.0,4.0,3.0,6.0,1.0,1.0,2.0,6,4.0,0,Low
4.0,4.0,2.0,8.0,1.0,57.0,95.0,4.0,0.712,3,5.0,5.0,5.0,5.0,1.0,1.0,1.0,1.0,1.0,1.0,3,2,6,4.0,4.0,4.0,4.0,6.0,3.0,3.0,3.0,6,0.0,1,High
5.0,5.0,1.0,2.0,0.0,57.0,67.0,4.0,0.712,3,5.0,5.0,5.0,5.0,1.0,1.0,1.0,1.0,1.0,1.0,2,2,4,5.0,5.0,4.0,4.0,5.0,1.0,4.0,4.0,7,0.0,1,High
4.0,3.0,3.0,2.0,1.0,46.0,53.0,3.0,-0.188,2,3.0,3.0,3.0,4.0,1.0,1.0,1.0,1.0,2.0,1.0,5,5,9,4.0,4.0,5.0,5.0,5.0,1.0,4.0,3.0,4,1.0,0,Medium
5.0,5.0,3.0,8.0,1.0,58.0,60.0,4.0,-0.57,2,5.0,5.0,4.0,5.0,1.0,1.0,1.0,1.0,1.0,1.0,2,2,5,4.0,4.0,4.0,3.0,5.0,1.0,3.0,3.0,8,0.0,1,Medium
3.0,3.0,3.0,8.0,1.0,42.0,50.0,,-1.485,2,3.0,3.0,3.0,4.0,1.0,2.0,1.0,1.0,1.0,2.0,3,2,4,4.0,3.0,4.0,3.0,4.0,2.0,1.0,2.0,7,2.0,0,Medium
5.0,3.0,4.0,2.0,0.0,35.0,48.0,2.0,0.242,1,5.0,1.0,1.0,5.0,1.0,1.0,1.0,1.0,1.0,1.0,2,3,7,2.0,2.0,2.0,2.0,6.0,3.0,4.0,3.0,2,0.0,0,Medium
5.0,3.0,3.0,8.0,1.0,45.0,44.0,3.0,-0.188,3,5.0,3.0,2.0,4.0,1.0,1.0,1.0,2.0,2.0,1.0,4,4,6,4.0,4.0,4.0,3.0,5.0,1.0,3.0,3.0,6,2.0,0,Medium
5.0,4.0,3.0,2.0,1.0,78.0,65.0,4.0,-0.188,1,5.0,4.0,4.0,4.0,1.0,1.0,1.0,1.0,1.0,1.0,2,1,1,5.0,5.0,5.0,5.0,4.0,1.0,2.0,3.0,2,0.0,1,High
5.0,5.0,2.0,8.0,0.0,65.0,82.0,4.0,0.242,2,5.0,5.0,5.0,5.0,1.0,1.0,1.0,1.0,1.0,1.0,5,2,8,5.0,5.0,5.0,5.0,5.0,1.0,4.0,4.0,8,0.0,1,High
4.0,4.0,5.0,8.0,0.0,44.0,63.0,3.0,-0.188,3,4.0,5.0,5.0,4.0,1.0,1.0,1.0,1.0,2.0,1.0,5,1,7,4.0,5.0,3.0,2.0,6.0,2.0,2.0,2.0,6,1.0,1,High
3.0,3.0,4.0,2.0,1.0,41.0,59.0,3.0,-1.215,2,5.0,4.0,3.0,5.0,1.0,1.0,1.0,1.0,1.0,1.0,3,2,7,3.0,3.0,3.0,3.0,4.0,2.0,2.0,3.0,6,0.0,1,Medium
4.0,3.0,2.0,2.0,1.0,36.0,51.0,3.0,-0.57,1,4.0,3.0,4.0,5.0,2.0,2.0,1.0,1.0,1.0,1.0,2,2,2,4.0,3.0,3.0,3.0,5.0,2.0,3.0,2.0,6,2.0,0,Medium
2.0,3.0,2.0,8.0,0.0,42.0,61.0,3.0,-1.215,2,5.0,5.0,3.0,5.0,1.0,1.0,1.0,1.0,1.0,1.0,2,2,5,4.0,5.0,3.0,3.0,6.0,3.0,3.0,3.0,8,0.0,1,High
5.0,4.0,3.0,8.0,1.0,68.0,86.0,4.0,1.267,3,5.0,5.0,5.0,5.0,1.0,1.0,1.0,1.0,1.0,1.0,4,1,6,4.0,3.0,4.0,3.0,6.0,1.0,3.0,4.0,6,0.0,1,High
5.0,3.0,2.0,2.0,0.0,51.0,74.0,4.0,0.242,3,5.0,4.0,5.0,5.0,1.0,1.0,1.0,1.0,1.0,1.0,4,3,9,2.0,2.0,2.0,2.0,4.0,2.0,3.0,3.0,4,0.0,1,High
3.0,3.0,3.0,8.0,0.0,34.0,47.0,2.0,-0.57,3,4.0,3.0,5.0,3.0,2.0,2.0,1.0,1.0,2.0,2.0,4,2,3,3.0,2.0,2.0,2.0,4.0,2.0,3.0,3.0,8,4.0,0,Medium
5.0,4.0,2.0,2.0,1.0,65.0,67.0,3.0,0.242,3,5.0,3.0,5.0,5.0,1.0,1.0,1.0,1.0,1.0,1.0,4,1,9,5.0,5.0,4.0,4.0,4.0,1.0,3.0,3.0,2,0.0,1,High
4.0,4.0,2.0,8.0,0.0,43.0,64.0,4.0,0.242,3,5.0,5.0,5.0,5.0,1.0,1.0,1.0,1.0,1.0,1.0,5,4,9,5.0,4.0,4.0,2.0,5.0,2.0,3.0,3.0,6,0.0,1,High
4.0,5.0,4.0,2.0,1.0,63.0,56.0,4.0,-0.188,3,4.0,4.0,1.0,4.0,1.0,1.0,1.0,1.0,1.0,1.0,3,4,9,3.0,4.0,4.0,4.0,5.0,3.0,3.0,3.0,1,0.0,1,Medium
3.0,3.0,5.0,6.0,0.0,36.0,41.0,3.0,-0.188,2,4.0,4.0,4.0,5.0,3.0,2.0,1.0,2.0,1.0,1.0,3,3,4,3.0,4.0,4.0,3.0,3.0,3.0,2.0,1.0,6,3.0,0,Low
4.0,3.0,3.0,8.0,0.0,35.0,53.0,3.0,0.242,2,4.0,4.0,4.0,3.0,1.0,1.0,1.0,1.0,1.0,1.0,5,3,1,3.0,3.0,3.0,3.0,4.0,2.0,3.0,3.0,8,0.0,0,Medium
3.0,2.0,5.0,6.0,1.0,36.0,33.0,2.0,0.712,3,1.0,1.0,1.0,3.0,3.0,3.0,3.0,3.0,3.0,3.0,1,4,1,4.0,3.0,3.0,2.0,1.0,2.0,2.0,2.0,2,6.0,0,Low
4.0,4.0,2.0,8.0,0.0,52.0,60.0,4.0,0.242,3,5.0,4.0,5.0,4.0,1.0,1.0,1.0,1.0,1.0,1.0,5,2,7,4.0,3.0,3.0,3.0,4.0,2.0,3.0,3.0,8,0.0,1,Medium
,4.0,4.0,2.0,0.0,57.0,72.0,4.0,-0.188,3,5.0,5.0,5.0,5.0,1.0,1.0,1.0,1.0,1.0,1.0,3,2,9,4.0,4.0,4.0,4.0,6.0,1.0,3.0,3.0,5,0.0,1,High
4.0,4.0,3.0,8.0,0.0,48.0,65.0,4.0,-0.188,3,5.0,4.0,2.0,5.0,1.0,1.0,1.0,1.0,1.0,1.0,3,2,7,4.0,3.0,4.0,3.0,4.0,2.0,3.0,2.0,7,0.0,1,High
4.0,4.0,2.0,8.0,0.0,51.0,73.0,3.0,0.712,3,5.0,4.0,4.0,5.0,1.0,1.0,1.0,1.0,1.0,1.0,3,2,5,2.0,3.0,3.0,3.0,5.0,2.0,3.0,3.0,6,0.0,1,High
4.0,2.0,4.0,2.0,0.0,37.0,55.0,2.0,-0.909,3,4.0,3.0,1.0,3.0,1.0,1.0,1.0,1.0,1.0,1.0,1,5,2,4.0,2.0,3.0,2.0,2.0,2.0,3.0,3.0,1,0.0,1,Medium
3.0,3.0,3.0,3.0,1.0,56.0,56.0,3.0,-1.485,1,1.0,3.0,1.0,1.0,1.0,1.0,1.0,1.0,1.0,1.0,2,5,7,5.0,4.0,5.0,4.0,4.0,3.0,2.0,3.0,1,0.0,1,Medium
4.0,3.0,2.0,8.0,1.0,42.0,52.0,3.0,-0.57,2,5.0,3.0,3.0,5.0,1.0,1.0,1.0,1.0,1.0,1.0,3,2,7,3.0,3.0,4.0,3.0,4.0,3.0,3.0,3.0,7,0.0,0,Medium
4.0,3.0,4.0,2.0,0.0,40.0,43.0,3.0,-0.909,1,3.0,3.0,1.0,3.0,1.0,2.0,1.0,2.0,2.0,1.0,2,4,7,4.0,3.0,4.0,3.0,4.0,3.0,2.0,3.0,2,3.0,0,Low
4.0,4.0,3.0,3.0,1.0,58.0,62.0,4.0,0.242,3,5.0,4.0,5.0,5.0,1.0,1.0,1.0,1.0,1.0,1.0,4,1,8,3.0,3.0,4.0,3.0,5.0,1.0,3.0,3.0,6,0.0,1,High
4.0,4.0,3.0,6.0,1.0,45.0,57.0,2.0,-0.57,3,5.0,5.0,5.0,5.0,1.0,1.0,1.0,1.0,1.0,1.0,3,2,8,4.0,4.0,4.0,4.0,4.0,2.0,3.0,3.0,6,0.0,1,Medium
5.0,5.0,4.0,7.0,1.0,47.0,25.0,3.0,-1.215,2,3.0,2.0,3.0,5.0,1.0,1.0,1.0,1.0,1.0,1.0,3,2,1,5.0,3.0,4.0,4.0,1.0,3.0,2.0,3.0,2,0.0,0,Low
5.0,5.0,5.0,7.0,1.0,79.0,26.0,3.0,-1.215,0,5.0,5.0,5.0,5.0,3.0,3.0,3.0,3.0,3.0,3.0,2,2,1,5.0,5.0,5.0,5.0,6.0,4.0,4.0,4.0,2,6.0,0,Low
2.0,2.0,4.0,,1.0,40.0,14.0,2.0,-0.57,3,2.0,4.0,1.0,4.0,2.0,2.0,2.0,1.0,1.0,1.0,2,3,3,3.0,3.0,3.0,3.0,2.0,2.0,3.0,2.0,1,3.0,0,Low
4.0,4.0,3.0,8.0,0.0,48.0,45.0,3.0,-0.188,3,5.0,4.0,1.0,5.0,1.0,1.0,2.0,1.0,1.0,1.0,4,1,2,4.0,5.0,4.0,4.0,1.0,3.0,4.0,3.0,7,1.0,0,Medium
4.0,4.0,3.0,2.0,0.0,56.0,38.0,3.0,-1.215,2,5.0,5.0,5.0,5.0,2.0,2.0,2.0,2.0,2.0,2.0,2,1,9,5.0,5.0,5.0,5.0,6.0,2.0,2.0,2.0,2,6.0,0,Low
5.0,3.0,3.0,2.0,1.0,47.0,57.0,3.0,0.242,3,5.0,4.0,1.0,5.0,1.0,1.0,1.0,1.0,1.0,1.0,5,4,9,4.0,4.0,4.0,4.0,5.0,1.0,4.0,4.0,6,0.0,1,Medium
4.0,4.0,4.0,2.0,1.0,65.0,49.0,3.0,1.267,3,5.0,4.0,2.0,3.0,1.0,1.0,1.0,1.0,1.0,1.0,5,3,8,3.0,4.0,4.0,3.0,6.0,2.0,3.0,4.0,2,0.0,0,Medium
3.0,3.0,3.0,8.0,1.0,42.0,65.0,3.0,0.242,3,5.0,4.0,5.0,5.0,1.0,1.0,1.0,1.0,1.0,1.0,3,3,3,4.0,4.0,4.0,4.0,5.0,2.0,3.0,3.0,8,0.0,1,High
5.0,4.0,3.0,8.0,0.0,49.0,64.0,4.0,0.712,3,5.0,5.0,5.0,5.0,1.0,1.0,1.0,1.0,1.0,1.0,3,1,2,5.0,4.0,4.0,3.0,1.0,1.0,3.0,3.0,7,0.0,1,High
4.0,4.0,3.0,3.0,0.0,54.0,72.0,3.0,0.712,3,5.0,4.0,5.0,5.0,1.0,1.0,1.0,1.0,1.0,1.0,3,2,4,4.0,4.0,3.0,4.0,6.0,3.0,4.0,3.0,8,0.0,1,High
4.0,4.0,4.0,8.0,1.0,55.0,53.0,3.0,-0.909,1,4.0,4.0,4.0,4.0,1.0,1.0,1.0,1.0,1.0,1.0,2,2,6,4.0,4.0,4.0,4.0,5.0,2.0,3.0,3.0,6,0.0,0,Medium
5.0,5.0,3.0,8.0,0.0,85.0,88.0,4.0,0.242,3,5.0,5.0,5.0,5.0,1.0,1.0,1.0,1.0,1.0,1.0,3,2,7,4.0,4.0,4.0,4.0,6.0,1.0,4.0,4.0,8,0.0,1,High
4.0,4.0,,,1.0,54.0,61.0,3.0,0.242,3,5.0,3.0,5.0,3.0,,,,,,,3,4,9,4.0,4.0,4.0,3.0,4.0,,,,1,,1,High
5.0,4.0,3.0,1.0,1.0,57.0,72.0,4.0,0.712,3,5.0,4.0,5.0,5.0,1.0,1.0,1.0,1.0,1.0,1.0,5,2,8,3.0,4.0,4.0,3.0,4.0,2.0,3.0,3.0,8,0.0,1,High
3.0,3.0,4.0,7.0,1.0,42.0,51.0,2.0,-0.909,2,3.0,3.0,2.0,5.0,1.0,1.0,2.0,1.0,1.0,1.0,4,2,5,4.0,3.0,2.0,4.0,3.0,2.0,4.0,3.0,6,1.0,0,Medium
4.0,4.0,2.0,8.0,1.0,56.0,62.0,4.0,-0.188,3,5.0,5.0,5.0,5.0,1.0,1.0,1.0,1.0,1.0,1.0,4,2,6,4.0,4.0,4.0,3.0,5.0,2.0,4.0,3.0,6,0.0,1,High
5.0,5.0,2.0,2.0,1.0,66.0,66.0,4.0,-0.188,3,5.0,5.0,5.0,5.0,1.0,1.0,1.0,1.0,1.0,1.0,3,4,8,5.0,5.0,5.0,4.0,6.0,1.0,4.0,4.0,1,0.0,1,High
4.0,4.0,5.0,2.0,1.0,54.0,62.0,3.0,0.242,2,5.0,4.0,1.0,4.0,1.0,1.0,1.0,1.0,1.0,1.0,3,2,9,5.0,4.0,5.0,4.0,6.0,1.0,2.0,3.0,4,0.0,1,High
1.0,2.0,3.0,3.0,0.0,30.0,41.0,2.0,-0.57,1,3.0,1.0,1.0,3.0,1.0,1.0,2.0,1.0,1.0,1.0,2,2,1,1.0,1.0,2.0,1.0,6.0,2.0,2.0,3.0,2,1.0,0,Low
4.0,4.0,4.0,2.0,1.0,52.0,45.0,4.0,0.242,3,4.0,4.0,3.0,3.0,1.0,1.0,3.0,2.0,1.0,1.0,3,2,6,2.0,4.0,4.0,3.0,3.0,1.0,3.0,3.0,1,2.0,0,Medium
5.0,5.0,2.0,2.0,1.0,73.0,72.0,4.0,0.712,3,5.0,4.0,5.0,5.0,1.0,1.0,1.0,1.0,1.0,1.0,3,2,7,5.0,5.0,5.0,5.0,6.0,2.0,4.0,4.0,2,0.0,1,High
4.0,4.0,2.0,8.0,0.0,56.0,75.0,3.0,-0.909,2,5.0,5.0,5.0,5.0,1.0,1.0,1.0,1.0,1.0,1.0,3,2,8,4.0,3.0,4.0,2.0,6.0,1.0,3.0,4.0,7,0.0,1,High
5.0,4.0,2.0,8.0,1.0,48.0,75.0,3.0,0.242,3,5.0,4.0,5.0,5.0,1.0,1.0,1.0,1.0,1.0,1.0,2,2,4,4.0,3.0,3.0,4.0,5.0,1.0,3.0,3.0,8,0.0,1,High
5.0,3.0,3.0,8.0,0.0,43.0,47.0,3.0,-0.188,3,5.0,3.0,3.0,5.0,1.0,1.0,1.0,1.0,1.0,1.0,2,2,2,3.0,3.0,3.0,3.0,2.0,4.0,2.0,3.0,6,0.0,0,Medium
3.0,3.0,2.0,2.0,1.0,54.0,78.0,4.0,-0.57,2,5.0,4.0,5.0,3.0,1.0,1.0,1.0,1.0,1.0,1.0,2,4,7,4.0,3.0,5.0,4.0,6.0,1.0,3.0,4.0,1,0.0,1,High
5.0,5.0,3.0,3.0,1.0,69.0,35.0,4.0,-0.909,1,5.0,5.0,5.0,5.0,1.0,1.0,1.0,2.0,1.0,1.0,3,1,1,5.0,5.0,5.0,5.0,5.0,1.0,4.0,4.0,3,1.0,0,Low
5.0,4.0,3.0,1.0,1.0,63.0,60.0,3.0,0.712,3,5.0,4.0,3.0,5.0,1.0,1.0,1.0,1.0,1.0,1.0,4,2,9,4.0,4.0,4.0,4.0,6.0,2.0,3.0,3.0,5,0.0,1,Medium
5.0,3.0,3.0,6.0,0.0,40.0,37.0,2.0,0.712,3,5.0,2.0,1.0,5.0,3.0,3.0,1.0,2.0,1.0,1.0,3,1,1,5.0,4.0,3.0,3.0,2.0,1.0,2.0,2.0,8,3.0,0,Low
5.0,5.0,4.0,2.0,1.0,37.0,65.0,3.0,-0.188,3,5.0,5.0,5.0,2.0,1.0,1.0,1.0,1.0,1.0,1.0,3,4,9,3.0,4.0,4.0,3.0,6.0,2.0,4.0,4.0,1,0.0,1,High
5.0,4.0,3.0,8.0,1.0,47.0,57.0,3.0,0.712,3,5.0,4.0,3.0,5.0,1.0,1.0,1.0,1.0,1.0,1.0,5,2,9,5.0,4.0,4.0,3.0,4.0,1.0,1.0,3.0,8,0.0,1,Medium
4.0,4.0,3.0,2.0,1.0,46.0,51.0,3.0,-0.188,1,5.0,3.0,5.0,5.0,1.0,1.0,1.0,1.0,1.0,1.0,2,4,7,4.0,4.0,4.0,4.0,4.0,1.0,4.0,4.0,3,0.0,0,Medium
4.0,3.0,4.0,8.0,0.0,47.0,60.0,3.0,-1.215,2,5.0,5.0,4.0,5.0,1.0,1.0,1.0,1.0,2.0,1.0,1,2,3,4.0,4.0,3.0,3.0,5.0,4.0,2.0,3.0,7,1.0,1,Medium
5.0,4.0,2.0,8.0,0.0,53.0,69.0,4.0,1.267,3,5.0,4.0,5.0,5.0,1.0,1.0,1.0,1.0,1.0,1.0,5,2,9,3.0,3.0,4.0,4.0,6.0,2.0,4.0,3.0,8,0.0,1,High
5.0,5.0,4.0,2.0,1.0,54.0,86.0,4.0,-0.188,2,5.0,5.0,5.0,4.0,1.0,1.0,1.0,1.0,1.0,1.0,5,2,9,3.0,3.0,5.0,3.0,6.0,1.0,3.0,4.0,2,0.0,1,High
5.0,5.0,1.0,2.0,0.0,85.0,86.0,4.0,-0.188,3,5.0,5.0,5.0,5.0,1.0,1.0,1.0,1.0,1.0,1.0,5,4,9,5.0,5.0,5.0,5.0,6.0,1.0,4.0,4.0,2,0.0,1,High
4.0,3.0,5.0,2.0,0.0,42.0,28.0,2.0,-0.57,3,4.0,2.0,1.0,4.0,3.0,3.0,1.0,3.0,2.0,1.0,2,2,3,4.0,2.0,3.0,1.0,1.0,2.0,2.0,4.0,2,4.0,0,Low
5.0,3.0,2.0,8.0,0.0,34.0,54.0,3.0,-0.57,3,5.0,1.0,3.0,1.0,1.0,1.0,1.0,1.0,1.0,1.0,1,2,3,2.0,2.0,2.0,2.0,2.0,1.0,3.0,2.0,8,0.0,0,Medium
4.0,3.0,2.0,2.0,0.0,45.0,32.0,2.0,0.242,3,5.0,3.0,1.0,4.0,1.0,1.0,1.0,1.0,1.0,1.0,5,1,7,4.0,4.0,4.0,4.0,3.0,1.0,3.0,3.0,6,0.0,0,Low
4.0,4.0,3.0,8.0,0.0,58.0,62.0,4.0,0.712,3,5.0,5.0,5.0,5.0,1.0,1.0,1.0,1.0,1.0,1.0,3,2,3,4.0,4.0,4.0,4.0,4.0,1.0,4.0,4.0,8,0.0,1,High
5.0,4.0,3.0,8.0,0.0,53.0,78.0,3.0,-1.215,1,5.0,5.0,5.0,5.0,1.0,1.0,1.0,1.0,1.0,1.0,2,2,2,3.0,3.0,3.0,3.0,5.0,2.0,3.0,3.0,8,0.0,1,High
4.0,3.0,2.0,8.0,0.0,54.0,36.0,4.0,-0.57,3,5.0,3.0,1.0,5.0,1.0,1.0,1.0,1.0,1.0,2.0,3,5,4,5.0,4.0,3.0,3.0,6.0,2.0,1.0,2.0,8,1.0,0,Low
5.0,3.0,3.0,8.0,0.0,55.0,60.0,3.0,0.242,3,4.0,5.0,5.0,4.0,1.0,1.0,1.0,1.0,1.0,1.0,2,1,3,4.0,4.0,3.0,4.0,4.0,3.0,3.0,3.0,8,0.0,1,Medium
3.0,2.0,2.0,2.0,1.0,41.0,52.0,3.0,-0.909,3,5.0,3.0,5.0,5.0,1.0,1.0,1.0,1.0,2.0,1.0,2,3,2,3.0,3.0,3.0,3.0,4.0,3.0,3.0,3.0,7,1.0,0,Medium
5.0,4.0,2.0,8.0,1.0,53.0,60.0,3.0,0.712,3,5.0,3.0,5.0,3.0,1.0,1.0,1.0,1.0,1.0,1.0,5,2,7,4.0,4.0,4.0,4.0,4.0,2.0,3.0,3.0,6,0.0,1,Medium
5.0,5.0,3.0,8.0,1.0,51.0,50.0,3.0,-0.909,2,5.0,4.0,2.0,5.0,1.0,1.0,1.0,2.0,1.0,1.0,3,2,4,4.0,4.0,4.0,3.0,3.0,3.0,3.0,3.0,6,1.0,0,Medium
4.0,4.0,2.0,4.0,0.0,54.0,55.0,4.0,-0.57,3,5.0,4.0,5.0,3.0,1.0,1.0,1.0,1.0,1.0,1.0,3,3,8,3.0,4.0,4.0,4.0,6.0,3.0,3.0,3.0,4,0.0,1,Medium
5.0,4.0,4.0,5.0,1.0,43.0,49.0,3.0,-0.57,3,5.0,3.0,1.0,5.0,1.0,1.0,1.0,1.0,1.0,1.0,2,1,4,4.0,4.0,4.0,3.0,5.0,1.0,4.0,4.0,1,0.0,0,Medium
4.0,4.0,3.0,2.0,1.0,41.0,56.0,4.0,-0.188,2,5.0,4.0,5.0,5.0,1.0,1.0,1.0,1.0,1.0,1.0,3,2,6,4.0,4.0,4.0,4.0,6.0,2.0,3.0,3.0,4,0.0,1,Medium
5.0,4.0,3.0,8.0,0.0,50.0,57.0,2.0,-0.188,3,5.0,3.0,5.0,5.0,1.0,1.0,1.0,1.0,1.0,1.0,5,1,1,4.0,4.0,3.0,3.0,2.0,1.0,3.0,3.0,8,0.0,1,Medium
5.0,5.0,2.0,3.0,1.0,81.0,69.0,4.0,0.242,3,5.0,5.0,5.0,5.0,1.0,1.0,1.0,1.0,1.0,1.0,4,2,6,5.0,5.0,5.0,4.0,5.0,1.0,4.0,4.0,6,0.0,1,High
4.0,4.0,3.0,8.0,1.0,48.0,67.0,4.0,1.267,3,5.0,4.0,5.0,5.0,1.0,1.0,1.0,1.0,1.0,1.0,4,2,7,2.0,4.0,4.0,4.0,5.0,3.0,3.0,3.0,6,0.0,1,High
4.0,4.0,2.0,1.0,1.0,55.0,61.0,4.0,-0.188,2,5.0,4.0,5.0,3.0,1.0,1.0,1.0,1.0,1.0,1.0,4,2,6,5.0,4.0,4.0,3.0,4.0,1.0,2.0,3.0,6,0.0,1,High
5.0,3.0,5.0,2.0,0.0,64.0,65.0,4.0,1.267,3,5.0,4.0,5.0,4.0,1.0,1.0,1.0,1.0,1.0,1.0,5,2,9,4.0,4.0,3.0,3.0,5.0,1.0,3.0,3.0,2,0.0,1,High
3.0,3.0,4.0,7.0,1.0,73.0,31.0,3.0,-0.909,2,5.0,5.0,1.0,5.0,3.0,2.0,1.0,1.0,1.0,1.0,2,1,1,5.0,5.0,5.0,5.0,5.0,3.0,3.0,3.0,2,2.0,0,Low
4.0,4.0,3.0,8.0,0.0,42.0,55.0,3.0,1.267,3,5.0,3.0,2.0,5.0,1.0,1.0,1.0,1.0,1.0,1.0,2,2,8,3.0,3.0,3.0,3.0,3.0,1.0,2.0,3.0,6,0.0,1,Medium
4.0,3.0,3.0,8.0,0.0,35.0,62.0,3.0,-1.9,0,5.0,4.0,5.0,3.0,1.0,1.0,1.0,1.0,1.0,1.0,2,2,2,4.0,4.0,4.0,3.0,4.0,,2.0,3.0,6,0.0,1,High
5.0,3.0,3.0,2.0,0.0,43.0,56.0,4.0,0.242,3,5.0,3.0,1.0,3.0,1.0,1.0,1.0,1.0,1.0,1.0,5,5,6,2.0,2.0,2.0,2.0,1.0,1.0,2.0,3.0,2,0.0,1,Medium
5.0,5.0,3.0,2.0,1.0,81.0,76.0,4.0,0.242,3,5.0,5.0,5.0,5.0,1.0,1.0,1.0,1.0,1.0,1.0,3,5,8,4.0,4.0,5.0,5.0,6.0,2.0,3.0,4.0,1,0.0,1,High
5.0,3.0,3.0,8.0,1.0,40.0,49.0,3.0,0.242,3,5.0,4.0,5.0,5.0,1.0,1.0,1.0,1.0,1.0,1.0,1,4,5,3.0,3.0,4.0,3.0,5.0,3.0,3.0,3.0,8,0.0,0,Medium
5.0,4.0,1.0,8.0,1.0,57.0,66.0,4.0,-0.57,2,5.0,5.0,5.0,5.0,1.0,1.0,1.0,1.0,1.0,1.0,5,2,8,5.0,4.0,4.0,4.0,5.0,1.0,3.0,3.0,8,0.0,1,High
5.0,4.0,3.0,8.0,1.0,45.0,57.0,3.0,0.712,3,5.0,4.0,1.0,5.0,1.0,1.0,1.0,1.0,1.0,1.0,2,3,7,3.0,3.0,3.0,3.0,3.0,1.0,3.0,3.0,8,0.0,1,Medium
4.0,4.0,4.0,2.0,1.0,47.0,44.0,4.0,-0.57,2,5.0,4.0,3.0,4.0,1.0,1.0,1.0,1.0,1.0,1.0,5,1,4,4.0,3.0,4.0,3.0,4.0,2.0,3.0,3.0,3,0.0,0,Medium
5.0,5.0,4.0,8.0,1.0,42.0,53.0,3.0,0.712,3,5.0,4.0,5.0,5.0,1.0,1.0,1.0,1.0,1.0,1.0,3,1,2,2.0,4.0,5.0,4.0,6.0,2.0,2.0,2.0,8,0.0,0,Medium
5.0,5.0,5.0,7.0,1.0,73.0,49.0,4.0,0.242,3,5.0,5.0,5.0,5.0,1.0,1.0,1.0,1.0,1.0,1.0,4,4,8,5.0,5.0,5.0,5.0,5.0,2.0,4.0,4.0,1,0.0,0,Medium
5.0,3.0,4.0,4.0,1.0,42.0,24.0,3.0,-0.909,1,3.0,3.0,2.0,5.0,2.0,2.0,1.0,1.0,1.0,1.0,3,4,1,5.0,5.0,5.0,5.0,4.0,1.0,4.0,3.0,2,2.0,0,Low
4.0,2.0,3.0,8.0,1.0,40.0,48.0,3.0,-0.909,3,4.0,3.0,5.0,5.0,1.0,1.0,1.0,1.0,1.0,1.0,2,2,1,3.0,3.0,3.0,3.0,2.0,3.0,3.0,3.0,8,0.0,0,Medium
4.0,3.0,4.0,7.0,1.0,41.0,45.0,3.0,0.712,3,4.0,4.0,3.0,3.0,1.0,1.0,1.0,1.0,1.0,1.0,4,2,6,4.0,4.0,4.0,3.0,5.0,1.0,3.0,3.0,6,0.0,0,Medium
5.0,4.0,2.0,8.0,1.0,56.0,78.0,4.0,0.712,3,5.0,5.0,5.0,4.0,1.0,1.0,1.0,1.0,1.0,1.0,5,2,7,3.0,4.0,4.0,3.0,6.0,2.0,3.0,3.0,7,0.0,1,High
4.0,2.0,3.0,2.0,1.0,38.0,53.0,3.0,-0.188,3,4.0,3.0,3.0,4.0,1.0,1.0,1.0,1.0,1.0,1.0,2,2,8,3.0,3.0,4.0,4.0,4.0,3.0,2.0,2.0,6,0.0,0,Medium
5.0,3.0,3.0,2.0,1.0,41.0,61.0,4.0,0.242,3,5.0,4.0,5.0,5.0,1.0,1.0,1.0,1.0,1.0,1.0,4,4,8,4.0,4.0,4.0,4.0,5.0,2.0,3.0,3.0,3,0.0,1,High
4.0,3.0,3.0,2.0,0.0,42.0,55.0,3.0,1.267,3,4.0,4.0,4.0,4.0,1.0,1.0,1.0,1.0,1.0,1.0,4,3,8,4.0,4.0,4.0,4.0,5.0,2.0,3.0,3.0,2,0.0,1,Medium
4.0,4.0,2.0,8.0,1.0,67.0,51.0,4.0,-0.188,3,5.0,4.0,5.0,5.0,2.0,1.0,1.0,1.0,1.0,1.0,3,1,1,1.0,2.0,4.0,2.0,6.0,1.0,3.0,3.0,6,1.0,0,Medium
5.0,5.0,3.0,8.0,1.0,56.0,79.0,4.0,-0.909,3,5.0,1.0,5.0,5.0,1.0,1.0,1.0,1.0,1.0,1.0,2,2,5,2.0,1.0,2.0,2.0,2.0,3.0,3.0,4.0,8,0.0,1,High
5.0,4.0,2.0,4.0,1.0,64.0,53.0,3.0,-0.909,0,3.0,5.0,1.0,4.0,1.0,1.0,1.0,1.0,1.0,1.0,2,5,1,4.0,5.0,4.0,3.0,4.0,1.0,3.0,3.0,2,0.0,0,Medium
5.0,3.0,4.0,4.0,1.0,46.0,58.0,4.0,-0.188,3,5.0,4.0,5.0,5.0,1.0,2.0,1.0,2.0,2.0,1.0,2,3,1,3.0,3.0,4.0,3.0,5.0,2.0,3.0,3.0,7,3.0,1,Medium
5.0,4.0,4.0,2.0,0.0,57.0,68.0,4.0,0.712,3,5.0,5.0,5.0,5.0,1.0,1.0,1.0,1.0,1.0,1.0,4,4,9,4.0,4.0,4.0,4.0,6.0,2.0,3.0,4.0,2,0.0,1,High
5.0,5.0,3.0,2.0,1.0,30.0,22.0,3.0,-0.57,2,5.0,3.0,5.0,5.0,3.0,3.0,1.0,3.0,3.0,1.0,3,1,7,5.0,1.0,5.0,5.0,6.0,1.0,3.0,3.0,6,4.0,0,Low
5.0,4.0,4.0,8.0,1.0,85.0,67.0,4.0,1.267,2,5.0,4.0,5.0,2.0,1.0,1.0,1.0,1.0,1.0,1.0,4,2,7,4.0,4.0,4.0,3.0,6.0,3.0,4.0,4.0,8,0.0,1,High
5.0,5.0,1.0,2.0,1.0,77.0,88.0,4.0,0.712,3,5.0,5.0,4.0,4.0,1.0,1.0,1.0,1.0,1.0,1.0,4,2,9,5.0,5.0,5.0,5.0,6.0,3.0,3.0,4.0,6,0.0,1,High
5.0,4.0,5.0,8.0,1.0,50.0,52.0,3.0,-0.57,3,5.0,5.0,2.0,5.0,1.0,1.0,1.0,1.0,1.0,1.0,3,2,4,5.0,5.0,5.0,5.0,6.0,1.0,4.0,3.0,8,0.0,0,Medium
5.0,4.0,4.0,8.0,1.0,69.0,65.0,4.0,-1.485,1,5.0,5.0,5.0,5.0,1.0,1.0,1.0,1.0,1.0,1.0,5,1,8,4.0,4.0,4.0,4.0,5.0,2.0,4.0,4.0,8,0.0,1,High
3.0,3.0,3.0,2.0,1.0,42.0,62.0,3.0,-0.57,3,5.0,5.0,4.0,5.0,1.0,1.0,1.0,1.0,1.0,1.0,3,2,8,3.0,3.0,3.0,3.0,5.0,2.0,3.0,4.0,2,0.0,1,High
5.0,4.0,4.0,8.0,1.0,54.0,83.0,3.0,1.267,3,5.0,5.0,5.0,5.0,1.0,1.0,1.0,1.0,1.0,1.0,3,2,6,5.0,5.0,4.0,4.0,5.0,3.0,2.0,3.0,8,0.0,1,High
5.0,4.0,4.0,2.0,1.0,49.0,44.0,3.0,-0.188,1,5.0,4.0,2.0,5.0,1.0,1.0,1.0,1.0,1.0,1.0,3,3,5,4.0,4.0,4.0,2.0,3.0,3.0,3.0,3.0,1,0.0,0,Medium
3.0,3.0,2.0,3.0,0.0,41.0,55.0,3.0,-0.909,1,4.0,4.0,1.0,4.0,1.0,1.0,1.0,1.0,1.0,1.0,1,5,3,4.0,4.0,4.0,4.0,5.0,2.0,3.0,4.0,1,0.0,1,Medium
4.0,2.0,3.0,4.0,0.0,37.0,56.0,3.0,-0.57,3,5.0,4.0,1.0,3.0,1.0,1.0,1.0,2.0,1.0,1.0,3,2,7,4.0,5.0,3.0,3.0,2.0,1.0,1.0,3.0,6,1.0,1,Medium
4.0,3.0,4.0,4.0,1.0,42.0,49.0,3.0,-1.215,2,5.0,3.0,2.0,3.0,2.0,2.0,1.0,1.0,1.0,1.0,2,5,6,4.0,4.0,3.0,3.0,4.0,1.0,4.0,3.0,4,2.0,0,Medium
5.0,4.0,4.0,8.0,1.0,60.0,67.0,3.0,1.267,3,5.0,4.0,5.0,5.0,1.0,1.0,1.0,1.0,1.0,1.0,2,3,7,3.0,4.0,4.0,3.0,6.0,3.0,3.0,4.0,8,0.0,1,High
4.0,3.0,4.0,1.0,1.0,43.0,57.0,3.0,0.242,3,5.0,5.0,2.0,5.0,1.0,1.0,1.0,1.0,1.0,1.0,5,2,6,4.0,4.0,3.0,3.0,5.0,2.0,3.0,3.0,6,0.0,1,Medium
4.0,5.0,2.0,8.0,1.0,51.0,62.0,4.0,1.267,3,5.0,5.0,5.0,5.0,1.0,1.0,1.0,1.0,1.0,1.0,5,2,8,5.0,4.0,5.0,4.0,6.0,2.0,2.0,3.0,8,0.0,1,High
5.0,3.0,2.0,8.0,1.0,45.0,49.0,3.0,0.242,3,5.0,3.0,2.0,5.0,1.0,1.0,1.0,1.0,1.0,1.0,5,2,6,4.0,3.0,3.0,3.0,2.0,1.0,3.0,3.0,6,0.0,0,Medium
4.0,3.0,3.0,2.0,0.0,35.0,49.0,2.0,-1.9,1,3.0,2.0,2.0,1.0,1.0,2.0,2.0,2.0,2.0,1.0,2,2,7,2.0,3.0,4.0,3.0,2.0,2.0,3.0,2.0,2,4.0,0,Medium
4.0,3.0,3.0,3.0,1.0,54.0,53.0,3.0,0.242,3,5.0,4.0,5.0,5.0,1.0,1.0,1.0,1.0,1.0,1.0,3,2,7,4.0,4.0,4.0,3.0,4.0,2.0,3.0,3.0,2,0.0,0,Medium
5.0,5.0,1.0,7.0,1.0,79.0,86.0,4.0,-0.57,2,5.0,5.0,5.0,5.0,1.0,1.0,1.0,1.0,1.0,1.0,3,3,1,5.0,5.0,5.0,5.0,6.0,1.0,4.0,3.0,2,0.0,1,High
4.0,5.0,3.0,5.0,0.0,40.0,42.0,2.0,-1.485,0,4.0,5.0,3.0,4.0,2.0,2.0,3.0,1.0,3.0,2.0,1,2,2,2.0,5.0,4.0,3.0,3.0,4.0,2.0,3.0,2,5.0,0,Low
4.0,4.0,3.0,2.0,1.0,58.0,66.0,4.0,-1.215,1,4.0,4.0,4.0,4.0,1.0,1.0,1.0,1.0,1.0,1.0,4,5,9,4.0,4.0,4.0,4.0,5.0,3.0,3.0,3.0,1,0.0,1,High
5.0,5.0,3.0,2.0,1.0,59.0,54.0,4.0,-1.485,1,5.0,5.0,5.0,3.0,1.0,1.0,1.0,1.0,1.0,1.0,2,5,4,4.0,5.0,5.0,5.0,6.0,1.0,4.0,2.0,2,0.0,0,Medium
3.0,3.0,4.0,2.0,0.0,42.0,39.0,2.0,-0.188,3,3.0,3.0,3.0,3.0,2.0,2.0,2.0,2.0,2.0,2.0,3,4,2,3.0,3.0,3.0,3.0,3.0,3.0,3.0,3.0,2,6.0,0,Low
4.0,4.0,2.0,8.0,0.0,45.0,59.0,3.0,-0.909,3,5.0,4.0,5.0,5.0,1.0,1.0,1.0,1.0,1.0,1.0,1,2,2,3.0,4.0,4.0,4.0,5.0,3.0,3.0,3.0,8,0.0,1,Medium
5.0,5.0,2.0,8.0,0.0,59.0,68.0,4.0,-0.188,2,5.0,5.0,5.0,5.0,1.0,1.0,1.0,1.0,1.0,1.0,3,2,4,5.0,5.0,5.0,5.0,4.0,1.0,4.0,4.0,7,0.0,1,High
5.0,5.0,3.0,8.0,1.0,62.0,75.0,4.0,-0.57,3,5.0,5.0,4.0,4.0,1.0,1.0,1.0,1.0,1.0,1.0,5,2,6,4.0,5.0,4.0,2.0,6.0,1.0,4.0,4.0,8,0.0,1,High
5.0,4.0,4.0,4.0,1.0,55.0,50.0,3.0,-0.188,3,5.0,5.0,3.0,5.0,1.0,1.0,1.0,1.0,1.0,1.0,2,5,3,4.0,3.0,3.0,3.0,4.0,2.0,3.0,3.0,2,0.0,0,Medium
3.0,3.0,1.0,7.0,1.0,44.0,62.0,4.0,-1.485,2,5.0,5.0,5.0,5.0,1.0,1.0,1.0,1.0,1.0,1.0,2,1,3,5.0,5.0,5.0,5.0,6.0,1.0,1.0,4.0,2,0.0,1,High
3.0,2.0,2.0,2.0,1.0,39.0,48.0,2.0,-1.215,1,4.0,4.0,1.0,5.0,2.0,3.0,1.0,2.0,3.0,3.0,1,4,1,4.0,4.0,4.0,4.0,2.0,1.0,2.0,1.0,2,5.0,0,Medium
4.0,3.0,5.0,5.0,1.0,40.0,58.0,3.0,1.267,3,5.0,3.0,5.0,2.0,1.0,1.0,1.0,1.0,1.0,1.0,3,3,8,2.0,2.0,2.0,2.0,4.0,2.0,2.0,3.0,1,0.0,1,Medium
3.0,3.0,3.0,2.0,0.0,42.0,49.0,3.0,-1.215,1,3.0,3.0,3.0,3.0,1.0,1.0,1.0,1.0,1.0,1.0,2,3,6,3.0,3.0,3.0,3.0,4.0,3.0,3.0,2.0,2,0.0,0,Medium
4.0,3.0,4.0,2.0,0.0,47.0,50.0,3.0,-0.188,3,5.0,3.0,4.0,5.0,1.0,1.0,1.0,1.0,1.0,1.0,5,1,6,5.0,2.0,2.0,1.0,6.0,3.0,2.0,3.0,2,0.0,0,Medium
5.0,4.0,3.0,2.0,0.0,38.0,59.0,3.0,0.242,3,5.0,4.0,1.0,4.0,1.0,1.0,1.0,1.0,1.0,1.0,4,1,5,4.0,4.0,3.0,3.0,5.0,2.0,2.0,3.0,3,0.0,1,Medium
5.0,4.0,5.0,7.0,1.0,53.0,43.0,2.0,-0.188,2,3.0,2.0,4.0,4.0,2.0,2.0,1.0,2.0,3.0,1.0,3,3,2,3.0,2.0,3.0,2.0,4.0,1.0,3.0,3.0,3,4.0,0,Low
4.0,4.0,3.0,2.0,1.0,59.0,57.0,4.0,0.242,3,5.0,5.0,2.0,5.0,1.0,1.0,1.0,1.0,1.0,1.0,3,2,5,4.0,4.0,4.0,4.0,4.0,1.0,4.0,4.0,5,0.0,1,Medium
4.0,4.0,4.0,2.0,1.0,49.0,41.0,3.0,-1.215,0,3.0,4.0,4.0,3.0,3.0,2.0,3.0,2.0,2.0,2.0,5,2,8,4.0,4.0,4.0,5.0,4.0,4.0,4.0,4.0,3,6.0,0,Low
5.0,5.0,2.0,1.0,1.0,61.0,57.0,4.0,-0.57,3,5.0,4.0,1.0,3.0,1.0,2.0,1.0,1.0,1.0,1.0,2,4,1,5.0,4.0,5.0,3.0,6.0,1.0,3.0,3.0,2,1.0,1,Medium
5.0,5.0,4.0,8.0,1.0,69.0,79.0,4.0,0.242,3,5.0,5.0,5.0,5.0,1.0,1.0,1.0,1.0,1.0,1.0,4,1,4,5.0,5.0,5.0,5.0,6.0,1.0,3.0,4.0,5,0.0,1,High
3.0,3.0,4.0,2.0,1.0,38.0,59.0,3.0,-0.188,2,5.0,4.0,1.0,4.0,1.0,1.0,1.0,1.0,1.0,1.0,5,2,4,4.0,4.0,3.0,3.0,6.0,2.0,2.0,3.0,2,0.0,1,Medium
4.0,3.0,5.0,2.0,1.0,42.0,28.0,3.0,-0.57,2,3.0,4.0,2.0,2.0,3.0,2.0,3.0,2.0,2.0,2.0,3,3,1,3.0,3.0,3.0,3.0,5.0,3.0,3.0,,4,6.0,0,Low
3.0,3.0,2.0,7.0,1.0,42.0,49.0,2.0,-1.485,2,5.0,1.0,1.0,5.0,2.0,2.0,2.0,2.0,2.0,2.0,2,1,1,4.0,4.0,4.0,4.0,5.0,1.0,1.0,1.0,2,6.0,0,Medium
3.0,3.0,2.0,8.0,1.0,58.0,68.0,3.0,-1.215,2,3.0,3.0,1.0,3.0,1.0,1.0,1.0,1.0,1.0,1.0,3,1,2,4.0,4.0,3.0,2.0,5.0,1.0,3.0,3.0,5,0.0,1,High
5.0,2.0,5.0,2.0,0.0,48.0,35.0,4.0,-0.909,2,5.0,1.0,1.0,1.0,1.0,1.0,1.0,1.0,1.0,1.0,4,5,7,1.0,1.0,2.0,1.0,1.0,3.0,1.0,2.0,3,0.0,0,Low
5.0,3.0,2.0,5.0,0.0,36.0,49.0,3.0,-1.9,1,3.0,3.0,2.0,5.0,1.0,1.0,1.0,1.0,2.0,1.0,1,5,1,4.0,4.0,4.0,2.0,3.0,3.0,3.0,2.0,4,1.0,0,Medium
4.0,4.0,4.0,2.0,1.0,36.0,49.0,2.0,-1.215,1,3.0,5.0,3.0,4.0,1.0,3.0,1.0,2.0,2.0,1.0,3,3,1,3.0,4.0,3.0,2.0,2.0,3.0,4.0,2.0,2,3.0,0,Medium
3.0,2.0,2.0,2.0,1.0,35.0,56.0,3.0,-0.188,2,5.0,2.0,3.0,1.0,1.0,1.0,1.0,1.0,1.0,1.0,5,1,5,3.0,3.0,4.0,2.0,4.0,1.0,3.0,3.0,2,0.0,1,Medium
3.0,3.0,4.0,2.0,1.0,42.0,42.0,3.0,-0.188,2,2.0,4.0,1.0,4.0,1.0,1.0,1.0,2.0,1.0,1.0,5,3,7,2.0,4.0,4.0,4.0,5.0,2.0,3.0,3.0,5,1.0,0,Low
5.0,2.0,1.0,3.0,1.0,51.0,64.0,4.0,-1.215,2,5.0,1.0,5.0,5.0,1.0,1.0,1.0,1.0,1.0,1.0,2,4,1,5.0,5.0,5.0,5.0,3.0,2.0,3.0,4.0,1,0.0,1,High
5.0,4.0,4.0,2.0,1.0,53.0,57.0,3.0,0.712,3,5.0,4.0,4.0,5.0,1.0,1.0,1.0,1.0,1.0,1.0,4,2,7,4.0,5.0,4.0,4.0,5.0,2.0,3.0,4.0,2,0.0,1,Medium
5.0,4.0,2.0,2.0,0.0,58.0,71.0,4.0,0.242,3,5.0,5.0,5.0,5.0,1.0,1.0,1.0,1.0,1.0,1.0,4,1,6,4.0,5.0,3.0,2.0,6.0,1.0,3.0,3.0,3,0.0,1,High
3.0,3.0,3.0,6.0,1.0,53.0,39.0,3.0,-1.713,2,3.0,2.0,3.0,3.0,2.0,2.0,1.0,2.0,2.0,1.0,1,5,1,3.0,3.0,4.0,2.0,5.0,2.0,3.0,3.0,2,4.0,0,Low
5.0,5.0,3.0,5.0,1.0,66.0,30.0,4.0,-1.713,1,5.0,5.0,1.0,5.0,3.0,2.0,2.0,2.0,2.0,1.0,1,1,1,5.0,5.0,5.0,5.0,6.0,3.0,4.0,4.0,4,5.0,0,Low
5.0,4.0,1.0,8.0,0.0,60.0,85.0,3.0,-0.188,1,5.0,4.0,3.0,4.0,1.0,1.0,1.0,1.0,1.0,1.0,2,2,4,4.0,4.0,4.0,4.0,3.0,1.0,3.0,2.0,6,0.0,1,High
5.0,5.0,1.0,1.0,1.0,85.0,76.0,4.0,-1.713,1,5.0,5.0,5.0,5.0,1.0,1.0,1.0,1.0,1.0,1.0,2,1,1,5.0,5.0,5.0,5.0,5.0,4.0,4.0,3.0,6,0.0,1,High
3.0,3.0,3.0,,1.0,41.0,49.0,2.0,-1.215,1,2.0,2.0,2.0,3.0,1.0,1.0,1.0,1.0,1.0,1.0,5,1,3,3.0,3.0,3.0,3.0,4.0,1.0,1.0,1.0,3,0.0,0,Medium
5.0,4.0,1.0,8.0,0.0,67.0,59.0,4.0,1.267,3,5.0,5.0,4.0,5.0,1.0,1.0,1.0,1.0,2.0,1.0,4,1,5,4.0,3.0,1.0,2.0,5.0,1.0,4.0,3.0,6,1.0,1,Medium
5.0,5.0,2.0,8.0,1.0,75.0,64.0,4.0,0.712,3,5.0,5.0,5.0,5.0,1.0,1.0,1.0,1.0,1.0,1.0,4,2,9,5.0,5.0,5.0,5.0,6.0,3.0,3.0,3.0,5,0.0,1,High
3.0,3.0,4.0,2.0,1.0,69.0,50.0,3.0,-0.57,2,4.0,3.0,3.0,5.0,1.0,1.0,1.0,1.0,3.0,1.0,3,2,4,3.0,4.0,4.0,2.0,3.0,1.0,4.0,3.0,3,1.0,0,Medium
2.0,2.0,4.0,3.0,,29.0,59.0,2.0,-1.713,0,3.0,3.0,3.0,3.0,2.0,2.0,2.0,2.0,2.0,2.0,2,1,1,3.0,3.0,3.0,3.0,3.0,2.0,2.0,2.0,6,6.0,1,Medium
5.0,3.0,4.0,3.0,0.0,40.0,55.0,2.0,-0.57,3,5.0,4.0,3.0,5.0,1.0,1.0,1.0,1.0,1.0,1.0,1,3,7,2.0,3.0,2.0,3.0,5.0,2.0,3.0,3.0,5,0.0,1,Medium
4.0,3.0,5.0,2.0,1.0,51.0,51.0,3.0,0.242,3,3.0,3.0,2.0,4.0,1.0,1.0,1.0,1.0,1.0,1.0,3,1,8,3.0,4.0,4.0,4.0,2.0,2.0,2.0,3.0,5,0.0,0,Medium
3.0,3.0,4.0,8.0,0.0,44.0,49.0,2.0,-0.57,3,4.0,4.0,5.0,4.0,2.0,1.0,1.0,1.0,1.0,1.0,2,2,1,4.0,4.0,3.0,3.0,4.0,2.0,2.0,2.0,6,1.0,0,Medium
5.0,5.0,2.0,2.0,1.0,63.0,69.0,4.0,-0.909,2,5.0,5.0,2.0,5.0,1.0,1.0,1.0,1.0,1.0,1.0,3,3,9,5.0,4.0,4.0,4.0,5.0,1.0,4.0,3.0,5,0.0,1,High
4.0,3.0,3.0,3.0,1.0,53.0,53.0,3.0,-1.485,1,5.0,5.0,1.0,5.0,2.0,2.0,1.0,1.0,1.0,1.0,3,4,1,4.0,4.0,4.0,4.0,4.0,1.0,3.0,3.0,2,2.0,0,Medium
4.0,3.0,4.0,2.0,1.0,50.0,57.0,3.0,-0.188,2,5.0,4.0,4.0,5.0,1.0,1.0,1.0,2.0,2.0,2.0,2,2,4,5.0,5.0,5.0,5.0,6.0,2.0,2.0,4.0,4,3.0,1,Medium
5.0,5.0,2.0,2.0,1.0,80.0,81.0,4.0,-0.188,3,4.0,5.0,5.0,5.0,1.0,1.0,1.0,2.0,1.0,1.0,2,4,5,1.0,5.0,5.0,5.0,6.0,1.0,4.0,4.0,2,1.0,1,High
5.0,3.0,2.0,3.0,1.0,51.0,62.0,3.0,-0.57,3,5.0,3.0,1.0,5.0,1.0,1.0,1.0,1.0,1.0,1.0,2,5,8,4.0,4.0,4.0,4.0,5.0,2.0,3.0,3.0,1,0.0,1,High
4.0,4.0,,,1.0,42.0,45.0,2.0,-2.053,1,3.0,3.0,2.0,3.0,2.0,2.0,2.0,2.0,2.0,2.0,2,5,1,4.0,3.0,2.0,3.0,4.0,,,,2,6.0,0,Medium
5.0,4.0,2.0,8.0,1.0,81.0,71.0,3.0,-1.215,3,5.0,4.0,3.0,5.0,1.0,1.0,1.0,1.0,1.0,1.0,3,2,7,4.0,4.0,5.0,4.0,6.0,1.0,4.0,3.0,8,0.0,1,High
4.0,4.0,4.0,3.0,1.0,46.0,36.0,2.0,-1.215,1,5.0,5.0,5.0,5.0,2.0,1.0,1.0,2.0,1.0,1.0,2,4,1,5.0,5.0,5.0,3.0,6.0,2.0,1.0,4.0,2,2.0,0,Low
3.0,3.0,4.0,2.0,0.0,39.0,51.0,2.0,-0.188,2,3.0,3.0,3.0,4.0,1.0,1.0,1.0,1.0,1.0,1.0,1,1,2,4.0,4.0,3.0,4.0,4.0,2.0,2.0,2.0,4,0.0,0,Medium
5.0,5.0,4.0,2.0,1.0,85.0,60.0,4.0,-0.909,2,5.0,5.0,5.0,5.0,1.0,1.0,1.0,1.0,1.0,1.0,3,1,5,5.0,5.0,5.0,5.0,6.0,1.0,4.0,4.0,5,0.0,1,Medium
4.0,3.0,3.0,2.0,1.0,53.0,56.0,3.0,0.712,3,5.0,4.0,4.0,5.0,2.0,1.0,1.0,1.0,1.0,1.0,3,2,2,4.0,4.0,4.0,1.0,5.0,2.0,3.0,3.0,5,1.0,1,Medium
4.0,4.0,2.0,2.0,1.0,48.0,61.0,3.0,-1.215,2,4.0,3.0,4.0,4.0,1.0,1.0,1.0,1.0,1.0,1.0,4,1,6,4.0,4.0,4.0,4.0,4.0,3.0,2.0,3.0,2,0.0,1,High
5.0,4.0,4.0,2.0,0.0,69.0,56.0,4.0,-1.215,2,5.0,4.0,1.0,3.0,1.0,1.0,1.0,1.0,1.0,1.0,3,1,7,4.0,4.0,4.0,3.0,5.0,1.0,4.0,3.0,3,0.0,1,Medium
4.0,3.0,4.0,2.0,1.0,51.0,47.0,4.0,0.712,3,5.0,3.0,2.0,2.0,2.0,2.0,1.0,1.0,1.0,1.0,4,3,5,4.0,4.0,3.0,2.0,3.0,2.0,3.0,3.0,2,2.0,0,Medium
4.0,2.0,5.0,6.0,0.0,40.0,22.0,2.0,-1.485,2,3.0,2.0,1.0,4.0,3.0,3.0,2.0,1.0,2.0,1.0,2,4,1,4.0,4.0,2.0,2.0,2.0,3.0,3.0,2.0,3,4.0,0,Low
4.0,4.0,3.0,4.0,1.0,65.0,62.0,4.0,-0.57,2,5.0,5.0,4.0,5.0,1.0,1.0,1.0,1.0,1.0,1.0,3,5,8,4.0,5.0,4.0,4.0,5.0,2.0,4.0,3.0,4,0.0,1,High
3.0,3.0,3.0,7.0,0.0,41.0,54.0,3.0,-0.909,0,5.0,3.0,1.0,5.0,2.0,2.0,1.0,1.0,1.0,1.0,2,1,1,4.0,4.0,3.0,3.0,4.0,3.0,3.0,2.0,2,2.0,0,Medium
4.0,4.0,4.0,2.0,1.0,46.0,57.0,3.0,0.242,3,5.0,4.0,3.0,5.0,1.0,1.0,1.0,1.0,1.0,1.0,5,5,9,4.0,4.0,4.0,4.0,5.0,3.0,3.0,3.0,3,0.0,1,Medium
4.0,4.0,5.0,2.0,1.0,42.0,55.0,4.0,-1.485,1,4.0,4.0,4.0,4.0,2.0,2.0,2.0,2.0,2.0,2.0,5,4,7,4.0,4.0,4.0,4.0,5.0,4.0,4.0,4.0,3,6.0,1,Medium
3.0,4.0,3.0,8.0,1.0,59.0,56.0,3.0,0.242,3,4.0,4.0,3.0,4.0,1.0,1.0,1.0,1.0,1.0,1.0,3,1,8,4.0,4.0,4.0,4.0,5.0,1.0,4.0,4.0,5,0.0,1,Medium
4.0,3.0,4.0,2.0,1.0,57.0,51.0,4.0,-0.188,3,5.0,4.0,4.0,3.0,1.0,1.0,1.0,1.0,1.0,1.0,5,2,8,4.0,4.0,4.0,4.0,5.0,1.0,4.0,4.0,3,0.0,0,Medium
5.0,4.0,3.0,8.0,1.0,50.0,49.0,3.0,-0.57,3,4.0,3.0,2.0,5.0,1.0,1.0,1.0,1.0,1.0,1.0,2,1,4,4.0,3.0,4.0,4.0,4.0,3.0,3.0,4.0,6,0.0,0,Medium
4.0,4.0,4.0,4.0,1.0,55.0,63.0,3.0,-0.909,2,4.0,4.0,5.0,5.0,1.0,1.0,1.0,1.0,1.0,1.0,3,2,8,4.0,4.0,4.0,4.0,5.0,1.0,3.0,3.0,5,0.0,1,High
3.0,4.0,3.0,2.0,1.0,66.0,55.0,3.0,-0.57,2,5.0,2.0,2.0,4.0,1.0,1.0,1.0,1.0,1.0,1.0,5,1,3,1.0,4.0,5.0,3.0,3.0,1.0,4.0,4.0,2,0.0,1,Medium
5.0,3.0,4.0,5.0,1.0,43.0,46.0,3.0,-0.909,2,5.0,3.0,5.0,2.0,1.0,1.0,1.0,2.0,1.0,1.0,4,3,2,4.0,4.0,3.0,2.0,3.0,3.0,2.0,2.0,2,1.0,0,Medium
3.0,4.0,3.0,6.0,0.0,45.0,55.0,3.0,-0.909,0,3.0,2.0,1.0,4.0,2.0,2.0,2.0,2.0,2.0,2.0,1,3,4,3.0,4.0,2.0,2.0,4.0,3.0,3.0,1.0,5,6.0,1,Medium
4.0,3.0,4.0,2.0,0.0,39.0,52.0,2.0,-0.188,3,5.0,4.0,5.0,5.0,2.0,2.0,1.0,1.0,1.0,1.0,3,2,6,5.0,5.0,3.0,4.0,3.0,3.0,2.0,3.0,2,2.0,0,Medium
5.0,5.0,1.0,5.0,1.0,71.0,30.0,3.0,-1.215,2,5.0,4.0,5.0,5.0,2.0,2.0,1.0,2.0,2.0,1.0,3,2,1,3.0,3.0,4.0,4.0,5.0,1.0,4.0,4.0,1,4.0,0,Low
4.0,4.0,2.0,8.0,0.0,57.0,84.0,3.0,0.712,3,5.0,5.0,5.0,3.0,1.0,1.0,1.0,1.0,1.0,1.0,2,3,5,3.0,4.0,4.0,4.0,5.0,1.0,2.0,3.0,7,0.0,1,High
3.0,3.0,4.0,2.0,0.0,30.0,20.0,1.0,-0.188,2,3.0,3.0,1.0,3.0,3.0,3.0,1.0,3.0,3.0,3.0,3,5,7,3.0,3.0,3.0,3.0,3.0,3.0,3.0,3.0,2,5.0,0,Low
5.0,5.0,3.0,2.0,1.0,71.0,64.0,4.0,0.242,2,5.0,5.0,5.0,2.0,1.0,1.0,1.0,1.0,1.0,1.0,4,2,9,5.0,5.0,5.0,5.0,6.0,1.0,3.0,3.0,5,0.0,1,High
4.0,1.0,3.0,,1.0,25.0,57.0,4.0,-2.053,2,3.0,1.0,2.0,3.0,1.0,1.0,1.0,1.0,1.0,1.0,2,1,1,3.0,3.0,3.0,3.0,2.0,3.0,3.0,4.0,4,0.0,1,Medium
5.0,3.0,5.0,2.0,1.0,63.0,36.0,3.0,-0.909,3,5.0,1.0,1.0,5.0,3.0,3.0,1.0,2.0,1.0,1.0,5,5,3,5.0,2.0,2.0,2.0,2.0,1.0,4.0,4.0,2,3.0,0,Low
3.0,1.0,4.0,2.0,0.0,24.0,29.0,1.0,0.242,3,5.0,3.0,1.0,5.0,3.0,3.0,3.0,2.0,2.0,1.0,4,1,7,2.0,2.0,1.0,1.0,1.0,3.0,1.0,2.0,5,5.0,0,Low
,,2.0,8.0,1.0,46.0,52.0,3.0,-0.188,3,5.0,3.0,2.0,4.0,1.0,1.0,1.0,1.0,1.0,1.0,3,2,8,4.0,4.0,4.0,3.0,5.0,1.0,3.0,3.0,6,0.0,0,Medium
4.0,4.0,2.0,2.0,1.0,79.0,26.0,4.0,-1.713,1,4.0,4.0,4.0,4.0,2.0,2.0,2.0,2.0,2.0,2.0,2,2,2,4.0,4.0,4.0,4.0,5.0,2.0,4.0,4.0,1,6.0,0,Low
3.0,3.0,3.0,3.0,0.0,42.0,49.0,3.0,-1.215,1,3.0,3.0,3.0,3.0,2.0,2.0,2.0,2.0,2.0,2.0,5,3,1,3.0,3.0,3.0,3.0,3.0,3.0,3.0,3.0,3,6.0,0,Medium
5.0,4.0,2.0,2.0,1.0,48.0,61.0,3.0,0.712,3,5.0,4.0,4.0,4.0,1.0,1.0,1.0,1.0,1.0,2.0,5,1,4,4.0,4.0,5.0,4.0,3.0,1.0,3.0,4.0,2,1.0,1,High
5.0,4.0,2.0,7.0,1.0,46.0,65.0,4.0,0.712,3,5.0,3.0,2.0,4.0,1.0,1.0,1.0,1.0,1.0,1.0,4,2,7,5.0,4.0,3.0,2.0,5.0,3.0,3.0,3.0,2,0.0,1,High
4.0,2.0,4.0,6.0,0.0,37.0,46.0,3.0,-0.909,1,3.0,4.0,2.0,4.0,3.0,2.0,1.0,1.0,1.0,2.0,3,1,1,4.0,4.0,3.0,2.0,2.0,3.0,2.0,2.0,5,3.0,0,Medium
5.0,5.0,3.0,6.0,1.0,64.0,42.0,3.0,-1.485,2,5.0,5.0,5.0,5.0,2.0,3.0,1.0,3.0,3.0,1.0,3,1,1,5.0,5.0,5.0,4.0,6.0,3.0,4.0,3.0,3,4.0,0,Low
4.0,4.0,3.0,2.0,1.0,52.0,58.0,3.0,-1.713,2,4.0,4.0,4.0,4.0,1.0,2.0,2.0,2.0,2.0,1.0,3,2,8,4.0,4.0,4.0,4.0,5.0,3.0,3.0,3.0,2,4.0,1,Medium
5.0,5.0,1.0,2.0,1.0,71.0,72.0,4.0,-1.485,2,5.0,5.0,2.0,5.0,1.0,1.0,1.0,1.0,1.0,1.0,3,4,7,5.0,5.0,5.0,5.0,3.0,1.0,3.0,4.0,3,0.0,1,High
3.0,3.0,4.0,2.0,1.0,38.0,41.0,3.0,-0.188,3,1.0,1.0,1.0,4.0,2.0,1.0,1.0,1.0,1.0,2.0,4,1,3,2.0,3.0,2.0,2.0,2.0,2.0,3.0,3.0,3,2.0,0,Low
5.0,5.0,1.0,2.0,1.0,85.0,86.0,4.0,-1.485,1,5.0,5.0,5.0,5.0,1.0,1.0,1.0,1.0,2.0,1.0,2,1,2,5.0,5.0,5.0,5.0,5.0,4.0,4.0,4.0,3,1.0,1,High
4.0,4.0,2.0,2.0,0.0,48.0,56.0,3.0,-0.57,2,5.0,4.0,4.0,3.0,1.0,1.0,1.0,1.0,1.0,1.0,4,1,4,4.0,4.0,3.0,4.0,5.0,2.0,3.0,3.0,2,0.0,1,Medium
3.0,3.0,2.0,1.0,1.0,38.0,62.0,3.0,-1.713,2,4.0,4.0,3.0,4.0,1.0,1.0,1.0,1.0,1.0,1.0,4,5,1,4.0,3.0,4.0,4.0,5.0,1.0,3.0,1.0,3,0.0,1,High
4.0,4.0,3.0,2.0,1.0,47.0,61.0,4.0,0.712,3,5.0,5.0,1.0,3.0,1.0,1.0,1.0,2.0,2.0,1.0,1,5,7,4.0,4.0,4.0,4.0,5.0,2.0,3.0,3.0,1,2.0,1,High
5.0,5.0,4.0,1.0,1.0,52.0,51.0,4.0,-1.215,1,5.0,5.0,5.0,5.0,1.0,1.0,1.0,1.0,1.0,1.0,2,5,8,5.0,5.0,5.0,5.0,6.0,3.0,3.0,3.0,5,0.0,0,Medium
4.0,3.0,3.0,2.0,0.0,50.0,45.0,3.0,-1.485,2,3.0,3.0,3.0,4.0,2.0,1.0,1.0,2.0,3.0,2.0,5,2,5,3.0,3.0,2.0,4.0,5.0,4.0,2.0,3.0,2,4.0,0,Medium
5.0,4.0,2.0,8.0,1.0,66.0,70.0,4.0,0.712,3,5.0,5.0,4.0,4.0,1.0,1.0,1.0,1.0,1.0,1.0,5,1,8,5.0,5.0,4.0,5.0,2.0,3.0,2.0,3.0,6,0.0,1,High
5.0,4.0,4.0,2.0,1.0,54.0,61.0,4.0,0.712,3,5.0,4.0,5.0,5.0,1.0,1.0,1.0,1.0,1.0,1.0,5,2,9,3.0,4.0,4.0,4.0,6.0,2.0,3.0,4.0,6,0.0,1,High
4.0,3.0,1.0,,1.0,67.0,63.0,3.0,0.712,3,5.0,4.0,5.0,5.0,1.0,2.0,1.0,1.0,1.0,1.0,4,3,7,5.0,5.0,2.0,1.0,6.0,1.0,4.0,4.0,2,1.0,1,High
5.0,4.0,4.0,3.0,1.0,55.0,59.0,4.0,1.267,3,5.0,4.0,5.0,5.0,1.0,1.0,1.0,1.0,1.0,1.0,4,5,9,4.0,3.0,3.0,4.0,5.0,2.0,2.0,3.0,4,0.0,1,Medium
5.0,5.0,2.0,2.0,1.0,65.0,59.0,4.0,0.712,3,5.0,5.0,3.0,2.0,1.0,1.0,1.0,1.0,1.0,1.0,4,1,5,3.0,4.0,4.0,4.0,4.0,4.0,4.0,4.0,3,0.0,1,Medium
3.0,3.0,3.0,2.0,1.0,38.0,62.0,3.0,-0.909,1,5.0,5.0,2.0,4.0,1.0,1.0,1.0,1.0,1.0,1.0,3,5,1,4.0,4.0,4.0,2.0,4.0,2.0,2.0,3.0,1,0.0,1,High
4.0,3.0,3.0,5.0,0.0,44.0,44.0,3.0,-0.57,3,3.0,2.0,4.0,5.0,2.0,3.0,1.0,3.0,2.0,1.0,4,4,3,4.0,4.0,5.0,4.0,2.0,1.0,2.0,3.0,3,4.0,0,Medium
5.0,5.0,4.0,2.0,1.0,70.0,52.0,4.0,0.242,3,5.0,5.0,5.0,5.0,1.0,1.0,1.0,1.0,1.0,1.0,2,1,1,5.0,5.0,5.0,5.0,3.0,1.0,4.0,4.0,2,0.0,0,Medium
2.0,2.0,4.0,3.0,1.0,27.0,18.0,2.0,-0.909,3,2.0,2.0,2.0,2.0,1.0,1.0,1.0,1.0,1.0,1.0,2,5,2,4.0,3.0,3.0,3.0,3.0,2.0,4.0,2.0,3,0.0,0,Low
4.0,4.0,2.0,,1.0,41.0,53.0,3.0,-0.909,2,4.0,4.0,4.0,4.0,1.0,1.0,1.0,1.0,1.0,1.0,2,3,1,4.0,4.0,4.0,4.0,4.0,4.0,3.0,4.0,6,0.0,0,Medium
5.0,4.0,1.0,8.0,1.0,57.0,65.0,4.0,1.267,3,5.0,4.0,4.0,5.0,1.0,1.0,1.0,1.0,1.0,1.0,3,1,5,5.0,4.0,5.0,4.0,6.0,1.0,3.0,3.0,7,0.0,1,High
5.0,5.0,1.0,7.0,1.0,69.0,77.0,4.0,0.242,2,5.0,5.0,1.0,3.0,1.0,1.0,1.0,1.0,1.0,1.0,3,1,9,5.0,5.0,5.0,4.0,6.0,2.0,3.0,4.0,6,0.0,1,High
4.0,4.0,3.0,1.0,1.0,60.0,63.0,4.0,-0.57,3,5.0,5.0,4.0,5.0,1.0,1.0,1.0,1.0,1.0,1.0,5,2,2,5.0,5.0,5.0,5.0,6.0,1.0,3.0,4.0,7,0.0,1,High
3.0,3.0,4.0,2.0,1.0,52.0,39.0,2.0,-0.909,2,4.0,4.0,1.0,3.0,2.0,1.0,1.0,1.0,2.0,1.0,3,4,1,4.0,4.0,4.0,4.0,4.0,1.0,3.0,3.0,3,2.0,0,Low
5.0,1.0,5.0,8.0,0.0,22.0,25.0,1.0,-0.188,3,5.0,3.0,5.0,5.0,1.0,1.0,1.0,2.0,2.0,1.0,2,2,2,1.0,1.0,4.0,1.0,6.0,4.0,1.0,2.0,7,2.0,0,Low
4.0,3.0,3.0,4.0,1.0,48.0,55.0,3.0,-0.57,2,5.0,3.0,1.0,2.0,1.0,1.0,1.0,1.0,1.0,1.0,2,1,3,3.0,4.0,4.0,2.0,2.0,2.0,4.0,3.0,2,0.0,1,Medium
5.0,3.0,4.0,6.0,0.0,58.0,23.0,3.0,-1.485,2,2.0,3.0,3.0,5.0,2.0,3.0,1.0,2.0,3.0,2.0,2,2,1,4.0,3.0,2.0,2.0,2.0,1.0,3.0,4.0,5,5.0,0,Low
5.0,2.0,5.0,3.0,0.0,32.0,27.0,2.0,-0.188,3,5.0,2.0,1.0,2.0,2.0,2.0,1.0,2.0,2.0,1.0,4,5,6,1.0,2.0,1.0,1.0,2.0,1.0,4.0,4.0,3,4.0,0,Low
4.0,4.0,3.0,1.0,0.0,51.0,52.0,3.0,-0.57,3,5.0,4.0,3.0,5.0,1.0,1.0,1.0,1.0,1.0,1.0,2,1,1,4.0,4.0,4.0,4.0,6.0,2.0,4.0,3.0,3,0.0,0,Medium
4.0,3.0,4.0,2.0,0.0,37.0,67.0,3.0,0.242,3,5.0,3.0,2.0,4.0,1.0,1.0,1.0,1.0,1.0,1.0,5,2,9,3.0,3.0,3.0,3.0,5.0,2.0,3.0,3.0,7,0.0,1,High
4.0,4.0,4.0,2.0,1.0,52.0,57.0,3.0,-0.57,3,5.0,4.0,5.0,4.0,1.0,1.0,1.0,1.0,1.0,1.0,5,5,7,3.0,4.0,4.0,3.0,6.0,2.0,3.0,3.0,3,0.0,1,Medium
5.0,5.0,3.0,2.0,1.0,85.0,86.0,4.0,-0.57,3,5.0,5.0,5.0,5.0,1.0,1.0,1.0,1.0,1.0,1.0,3,2,5,5.0,5.0,5.0,5.0,6.0,1.0,4.0,4.0,4,0.0,1,High
5.0,4.0,5.0,5.0,0.0,40.0,58.0,3.0,-0.188,3,5.0,3.0,5.0,3.0,1.0,1.0,1.0,1.0,1.0,1.0,3,2,9,4.0,4.0,4.0,3.0,5.0,2.0,3.0,4.0,2,0.0,1,Medium
1.0,5.0,5.0,5.0,0.0,77.0,42.0,3.0,-1.215,0,5.0,3.0,5.0,5.0,2.0,3.0,1.0,3.0,2.0,2.0,2,3,1,4.0,5.0,5.0,4.0,5.0,4.0,2.0,3.0,2,5.0,0,Low
4.0,4.0,4.0,2.0,1.0,44.0,51.0,3.0,-1.215,1,3.0,3.0,2.0,3.0,1.0,1.0,1.0,1.0,1.0,1.0,4,2,8,4.0,4.0,4.0,4.0,4.0,3.0,2.0,3.0,2,0.0,0,Medium
4.0,4.0,3.0,6.0,0.0,43.0,55.0,4.0,-1.215,2,5.0,5.0,3.0,5.0,2.0,2.0,1.0,1.0,1.0,1.0,2,2,1,4.0,4.0,4.0,3.0,4.0,3.0,2.0,2.0,6,2.0,1,Medium
4.0,4.0,3.0,1.0,1.0,57.0,71.0,3.0,0.242,3,5.0,4.0,5.0,4.0,1.0,1.0,1.0,1.0,1.0,1.0,5,1,9,4.0,4.0,4.0,4.0,6.0,2.0,3.0,4.0,5,0.0,1,High
5.0,5.0,2.0,4.0,0.0,53.0,57.0,3.0,0.242,2,5.0,5.0,5.0,5.0,1.0,1.0,1.0,1.0,1.0,1.0,1,3,6,4.0,5.0,4.0,4.0,5.0,1.0,3.0,1.0,5,0.0,1,Medium
3.0,5.0,,8.0,1.0,51.0,65.0,4.0,-0.909,3,5.0,5.0,5.0,5.0,1.0,1.0,1.0,1.0,1.0,1.0,1,3,3,4.0,4.0,4.0,4.0,5.0,,,,5,0.0,1,High
4.0,3.0,4.0,8.0,1.0,40.0,51.0,3.0,-0.909,2,4.0,4.0,4.0,4.0,1.0,1.0,1.0,1.0,1.0,1.0,2,2,3,4.0,4.0,4.0,3.0,3.0,3.0,3.0,3.0,8,0.0,0,Medium
4.0,4.0,3.0,2.0,1.0,63.0,59.0,3.0,0.712,3,5.0,3.0,3.0,5.0,1.0,1.0,1.0,1.0,1.0,1.0,4,1,9,1.0,4.0,4.0,4.0,4.0,1.0,3.0,3.0,5,0.0,1,Medium
4.0,4.0,3.0,3.0,1.0,42.0,47.0,3.0,0.242,1,4.0,3.0,4.0,4.0,1.0,1.0,1.0,1.0,1.0,1.0,3,2,6,4.0,3.0,4.0,3.0,4.0,2.0,2.0,3.0,6,0.0,0,Medium
2.0,2.0,4.0,7.0,0.0,42.0,36.0,2.0,-0.57,2,2.0,3.0,3.0,2.0,3.0,2.0,2.0,2.0,2.0,2.0,4,5,6,2.0,4.0,3.0,3.0,4.0,3.0,3.0,3.0,4,6.0,0,Low
3.0,3.0,3.0,3.0,1.0,35.0,53.0,2.0,-0.188,3,5.0,3.0,2.0,4.0,1.0,1.0,1.0,1.0,1.0,1.0,2,3,5,4.0,4.0,4.0,4.0,3.0,2.0,2.0,2.0,6,0.0,0,Medium
5.0,5.0,4.0,4.0,1.0,76.0,51.0,4.0,-1.215,3,5.0,5.0,5.0,5.0,1.0,1.0,1.0,1.0,1.0,1.0,2,2,1,5.0,4.0,4.0,4.0,5.0,1.0,3.0,4.0,4,0.0,0,Medium
4.0,3.0,3.0,8.0,0.0,46.0,45.0,2.0,-0.57,2,5.0,3.0,2.0,4.0,1.0,2.0,1.0,1.0,1.0,1.0,3,2,8,3.0,3.0,3.0,2.0,2.0,3.0,3.0,2.0,5,1.0,0,Medium
5.0,3.0,3.0,1.0,1.0,37.0,64.0,3.0,0.242,3,5.0,5.0,5.0,4.0,2.0,1.0,2.0,2.0,1.0,1.0,2,3,5,5.0,5.0,4.0,4.0,6.0,1.0,2.0,4.0,2,3.0,1,High
4.0,3.0,3.0,2.0,0.0,49.0,49.0,4.0,0.242,3,5.0,4.0,4.0,5.0,2.0,2.0,1.0,1.0,1.0,1.0,4,4,6,5.0,4.0,4.0,4.0,3.0,1.0,3.0,3.0,3,2.0,0,Medium
4.0,5.0,3.0,1.0,1.0,63.0,60.0,4.0,-0.57,3,5.0,5.0,5.0,5.0,1.0,1.0,1.0,1.0,1.0,1.0,3,2,4,5.0,5.0,5.0,5.0,6.0,1.0,4.0,4.0,3,0.0,1,Medium
3.0,2.0,3.0,5.0,1.0,40.0,34.0,3.0,-1.485,1,3.0,3.0,2.0,4.0,1.0,1.0,1.0,1.0,1.0,1.0,3,2,2,2.0,3.0,3.0,2.0,3.0,2.0,2.0,3.0,2,0.0,0,Low
5.0,5.0,2.0,2.0,1.0,59.0,25.0,4.0,0.712,1,5.0,5.0,5.0,5.0,1.0,1.0,1.0,1.0,1.0,1.0,3,4,3,5.0,5.0,5.0,5.0,6.0,1.0,4.0,3.0,2,0.0,0,Low
3.0,4.0,5.0,6.0,1.0,42.0,40.0,4.0,-1.9,1,3.0,5.0,3.0,5.0,3.0,3.0,2.0,2.0,2.0,2.0,3,3,1,5.0,4.0,5.0,4.0,4.0,4.0,3.0,3.0,2,6.0,0,Low
2.0,3.0,3.0,2.0,1.0,41.0,48.0,3.0,-1.485,2,3.0,2.0,2.0,3.0,2.0,2.0,2.0,2.0,2.0,2.0,2,2,3,4.0,4.0,4.0,3.0,4.0,3.0,3.0,3.0,5,6.0,0,Medium
3.0,2.0,3.0,8.0,0.0,24.0,40.0,1.0,0.242,1,4.0,1.0,1.0,4.0,2.0,2.0,1.0,2.0,2.0,1.0,2,2,5,3.0,3.0,4.0,3.0,1.0,3.0,3.0,1.0,6,4.0,0,Low
5.0,5.0,5.0,5.0,1.0,51.0,44.0,3.0,-1.713,2,5.0,3.0,1.0,5.0,2.0,2.0,1.0,1.0,1.0,1.0,2,1,1,5.0,5.0,5.0,5.0,6.0,1.0,4.0,4.0,1,2.0,0,Medium
5.0,4.0,4.0,,1.0,51.0,48.0,3.0,-0.188,3,5.0,4.0,2.0,5.0,1.0,1.0,1.0,1.0,1.0,1.0,5,5,8,4.0,4.0,4.0,4.0,4.0,2.0,3.0,3.0,8,0.0,0,Medium
3.0,3.0,1.0,8.0,1.0,56.0,66.0,3.0,-1.713,2,5.0,3.0,3.0,5.0,1.0,1.0,1.0,1.0,1.0,1.0,2,2,1,4.0,4.0,4.0,4.0,6.0,1.0,4.0,3.0,5,0.0,1,High
3.0,2.0,3.0,6.0,0.0,28.0,38.0,2.0,-0.57,2,3.0,3.0,4.0,3.0,2.0,1.0,1.0,1.0,1.0,1.0,1,1,1,3.0,3.0,1.0,3.0,4.0,1.0,1.0,1.0,5,1.0,0,Low
3.0,3.0,2.0,,1.0,50.0,53.0,3.0,-1.9,2,3.0,3.0,4.0,3.0,1.0,1.0,1.0,1.0,1.0,1.0,1,3,1,4.0,4.0,4.0,4.0,5.0,1.0,1.0,3.0,3,0.0,0,Medium
3.0,3.0,4.0,3.0,1.0,65.0,35.0,4.0,-0.909,1,3.0,3.0,3.0,4.0,1.0,3.0,3.0,3.0,3.0,1.0,3,2,6,5.0,5.0,3.0,4.0,6.0,1.0,4.0,4.0,2,4.0,0,Low
5.0,5.0,3.0,2.0,,62.0,55.0,4.0,-0.57,2,5.0,5.0,5.0,4.0,1.0,1.0,1.0,1.0,1.0,1.0,4,1,3,5.0,5.0,5.0,5.0,6.0,2.0,4.0,4.0,3,0.0,1,Medium
4.0,3.0,1.0,2.0,1.0,36.0,63.0,3.0,-0.909,2,4.0,3.0,1.0,2.0,1.0,1.0,3.0,1.0,1.0,1.0,3,3,4,4.0,4.0,4.0,4.0,5.0,2.0,3.0,3.0,3,1.0,1,High
5.0,5.0,1.0,5.0,1.0,70.0,78.0,4.0,-1.713,1,5.0,5.0,5.0,5.0,1.0,1.0,1.0,1.0,1.0,1.0,2,3,1,5.0,5.0,5.0,5.0,6.0,1.0,4.0,4.0,1,0.0,1,High
3.0,3.0,2.0,7.0,0.0,29.0,58.0,2.0,-0.909,2,3.0,3.0,3.0,3.0,2.0,2.0,2.0,2.0,2.0,2.0,2,3,1,2.0,2.0,2.0,2.0,4.0,2.0,2.0,2.0,2,6.0,1,Medium
5.0,5.0,1.0,3.0,1.0,85.0,79.0,4.0,1.267,3,5.0,5.0,5.0,5.0,1.0,1.0,1.0,1.0,1.0,1.0,5,2,7,5.0,5.0,5.0,5.0,6.0,1.0,4.0,4.0,7,0.0,1,High
3.0,3.0,2.0,8.0,0.0,44.0,53.0,3.0,-0.57,3,3.0,3.0,2.0,3.0,1.0,1.0,1.0,1.0,1.0,1.0,3,1,1,4.0,4.0,4.0,4.0,5.0,2.0,3.0,3.0,6,0.0,0,Medium
4.0,3.0,2.0,4.0,1.0,41.0,32.0,2.0,-1.215,1,5.0,5.0,5.0,5.0,1.0,2.0,2.0,2.0,1.0,1.0,2,5,3,5.0,5.0,5.0,4.0,5.0,1.0,2.0,3.0,5,3.0,0,Low
3.0,3.0,3.0,8.0,1.0,42.0,49.0,3.0,-0.57,1,3.0,3.0,3.0,3.0,2.0,2.0,2.0,2.0,2.0,2.0,4,1,1,3.0,3.0,3.0,3.0,3.0,3.0,3.0,3.0,5,6.0,0,Medium
5.0,3.0,3.0,6.0,0.0,40.0,55.0,3.0,0.712,3,5.0,3.0,3.0,2.0,1.0,1.0,1.0,1.0,1.0,1.0,3,4,7,4.0,2.0,2.0,2.0,6.0,2.0,3.0,3.0,6,0.0,1,Medium
4.0,4.0,3.0,3.0,0.0,50.0,62.0,2.0,-0.909,2,5.0,4.0,4.0,5.0,2.0,2.0,2.0,2.0,1.0,1.0,1,1,1,5.0,5.0,4.0,5.0,5.0,2.0,3.0,3.0,3,4.0,1,High
3.0,3.0,3.0,5.0,0.0,42.0,49.0,3.0,-1.9,1,3.0,3.0,3.0,3.0,2.0,2.0,2.0,2.0,2.0,2.0,3,2,3,3.0,3.0,3.0,3.0,4.0,2.0,3.0,3.0,2,6.0,0,Medium
4.0,4.0,2.0,3.0,1.0,50.0,56.0,4.0,0.242,3,5.0,3.0,5.0,5.0,1.0,1.0,1.0,1.0,1.0,1.0,4,1,9,3.0,4.0,3.0,3.0,5.0,1.0,3.0,3.0,6,0.0,1,Medium
4.0,3.0,3.0,7.0,0.0,42.0,39.0,3.0,-1.713,1,4.0,3.0,1.0,1.0,2.0,2.0,3.0,1.0,1.0,1.0,2,2,1,4.0,3.0,2.0,2.0,3.0,2.0,3.0,2.0,3,3.0,0,Low
4.0,4.0,2.0,2.0,1.0,56.0,50.0,4.0,-0.57,2,4.0,4.0,4.0,4.0,1.0,1.0,1.0,1.0,1.0,1.0,1,2,5,4.0,4.0,4.0,3.0,3.0,1.0,4.0,4.0,4,0.0,0,Medium
4.0,4.0,2.0,2.0,1.0,46.0,50.0,3.0,-1.215,1,4.0,4.0,1.0,4.0,1.0,1.0,1.0,1.0,1.0,1.0,3,4,6,4.0,4.0,4.0,4.0,6.0,1.0,3.0,4.0,3,0.0,0,Medium
4.0,4.0,4.0,2.0,1.0,39.0,53.0,3.0,-0.188,3,5.0,4.0,3.0,3.0,1.0,1.0,1.0,1.0,1.0,1.0,5,2,5,4.0,4.0,3.0,3.0,3.0,2.0,3.0,3.0,2,0.0,0,Medium
3.0,4.0,4.0,2.0,0.0,41.0,50.0,4.0,-1.485,0,5.0,3.0,5.0,5.0,1.0,1.0,2.0,2.0,2.0,1.0,4,1,3,5.0,5.0,5.0,5.0,6.0,1.0,2.0,3.0,4,3.0,0,Medium
4.0,3.0,3.0,2.0,1.0,49.0,55.0,3.0,0.712,3,5.0,4.0,5.0,4.0,1.0,1.0,1.0,1.0,1.0,1.0,4,2,9,4.0,4.0,4.0,4.0,5.0,1.0,3.0,3.0,5,0.0,1,Medium
5.0,5.0,3.0,2.0,1.0,79.0,26.0,3.0,-1.485,0,5.0,5.0,5.0,5.0,2.0,2.0,2.0,2.0,2.0,2.0,3,1,1,5.0,5.0,5.0,5.0,6.0,3.0,3.0,3.0,3,6.0,0,Low
4.0,3.0,5.0,2.0,0.0,41.0,53.0,3.0,-0.909,1,4.0,4.0,2.0,4.0,2.0,1.0,1.0,2.0,2.0,2.0,3,5,5,3.0,3.0,3.0,2.0,4.0,3.0,3.0,3.0,6,4.0,0,Medium
3.0,3.0,4.0,3.0,1.0,47.0,45.0,3.0,-1.215,2,4.0,4.0,2.0,2.0,1.0,1.0,3.0,1.0,1.0,1.0,3,2,6,5.0,4.0,5.0,3.0,3.0,1.0,3.0,3.0,2,1.0,0,Medium
4.0,4.0,4.0,5.0,1.0,49.0,55.0,4.0,-0.909,2,5.0,4.0,1.0,5.0,1.0,1.0,1.0,1.0,1.0,1.0,2,4,4,5.0,4.0,4.0,3.0,3.0,1.0,3.0,2.0,1,0.0,1,Medium
3.0,3.0,5.0,6.0,0.0,37.0,42.0,2.0,-1.215,1,5.0,3.0,5.0,3.0,1.0,1.0,1.0,1.0,1.0,1.0,2,5,4,2.0,4.0,3.0,2.0,3.0,4.0,2.0,2.0,2,0.0,0,Low
5.0,5.0,1.0,8.0,1.0,85.0,26.0,4.0,-0.57,1,5.0,5.0,5.0,5.0,2.0,3.0,1.0,1.0,1.0,1.0,2,3,3,5.0,5.0,5.0,5.0,6.0,1.0,4.0,4.0,5,2.0,0,Low
5.0,5.0,2.0,2.0,1.0,76.0,62.0,4.0,-0.57,3,4.0,5.0,2.0,3.0,1.0,1.0,1.0,1.0,1.0,1.0,3,3,9,5.0,5.0,5.0,5.0,2.0,1.0,3.0,4.0,3,0.0,1,High
2.0,2.0,5.0,1.0,0.0,33.0,44.0,2.0,-1.215,1,3.0,2.0,1.0,3.0,3.0,2.0,1.0,3.0,1.0,1.0,2,2,1,4.0,2.0,2.0,2.0,3.0,3.0,3.0,3.0,7,3.0,0,Medium
3.0,3.0,5.0,7.0,1.0,33.0,45.0,2.0,-0.188,3,3.0,3.0,1.0,4.0,2.0,2.0,1.0,1.0,1.0,2.0,1,5,1,4.0,4.0,3.0,3.0,4.0,3.0,2.0,3.0,3,3.0,0,Medium
4.0,3.0,3.0,8.0,0.0,50.0,53.0,3.0,0.242,2,5.0,5.0,3.0,5.0,1.0,1.0,1.0,1.0,1.0,1.0,3,2,3,4.0,4.0,4.0,5.0,4.0,1.0,3.0,3.0,8,0.0,0,Medium
4.0,3.0,4.0,2.0,0.0,42.0,50.0,3.0,1.267,3,4.0,3.0,1.0,2.0,1.0,1.0,1.0,2.0,2.0,1.0,4,4,9,4.0,2.0,3.0,2.0,2.0,2.0,3.0,3.0,4,2.0,0,Medium
4.0,3.0,4.0,3.0,1.0,45.0,37.0,3.0,0.242,3,5.0,3.0,3.0,4.0,2.0,2.0,2.0,2.0,1.0,1.0,4,2,1,4.0,4.0,4.0,4.0,4.0,2.0,2.0,3.0,3,4.0,0,Low
4.0,4.0,4.0,8.0,1.0,61.0,68.0,4.0,0.242,3,5.0,5.0,4.0,5.0,1.0,1.0,1.0,1.0,1.0,1.0,5,2,9,4.0,4.0,4.0,4.0,6.0,1.0,3.0,4.0,5,0.0,1,High
4.0,4.0,3.0,2.0,0.0,46.0,53.0,3.0,0.242,3,5.0,5.0,5.0,5.0,1.0,1.0,1.0,1.0,1.0,1.0,1,1,1,5.0,5.0,4.0,4.0,5.0,2.0,3.0,4.0,4,0.0,0,Medium
3.0,3.0,1.0,8.0,1.0,42.0,48.0,3.0,-0.909,3,5.0,3.0,3.0,3.0,1.0,1.0,1.0,1.0,1.0,1.0,2,4,1,4.0,3.0,3.0,4.0,4.0,3.0,3.0,3.0,5,0.0,0,Medium
4.0,4.0,2.0,6.0,1.0,60.0,45.0,4.0,-1.215,3,4.0,4.0,5.0,4.0,2.0,2.0,1.0,1.0,1.0,1.0,2,2,2,4.0,5.0,4.0,4.0,5.0,1.0,4.0,3.0,5,2.0,0,Medium
3.0,3.0,4.0,2.0,0.0,35.0,52.0,3.0,-0.188,3,5.0,4.0,2.0,5.0,1.0,1.0,1.0,1.0,1.0,1.0,3,2,5,4.0,4.0,3.0,3.0,3.0,1.0,2.0,2.0,6,0.0,0,Medium
4.0,3.0,3.0,2.0,1.0,47.0,58.0,3.0,0.242,3,5.0,3.0,3.0,4.0,2.0,1.0,1.0,2.0,1.0,1.0,4,5,3,5.0,4.0,3.0,3.0,4.0,1.0,2.0,3.0,3,2.0,1,Medium
3.0,3.0,4.0,7.0,1.0,29.0,46.0,3.0,-1.215,1,4.0,4.0,4.0,4.0,3.0,3.0,3.0,3.0,3.0,1.0,3,4,2,4.0,4.0,4.0,4.0,5.0,4.0,4.0,4.0,1,5.0,0,Medium
3.0,4.0,4.0,8.0,0.0,39.0,57.0,2.0,-1.485,2,5.0,3.0,2.0,5.0,1.0,1.0,1.0,1.0,2.0,1.0,2,1,2,4.0,2.0,3.0,3.0,4.0,4.0,2.0,2.0,6,1.0,1,Medium
2.0,3.0,3.0,2.0,1.0,41.0,51.0,3.0,-0.188,1,3.0,3.0,1.0,2.0,2.0,2.0,1.0,1.0,1.0,1.0,3,1,5,3.0,3.0,3.0,4.0,2.0,3.0,2.0,3.0,2,2.0,0,Medium
5.0,5.0,1.0,2.0,1.0,61.0,61.0,3.0,-0.188,2,5.0,5.0,5.0,5.0,1.0,1.0,1.0,1.0,1.0,1.0,5,4,9,5.0,5.0,4.0,4.0,6.0,1.0,3.0,4.0,5,0.0,1,High
5.0,3.0,2.0,8.0,1.0,44.0,60.0,3.0,0.242,3,5.0,4.0,5.0,3.0,1.0,1.0,1.0,1.0,1.0,1.0,3,1,2,3.0,2.0,2.0,2.0,6.0,3.0,3.0,3.0,8,0.0,1,Medium
4.0,4.0,3.0,2.0,1.0,41.0,60.0,3.0,0.242,3,5.0,3.0,5.0,2.0,1.0,1.0,1.0,1.0,1.0,1.0,5,1,6,2.0,2.0,2.0,3.0,3.0,2.0,2.0,2.0,5,0.0,1,Medium
4.0,2.0,3.0,8.0,0.0,46.0,53.0,3.0,-0.909,3,4.0,4.0,2.0,3.0,1.0,1.0,2.0,1.0,1.0,1.0,3,2,8,3.0,4.0,3.0,4.0,3.0,3.0,3.0,2.0,6,1.0,0,Medium
5.0,4.0,5.0,8.0,0.0,61.0,46.0,3.0,0.712,3,5.0,5.0,1.0,5.0,1.0,1.0,1.0,1.0,1.0,1.0,3,2,4,5.0,3.0,4.0,3.0,5.0,1.0,2.0,4.0,6,0.0,0,Medium
4.0,3.0,1.0,2.0,1.0,41.0,51.0,3.0,0.242,1,3.0,3.0,3.0,4.0,2.0,2.0,2.0,2.0,2.0,2.0,5,3,4,4.0,4.0,4.0,4.0,4.0,3.0,3.0,3.0,4,6.0,0,Medium
4.0,4.0,3.0,8.0,1.0,44.0,47.0,3.0,-0.909,3,4.0,4.0,2.0,5.0,2.0,1.0,2.0,1.0,1.0,1.0,3,4,4,5.0,5.0,4.0,5.0,4.0,1.0,3.0,3.0,7,2.0,0,Medium
3.0,4.0,4.0,3.0,1.0,29.0,20.0,3.0,-0.188,2,5.0,4.0,1.0,4.0,2.0,2.0,1.0,1.0,2.0,1.0,4,5,2,5.0,4.0,3.0,2.0,2.0,3.0,3.0,2.0,3,3.0,0,Low
5.0,3.0,3.0,3.0,0.0,26.0,43.0,2.0,0.242,2,5.0,3.0,2.0,4.0,2.0,2.0,2.0,2.0,2.0,1.0,3,2,7,3.0,2.0,2.0,2.0,1.0,2.0,2.0,2.0,5,5.0,0,Low
3.0,3.0,3.0,8.0,0.0,41.0,50.0,3.0,-1.9,1,3.0,3.0,3.0,3.0,1.0,1.0,1.0,2.0,2.0,1.0,1,4,2,3.0,3.0,3.0,3.0,4.0,2.0,3.0,2.0,6,2.0,0,Medium
4.0,3.0,5.0,1.0,0.0,42.0,36.0,2.0,-0.909,1,5.0,4.0,5.0,5.0,2.0,2.0,2.0,1.0,1.0,1.0,4,3,6,5.0,5.0,4.0,4.0,5.0,3.0,4.0,3.0,3,3.0,0,Low
5.0,3.0,3.0,2.0,0.0,38.0,32.0,3.0,-0.57,1,2.0,3.0,1.0,1.0,2.0,3.0,1.0,3.0,1.0,2.0,2,5,1,5.0,2.0,5.0,2.0,2.0,,4.0,2.0,3,4.0,0,Low
4.0,4.0,2.0,2.0,0.0,58.0,63.0,3.0,0.712,3,4.0,3.0,4.0,2.0,2.0,1.0,1.0,1.0,2.0,1.0,4,5,8,3.0,4.0,4.0,4.0,6.0,1.0,4.0,3.0,2,2.0,1,High
3.0,4.0,4.0,4.0,1.0,59.0,56.0,3.0,0.242,2,4.0,3.0,4.0,2.0,2.0,1.0,1.0,1.0,1.0,2.0,4,5,9,5.0,3.0,4.0,4.0,4.0,3.0,2.0,2.0,3,2.0,1,Medium
4.0,4.0,3.0,2.0,0.0,38.0,43.0,3.0,-0.188,3,3.0,3.0,3.0,3.0,3.0,1.0,1.0,3.0,3.0,1.0,4,4,5,3.0,3.0,3.0,3.0,4.0,3.0,3.0,3.0,2,3.0,0,Low
4.0,4.0,3.0,2.0,0.0,52.0,48.0,3.0,-0.909,2,5.0,4.0,1.0,3.0,1.0,1.0,1.0,1.0,1.0,1.0,3,3,2,5.0,4.0,4.0,5.0,3.0,3.0,2.0,4.0,1,0.0,0,Medium
5.0,4.0,2.0,8.0,1.0,51.0,60.0,4.0,0.242,3,5.0,4.0,3.0,4.0,1.0,1.0,1.0,1.0,1.0,1.0,3,3,8,3.0,4.0,4.0,3.0,5.0,2.0,3.0,3.0,5,0.0,1,Medium
5.0,4.0,2.0,1.0,1.0,57.0,72.0,4.0,1.267,3,5.0,4.0,5.0,5.0,1.0,1.0,1.0,1.0,1.0,1.0,2,1,6,3.0,4.0,4.0,4.0,5.0,2.0,3.0,4.0,6,0.0,1,High
4.0,3.0,2.0,2.0,0.0,35.0,52.0,3.0,-0.188,1,3.0,3.0,1.0,2.0,1.0,1.0,1.0,1.0,1.0,1.0,3,1,3,4.0,3.0,3.0,2.0,2.0,2.0,2.0,2.0,3,0.0,0,Medium
3.0,3.0,3.0,8.0,1.0,33.0,52.0,3.0,-1.215,2,5.0,4.0,5.0,5.0,2.0,2.0,2.0,2.0,2.0,2.0,1,5,1,4.0,4.0,4.0,4.0,2.0,2.0,3.0,3.0,4,6.0,0,Medium
5.0,4.0,4.0,2.0,1.0,56.0,52.0,4.0,-0.57,2,5.0,4.0,4.0,5.0,1.0,1.0,1.0,1.0,1.0,1.0,5,2,4,4.0,4.0,4.0,4.0,6.0,2.0,3.0,4.0,2,0.0,0,Medium
4.0,3.0,5.0,2.0,1.0,40.0,55.0,3.0,-0.57,2,5.0,3.0,1.0,4.0,1.0,1.0,1.0,1.0,1.0,1.0,4,5,8,3.0,3.0,3.0,3.0,4.0,1.0,3.0,3.0,3,0.0,1,Medium
5.0,5.0,1.0,8.0,0.0,59.0,60.0,3.0,-1.713,1,5.0,5.0,5.0,4.0,1.0,2.0,1.0,1.0,1.0,1.0,3,1,4,5.0,5.0,5.0,5.0,6.0,3.0,2.0,3.0,6,1.0,1,Medium
5.0,5.0,3.0,8.0,1.0,69.0,61.0,4.0,-1.215,0,5.0,5.0,5.0,5.0,1.0,1.0,1.0,1.0,1.0,1.0,4,2,8,5.0,5.0,5.0,5.0,6.0,1.0,3.0,4.0,5,0.0,1,High
5.0,4.0,4.0,3.0,1.0,59.0,44.0,4.0,1.267,3,5.0,5.0,1.0,5.0,1.0,1.0,1.0,1.0,1.0,1.0,4,2,2,3.0,5.0,5.0,3.0,2.0,1.0,4.0,4.0,2,0.0,0,Medium
3.0,3.0,2.0,8.0,1.0,51.0,55.0,4.0,0.712,3,2.0,2.0,1.0,3.0,1.0,1.0,1.0,1.0,1.0,1.0,3,3,6,3.0,3.0,4.0,3.0,3.0,2.0,3.0,3.0,5,0.0,1,Medium
3.0,3.0,5.0,7.0,0.0,46.0,38.0,2.0,-1.485,1,2.0,2.0,2.0,5.0,2.0,2.0,1.0,1.0,1.0,3.0,2,4,1,3.0,3.0,3.0,3.0,4.0,2.0,2.0,2.0,2,3.0,0,Low
3.0,3.0,3.0,5.0,1.0,26.0,20.0,1.0,-0.57,2,3.0,4.0,1.0,5.0,3.0,2.0,2.0,1.0,1.0,1.0,1,2,1,5.0,3.0,4.0,2.0,3.0,1.0,1.0,1.0,5,3.0,0,Low
5.0,5.0,1.0,1.0,1.0,57.0,46.0,4.0,-1.215,1,5.0,5.0,3.0,5.0,1.0,1.0,1.0,2.0,1.0,1.0,2,3,1,5.0,5.0,5.0,5.0,6.0,4.0,3.0,4.0,5,1.0,0,Medium
4.0,4.0,2.0,4.0,1.0,51.0,55.0,4.0,0.242,3,4.0,4.0,1.0,5.0,2.0,1.0,1.0,1.0,1.0,1.0,3,4,1,5.0,5.0,5.0,5.0,3.0,1.0,3.0,3.0,2,1.0,1,Medium
4.0,3.0,3.0,6.0,0.0,65.0,34.0,3.0,-0.57,1,5.0,5.0,1.0,5.0,2.0,2.0,2.0,3.0,2.0,1.0,2,1,1,4.0,4.0,4.0,4.0,2.0,1.0,4.0,4.0,5,5.0,0,Low
4.0,3.0,4.0,4.0,1.0,46.0,63.0,3.0,-0.57,2,5.0,3.0,3.0,4.0,1.0,1.0,1.0,1.0,1.0,1.0,4,4,8,4.0,4.0,4.0,4.0,5.0,2.0,3.0,3.0,2,0.0,1,High
3.0,3.0,3.0,4.0,0.0,41.0,50.0,2.0,-1.713,1,3.0,3.0,3.0,3.0,2.0,2.0,2.0,2.0,2.0,2.0,3,1,1,3.0,3.0,3.0,3.0,3.0,2.0,2.0,2.0,6,6.0,0,Medium
4.0,4.0,3.0,2.0,0.0,50.0,55.0,3.0,-0.909,0,4.0,3.0,4.0,4.0,1.0,1.0,1.0,1.0,1.0,1.0,2,2,4,1.0,1.0,3.0,3.0,5.0,1.0,2.0,3.0,5,0.0,1,Medium
5.0,4.0,2.0,4.0,1.0,61.0,68.0,4.0,0.242,2,5.0,4.0,4.0,5.0,1.0,1.0,1.0,1.0,1.0,1.0,2,5,8,4.0,4.0,4.0,4.0,4.0,2.0,3.0,3.0,4,0.0,1,High
5.0,5.0,3.0,8.0,0.0,79.0,31.0,1.0,-0.57,2,5.0,5.0,4.0,5.0,3.0,1.0,3.0,3.0,1.0,1.0,2,3,3,5.0,5.0,5.0,5.0,6.0,1.0,1.0,4.0,6,3.0,0,Low
2.0,2.0,5.0,6.0,0.0,39.0,48.0,3.0,-1.215,1,4.0,4.0,3.0,5.0,3.0,3.0,2.0,1.0,1.0,1.0,2,1,1,3.0,3.0,3.0,3.0,2.0,2.0,2.0,2.0,3,3.0,0,Medium
4.0,3.0,3.0,1.0,0.0,46.0,66.0,3.0,0.242,3,5.0,5.0,5.0,3.0,1.0,1.0,1.0,1.0,1.0,1.0,3,3,9,2.0,3.0,3.0,3.0,4.0,2.0,2.0,3.0,5,0.0,1,High
5.0,3.0,5.0,5.0,1.0,44.0,58.0,3.0,-0.188,1,5.0,5.0,5.0,5.0,1.0,1.0,1.0,1.0,1.0,1.0,3,2,9,5.0,5.0,5.0,5.0,6.0,2.0,3.0,4.0,1,0.0,1,Medium
3.0,5.0,5.0,3.0,1.0,57.0,47.0,3.0,-0.909,1,4.0,4.0,4.0,5.0,3.0,3.0,1.0,3.0,3.0,2.0,2,5,1,5.0,5.0,5.0,5.0,6.0,1.0,4.0,4.0,1,5.0,0,Medium
4.0,4.0,3.0,,0.0,45.0,50.0,3.0,-0.57,2,5.0,4.0,1.0,3.0,1.0,1.0,1.0,1.0,1.0,1.0,3,1,1,3.0,4.0,3.0,3.0,2.0,2.0,3.0,3.0,5,0.0,0,Medium
3.0,3.0,5.0,2.0,1.0,43.0,38.0,2.0,-1.713,3,5.0,4.0,1.0,5.0,2.0,2.0,1.0,1.0,1.0,1.0,1,3,6,5.0,5.0,4.0,3.0,5.0,3.0,2.0,3.0,3,2.0,0,Low
3.0,3.0,2.0,2.0,0.0,46.0,55.0,3.0,-0.188,2,4.0,3.0,2.0,3.0,1.0,1.0,1.0,1.0,1.0,1.0,3,4,8,4.0,4.0,4.0,3.0,3.0,1.0,3.0,3.0,3,0.0,1,Medium
4.0,4.0,4.0,3.0,1.0,47.0,50.0,3.0,-0.188,2,5.0,3.0,1.0,4.0,2.0,2.0,3.0,2.0,2.0,1.0,3,2,2,4.0,4.0,4.0,3.0,6.0,4.0,3.0,3.0,6,5.0,0,Medium
4.0,4.0,3.0,2.0,0.0,38.0,49.0,3.0,-0.188,2,5.0,5.0,5.0,3.0,1.0,1.0,1.0,1.0,1.0,1.0,3,2,3,5.0,5.0,4.0,3.0,5.0,3.0,4.0,3.0,6,0.0,0,Medium
5.0,3.0,5.0,6.0,1.0,57.0,34.0,3.0,-1.485,1,4.0,4.0,5.0,5.0,3.0,3.0,3.0,3.0,3.0,2.0,3,4,1,5.0,5.0,4.0,4.0,5.0,2.0,2.0,2.0,5,6.0,0,Low
3.0,3.0,3.0,1.0,0.0,28.0,51.0,3.0,-0.188,3,3.0,2.0,3.0,2.0,1.0,1.0,1.0,1.0,1.0,1.0,1,5,4,1.0,1.0,1.0,1.0,1.0,4.0,2.0,4.0,6,0.0,0,Medium
4.0,3.0,4.0,8.0,,49.0,46.0,3.0,-1.485,1,4.0,4.0,4.0,4.0,1.0,3.0,1.0,2.0,1.0,2.0,3,2,3,4.0,4.0,4.0,4.0,6.0,1.0,3.0,3.0,6,3.0,0,Medium
4.0,4.0,3.0,1.0,0.0,55.0,69.0,3.0,-1.485,1,5.0,4.0,4.0,5.0,1.0,1.0,1.0,1.0,1.0,1.0,2,5,3,5.0,5.0,4.0,3.0,4.0,2.0,3.0,3.0,3,0.0,1,High
4.0,3.0,5.0,6.0,1.0,43.0,48.0,4.0,-0.57,2,5.0,4.0,4.0,4.0,1.0,1.0,1.0,1.0,2.0,1.0,3,1,1,4.0,5.0,4.0,4.0,4.0,3.0,4.0,2.0,6,1.0,0,Medium
5.0,4.0,4.0,2.0,1.0,52.0,60.0,4.0,1.267,3,5.0,5.0,5.0,5.0,1.0,1.0,1.0,1.0,1.0,1.0,5,2,9,5.0,4.0,5.0,5.0,6.0,1.0,3.0,4.0,5,0.0,1,Medium
4.0,4.0,3.0,3.0,0.0,57.0,48.0,2.0,-1.215,2,3.0,4.0,3.0,4.0,2.0,2.0,2.0,2.0,2.0,2.0,2,3,1,3.0,4.0,4.0,3.0,4.0,2.0,2.0,2.0,1,6.0,0,Medium
5.0,3.0,2.0,2.0,0.0,47.0,70.0,4.0,-0.188,3,5.0,5.0,5.0,1.0,1.0,1.0,1.0,1.0,1.0,1.0,2,2,7,3.0,4.0,4.0,3.0,4.0,1.0,4.0,3.0,6,0.0,1,High
4.0,4.0,3.0,6.0,1.0,44.0,43.0,3.0,-0.188,2,5.0,4.0,4.0,5.0,1.0,1.0,1.0,2.0,2.0,1.0,3,1,2,4.0,4.0,4.0,4.0,4.0,1.0,1.0,2.0,4,2.0,0,Low
3.0,5.0,1.0,3.0,1.0,85.0,63.0,4.0,-1.485,2,5.0,5.0,5.0,5.0,1.0,1.0,1.0,1.0,1.0,1.0,2,4,1,5.0,5.0,5.0,5.0,6.0,1.0,4.0,4.0,2,0.0,1,High
3.0,1.0,4.0,2.0,0.0,25.0,42.0,2.0,-0.188,3,2.0,2.0,1.0,3.0,2.0,2.0,2.0,1.0,3.0,2.0,3,2,9,3.0,2.0,3.0,2.0,4.0,4.0,1.0,2.0,2,5.0,0,Low
4.0,4.0,2.0,8.0,0.0,56.0,73.0,4.0,0.242,3,5.0,4.0,5.0,3.0,1.0,1.0,1.0,1.0,1.0,1.0,5,2,9,3.0,3.0,4.0,3.0,5.0,1.0,4.0,4.0,6,0.0,1,High
5.0,2.0,5.0,2.0,1.0,34.0,52.0,2.0,-1.9,1,5.0,3.0,3.0,5.0,1.0,1.0,1.0,1.0,1.0,1.0,2,1,2,3.0,3.0,5.0,3.0,5.0,2.0,3.0,4.0,8,0.0,0,Medium
5.0,5.0,2.0,2.0,1.0,46.0,49.0,3.0,-0.909,1,5.0,4.0,3.0,5.0,2.0,2.0,1.0,2.0,2.0,1.0,2,1,3,4.0,4.0,4.0,4.0,3.0,2.0,3.0,4.0,5,4.0,0,Medium
2.0,3.0,3.0,2.0,1.0,36.0,45.0,3.0,0.712,3,5.0,5.0,2.0,4.0,1.0,1.0,1.0,1.0,2.0,1.0,2,3,7,4.0,4.0,3.0,3.0,3.0,1.0,3.0,3.0,4,1.0,0,Medium
4.0,3.0,2.0,8.0,1.0,58.0,66.0,2.0,-0.57,3,5.0,3.0,3.0,5.0,1.0,3.0,1.0,1.0,1.0,1.0,3,2,5,3.0,2.0,4.0,4.0,4.0,1.0,3.0,1.0,6,1.0,1,High
3.0,3.0,3.0,2.0,1.0,36.0,40.0,2.0,0.242,3,5.0,4.0,2.0,2.0,1.0,1.0,1.0,1.0,2.0,1.0,4,2,3,4.0,3.0,4.0,3.0,3.0,2.0,2.0,3.0,5,1.0,0,Low
1.0,4.0,3.0,2.0,1.0,54.0,73.0,4.0,1.267,3,5.0,4.0,3.0,5.0,1.0,1.0,1.0,1.0,1.0,1.0,3,4,7,5.0,4.0,4.0,4.0,6.0,2.0,3.0,3.0,5,0.0,1,High
4.0,4.0,4.0,4.0,1.0,38.0,50.0,3.0,-0.188,3,4.0,3.0,3.0,4.0,2.0,2.0,1.0,1.0,1.0,1.0,2,4,7,3.0,3.0,4.0,3.0,5.0,2.0,3.0,3.0,3,2.0,0,Medium
3.0,3.0,,,0.0,42.0,41.0,,-2.053,0,3.0,3.0,3.0,3.0,,,,,,,4,1,2,3.0,3.0,3.0,3.0,4.0,,,,1,,0,Low
5.0,5.0,5.0,3.0,1.0,76.0,17.0,4.0,-1.215,3,5.0,5.0,5.0,5.0,3.0,3.0,3.0,2.0,1.0,1.0,2,3,1,5.0,5.0,5.0,5.0,3.0,3.0,4.0,4.0,1,4.0,0,Low
3.0,3.0,5.0,2.0,1.0,45.0,44.0,3.0,0.242,3,4.0,3.0,3.0,4.0,3.0,3.0,1.0,3.0,1.0,2.0,3,3,1,4.0,2.0,4.0,4.0,2.0,4.0,4.0,4.0,1,4.0,0,Medium
4.0,4.0,4.0,8.0,0.0,50.0,63.0,3.0,1.267,3,5.0,4.0,5.0,5.0,1.0,1.0,1.0,1.0,1.0,1.0,3,2,6,3.0,3.0,2.0,2.0,5.0,2.0,3.0,3.0,7,0.0,1,High
5.0,5.0,2.0,3.0,1.0,79.0,26.0,4.0,-1.713,1,5.0,5.0,5.0,5.0,2.0,1.0,1.0,1.0,1.0,1.0,3,1,1,5.0,5.0,5.0,5.0,6.0,2.0,2.0,3.0,2,1.0,0,Low
4.0,3.0,3.0,1.0,0.0,53.0,54.0,2.0,-1.215,1,5.0,5.0,5.0,4.0,2.0,1.0,1.0,3.0,3.0,1.0,1,5,4,5.0,4.0,3.0,3.0,4.0,1.0,4.0,3.0,4,3.0,0,Medium
5.0,4.0,3.0,4.0,0.0,69.0,50.0,4.0,0.712,3,5.0,4.0,5.0,3.0,3.0,1.0,1.0,1.0,1.0,1.0,3,5,3,3.0,3.0,3.0,3.0,3.0,2.0,4.0,4.0,2,1.0,0,Medium
3.0,5.0,4.0,3.0,0.0,44.0,57.0,3.0,-1.215,1,5.0,4.0,3.0,5.0,1.0,1.0,1.0,1.0,1.0,1.0,2,1,1,3.0,4.0,4.0,3.0,4.0,2.0,4.0,4.0,4,0.0,1,Medium
5.0,5.0,5.0,2.0,1.0,58.0,25.0,3.0,-0.57,1,5.0,5.0,5.0,5.0,1.0,2.0,1.0,3.0,1.0,1.0,3,5,2,5.0,4.0,5.0,3.0,3.0,1.0,4.0,3.0,5,2.0,0,Low
4.0,3.0,2.0,2.0,1.0,48.0,55.0,3.0,-1.485,0,5.0,4.0,1.0,4.0,1.0,1.0,1.0,1.0,1.0,1.0,1,5,2,5.0,5.0,4.0,4.0,6.0,1.0,4.0,2.0,3,0.0,1,Medium
3.0,3.0,3.0,5.0,1.0,42.0,49.0,3.0,-0.57,2,3.0,3.0,3.0,3.0,2.0,2.0,2.0,2.0,2.0,2.0,3,2,5,3.0,3.0,3.0,3.0,4.0,2.0,2.0,2.0,1,6.0,0,Medium
4.0,4.0,2.0,4.0,0.0,54.0,86.0,3.0,-0.57,2,5.0,5.0,5.0,4.0,1.0,1.0,1.0,1.0,1.0,1.0,5,1,5,4.0,3.0,4.0,3.0,6.0,3.0,4.0,4.0,6,0.0,1,High
5.0,5.0,3.0,4.0,1.0,56.0,55.0,4.0,-0.57,3,5.0,4.0,5.0,5.0,1.0,1.0,1.0,1.0,1.0,1.0,2,4,7,5.0,3.0,5.0,5.0,6.0,3.0,4.0,4.0,7,0.0,1,Medium
5.0,4.0,2.0,2.0,0.0,56.0,70.0,3.0,-0.188,2,5.0,3.0,5.0,5.0,1.0,1.0,1.0,1.0,1.0,1.0,3,5,5,5.0,5.0,3.0,3.0,6.0,1.0,4.0,3.0,4,0.0,1,High
5.0,3.0,3.0,2.0,1.0,42.0,52.0,3.0,-0.188,3,5.0,4.0,5.0,4.0,1.0,1.0,1.0,1.0,1.0,1.0,1,1,4,5.0,4.0,4.0,4.0,5.0,2.0,3.0,3.0,5,0.0,0,Medium
4.0,2.0,2.0,1.0,,36.0,43.0,2.0,-0.188,3,4.0,3.0,1.0,3.0,1.0,1.0,2.0,3.0,2.0,1.0,3,2,2,5.0,4.0,3.0,2.0,1.0,3.0,,,4,3.0,0,Low
5.0,4.0,4.0,2.0,1.0,41.0,49.0,3.0,0.712,3,5.0,2.0,3.0,5.0,1.0,1.0,1.0,1.0,1.0,1.0,5,3,9,2.0,3.0,3.0,2.0,2.0,3.0,3.0,4.0,4,0.0,0,Medium
4.0,3.0,3.0,3.0,1.0,37.0,46.0,3.0,-0.909,2,3.0,4.0,1.0,4.0,2.0,2.0,1.0,1.0,1.0,1.0,2,2,1,4.0,4.0,4.0,4.0,3.0,2.0,3.0,3.0,4,2.0,0,Medium
5.0,2.0,2.0,,1.0,46.0,47.0,3.0,-0.188,2,4.0,4.0,4.0,4.0,1.0,1.0,1.0,1.0,2.0,1.0,3,4,5,4.0,3.0,3.0,1.0,3.0,3.0,2.0,4.0,4,1.0,0,Medium
3.0,4.0,1.0,7.0,1.0,50.0,55.0,4.0,-1.713,1,5.0,4.0,5.0,4.0,1.0,1.0,1.0,2.0,1.0,1.0,1,2,2,4.0,4.0,4.0,3.0,6.0,1.0,1.0,3.0,5,1.0,1,Medium
3.0,3.0,2.0,2.0,0.0,38.0,62.0,4.0,-1.713,1,5.0,4.0,2.0,5.0,1.0,1.0,1.0,1.0,1.0,1.0,1,5,1,4.0,5.0,4.0,4.0,6.0,2.0,3.0,3.0,3,0.0,1,High
3.0,3.0,4.0,2.0,1.0,42.0,57.0,3.0,-1.215,2,4.0,4.0,2.0,3.0,3.0,2.0,2.0,2.0,3.0,2.0,3,4,3,4.0,4.0,4.0,4.0,4.0,3.0,4.0,4.0,4,6.0,1,Medium
4.0,3.0,3.0,2.0,1.0,40.0,44.0,3.0,0.242,3,5.0,4.0,5.0,5.0,1.0,1.0,1.0,1.0,1.0,1.0,5,2,8,4.0,4.0,4.0,3.0,2.0,2.0,2.0,3.0,4,0.0,0,Medium
4.0,3.0,2.0,2.0,0.0,44.0,62.0,3.0,0.242,3,5.0,4.0,2.0,3.0,1.0,2.0,1.0,1.0,1.0,1.0,4,3,9,4.0,4.0,4.0,4.0,4.0,1.0,3.0,3.0,5,1.0,1,High
5.0,3.0,4.0,8.0,0.0,41.0,18.0,4.0,-1.485,2,5.0,4.0,2.0,5.0,3.0,3.0,3.0,1.0,2.0,2.0,2,3,1,4.0,4.0,4.0,3.0,4.0,1.0,4.0,3.0,6,5.0,0,Low
4.0,4.0,4.0,2.0,1.0,53.0,53.0,3.0,0.712,3,5.0,5.0,3.0,5.0,1.0,1.0,1.0,1.0,1.0,1.0,5,1,8,5.0,4.0,5.0,4.0,5.0,2.0,3.0,3.0,4,0.0,0,Medium
,3.0,,,,45.0,73.0,,-2.053,0,,,,,,,,,,,3,3,4,,,,,,,,,2,,1,High
5.0,5.0,5.0,5.0,1.0,79.0,26.0,4.0,-1.215,2,5.0,5.0,5.0,5.0,1.0,1.0,1.0,2.0,1.0,1.0,2,2,1,5.0,5.0,5.0,5.0,6.0,4.0,2.0,3.0,2,1.0,0,Low
4.0,4.0,3.0,6.0,1.0,43.0,50.0,3.0,-0.909,1,4.0,4.0,1.0,4.0,2.0,2.0,1.0,1.0,1.0,1.0,2,1,1,4.0,4.0,4.0,4.0,1.0,2.0,3.0,3.0,6,2.0,0,Medium
5.0,5.0,3.0,2.0,1.0,45.0,60.0,4.0,-1.215,2,5.0,5.0,5.0,5.0,1.0,1.0,1.0,1.0,1.0,1.0,2,5,3,5.0,5.0,5.0,5.0,6.0,2.0,2.0,4.0,3,0.0,1,Medium
4.0,3.0,5.0,2.0,1.0,33.0,29.0,3.0,-0.57,2,4.0,3.0,1.0,3.0,3.0,2.0,1.0,2.0,3.0,1.0,3,5,4,4.0,4.0,4.0,3.0,4.0,2.0,2.0,3.0,2,4.0,0,Low
5.0,4.0,3.0,5.0,0.0,58.0,66.0,3.0,-1.485,2,5.0,4.0,5.0,4.0,1.0,1.0,1.0,1.0,1.0,1.0,3,3,9,4.0,4.0,4.0,4.0,5.0,1.0,1.0,1.0,4,0.0,1,High
5.0,5.0,2.0,2.0,1.0,70.0,58.0,4.0,0.712,3,5.0,5.0,5.0,5.0,1.0,1.0,1.0,1.0,1.0,1.0,4,5,1,4.0,4.0,5.0,5.0,6.0,2.0,4.0,4.0,4,0.0,1,Medium
3.0,3.0,3.0,2.0,1.0,42.0,58.0,4.0,0.242,3,5.0,4.0,5.0,4.0,1.0,1.0,1.0,1.0,1.0,1.0,5,4,7,4.0,4.0,4.0,4.0,4.0,2.0,3.0,3.0,3,0.0,1,Medium
3.0,3.0,4.0,2.0,1.0,35.0,45.0,3.0,-0.909,2,2.0,2.0,2.0,4.0,2.0,2.0,2.0,2.0,1.0,2.0,3,2,7,3.0,4.0,4.0,3.0,5.0,2.0,3.0,3.0,4,5.0,0,Medium
2.0,3.0,4.0,6.0,1.0,19.0,30.0,3.0,-0.57,2,1.0,1.0,1.0,4.0,2.0,2.0,1.0,1.0,2.0,2.0,4,1,1,4.0,4.0,3.0,3.0,1.0,2.0,1.0,3.0,6,4.0,0,Low
5.0,3.0,3.0,7.0,0.0,58.0,46.0,3.0,-0.57,3,4.0,3.0,2.0,5.0,3.0,3.0,1.0,2.0,2.0,1.0,2,2,2,3.0,3.0,3.0,3.0,4.0,1.0,3.0,2.0,5,4.0,0,Medium
5.0,5.0,3.0,2.0,1.0,85.0,66.0,4.0,0.242,3,5.0,5.0,5.0,5.0,1.0,1.0,1.0,1.0,1.0,1.0,4,4,7,3.0,4.0,5.0,4.0,6.0,1.0,4.0,4.0,3,0.0,1,High
3.0,2.0,4.0,2.0,0.0,49.0,29.0,3.0,-0.57,2,3.0,4.0,1.0,4.0,3.0,3.0,1.0,1.0,1.0,1.0,2,1,2,4.0,4.0,3.0,3.0,1.0,2.0,3.0,3.0,4,2.0,0,Low
5.0,3.0,4.0,8.0,,49.0,50.0,2.0,-0.57,3,5.0,4.0,5.0,4.0,1.0,1.0,1.0,1.0,1.0,1.0,2,2,6,4.0,4.0,3.0,2.0,5.0,2.0,2.0,3.0,6,0.0,0,Medium
5.0,3.0,4.0,2.0,1.0,50.0,52.0,4.0,-0.188,1,4.0,3.0,2.0,5.0,1.0,1.0,1.0,1.0,1.0,1.0,5,5,8,4.0,4.0,4.0,4.0,5.0,1.0,4.0,4.0,4,0.0,0,Medium
4.0,3.0,2.0,2.0,1.0,48.0,55.0,4.0,-0.188,3,3.0,3.0,3.0,4.0,2.0,1.0,2.0,1.0,1.0,1.0,2,5,5,3.0,5.0,4.0,2.0,5.0,1.0,3.0,4.0,1,2.0,1,Medium
5.0,3.0,5.0,2.0,1.0,41.0,46.0,2.0,0.712,3,5.0,4.0,1.0,3.0,1.0,2.0,1.0,2.0,3.0,1.0,2,2,4,3.0,4.0,3.0,3.0,5.0,3.0,2.0,2.0,4,3.0,0,Medium
3.0,2.0,5.0,2.0,1.0,54.0,14.0,2.0,-0.909,1,1.0,4.0,2.0,5.0,3.0,3.0,3.0,3.0,3.0,1.0,3,5,3,4.0,4.0,4.0,4.0,5.0,1.0,4.0,4.0,3,5.0,0,Low
3.0,3.0,3.0,6.0,0.0,42.0,43.0,2.0,-1.485,2,4.0,3.0,2.0,4.0,2.0,2.0,1.0,1.0,1.0,1.0,3,3,6,4.0,4.0,4.0,3.0,2.0,2.0,3.0,2.0,2,2.0,0,Low
4.0,2.0,2.0,2.0,0.0,28.0,47.0,3.0,-0.57,3,5.0,3.0,2.0,2.0,1.0,1.0,1.0,1.0,1.0,1.0,3,2,5,4.0,3.0,4.0,3.0,4.0,2.0,3.0,3.0,3,0.0,0,Medium
4.0,4.0,2.0,2.0,1.0,47.0,55.0,3.0,-0.188,2,3.0,3.0,4.0,5.0,1.0,1.0,1.0,1.0,1.0,1.0,4,3,6,4.0,4.0,4.0,4.0,4.0,1.0,3.0,3.0,3,0.0,1,Medium
1.0,1.0,4.0,2.0,1.0,27.0,19.0,2.0,-1.713,3,1.0,1.0,1.0,3.0,2.0,2.0,2.0,2.0,1.0,1.0,2,2,3,3.0,3.0,3.0,3.0,1.0,3.0,2.0,2.0,3,4.0,0,Low
4.0,4.0,2.0,8.0,1.0,55.0,46.0,3.0,-1.215,3,5.0,5.0,5.0,5.0,1.0,1.0,1.0,1.0,1.0,1.0,1,3,2,4.0,4.0,4.0,4.0,5.0,3.0,3.0,3.0,6,0.0,0,Medium
4.0,4.0,1.0,5.0,1.0,57.0,58.0,4.0,0.242,3,5.0,5.0,4.0,5.0,1.0,1.0,3.0,1.0,1.0,1.0,3,2,4,4.0,4.0,4.0,4.0,6.0,2.0,4.0,4.0,1,1.0,1,Medium
,,2.0,8.0,0.0,82.0,68.0,4.0,-1.215,2,4.0,4.0,1.0,3.0,1.0,1.0,1.0,1.0,1.0,1.0,1,1,1,4.0,4.0,4.0,4.0,5.0,1.0,4.0,4.0,6,0.0,1,High
4.0,4.0,1.0,7.0,0.0,58.0,51.0,,-1.485,2,5.0,3.0,5.0,3.0,1.0,1.0,1.0,1.0,1.0,1.0,1,3,1,4.0,4.0,4.0,4.0,6.0,4.0,4.0,4.0,6,0.0,0,Medium
2.0,2.0,5.0,3.0,0.0,18.0,20.0,4.0,-1.215,1,5.0,5.0,5.0,5.0,3.0,3.0,3.0,3.0,3.0,3.0,3,3,1,5.0,5.0,5.0,5.0,1.0,4.0,4.0,4.0,2,6.0,0,Low
5.0,5.0,2.0,2.0,1.0,82.0,66.0,3.0,-1.485,1,5.0,5.0,5.0,5.0,1.0,1.0,1.0,1.0,1.0,1.0,3,5,4,5.0,5.0,5.0,5.0,6.0,1.0,4.0,4.0,1,0.0,1,High
,,1.0,8.0,0.0,42.0,39.0,1.0,-1.485,1,5.0,5.0,1.0,5.0,3.0,3.0,1.0,1.0,1.0,1.0,2,5,1,4.0,4.0,4.0,3.0,3.0,1.0,1.0,3.0,7,2.0,0,Low
3.0,2.0,4.0,2.0,0.0,22.0,32.0,2.0,-0.909,2,2.0,3.0,1.0,2.0,1.0,1.0,1.0,3.0,1.0,2.0,3,1,3,4.0,3.0,4.0,4.0,1.0,1.0,2.0,3.0,5,2.0,0,Low
4.0,4.0,1.0,2.0,1.0,82.0,51.0,4.0,-0.909,2,4.0,4.0,2.0,4.0,1.0,1.0,1.0,2.0,1.0,1.0,3,3,7,4.0,4.0,4.0,4.0,6.0,1.0,4.0,4.0,3,1.0,0,Medium
3.0,3.0,4.0,8.0,0.0,40.0,49.0,3.0,-0.188,2,3.0,3.0,3.0,4.0,2.0,2.0,1.0,1.0,1.0,2.0,2,4,1,4.0,4.0,3.0,3.0,5.0,2.0,3.0,4.0,5,3.0,0,Medium
5.0,4.0,4.0,4.0,1.0,64.0,64.0,4.0,-1.215,3,4.0,4.0,3.0,5.0,2.0,1.0,1.0,1.0,1.0,1.0,2,1,2,5.0,5.0,4.0,5.0,6.0,2.0,4.0,3.0,4,1.0,1,High
4.0,3.0,4.0,8.0,1.0,51.0,67.0,4.0,0.242,2,5.0,4.0,4.0,5.0,1.0,1.0,1.0,1.0,1.0,1.0,2,1,3,3.0,3.0,3.0,3.0,6.0,1.0,3.0,3.0,7,0.0,1,High
5.0,4.0,3.0,,1.0,48.0,64.0,3.0,-0.909,3,5.0,4.0,3.0,4.0,1.0,1.0,1.0,1.0,1.0,1.0,5,4,3,4.0,4.0,4.0,4.0,6.0,2.0,3.0,4.0,4,0.0,1,High
5.0,4.0,5.0,8.0,0.0,57.0,81.0,4.0,-0.188,2,5.0,4.0,5.0,2.0,1.0,1.0,1.0,1.0,1.0,1.0,5,2,9,3.0,4.0,3.0,4.0,6.0,1.0,3.0,3.0,7,0.0,1,High
4.0,3.0,4.0,2.0,0.0,45.0,55.0,3.0,0.242,3,5.0,3.0,1.0,4.0,2.0,2.0,1.0,1.0,1.0,1.0,2,5,9,4.0,3.0,4.0,2.0,5.0,2.0,4.0,3.0,4,2.0,1,Medium
5.0,5.0,2.0,8.0,1.0,54.0,57.0,3.0,-0.57,1,5.0,3.0,3.0,3.0,1.0,1.0,1.0,1.0,1.0,1.0,2,1,4,4.0,5.0,4.0,4.0,5.0,2.0,3.0,2.0,6,0.0,1,Medium
4.0,3.0,5.0,2.0,1.0,47.0,47.0,4.0,-1.9,1,5.0,4.0,5.0,5.0,2.0,2.0,1.0,1.0,1.0,1.0,2,5,1,3.0,3.0,3.0,3.0,5.0,2.0,3.0,3.0,2,2.0,0,Medium
4.0,4.0,4.0,2.0,1.0,42.0,55.0,3.0,0.242,2,4.0,4.0,5.0,4.0,1.0,1.0,1.0,1.0,1.0,1.0,3,4,7,4.0,4.0,4.0,3.0,4.0,3.0,2.0,3.0,3,0.0,1,Medium
4.0,3.0,2.0,8.0,1.0,54.0,56.0,4.0,0.712,3,5.0,5.0,3.0,5.0,1.0,1.0,1.0,1.0,1.0,1.0,4,2,8,4.0,4.0,3.0,4.0,6.0,1.0,3.0,3.0,6,0.0,1,Medium
5.0,4.0,3.0,8.0,1.0,67.0,50.0,4.0,-0.909,3,5.0,5.0,4.0,5.0,1.0,1.0,1.0,1.0,1.0,1.0,3,2,9,5.0,5.0,5.0,5.0,6.0,1.0,3.0,3.0,6,0.0,0,Medium
3.0,3.0,5.0,2.0,0.0,44.0,54.0,2.0,-0.57,1,5.0,3.0,4.0,3.0,1.0,1.0,1.0,1.0,1.0,1.0,3,5,2,3.0,3.0,3.0,3.0,3.0,3.0,2.0,3.0,2,0.0,0,Medium
4.0,3.0,4.0,2.0,1.0,42.0,44.0,3.0,-0.57,3,4.0,3.0,4.0,4.0,1.0,1.0,1.0,2.0,1.0,1.0,2,3,6,4.0,4.0,4.0,3.0,4.0,3.0,2.0,3.0,5,1.0,0,Medium
4.0,3.0,2.0,2.0,1.0,54.0,60.0,4.0,-0.188,3,5.0,4.0,3.0,5.0,1.0,1.0,1.0,1.0,1.0,1.0,2,1,6,4.0,4.0,4.0,3.0,5.0,1.0,3.0,3.0,2,0.0,1,Medium
5.0,3.0,2.0,8.0,1.0,41.0,56.0,4.0,-0.188,3,3.0,4.0,3.0,5.0,2.0,2.0,1.0,1.0,1.0,1.0,3,2,6,4.0,4.0,4.0,3.0,5.0,1.0,3.0,3.0,5,2.0,1,Medium
3.0,2.0,3.0,2.0,1.0,36.0,49.0,3.0,-1.485,2,3.0,3.0,2.0,4.0,1.0,1.0,2.0,2.0,2.0,1.0,3,4,2,2.0,3.0,4.0,2.0,3.0,3.0,2.0,3.0,2,3.0,0,Medium
4.0,3.0,5.0,2.0,0.0,43.0,21.0,1.0,-1.485,3,4.0,1.0,1.0,3.0,3.0,3.0,3.0,3.0,1.0,1.0,2,5,2,4.0,4.0,3.0,4.0,3.0,2.0,2.0,2.0,2,4.0,0,Low
4.0,4.0,5.0,7.0,1.0,56.0,33.0,3.0,-1.485,1,4.0,3.0,5.0,5.0,3.0,3.0,3.0,3.0,3.0,3.0,1,5,2,4.0,4.0,4.0,4.0,6.0,1.0,2.0,4.0,1,6.0,0,Low
4.0,2.0,4.0,6.0,1.0,26.0,50.0,3.0,-1.215,1,4.0,3.0,1.0,4.0,2.0,2.0,1.0,2.0,2.0,1.0,1,2,1,4.0,2.0,4.0,2.0,3.0,2.0,3.0,2.0,4,4.0,0,Medium
4.0,4.0,1.0,3.0,0.0,52.0,70.0,4.0,-1.713,2,5.0,5.0,5.0,5.0,1.0,1.0,1.0,1.0,1.0,1.0,2,4,1,3.0,3.0,3.0,3.0,4.0,3.0,3.0,3.0,4,0.0,1,High
5.0,5.0,3.0,2.0,0.0,52.0,58.0,3.0,-0.57,2,5.0,3.0,3.0,5.0,2.0,2.0,1.0,1.0,1.0,1.0,2,2,2,5.0,5.0,4.0,4.0,5.0,1.0,3.0,3.0,3,2.0,1,Medium
4.0,3.0,3.0,2.0,1.0,47.0,56.0,4.0,-1.485,1,4.0,4.0,3.0,5.0,1.0,1.0,1.0,1.0,1.0,1.0,4,4,4,2.0,3.0,2.0,2.0,2.0,1.0,2.0,4.0,3,0.0,1,Medium
3.0,3.0,3.0,8.0,1.0,41.0,52.0,3.0,-1.215,2,4.0,3.0,2.0,3.0,1.0,1.0,1.0,1.0,1.0,1.0,3,1,4,4.0,4.0,3.0,3.0,4.0,3.0,3.0,3.0,6,0.0,0,Medium
5.0,5.0,2.0,4.0,1.0,63.0,63.0,3.0,1.267,3,5.0,5.0,5.0,4.0,1.0,1.0,1.0,1.0,1.0,1.0,5,2,9,3.0,4.0,4.0,2.0,6.0,1.0,4.0,3.0,4,0.0,1,High
5.0,5.0,1.0,8.0,0.0,45.0,59.0,4.0,-0.188,3,5.0,5.0,1.0,5.0,1.0,1.0,1.0,1.0,1.0,1.0,2,1,1,4.0,4.0,4.0,4.0,1.0,1.0,4.0,3.0,6,0.0,1,Medium
3.0,3.0,5.0,2.0,1.0,35.0,26.0,2.0,-0.909,1,2.0,1.0,2.0,2.0,2.0,1.0,1.0,1.0,1.0,1.0,5,3,7,2.0,2.0,2.0,2.0,2.0,3.0,1.0,2.0,2,1.0,0,Low
3.0,3.0,3.0,2.0,0.0,40.0,50.0,3.0,-0.188,3,3.0,3.0,2.0,5.0,1.0,2.0,1.0,1.0,1.0,1.0,3,3,7,3.0,3.0,3.0,3.0,2.0,3.0,3.0,3.0,4,1.0,0,Medium
5.0,5.0,3.0,1.0,1.0,57.0,56.0,4.0,-0.909,3,5.0,4.0,4.0,5.0,1.0,1.0,1.0,1.0,1.0,1.0,5,2,7,4.0,4.0,5.0,5.0,3.0,2.0,3.0,4.0,2,0.0,1,Medium
2.0,2.0,5.0,4.0,0.0,31.0,22.0,2.0,-0.909,1,2.0,2.0,1.0,3.0,1.0,2.0,2.0,2.0,2.0,2.0,2,5,1,4.0,2.0,2.0,2.0,5.0,1.0,3.0,3.0,3,5.0,0,Low
5.0,5.0,4.0,2.0,1.0,58.0,68.0,3.0,-0.909,3,5.0,5.0,5.0,5.0,1.0,1.0,1.0,1.0,1.0,1.0,2,1,6,5.0,5.0,4.0,4.0,5.0,1.0,3.0,3.0,3,0.0,1,High
5.0,5.0,2.0,2.0,0.0,73.0,61.0,4.0,0.712,3,5.0,5.0,4.0,5.0,1.0,1.0,1.0,1.0,1.0,1.0,3,1,5,5.0,5.0,4.0,4.0,6.0,1.0,4.0,4.0,3,0.0,1,High
4.0,3.0,5.0,7.0,1.0,53.0,54.0,3.0,-0.57,2,5.0,3.0,1.0,5.0,1.0,1.0,1.0,1.0,1.0,1.0,3,2,5,3.0,3.0,4.0,3.0,5.0,3.0,3.0,4.0,4,0.0,0,Medium
5.0,3.0,4.0,2.0,0.0,42.0,33.0,3.0,-0.188,3,5.0,3.0,2.0,5.0,3.0,2.0,1.0,2.0,2.0,1.0,4,2,2,4.0,4.0,1.0,1.0,4.0,2.0,4.0,4.0,4,4.0,0,Low
5.0,5.0,3.0,4.0,1.0,52.0,58.0,3.0,-1.215,2,4.0,5.0,3.0,5.0,2.0,1.0,1.0,1.0,1.0,1.0,4,5,6,4.0,5.0,4.0,4.0,6.0,4.0,4.0,4.0,1,1.0,1,Medium
5.0,5.0,2.0,2.0,1.0,57.0,62.0,4.0,-1.215,2,5.0,4.0,2.0,5.0,1.0,1.0,1.0,1.0,1.0,1.0,3,3,8,5.0,4.0,4.0,4.0,4.0,2.0,3.0,3.0,3,0.0,1,High
4.0,3.0,4.0,3.0,1.0,40.0,56.0,3.0,-0.57,2,5.0,3.0,5.0,4.0,1.0,1.0,1.0,1.0,1.0,1.0,4,2,7,4.0,3.0,3.0,2.0,1.0,1.0,4.0,4.0,2,0.0,1,Medium
4.0,4.0,5.0,3.0,0.0,56.0,29.0,2.0,-1.215,1,5.0,4.0,1.0,5.0,3.0,3.0,1.0,3.0,1.0,1.0,3,2,3,5.0,4.0,3.0,4.0,5.0,1.0,4.0,4.0,2,3.0,0,Low
3.0,3.0,3.0,4.0,0.0,37.0,51.0,2.0,-1.215,1,4.0,4.0,4.0,4.0,2.0,2.0,1.0,2.0,2.0,1.0,1,5,2,4.0,4.0,4.0,4.0,4.0,1.0,1.0,1.0,4,4.0,0,Medium
3.0,3.0,4.0,,1.0,32.0,44.0,3.0,-0.188,3,4.0,4.0,4.0,4.0,1.0,1.0,1.0,1.0,1.0,1.0,5,4,8,3.0,1.0,3.0,1.0,4.0,1.0,4.0,3.0,3,0.0,0,Medium
5.0,5.0,2.0,2.0,1.0,68.0,61.0,4.0,-1.215,2,5.0,5.0,1.0,5.0,1.0,1.0,1.0,1.0,1.0,1.0,3,4,1,5.0,5.0,5.0,5.0,6.0,1.0,1.0,4.0,4,0.0,1,High
5.0,3.0,5.0,1.0,0.0,70.0,57.0,2.0,-1.713,2,5.0,5.0,5.0,5.0,3.0,1.0,1.0,1.0,1.0,1.0,2,4,1,5.0,5.0,3.0,4.0,5.0,1.0,2.0,3.0,2,1.0,1,Medium
4.0,3.0,3.0,8.0,1.0,40.0,55.0,3.0,-0.188,3,4.0,4.0,3.0,4.0,1.0,1.0,1.0,1.0,1.0,1.0,4,3,3,4.0,4.0,4.0,3.0,5.0,1.0,3.0,3.0,6,0.0,1,Medium
3.0,3.0,5.0,3.0,1.0,44.0,33.0,3.0,0.712,3,4.0,3.0,1.0,5.0,2.0,2.0,2.0,1.0,1.0,1.0,4,1,1,5.0,4.0,4.0,3.0,3.0,2.0,2.0,2.0,3,3.0,0,Low
4.0,4.0,4.0,2.0,1.0,51.0,68.0,4.0,0.712,2,5.0,3.0,3.0,4.0,1.0,1.0,1.0,1.0,1.0,1.0,5,2,7,5.0,5.0,5.0,5.0,5.0,2.0,4.0,4.0,5,0.0,1,High
5.0,5.0,5.0,1.0,1.0,45.0,40.0,3.0,-1.485,1,2.0,5.0,1.0,5.0,3.0,3.0,1.0,1.0,1.0,1.0,1,2,1,2.0,3.0,5.0,4.0,3.0,4.0,2.0,3.0,2,2.0,0,Low
5.0,4.0,2.0,8.0,1.0,58.0,59.0,4.0,0.712,3,5.0,4.0,3.0,5.0,1.0,1.0,1.0,1.0,1.0,1.0,4,2,4,4.0,4.0,4.0,4.0,6.0,1.0,3.0,3.0,6,0.0,1,Medium
4.0,5.0,3.0,2.0,1.0,55.0,65.0,4.0,-0.188,2,5.0,5.0,5.0,5.0,1.0,1.0,1.0,1.0,1.0,1.0,3,2,7,5.0,5.0,5.0,5.0,6.0,3.0,3.0,4.0,6,0.0,1,High
4.0,4.0,4.0,2.0,1.0,59.0,68.0,4.0,-0.57,3,4.0,4.0,3.0,4.0,1.0,1.0,1.0,1.0,1.0,1.0,4,1,4,4.0,4.0,4.0,4.0,5.0,2.0,3.0,4.0,5,0.0,1,High
5.0,4.0,2.0,2.0,1.0,50.0,41.0,3.0,0.242,3,3.0,3.0,1.0,5.0,1.0,1.0,1.0,1.0,1.0,1.0,5,3,4,4.0,3.0,5.0,4.0,6.0,3.0,3.0,4.0,2,0.0,0,Low
5.0,4.0,3.0,1.0,1.0,64.0,70.0,4.0,0.712,3,5.0,4.0,4.0,5.0,1.0,1.0,1.0,1.0,1.0,1.0,5,1,8,3.0,3.0,4.0,4.0,6.0,2.0,3.0,4.0,6,0.0,1,High
4.0,4.0,2.0,,1.0,41.0,37.0,3.0,-0.57,3,2.0,3.0,3.0,4.0,2.0,2.0,1.0,1.0,2.0,1.0,3,3,2,4.0,3.0,4.0,4.0,5.0,3.0,3.0,3.0,7,3.0,0,Low
4.0,3.0,5.0,3.0,1.0,47.0,39.0,3.0,1.267,3,4.0,3.0,2.0,3.0,1.0,1.0,1.0,1.0,1.0,1.0,4,5,7,2.0,3.0,3.0,2.0,6.0,2.0,4.0,4.0,2,0.0,0,Low
3.0,4.0,3.0,2.0,0.0,64.0,40.0,4.0,-0.188,2,3.0,3.0,1.0,5.0,1.0,1.0,1.0,1.0,1.0,1.0,5,2,8,4.0,4.0,3.0,3.0,2.0,1.0,4.0,4.0,3,0.0,0,Low
5.0,4.0,4.0,2.0,1.0,47.0,60.0,3.0,-0.188,2,4.0,3.0,3.0,5.0,1.0,1.0,1.0,1.0,1.0,1.0,4,5,9,4.0,3.0,5.0,4.0,4.0,1.0,3.0,4.0,5,0.0,1,Medium
4.0,2.0,,,1.0,36.0,53.0,1.0,-0.909,2,5.0,3.0,1.0,4.0,1.0,1.0,1.0,1.0,1.0,1.0,3,1,1,3.0,4.0,3.0,3.0,4.0,,,,8,0.0,0,Medium
4.0,4.0,1.0,8.0,1.0,70.0,64.0,3.0,-0.909,2,5.0,4.0,5.0,4.0,1.0,1.0,1.0,1.0,1.0,1.0,1,2,1,5.0,5.0,5.0,5.0,4.0,1.0,2.0,3.0,5,0.0,1,High
4.0,5.0,4.0,3.0,1.0,64.0,46.0,4.0,-1.215,1,5.0,5.0,4.0,5.0,2.0,1.0,1.0,1.0,1.0,1.0,4,5,3,5.0,5.0,5.0,5.0,6.0,1.0,4.0,3.0,3,1.0,0,Medium
5.0,4.0,2.0,4.0,1.0,54.0,52.0,3.0,-1.485,2,5.0,5.0,5.0,5.0,2.0,2.0,1.0,1.0,1.0,1.0,1,2,1,5.0,4.0,4.0,3.0,1.0,1.0,1.0,2.0,4,2.0,0,Medium
3.0,3.0,3.0,2.0,1.0,42.0,49.0,3.0,-0.909,2,2.0,2.0,2.0,2.0,2.0,2.0,2.0,2.0,2.0,2.0,5,3,7,3.0,3.0,3.0,3.0,4.0,3.0,3.0,3.0,3,6.0,0,Medium
4.0,3.0,3.0,2.0,1.0,45.0,55.0,2.0,-0.909,2,3.0,4.0,2.0,4.0,1.0,1.0,1.0,1.0,1.0,1.0,3,5,7,3.0,3.0,2.0,4.0,3.0,2.0,2.0,3.0,3,0.0,1,Medium
4.0,3.0,3.0,8.0,1.0,42.0,56.0,4.0,-0.188,3,5.0,4.0,5.0,5.0,1.0,1.0,1.0,1.0,1.0,1.0,5,2,7,4.0,4.0,4.0,4.0,4.0,3.0,3.0,2.0,7,0.0,1,Medium
5.0,3.0,4.0,8.0,1.0,49.0,59.0,4.0,-0.57,3,5.0,4.0,3.0,5.0,1.0,1.0,1.0,1.0,1.0,1.0,3,2,2,4.0,4.0,3.0,2.0,3.0,1.0,3.0,3.0,6,0.0,1,Medium
3.0,3.0,3.0,7.0,0.0,31.0,29.0,2.0,-0.188,1,2.0,2.0,2.0,2.0,2.0,2.0,2.0,1.0,1.0,2.0,1,5,3,3.0,3.0,3.0,3.0,1.0,2.0,2.0,2.0,5,4.0,0,Low
3.0,3.0,4.0,2.0,1.0,42.0,46.0,3.0,0.712,3,4.0,4.0,4.0,4.0,1.0,1.0,1.0,1.0,1.0,1.0,3,5,6,4.0,4.0,4.0,3.0,4.0,2.0,3.0,3.0,3,0.0,0,Medium
4.0,4.0,2.0,6.0,1.0,61.0,37.0,3.0,-0.57,3,5.0,4.0,1.0,5.0,2.0,2.0,1.0,2.0,3.0,1.0,3,2,7,4.0,4.0,4.0,4.0,2.0,2.0,3.0,2.0,4,4.0,0,Low
5.0,4.0,1.0,8.0,1.0,56.0,80.0,3.0,1.267,3,5.0,4.0,5.0,3.0,1.0,1.0,1.0,1.0,1.0,1.0,5,2,9,2.0,3.0,5.0,3.0,5.0,1.0,3.0,3.0,8,0.0,1,High
5.0,5.0,1.0,2.0,1.0,85.0,65.0,4.0,-0.909,2,5.0,5.0,5.0,5.0,1.0,1.0,1.0,1.0,1.0,1.0,4,4,8,5.0,5.0,5.0,5.0,6.0,1.0,4.0,4.0,5,0.0,1,High
5.0,4.0,2.0,4.0,1.0,85.0,83.0,4.0,0.712,3,5.0,4.0,4.0,5.0,1.0,1.0,1.0,1.0,1.0,1.0,5,3,9,3.0,3.0,5.0,4.0,6.0,1.0,4.0,4.0,4,0.0,1,High
,2.0,4.0,6.0,0.0,43.0,52.0,3.0,-1.215,2,4.0,2.0,1.0,4.0,1.0,1.0,1.0,1.0,2.0,1.0,2,1,8,2.0,3.0,4.0,4.0,3.0,3.0,1.0,2.0,6,1.0,0,Medium
4.0,4.0,1.0,2.0,1.0,58.0,62.0,2.0,-0.57,3,5.0,5.0,5.0,5.0,1.0,1.0,1.0,1.0,1.0,1.0,1,3,3,5.0,5.0,5.0,5.0,4.0,4.0,2.0,4.0,5,0.0,1,High
3.0,3.0,4.0,5.0,1.0,50.0,23.0,3.0,0.712,2,3.0,3.0,3.0,3.0,3.0,3.0,3.0,3.0,3.0,2.0,3,4,3,2.0,4.0,4.0,2.0,2.0,2.0,3.0,4.0,3,6.0,0,Low
5.0,5.0,5.0,2.0,1.0,79.0,26.0,4.0,-1.485,1,5.0,5.0,5.0,5.0,3.0,3.0,3.0,3.0,2.0,3.0,3,1,1,5.0,5.0,5.0,5.0,6.0,4.0,4.0,4.0,2,6.0,0,Low
4.0,3.0,4.0,2.0,0.0,54.0,67.0,3.0,-0.57,2,5.0,4.0,1.0,5.0,1.0,1.0,1.0,1.0,1.0,1.0,3,4,9,4.0,4.0,4.0,4.0,4.0,1.0,3.0,3.0,5,0.0,1,High
5.0,4.0,3.0,4.0,1.0,57.0,48.0,3.0,-1.713,1,3.0,3.0,3.0,4.0,2.0,2.0,1.0,2.0,1.0,2.0,3,3,3,4.0,4.0,4.0,4.0,4.0,2.0,3.0,4.0,4,4.0,0,Medium
4.0,4.0,3.0,2.0,1.0,49.0,56.0,4.0,0.242,3,4.0,4.0,4.0,4.0,1.0,1.0,1.0,1.0,1.0,1.0,3,4,7,4.0,3.0,3.0,2.0,5.0,2.0,3.0,3.0,4,0.0,1,Medium
5.0,5.0,1.0,2.0,1.0,64.0,61.0,3.0,0.242,3,5.0,5.0,1.0,5.0,1.0,1.0,1.0,1.0,1.0,1.0,4,2,6,5.0,4.0,4.0,5.0,5.0,1.0,4.0,4.0,5,0.0,1,High
3.0,2.0,3.0,2.0,1.0,31.0,36.0,4.0,-1.485,1,1.0,3.0,1.0,3.0,3.0,3.0,1.0,2.0,1.0,3.0,3,1,1,5.0,3.0,3.0,4.0,4.0,3.0,3.0,3.0,3,4.0,0,Low
2.0,2.0,2.0,8.0,0.0,22.0,49.0,1.0,-1.215,3,2.0,2.0,1.0,3.0,1.0,1.0,1.0,1.0,2.0,1.0,2,1,1,2.0,2.0,2.0,2.0,2.0,1.0,3.0,3.0,8,1.0,0,Medium
3.0,5.0,5.0,,1.0,79.0,14.0,4.0,1.267,3,1.0,1.0,1.0,1.0,3.0,3.0,3.0,3.0,3.0,3.0,4,3,9,5.0,5.0,1.0,5.0,1.0,1.0,4.0,4.0,4,6.0,0,Low
4.0,3.0,3.0,2.0,1.0,36.0,40.0,2.0,-0.909,1,3.0,3.0,3.0,4.0,2.0,3.0,2.0,2.0,2.0,1.0,3,5,2,4.0,4.0,4.0,3.0,2.0,1.0,3.0,3.0,2,5.0,0,Low
5.0,4.0,5.0,,1.0,49.0,51.0,3.0,-0.57,3,5.0,5.0,5.0,5.0,3.0,2.0,2.0,3.0,3.0,2.0,1,3,2,4.0,3.0,4.0,3.0,5.0,3.0,3.0,3.0,5,6.0,0,Medium
3.0,3.0,3.0,3.0,0.0,40.0,50.0,3.0,-1.215,3,4.0,3.0,4.0,3.0,1.0,1.0,3.0,1.0,1.0,1.0,2,4,1,4.0,4.0,4.0,4.0,5.0,1.0,2.0,3.0,2,1.0,0,Medium
3.0,3.0,4.0,2.0,1.0,44.0,47.0,3.0,0.242,3,4.0,3.0,2.0,4.0,1.0,1.0,1.0,1.0,1.0,1.0,4,1,3,4.0,4.0,5.0,3.0,4.0,1.0,3.0,3.0,2,0.0,0,Medium
4.0,3.0,3.0,2.0,1.0,54.0,45.0,3.0,0.242,2,4.0,3.0,2.0,3.0,1.0,1.0,1.0,2.0,1.0,1.0,5,2,6,3.0,4.0,3.0,2.0,6.0,1.0,3.0,3.0,3,1.0,0,Medium
5.0,5.0,4.0,2.0,1.0,67.0,69.0,4.0,0.712,3,5.0,4.0,5.0,5.0,1.0,1.0,1.0,1.0,1.0,1.0,5,3,9,3.0,3.0,4.0,3.0,6.0,1.0,3.0,4.0,4,0.0,1,High
4.0,3.0,5.0,2.0,0.0,49.0,47.0,3.0,0.242,3,4.0,4.0,3.0,4.0,1.0,1.0,1.0,1.0,1.0,1.0,5,3,7,4.0,4.0,4.0,2.0,5.0,3.0,2.0,3.0,4,0.0,0,Medium
5.0,3.0,3.0,8.0,1.0,39.0,49.0,3.0,-1.215,1,5.0,3.0,2.0,4.0,1.0,1.0,1.0,1.0,1.0,1.0,3,2,3,3.0,3.0,4.0,3.0,5.0,2.0,3.0,3.0,7,0.0,0,Medium
3.0,4.0,2.0,2.0,1.0,47.0,33.0,4.0,-0.57,2,4.0,4.0,4.0,1.0,2.0,2.0,2.0,2.0,1.0,1.0,4,1,5,5.0,5.0,4.0,4.0,6.0,1.0,3.0,3.0,3,4.0,0,Low
4.0,3.0,3.0,6.0,0.0,48.0,51.0,3.0,-0.57,3,4.0,3.0,2.0,4.0,1.0,1.0,1.0,1.0,1.0,1.0,3,2,2,4.0,3.0,3.0,4.0,3.0,3.0,2.0,3.0,7,0.0,0,Medium
4.0,4.0,3.0,2.0,0.0,45.0,43.0,3.0,-1.215,1,5.0,3.0,3.0,3.0,1.0,2.0,1.0,1.0,1.0,1.0,2,3,7,4.0,4.0,4.0,4.0,5.0,3.0,3.0,3.0,4,1.0,0,Low
2.0,2.0,4.0,2.0,1.0,29.0,55.0,3.0,-0.57,2,3.0,3.0,3.0,3.0,1.0,1.0,1.0,1.0,1.0,1.0,2,3,6,3.0,3.0,3.0,3.0,4.0,2.0,2.0,3.0,3,0.0,1,Medium
4.0,4.0,3.0,2.0,1.0,51.0,58.0,3.0,0.712,3,5.0,4.0,2.0,4.0,1.0,1.0,1.0,1.0,1.0,1.0,3,2,9,4.0,4.0,5.0,4.0,5.0,1.0,3.0,3.0,4,0.0,1,Medium
5.0,5.0,2.0,1.0,1.0,85.0,54.0,3.0,-1.485,0,4.0,4.0,4.0,4.0,1.0,1.0,1.0,1.0,1.0,1.0,2,2,3,4.0,4.0,4.0,4.0,6.0,3.0,3.0,3.0,4,0.0,0,Medium
3.0,2.0,4.0,4.0,0.0,45.0,40.0,2.0,-1.9,1,5.0,2.0,5.0,5.0,2.0,1.0,1.0,1.0,1.0,1.0,1,5,4,3.0,4.0,4.0,4.0,3.0,2.0,2.0,3.0,5,1.0,0,Low
5.0,3.0,3.0,2.0,1.0,46.0,36.0,2.0,0.242,3,4.0,3.0,2.0,3.0,1.0,1.0,1.0,1.0,1.0,1.0,1,3,3,5.0,4.0,4.0,3.0,1.0,1.0,2.0,3.0,2,0.0,0,Low
3.0,3.0,5.0,1.0,0.0,44.0,26.0,2.0,-1.485,1,5.0,2.0,1.0,4.0,3.0,1.0,1.0,2.0,2.0,2.0,1,2,1,3.0,3.0,3.0,3.0,1.0,2.0,2.0,3.0,3,4.0,0,Low
3.0,3.0,3.0,6.0,1.0,54.0,48.0,3.0,-1.9,1,4.0,3.0,4.0,4.0,1.0,1.0,1.0,1.0,1.0,1.0,1,1,2,4.0,4.0,4.0,4.0,5.0,2.0,2.0,2.0,6,0.0,0,Medium
5.0,5.0,3.0,2.0,1.0,50.0,67.0,4.0,-1.215,1,5.0,5.0,5.0,5.0,1.0,1.0,1.0,1.0,1.0,1.0,3,5,4,4.0,4.0,4.0,4.0,6.0,1.0,3.0,4.0,3,0.0,1,High
3.0,3.0,3.0,2.0,,47.0,54.0,4.0,-0.57,3,5.0,4.0,1.0,1.0,1.0,1.0,1.0,1.0,1.0,1.0,4,5,8,4.0,4.0,4.0,3.0,4.0,2.0,3.0,3.0,4,0.0,0,Medium
3.0,3.0,3.0,4.0,0.0,35.0,48.0,3.0,-1.485,1,3.0,3.0,1.0,3.0,2.0,3.0,2.0,1.0,1.0,2.0,2,4,2,4.0,3.0,2.0,3.0,2.0,2.0,2.0,2.0,2,4.0,0,Medium
3.0,3.0,2.0,2.0,1.0,26.0,62.0,3.0,-0.909,1,5.0,2.0,2.0,3.0,1.0,1.0,1.0,1.0,1.0,1.0,2,2,8,2.0,2.0,2.0,2.0,2.0,1.0,2.0,2.0,4,0.0,1,High
5.0,3.0,3.0,8.0,1.0,50.0,58.0,3.0,-0.188,3,4.0,4.0,1.0,5.0,1.0,1.0,1.0,1.0,1.0,1.0,3,2,6,3.0,4.0,4.0,3.0,4.0,4.0,3.0,3.0,6,0.0,1,Medium
3.0,3.0,3.0,,0.0,42.0,49.0,3.0,-1.485,3,5.0,3.0,4.0,5.0,1.0,1.0,1.0,1.0,1.0,1.0,3,4,6,3.0,3.0,4.0,3.0,4.0,3.0,3.0,3.0,3,0.0,0,Medium
2.0,3.0,5.0,4.0,0.0,42.0,45.0,4.0,-0.909,1,3.0,3.0,1.0,3.0,3.0,2.0,1.0,3.0,1.0,3.0,3,5,2,3.0,3.0,3.0,3.0,3.0,3.0,3.0,3.0,4,4.0,0,Medium
5.0,1.0,3.0,4.0,0.0,41.0,50.0,3.0,-0.909,2,5.0,4.0,1.0,5.0,1.0,1.0,1.0,1.0,1.0,1.0,3,4,8,1.0,1.0,1.0,1.0,1.0,1.0,3.0,4.0,3,0.0,0,Medium
5.0,5.0,2.0,2.0,1.0,70.0,70.0,4.0,-1.485,0,5.0,5.0,5.0,4.0,1.0,1.0,1.0,1.0,1.0,1.0,3,4,7,5.0,5.0,5.0,5.0,6.0,1.0,2.0,4.0,3,0.0,1,High
5.0,3.0,3.0,8.0,1.0,51.0,60.0,3.0,-0.188,2,5.0,4.0,5.0,5.0,1.0,1.0,1.0,1.0,1.0,1.0,4,4,7,3.0,3.0,4.0,4.0,4.0,1.0,3.0,3.0,8,0.0,1,Medium
4.0,4.0,5.0,6.0,1.0,47.0,30.0,4.0,-0.57,3,5.0,4.0,4.0,5.0,2.0,2.0,3.0,3.0,2.0,1.0,3,2,1,5.0,4.0,4.0,3.0,2.0,4.0,4.0,2.0,4,5.0,0,Low
4.0,3.0,4.0,3.0,1.0,49.0,47.0,4.0,-0.188,3,4.0,3.0,1.0,3.0,1.0,1.0,1.0,1.0,2.0,1.0,3,4,4,4.0,4.0,4.0,3.0,6.0,2.0,3.0,3.0,2,1.0,0,Medium
2.0,2.0,3.0,4.0,1.0,44.0,52.0,3.0,-1.215,1,5.0,3.0,2.0,5.0,1.0,1.0,1.0,1.0,1.0,1.0,2,5,7,4.0,3.0,4.0,2.0,4.0,2.0,3.0,3.0,3,0.0,0,Medium
4.0,3.0,5.0,6.0,1.0,51.0,43.0,3.0,-0.188,3,4.0,4.0,1.0,5.0,2.0,2.0,1.0,1.0,1.0,2.0,4,3,6,5.0,4.0,4.0,3.0,2.0,1.0,3.0,3.0,3,3.0,0,Low
4.0,4.0,3.0,8.0,1.0,61.0,57.0,4.0,0.242,3,5.0,5.0,5.0,5.0,1.0,1.0,1.0,1.0,1.0,1.0,5,2,6,4.0,4.0,4.0,3.0,5.0,2.0,4.0,3.0,8,0.0,1,Medium
4.0,3.0,4.0,5.0,0.0,45.0,43.0,3.0,0.712,3,4.0,4.0,4.0,3.0,2.0,1.0,1.0,1.0,1.0,1.0,3,5,8,5.0,4.0,3.0,3.0,3.0,3.0,3.0,3.0,1,1.0,0,Low
3.0,3.0,4.0,4.0,0.0,24.0,24.0,1.0,-1.713,1,5.0,1.0,5.0,4.0,2.0,2.0,1.0,2.0,2.0,2.0,1,4,5,3.0,3.0,3.0,3.0,3.0,1.0,1.0,1.0,5,5.0,0,Low
4.0,4.0,4.0,2.0,1.0,55.0,54.0,4.0,0.242,3,5.0,4.0,4.0,5.0,1.0,1.0,2.0,3.0,2.0,1.0,3,2,5,4.0,5.0,4.0,3.0,5.0,3.0,2.0,3.0,2,3.0,0,Medium
5.0,5.0,3.0,2.0,1.0,63.0,86.0,4.0,0.712,3,5.0,4.0,3.0,4.0,1.0,1.0,1.0,1.0,1.0,1.0,5,5,9,5.0,5.0,5.0,5.0,6.0,2.0,4.0,3.0,3,0.0,1,High
3.0,2.0,4.0,6.0,0.0,40.0,40.0,2.0,-0.909,3,4.0,3.0,1.0,5.0,3.0,2.0,2.0,2.0,3.0,2.0,2,3,3,4.0,3.0,2.0,2.0,2.0,3.0,1.0,2.0,5,6.0,0,Low
4.0,4.0,4.0,4.0,1.0,79.0,26.0,3.0,-0.909,3,4.0,4.0,5.0,5.0,2.0,2.0,2.0,2.0,2.0,2.0,3,2,1,5.0,4.0,5.0,4.0,6.0,4.0,4.0,4.0,1,6.0,0,Low
5.0,4.0,3.0,2.0,1.0,55.0,68.0,4.0,0.712,3,5.0,4.0,4.0,5.0,1.0,1.0,1.0,1.0,1.0,1.0,3,2,8,4.0,4.0,5.0,4.0,6.0,2.0,2.0,3.0,4,0.0,1,High
5.0,5.0,4.0,2.0,1.0,36.0,68.0,4.0,-0.188,2,5.0,5.0,5.0,5.0,1.0,1.0,1.0,1.0,1.0,1.0,3,3,8,5.0,5.0,5.0,5.0,6.0,1.0,1.0,4.0,3,0.0,1,High
5.0,5.0,4.0,2.0,1.0,52.0,76.0,4.0,0.242,3,5.0,4.0,5.0,4.0,1.0,1.0,1.0,1.0,2.0,1.0,5,4,9,3.0,3.0,5.0,5.0,6.0,2.0,3.0,4.0,3,1.0,1,High
5.0,4.0,5.0,4.0,1.0,52.0,49.0,2.0,-0.909,3,5.0,4.0,3.0,5.0,2.0,2.0,1.0,2.0,2.0,1.0,3,4,3,4.0,4.0,3.0,4.0,4.0,1.0,2.0,3.0,3,4.0,0,Medium
5.0,4.0,2.0,8.0,0.0,60.0,58.0,3.0,0.242,3,5.0,4.0,3.0,5.0,1.0,1.0,1.0,1.0,1.0,1.0,4,2,6,4.0,4.0,4.0,4.0,5.0,1.0,4.0,3.0,6,0.0,1,Medium
4.0,3.0,3.0,,0.0,45.0,55.0,3.0,-0.57,2,4.0,4.0,4.0,5.0,1.0,1.0,1.0,1.0,1.0,1.0,3,4,8,3.0,4.0,3.0,2.0,5.0,2.0,3.0,3.0,4,0.0,1,Medium
3.0,3.0,4.0,2.0,1.0,38.0,30.0,4.0,-0.188,3,4.0,3.0,1.0,5.0,2.0,1.0,1.0,2.0,1.0,1.0,3,5,2,4.0,4.0,4.0,3.0,3.0,2.0,3.0,3.0,4,2.0,0,Low
4.0,4.0,4.0,2.0,0.0,38.0,44.0,4.0,-0.57,2,3.0,3.0,1.0,1.0,2.0,1.0,1.0,1.0,1.0,1.0,5,1,6,4.0,2.0,4.0,4.0,5.0,3.0,2.0,3.0,4,1.0,0,Medium
4.0,3.0,4.0,3.0,1.0,54.0,49.0,3.0,-0.188,3,5.0,4.0,5.0,4.0,2.0,1.0,1.0,2.0,1.0,1.0,3,5,1,4.0,4.0,4.0,4.0,5.0,2.0,3.0,3.0,2,2.0,0,Medium
4.0,3.0,4.0,2.0,1.0,46.0,49.0,3.0,-0.188,3,3.0,3.0,2.0,4.0,1.0,1.0,1.0,1.0,1.0,1.0,3,4,7,4.0,4.0,4.0,3.0,4.0,2.0,3.0,3.0,5,0.0,0,Medium
3.0,2.0,4.0,2.0,0.0,27.0,28.0,2.0,-1.215,1,2.0,2.0,1.0,3.0,2.0,2.0,1.0,2.0,2.0,1.0,3,1,4,2.0,2.0,3.0,1.0,2.0,3.0,2.0,2.0,1,4.0,0,Low
2.0,2.0,5.0,1.0,1.0,43.0,40.0,3.0,-1.215,2,1.0,3.0,1.0,1.0,2.0,2.0,2.0,1.0,2.0,2.0,3,1,3,4.0,3.0,1.0,3.0,2.0,2.0,1.0,4.0,3,5.0,0,Low
5.0,3.0,3.0,2.0,1.0,41.0,52.0,3.0,0.242,3,4.0,5.0,5.0,5.0,1.0,1.0,1.0,1.0,1.0,1.0,2,3,2,3.0,3.0,4.0,2.0,6.0,2.0,3.0,3.0,3,0.0,0,Medium
4.0,3.0,4.0,2.0,0.0,40.0,54.0,3.0,1.267,3,5.0,3.0,5.0,5.0,1.0,1.0,1.0,1.0,1.0,1.0,3,3,7,3.0,2.0,3.0,1.0,4.0,2.0,3.0,3.0,5,0.0,0,Medium
5.0,4.0,4.0,4.0,0.0,54.0,73.0,4.0,-0.188,3,5.0,5.0,5.0,5.0,1.0,1.0,1.0,1.0,1.0,1.0,2,2,8,5.0,5.0,5.0,4.0,6.0,3.0,3.0,3.0,6,0.0,1,High
2.0,3.0,5.0,8.0,0.0,31.0,32.0,4.0,-1.713,2,5.0,3.0,3.0,2.0,1.0,1.0,1.0,1.0,3.0,2.0,1,1,1,3.0,3.0,3.0,3.0,4.0,2.0,3.0,3.0,5,2.0,0,Low
1.0,5.0,1.0,6.0,0.0,66.0,50.0,2.0,-1.215,1,5.0,4.0,5.0,5.0,1.0,1.0,1.0,1.0,1.0,1.0,1,1,1,5.0,5.0,4.0,5.0,5.0,1.0,4.0,3.0,5,0.0,0,Medium
4.0,4.0,4.0,3.0,1.0,55.0,60.0,3.0,-0.909,2,5.0,4.0,4.0,2.0,1.0,1.0,1.0,2.0,1.0,1.0,4,2,7,4.0,3.0,3.0,3.0,6.0,3.0,3.0,3.0,5,1.0,1,Medium
5.0,4.0,4.0,3.0,1.0,50.0,45.0,4.0,1.267,3,5.0,4.0,2.0,4.0,1.0,1.0,1.0,1.0,1.0,1.0,3,2,7,4.0,5.0,4.0,4.0,6.0,1.0,2.0,4.0,7,0.0,0,Medium
4.0,4.0,3.0,2.0,1.0,63.0,58.0,4.0,-0.909,3,5.0,5.0,5.0,5.0,1.0,1.0,1.0,1.0,1.0,1.0,3,1,1,4.0,5.0,5.0,4.0,6.0,1.0,3.0,3.0,4,0.0,1,Medium
4.0,3.0,5.0,4.0,1.0,45.0,44.0,4.0,-1.485,2,4.0,3.0,5.0,4.0,2.0,2.0,1.0,1.0,1.0,1.0,1,5,3,4.0,4.0,5.0,3.0,5.0,1.0,4.0,3.0,2,2.0,0,Medium
5.0,4.0,2.0,8.0,1.0,47.0,61.0,3.0,1.267,3,5.0,3.0,3.0,4.0,1.0,1.0,1.0,1.0,1.0,1.0,5,3,9,3.0,4.0,3.0,3.0,4.0,2.0,3.0,4.0,7,0.0,1,High
4.0,4.0,1.0,8.0,1.0,59.0,59.0,3.0,-1.215,1,4.0,4.0,3.0,5.0,1.0,1.0,1.0,1.0,1.0,1.0,2,3,3,4.0,4.0,4.0,4.0,4.0,2.0,2.0,4.0,6,0.0,1,Medium
4.0,4.0,4.0,2.0,1.0,51.0,59.0,3.0,-1.215,2,5.0,5.0,5.0,4.0,1.0,1.0,1.0,1.0,1.0,1.0,5,2,9,5.0,4.0,4.0,4.0,5.0,1.0,3.0,3.0,2,0.0,1,Medium
3.0,4.0,4.0,3.0,0.0,54.0,46.0,4.0,-1.215,2,3.0,3.0,3.0,3.0,1.0,1.0,1.0,1.0,1.0,1.0,2,2,4,3.0,3.0,3.0,3.0,4.0,1.0,4.0,3.0,2,0.0,0,Medium
3.0,3.0,1.0,2.0,1.0,42.0,49.0,3.0,-1.215,2,2.0,2.0,2.0,2.0,2.0,2.0,2.0,2.0,2.0,2.0,5,4,4,3.0,3.0,3.0,3.0,3.0,4.0,4.0,4.0,3,6.0,0,Medium
